ACS_Code,latitude,longitude,date,river_discharge,river_discharge_mean,river_discharge_max,river_discharge_p75
35237,34.62419749069661,36.074703445611156,2026-10-05,0.282,0.217,0.3311,0.2359
35237,34.62419749069661,36.074703445611156,2026-10-06,0.2207,0.1698,0.233,0.1698
35237,34.62419749069661,36.074703445611156,2026-10-07,0.1962,0.1604,0.2085,0.151
35237,34.62419749069661,36.074703445611156,2026-10-08,0.1962,0.1604,0.282,0.1604
35237,34.62419749069661,36.074703445611156,2026-10-09,0.1962,0.151,0.233,0.151
35237,34.62419749069661,36.074703445611156,2026-10-10,0.1839,0.1415,0.2085,0.151
35237,34.62419749069661,36.074703445611156,2026-10-11,0.1839,0.1415,0.1962,0.1415
35229,34.616316675275506,36.04176622058402,2026-10-05,0.2498,0.225,0.2933,0.2446
35229,34.616316675275506,36.04176622058402,2026-10-06,0.1955,0.1761,0.2064,0.1761
35229,34.616316675275506,36.04176622058402,2026-10-07,0.1738,0.1663,0.1847,0.1565
35229,34.616316675275506,36.04176622058402,2026-10-08,0.1738,0.1663,0.2498,0.1663
35229,34.616316675275506,36.04176622058402,2026-10-09,0.1738,0.1565,0.2064,0.1565
35229,34.616316675275506,36.04176622058402,2026-10-10,0.1629,0.1468,0.1847,0.1565
35229,34.616316675275506,36.04176622058402,2026-10-11,0.1629,0.1468,0.1738,0.1468
35241,34.62693484357643,36.118962976463,2026-10-05,0.2476,0.2256,0.2907,0.2452
35241,34.62693484357643,36.118962976463,2026-10-06,0.1938,0.1766,0.2046,0.1766
35241,34.62693484357643,36.118962976463,2026-10-07,0.1723,0.1667,0.183,0.1569
35241,34.62693484357643,36.118962976463,2026-10-08,0.1723,0.1667,0.2476,0.1667
35241,34.62693484357643,36.118962976463,2026-10-09,0.1723,0.1569,0.2046,0.1569
35241,34.62693484357643,36.118962976463,2026-10-10,0.1615,0.1471,0.183,0.1569
35241,34.62693484357643,36.118962976463,2026-10-11,0.1615,0.1471,0.1723,0.1471
35414,34.6202348150192,36.24031469654177,2026-10-05,0.2484,0.2254,0.2916,0.245
35414,34.6202348150192,36.24031469654177,2026-10-06,0.1944,0.1764,0.2052,0.1764
35414,34.6202348150192,36.24031469654177,2026-10-07,0.1728,0.1666,0.1836,0.1568
35414,34.6202348150192,36.24031469654177,2026-10-08,0.1728,0.1666,0.2484,0.1666
35414,34.6202348150192,36.24031469654177,2026-10-09,0.1728,0.1568,0.2052,0.1568
35414,34.6202348150192,36.24031469654177,2026-10-10,0.162,0.147,0.1836,0.1568
35414,34.6202348150192,36.24031469654177,2026-10-11,0.162,0.147,0.1728,0.147
35402,34.62045409145174,36.27726772892298,2026-10-05,0.2496,0.2251,0.293,0.2447
35402,34.62045409145174,36.27726772892298,2026-10-06,0.1953,0.1762,0.2062,0.1762
35402,34.62045409145174,36.27726772892298,2026-10-07,0.1736,0.1664,0.1845,0.1566
35402,34.62045409145174,36.27726772892298,2026-10-08,0.1736,0.1664,0.2496,0.1664
35402,34.62045409145174,36.27726772892298,2026-10-09,0.1736,0.1566,0.2062,0.1566
35402,34.62045409145174,36.27726772892298,2026-10-10,0.1628,0.1468,0.1845,0.1566
35402,34.62045409145174,36.27726772892298,2026-10-11,0.1628,0.1468,0.1736,0.1468
35404,34.61813794518892,36.26027470198631,2026-10-05,0.2317,0.2296,0.272,0.2495
35404,34.61813794518892,36.26027470198631,2026-10-06,0.1814,0.1797,0.1914,0.1797
35404,34.61813794518892,36.26027470198631,2026-10-07,0.1612,0.1697,0.1713,0.1597
35404,34.61813794518892,36.26027470198631,2026-10-08,0.1612,0.1697,0.2317,0.1697
35404,34.61813794518892,36.26027470198631,2026-10-09,0.1612,0.1597,0.1914,0.1597
35404,34.61813794518892,36.26027470198631,2026-10-10,0.1511,0.1497,0.1713,0.1597
35404,34.61813794518892,36.26027470198631,2026-10-11,0.1511,0.1497,0.1612,0.1497
35449,34.61155049266008,36.16510556916253,2026-10-05,0.2486,0.2253,0.2919,0.2449
35449,34.61155049266008,36.16510556916253,2026-10-06,0.1946,0.1764,0.2054,0.1764
35449,34.61155049266008,36.16510556916253,2026-10-07,0.173,0.1666,0.1838,0.1568
35449,34.61155049266008,36.16510556916253,2026-10-08,0.173,0.1666,0.2486,0.1666
35449,34.61155049266008,36.16510556916253,2026-10-09,0.173,0.1568,0.2054,0.1568
35449,34.61155049266008,36.16510556916253,2026-10-10,0.1622,0.147,0.1838,0.1568
35449,34.61155049266008,36.16510556916253,2026-10-11,0.1622,0.147,0.173,0.147
35429,34.610517563835224,36.20455989965233,2026-10-05,0.2177,0.2331,0.2555,0.2534
35429,34.610517563835224,36.20455989965233,2026-10-06,0.1703,0.1824,0.1798,0.1824
35429,34.610517563835224,36.20455989965233,2026-10-07,0.1514,0.1723,0.1609,0.1621
35429,34.610517563835224,36.20455989965233,2026-10-08,0.1514,0.1723,0.2177,0.1723
35429,34.610517563835224,36.20455989965233,2026-10-09,0.1514,0.1621,0.1798,0.1621
35429,34.610517563835224,36.20455989965233,2026-10-10,0.142,0.152,0.1609,0.1621
35429,34.610517563835224,36.20455989965233,2026-10-11,0.142,0.152,0.1514,0.152
35437,34.63745047279644,36.33692453260835,2026-10-05,0.2582,0.2229,0.3031,0.2423
35437,34.63745047279644,36.33692453260835,2026-10-06,0.2021,0.1745,0.2133,0.1745
35437,34.63745047279644,36.33692453260835,2026-10-07,0.1796,0.1648,0.1908,0.1551
35437,34.63745047279644,36.33692453260835,2026-10-08,0.1796,0.1648,0.2582,0.1648
35437,34.63745047279644,36.33692453260835,2026-10-09,0.1796,0.1551,0.2133,0.1551
35437,34.63745047279644,36.33692453260835,2026-10-10,0.1684,0.1454,0.1908,0.1551
35437,34.63745047279644,36.33692453260835,2026-10-11,0.1684,0.1454,0.1796,0.1454
35516,34.56098152985892,36.33410150896415,2026-10-05,0.26,0.2225,0.3052,0.2419
35516,34.56098152985892,36.33410150896415,2026-10-06,0.2035,0.1741,0.2148,0.1741
35516,34.56098152985892,36.33410150896415,2026-10-07,0.1808,0.1645,0.1921,0.1548
35516,34.56098152985892,36.33410150896415,2026-10-08,0.1808,0.1645,0.26,0.1645
35516,34.56098152985892,36.33410150896415,2026-10-09,0.1808,0.1548,0.2148,0.1548
35516,34.56098152985892,36.33410150896415,2026-10-10,0.1695,0.1451,0.1921,0.1548
35516,34.56098152985892,36.33410150896415,2026-10-11,0.1695,0.1451,0.1808,0.1451
35273,34.63692001266946,35.98876963657326,2026-10-05,0.2393,0.2277,0.2809,0.2475
35273,34.63692001266946,35.98876963657326,2026-10-06,0.1873,0.1782,0.1977,0.1782
35273,34.63692001266946,35.98876963657326,2026-10-07,0.1665,0.1683,0.1769,0.1584
35273,34.63692001266946,35.98876963657326,2026-10-08,0.1665,0.1683,0.2393,0.1683
35273,34.63692001266946,35.98876963657326,2026-10-09,0.1665,0.1584,0.1977,0.1584
35273,34.63692001266946,35.98876963657326,2026-10-10,0.1561,0.1485,0.1769,0.1584
35273,34.63692001266946,35.98876963657326,2026-10-11,0.1561,0.1485,0.1665,0.1485
35263,34.63360003873102,36.135670170569604,2026-10-05,0.2159,0.2335,0.2534,0.2538
35263,34.63360003873102,36.135670170569604,2026-10-06,0.169,0.1828,0.1784,0.1828
35263,34.63360003873102,36.135670170569604,2026-10-07,0.1502,0.1726,0.1596,0.1625
35263,34.63360003873102,36.135670170569604,2026-10-08,0.1502,0.1726,0.2159,0.1726
35263,34.63360003873102,36.135670170569604,2026-10-09,0.1502,0.1625,0.1784,0.1625
35263,34.63360003873102,36.135670170569604,2026-10-10,0.1408,0.1523,0.1596,0.1625
35263,34.63360003873102,36.135670170569604,2026-10-11,0.1408,0.1523,0.1502,0.1523
35512,34.622775746817474,36.379017229031085,2026-10-05,0.2189,0.2328,0.257,0.253
35512,34.622775746817474,36.379017229031085,2026-10-06,0.1713,0.1822,0.1808,0.1822
35512,34.622775746817474,36.379017229031085,2026-10-07,0.1523,0.172,0.1618,0.1619
35512,34.622775746817474,36.379017229031085,2026-10-08,0.1523,0.172,0.2189,0.172
35512,34.622775746817474,36.379017229031085,2026-10-09,0.1523,0.1619,0.1808,0.1619
35512,34.622775746817474,36.379017229031085,2026-10-10,0.1428,0.1518,0.1618,0.1619
35512,34.622775746817474,36.379017229031085,2026-10-11,0.1428,0.1518,0.1523,0.1518
35249,34.63652217489215,36.117937866459584,2026-10-05,0.2428,0.2268,0.285,0.2465
35249,34.63652217489215,36.117937866459584,2026-10-06,0.19,0.1775,0.2006,0.1775
35249,34.63652217489215,36.117937866459584,2026-10-07,0.1689,0.1676,0.1794,0.1578
35249,34.63652217489215,36.117937866459584,2026-10-08,0.1689,0.1676,0.2428,0.1676
35249,34.63652217489215,36.117937866459584,2026-10-09,0.1689,0.1578,0.2006,0.1578
35249,34.63652217489215,36.117937866459584,2026-10-10,0.1583,0.1479,0.1794,0.1578
35249,34.63652217489215,36.117937866459584,2026-10-11,0.1583,0.1479,0.1689,0.1479
35420,34.62917187751852,36.30179639095819,2026-10-05,0.2059,0.236,0.2417,0.2566
35420,34.62917187751852,36.30179639095819,2026-10-06,0.1611,0.1847,0.1701,0.1847
35420,34.62917187751852,36.30179639095819,2026-10-07,0.1432,0.1745,0.1522,0.1642
35420,34.62917187751852,36.30179639095819,2026-10-08,0.1432,0.1745,0.2059,0.1745
35420,34.62917187751852,36.30179639095819,2026-10-09,0.1432,0.1642,0.1701,0.1642
35420,34.62917187751852,36.30179639095819,2026-10-10,0.1343,0.1539,0.1522,0.1642
35420,34.62917187751852,36.30179639095819,2026-10-11,0.1343,0.1539,0.1432,0.1539
35253,34.63166023544981,36.02134245096633,2026-10-05,0.2287,0.2303,0.2685,0.2503
35253,34.63166023544981,36.02134245096633,2026-10-06,0.179,0.1803,0.1889,0.1803
35253,34.63166023544981,36.02134245096633,2026-10-07,0.1591,0.1702,0.169,0.1602
35253,34.63166023544981,36.02134245096633,2026-10-08,0.1591,0.1702,0.2287,0.1702
35253,34.63166023544981,36.02134245096633,2026-10-09,0.1591,0.1602,0.1889,0.1602
35253,34.63166023544981,36.02134245096633,2026-10-10,0.1492,0.1502,0.169,0.1602
35253,34.63166023544981,36.02134245096633,2026-10-11,0.1492,0.1502,0.1591,0.1502
35432,34.62720366724074,36.20613173993159,2026-10-05,0.2082,0.2354,0.2444,0.2559
35432,34.62720366724074,36.20613173993159,2026-10-06,0.163,0.1843,0.172,0.1843
35432,34.62720366724074,36.20613173993159,2026-10-07,0.1449,0.174,0.1539,0.1638
35432,34.62720366724074,36.20613173993159,2026-10-08,0.1449,0.174,0.2082,0.174
35432,34.62720366724074,36.20613173993159,2026-10-09,0.1449,0.1638,0.172,0.1638
35432,34.62720366724074,36.20613173993159,2026-10-10,0.1358,0.1536,0.1539,0.1638
35432,34.62720366724074,36.20613173993159,2026-10-11,0.1358,0.1536,0.1449,0.1536
35235,34.62139992846892,36.055414066115404,2026-10-05,0.2587,0.2228,0.3037,0.2422
35235,34.62139992846892,36.055414066115404,2026-10-06,0.2025,0.1744,0.2137,0.1744
35235,34.62139992846892,36.055414066115404,2026-10-07,0.18,0.1647,0.1912,0.155
35235,34.62139992846892,36.055414066115404,2026-10-08,0.18,0.1647,0.2587,0.1647
35235,34.62139992846892,36.055414066115404,2026-10-09,0.18,0.155,0.2137,0.155
35235,34.62139992846892,36.055414066115404,2026-10-10,0.1687,0.1453,0.1912,0.155
35235,34.62139992846892,36.055414066115404,2026-10-11,0.1687,0.1453,0.18,0.1453
35498,34.57840089781167,36.30098750186408,2026-10-05,0.2336,0.2291,0.2742,0.249
35498,34.57840089781167,36.30098750186408,2026-10-06,0.1828,0.1793,0.193,0.1793
35498,34.57840089781167,36.30098750186408,2026-10-07,0.1625,0.1693,0.1727,0.1594
35498,34.57840089781167,36.30098750186408,2026-10-08,0.1625,0.1693,0.2336,0.1693
35498,34.57840089781167,36.30098750186408,2026-10-09,0.1625,0.1594,0.193,0.1594
35498,34.57840089781167,36.30098750186408,2026-10-10,0.1523,0.1494,0.1727,0.1594
35498,34.57840089781167,36.30098750186408,2026-10-11,0.1523,0.1494,0.1625,0.1494
35231,34.59757943388032,36.03525934440559,2026-10-05,0.2651,0.2212,0.3112,0.2405
35231,34.59757943388032,36.03525934440559,2026-10-06,0.2075,0.1731,0.219,0.1731
35231,34.59757943388032,36.03525934440559,2026-10-07,0.1844,0.1635,0.196,0.1539
35231,34.59757943388032,36.03525934440559,2026-10-08,0.1844,0.1635,0.2651,0.1635
35231,34.59757943388032,36.03525934440559,2026-10-09,0.1844,0.1539,0.219,0.1539
35231,34.59757943388032,36.03525934440559,2026-10-10,0.1729,0.1443,0.196,0.1539
35231,34.59757943388032,36.03525934440559,2026-10-11,0.1729,0.1443,0.1844,0.1443
35455,34.61114041169045,36.151585394751464,2026-10-05,0.222,0.232,0.2606,0.2522
35455,34.61114041169045,36.151585394751464,2026-10-06,0.1737,0.1816,0.1834,0.1816
35455,34.61114041169045,36.151585394751464,2026-10-07,0.1544,0.1715,0.1641,0.1614
35455,34.61114041169045,36.151585394751464,2026-10-08,0.1544,0.1715,0.222,0.1715
35455,34.61114041169045,36.151585394751464,2026-10-09,0.1544,0.1614,0.1834,0.1614
35455,34.61114041169045,36.151585394751464,2026-10-10,0.1448,0.1513,0.1641,0.1614
35455,34.61114041169045,36.151585394751464,2026-10-11,0.1448,0.1513,0.1544,0.1513
35213,34.59744104242188,36.07553545072016,2026-10-05,0.2462,0.2259,0.289,0.2456
35213,34.59744104242188,36.07553545072016,2026-10-06,0.1927,0.1768,0.2034,0.1768
35213,34.59744104242188,36.07553545072016,2026-10-07,0.1713,0.167,0.182,0.1572
35213,34.59744104242188,36.07553545072016,2026-10-08,0.1713,0.167,0.2462,0.167
35213,34.59744104242188,36.07553545072016,2026-10-09,0.1713,0.1572,0.2034,0.1572
35213,34.59744104242188,36.07553545072016,2026-10-10,0.1606,0.1474,0.182,0.1572
35213,34.59744104242188,36.07553545072016,2026-10-11,0.1606,0.1474,0.1713,0.1474
35463,34.605854397385,36.12958402664283,2026-10-05,0.2565,0.2234,0.3011,0.2428
35463,34.605854397385,36.12958402664283,2026-10-06,0.2008,0.1748,0.2119,0.1748
35463,34.605854397385,36.12958402664283,2026-10-07,0.1784,0.1651,0.1896,0.1554
35463,34.605854397385,36.12958402664283,2026-10-08,0.1784,0.1651,0.2565,0.1651
35463,34.605854397385,36.12958402664283,2026-10-09,0.1784,0.1554,0.2119,0.1554
35463,34.605854397385,36.12958402664283,2026-10-10,0.1673,0.1457,0.1896,0.1554
35463,34.605854397385,36.12958402664283,2026-10-11,0.1673,0.1457,0.1784,0.1457
35486,34.60018936619349,36.281055791913026,2026-10-05,0.2621,0.222,0.3076,0.2413
35486,34.60018936619349,36.281055791913026,2026-10-06,0.2051,0.1737,0.2165,0.1737
35486,34.60018936619349,36.281055791913026,2026-10-07,0.1823,0.1641,0.1937,0.1544
35486,34.60018936619349,36.281055791913026,2026-10-08,0.1823,0.1641,0.2621,0.1641
35486,34.60018936619349,36.281055791913026,2026-10-09,0.1823,0.1544,0.2165,0.1544
35486,34.60018936619349,36.281055791913026,2026-10-10,0.1709,0.1448,0.1937,0.1544
35486,34.60018936619349,36.281055791913026,2026-10-11,0.1709,0.1448,0.1823,0.1448
35243,34.59195332553431,36.008703557622724,2026-10-05,0.2467,0.2258,0.2896,0.2455
35243,34.59195332553431,36.008703557622724,2026-10-06,0.1931,0.1767,0.2038,0.1767
35243,34.59195332553431,36.008703557622724,2026-10-07,0.1716,0.1669,0.1823,0.1571
35243,34.59195332553431,36.008703557622724,2026-10-08,0.1716,0.1669,0.2467,0.1669
35243,34.59195332553431,36.008703557622724,2026-10-09,0.1716,0.1571,0.2038,0.1571
35243,34.59195332553431,36.008703557622724,2026-10-10,0.1609,0.1473,0.1823,0.1571
35243,34.59195332553431,36.008703557622724,2026-10-11,0.1609,0.1473,0.1716,0.1473
35459,34.596217271194796,36.137336692453744,2026-10-05,0.2234,0.2317,0.2622,0.2518
35459,34.596217271194796,36.137336692453744,2026-10-06,0.1748,0.1813,0.1845,0.1813
35459,34.596217271194796,36.137336692453744,2026-10-07,0.1554,0.1712,0.1651,0.1612
35459,34.596217271194796,36.137336692453744,2026-10-08,0.1554,0.1712,0.2234,0.1712
35459,34.596217271194796,36.137336692453744,2026-10-09,0.1554,0.1612,0.1845,0.1612
35459,34.596217271194796,36.137336692453744,2026-10-10,0.1457,0.1511,0.1651,0.1612
35459,34.596217271194796,36.137336692453744,2026-10-11,0.1457,0.1511,0.1554,0.1511
35416,34.595899492627886,36.234202570396285,2026-10-05,0.2705,0.2199,0.3175,0.239
35416,34.595899492627886,36.234202570396285,2026-10-06,0.2117,0.1721,0.2234,0.1721
35416,34.595899492627886,36.234202570396285,2026-10-07,0.1882,0.1625,0.1999,0.153
35416,34.595899492627886,36.234202570396285,2026-10-08,0.1882,0.1625,0.2705,0.1625
35416,34.595899492627886,36.234202570396285,2026-10-09,0.1882,0.153,0.2234,0.153
35416,34.595899492627886,36.234202570396285,2026-10-10,0.1764,0.1434,0.1999,0.153
35416,34.595899492627886,36.234202570396285,2026-10-11,0.1764,0.1434,0.1882,0.1434
35221,34.58904253885991,36.04641675413332,2026-10-05,0.2847,0.2163,0.3342,0.2351
35221,34.58904253885991,36.04641675413332,2026-10-06,0.2228,0.1693,0.2352,0.1693
35221,34.58904253885991,36.04641675413332,2026-10-07,0.1981,0.1599,0.2104,0.1505
35221,34.58904253885991,36.04641675413332,2026-10-08,0.1981,0.1599,0.2847,0.1599
35221,34.58904253885991,36.04641675413332,2026-10-09,0.1981,0.1505,0.2352,0.1505
35221,34.58904253885991,36.04641675413332,2026-10-10,0.1857,0.1411,0.2104,0.1505
35221,34.58904253885991,36.04641675413332,2026-10-11,0.1857,0.1411,0.1981,0.1411
35211,34.58461094396831,36.07034153349794,2026-10-05,0.2264,0.2309,0.2657,0.251
35211,34.58461094396831,36.07034153349794,2026-10-06,0.1771,0.1807,0.187,0.1807
35211,34.58461094396831,36.07034153349794,2026-10-07,0.1575,0.1707,0.1673,0.1606
35211,34.58461094396831,36.07034153349794,2026-10-08,0.1575,0.1707,0.2264,0.1707
35211,34.58461094396831,36.07034153349794,2026-10-09,0.1575,0.1606,0.187,0.1606
35211,34.58461094396831,36.07034153349794,2026-10-10,0.1476,0.1506,0.1673,0.1606
35211,34.58461094396831,36.07034153349794,2026-10-11,0.1476,0.1506,0.1575,0.1506
35427,34.5898426637976,36.198798876600506,2026-10-05,0.2539,0.224,0.298,0.2435
35427,34.5898426637976,36.198798876600506,2026-10-06,0.1987,0.1753,0.2097,0.1753
35427,34.5898426637976,36.198798876600506,2026-10-07,0.1766,0.1656,0.1876,0.1558
35427,34.5898426637976,36.198798876600506,2026-10-08,0.1766,0.1656,0.2539,0.1656
35427,34.5898426637976,36.198798876600506,2026-10-09,0.1766,0.1558,0.2097,0.1558
35427,34.5898426637976,36.198798876600506,2026-10-10,0.1656,0.1461,0.1876,0.1558
35427,34.5898426637976,36.198798876600506,2026-10-11,0.1656,0.1461,0.1766,0.1461
35457,34.583203741954335,36.14730732417339,2026-10-05,0.229,0.2302,0.2688,0.2503
35457,34.583203741954335,36.14730732417339,2026-10-06,0.1792,0.1802,0.1892,0.1802
35457,34.583203741954335,36.14730732417339,2026-10-07,0.1593,0.1702,0.1693,0.1602
35457,34.583203741954335,36.14730732417339,2026-10-08,0.1593,0.1702,0.229,0.1702
35457,34.583203741954335,36.14730732417339,2026-10-09,0.1593,0.1602,0.1892,0.1602
35457,34.583203741954335,36.14730732417339,2026-10-10,0.1493,0.1502,0.1693,0.1602
35457,34.583203741954335,36.14730732417339,2026-10-11,0.1493,0.1502,0.1593,0.1502
35417,34.58781402740293,36.21824188349425,2026-10-05,0.2287,0.2303,0.2684,0.2504
35417,34.58781402740293,36.21824188349425,2026-10-06,0.179,0.1803,0.1889,0.1803
35417,34.58781402740293,36.21824188349425,2026-10-07,0.1591,0.1702,0.169,0.1602
35417,34.58781402740293,36.21824188349425,2026-10-08,0.1591,0.1702,0.2287,0.1702
35417,34.58781402740293,36.21824188349425,2026-10-09,0.1591,0.1602,0.1889,0.1602
35417,34.58781402740293,36.21824188349425,2026-10-10,0.1491,0.1502,0.169,0.1602
35417,34.58781402740293,36.21824188349425,2026-10-11,0.1491,0.1502,0.1591,0.1502
35219,34.58660624305498,36.09960688549272,2026-10-05,0.2453,0.2262,0.2879,0.2459
35219,34.58660624305498,36.09960688549272,2026-10-06,0.1919,0.177,0.2026,0.177
35219,34.58660624305498,36.09960688549272,2026-10-07,0.1706,0.1672,0.1813,0.1573
35219,34.58660624305498,36.09960688549272,2026-10-08,0.1706,0.1672,0.2453,0.1672
35219,34.58660624305498,36.09960688549272,2026-10-09,0.1706,0.1573,0.2026,0.1573
35219,34.58660624305498,36.09960688549272,2026-10-10,0.16,0.1475,0.1813,0.1573
35219,34.58660624305498,36.09960688549272,2026-10-11,0.16,0.1475,0.1706,0.1475
35487,34.549641855902316,36.27136344749843,2026-10-05,0.2372,0.2282,0.2784,0.248
35487,34.549641855902316,36.27136344749843,2026-10-06,0.1856,0.1786,0.1959,0.1786
35487,34.549641855902316,36.27136344749843,2026-10-07,0.165,0.1687,0.1753,0.1587
35487,34.549641855902316,36.27136344749843,2026-10-08,0.165,0.1687,0.2372,0.1687
35487,34.549641855902316,36.27136344749843,2026-10-09,0.165,0.1587,0.1959,0.1587
35487,34.549641855902316,36.27136344749843,2026-10-10,0.1547,0.1488,0.1753,0.1587
35487,34.549641855902316,36.27136344749843,2026-10-11,0.1547,0.1488,0.165,0.1488
35215,34.58360365481516,36.08897367378834,2026-10-05,0.2073,0.2357,0.2434,0.2562
35215,34.58360365481516,36.08897367378834,2026-10-06,0.1622,0.1844,0.1712,0.1844
35215,34.58360365481516,36.08897367378834,2026-10-07,0.1442,0.1742,0.1532,0.1639
35215,34.58360365481516,36.08897367378834,2026-10-08,0.1442,0.1742,0.2073,0.1742
35215,34.58360365481516,36.08897367378834,2026-10-09,0.1442,0.1639,0.1712,0.1639
35215,34.58360365481516,36.08897367378834,2026-10-10,0.1352,0.1537,0.1532,0.1639
35215,34.58360365481516,36.08897367378834,2026-10-11,0.1352,0.1537,0.1442,0.1537
35467,34.582584922740395,36.1152122936153,2026-10-05,0.269,0.2203,0.3158,0.2394
35467,34.582584922740395,36.1152122936153,2026-10-06,0.2105,0.1724,0.2222,0.1724
35467,34.582584922740395,36.1152122936153,2026-10-07,0.1871,0.1628,0.1988,0.1532
35467,34.582584922740395,36.1152122936153,2026-10-08,0.1871,0.1628,0.269,0.1628
35467,34.582584922740395,36.1152122936153,2026-10-09,0.1871,0.1532,0.2222,0.1532
35467,34.582584922740395,36.1152122936153,2026-10-10,0.1754,0.1436,0.1988,0.1532
35467,34.582584922740395,36.1152122936153,2026-10-11,0.1754,0.1436,0.1871,0.1436
35447,34.57658905762771,36.16102088412828,2026-10-05,0.2719,0.2195,0.3192,0.2386
35447,34.57658905762771,36.16102088412828,2026-10-06,0.2128,0.1718,0.2246,0.1718
35447,34.57658905762771,36.16102088412828,2026-10-07,0.1892,0.1623,0.201,0.1527
35447,34.57658905762771,36.16102088412828,2026-10-08,0.1892,0.1623,0.2719,0.1623
35447,34.57658905762771,36.16102088412828,2026-10-09,0.1892,0.1527,0.2246,0.1527
35447,34.57658905762771,36.16102088412828,2026-10-10,0.1774,0.1432,0.201,0.1527
35447,34.57658905762771,36.16102088412828,2026-10-11,0.1774,0.1432,0.1892,0.1432
35411,34.57501556030366,36.23673347616448,2026-10-05,0.2365,0.2284,0.2776,0.2482
35411,34.57501556030366,36.23673347616448,2026-10-06,0.1851,0.1787,0.1954,0.1787
35411,34.57501556030366,36.23673347616448,2026-10-07,0.1645,0.1688,0.1748,0.1589
35411,34.57501556030366,36.23673347616448,2026-10-08,0.1645,0.1688,0.2365,0.1688
35411,34.57501556030366,36.23673347616448,2026-10-09,0.1645,0.1589,0.1954,0.1589
35411,34.57501556030366,36.23673347616448,2026-10-10,0.1542,0.1489,0.1748,0.1589
35411,34.57501556030366,36.23673347616448,2026-10-11,0.1542,0.1489,0.1645,0.1489
35431,34.579733730961046,36.18769609367565,2026-10-05,0.2405,0.2274,0.2823,0.2472
35431,34.579733730961046,36.18769609367565,2026-10-06,0.1882,0.1779,0.1987,0.1779
35431,34.579733730961046,36.18769609367565,2026-10-07,0.1673,0.1681,0.1778,0.1582
35431,34.579733730961046,36.18769609367565,2026-10-08,0.1673,0.1681,0.2405,0.1681
35431,34.579733730961046,36.18769609367565,2026-10-09,0.1673,0.1582,0.1987,0.1582
35431,34.579733730961046,36.18769609367565,2026-10-10,0.1568,0.1483,0.1778,0.1582
35431,34.579733730961046,36.18769609367565,2026-10-11,0.1568,0.1483,0.1673,0.1483
35216,34.56645105450875,36.09433410463921,2026-10-05,0.2032,0.2367,0.2385,0.2573
35216,34.56645105450875,36.09433410463921,2026-10-06,0.159,0.1852,0.1678,0.1852
35216,34.56645105450875,36.09433410463921,2026-10-07,0.1413,0.175,0.1502,0.1647
35216,34.56645105450875,36.09433410463921,2026-10-08,0.1413,0.175,0.2032,0.175
35216,34.56645105450875,36.09433410463921,2026-10-09,0.1413,0.1647,0.1678,0.1647
35216,34.56645105450875,36.09433410463921,2026-10-10,0.1325,0.1544,0.1502,0.1647
35216,34.56645105450875,36.09433410463921,2026-10-11,0.1325,0.1544,0.1413,0.1544
35433,34.57435694790001,36.183833449395806,2026-10-05,0.2772,0.2182,0.3254,0.2372
35433,34.57435694790001,36.183833449395806,2026-10-06,0.2169,0.1708,0.229,0.1708
35433,34.57435694790001,36.183833449395806,2026-10-07,0.1928,0.1613,0.2049,0.1518
35433,34.57435694790001,36.183833449395806,2026-10-08,0.1928,0.1613,0.2772,0.1613
35433,34.57435694790001,36.183833449395806,2026-10-09,0.1928,0.1518,0.229,0.1518
35433,34.57435694790001,36.183833449395806,2026-10-10,0.1808,0.1423,0.2049,0.1518
35433,34.57435694790001,36.183833449395806,2026-10-11,0.1808,0.1423,0.1928,0.1423
35441,34.56763259752964,36.179460305352556,2026-10-05,0.2089,0.2353,0.2452,0.2557
35441,34.56763259752964,36.179460305352556,2026-10-06,0.1635,0.1841,0.1726,0.1841
35441,34.56763259752964,36.179460305352556,2026-10-07,0.1453,0.1739,0.1544,0.1637
35441,34.56763259752964,36.179460305352556,2026-10-08,0.1453,0.1739,0.2089,0.1739
35441,34.56763259752964,36.179460305352556,2026-10-09,0.1453,0.1637,0.1726,0.1637
35441,34.56763259752964,36.179460305352556,2026-10-10,0.1362,0.1534,0.1544,0.1637
35441,34.56763259752964,36.179460305352556,2026-10-11,0.1362,0.1534,0.1453,0.1534
35223,34.56904281775035,36.10699207070995,2026-10-05,0.2501,0.225,0.2936,0.2445
35223,34.56904281775035,36.10699207070995,2026-10-06,0.1957,0.1761,0.2066,0.1761
35223,34.56904281775035,36.10699207070995,2026-10-07,0.174,0.1663,0.1848,0.1565
35223,34.56904281775035,36.10699207070995,2026-10-08,0.174,0.1663,0.2501,0.1663
35223,34.56904281775035,36.10699207070995,2026-10-09,0.174,0.1565,0.2066,0.1565
35223,34.56904281775035,36.10699207070995,2026-10-10,0.1631,0.1467,0.1848,0.1565
35223,34.56904281775035,36.10699207070995,2026-10-11,0.1631,0.1467,0.174,0.1467
35157,34.56768274677897,36.13702881094737,2026-10-05,0.2155,0.2336,0.253,0.2539
35157,34.56768274677897,36.13702881094737,2026-10-06,0.1687,0.1828,0.178,0.1828
35157,34.56768274677897,36.13702881094737,2026-10-07,0.1499,0.1727,0.1593,0.1625
35157,34.56768274677897,36.13702881094737,2026-10-08,0.1499,0.1727,0.2155,0.1727
35157,34.56768274677897,36.13702881094737,2026-10-09,0.1499,0.1625,0.178,0.1625
35157,34.56768274677897,36.13702881094737,2026-10-10,0.1406,0.1524,0.1593,0.1625
35157,34.56768274677897,36.13702881094737,2026-10-11,0.1406,0.1524,0.1499,0.1524
35111,34.552890991472744,36.07378161228812,2026-10-05,0.2553,0.2237,0.2997,0.2431
35111,34.552890991472744,36.07378161228812,2026-10-06,0.1998,0.175,0.2109,0.175
35111,34.552890991472744,36.07378161228812,2026-10-07,0.1776,0.1653,0.1887,0.1556
35111,34.552890991472744,36.07378161228812,2026-10-08,0.1776,0.1653,0.2553,0.1653
35111,34.552890991472744,36.07378161228812,2026-10-09,0.1776,0.1556,0.2109,0.1556
35111,34.552890991472744,36.07378161228812,2026-10-10,0.1665,0.1459,0.1887,0.1556
35111,34.552890991472744,36.07378161228812,2026-10-11,0.1665,0.1459,0.1776,0.1459
35465,34.56360135946891,36.12049219391455,2026-10-05,0.2223,0.2319,0.261,0.2521
35465,34.56360135946891,36.12049219391455,2026-10-06,0.174,0.1815,0.1837,0.1815
35465,34.56360135946891,36.12049219391455,2026-10-07,0.1547,0.1714,0.1643,0.1613
35465,34.56360135946891,36.12049219391455,2026-10-08,0.1547,0.1714,0.2223,0.1714
35465,34.56360135946891,36.12049219391455,2026-10-09,0.1547,0.1613,0.1837,0.1613
35465,34.56360135946891,36.12049219391455,2026-10-10,0.145,0.1513,0.1643,0.1613
35465,34.56360135946891,36.12049219391455,2026-10-11,0.145,0.1513,0.1547,0.1513
35158,34.56022479167808,36.14895112845634,2026-10-05,0.2085,0.2354,0.2447,0.2559
35158,34.56022479167808,36.14895112845634,2026-10-06,0.1631,0.1842,0.1722,0.1842
35158,34.56022479167808,36.14895112845634,2026-10-07,0.145,0.174,0.1541,0.1637
35158,34.56022479167808,36.14895112845634,2026-10-08,0.145,0.174,0.2085,0.174
35158,34.56022479167808,36.14895112845634,2026-10-09,0.145,0.1637,0.1722,0.1637
35158,34.56022479167808,36.14895112845634,2026-10-10,0.136,0.1535,0.1541,0.1637
35158,34.56022479167808,36.14895112845634,2026-10-11,0.136,0.1535,0.145,0.1535
35191,34.52951649550817,36.23490613583428,2026-10-05,0.2676,0.2206,0.3141,0.2398
35191,34.52951649550817,36.23490613583428,2026-10-06,0.2094,0.1726,0.2211,0.1726
35191,34.52951649550817,36.23490613583428,2026-10-07,0.1862,0.1631,0.1978,0.1535
35191,34.52951649550817,36.23490613583428,2026-10-08,0.1862,0.1631,0.2676,0.1631
35191,34.52951649550817,36.23490613583428,2026-10-09,0.1862,0.1535,0.2211,0.1535
35191,34.52951649550817,36.23490613583428,2026-10-10,0.1745,0.1439,0.1978,0.1535
35191,34.52951649550817,36.23490613583428,2026-10-11,0.1745,0.1439,0.1862,0.1439
35141,34.53796465477493,36.04191437089111,2026-10-05,0.2469,0.2258,0.2899,0.2454
35141,34.53796465477493,36.04191437089111,2026-10-06,0.1932,0.1767,0.204,0.1767
35141,34.53796465477493,36.04191437089111,2026-10-07,0.1718,0.1669,0.1825,0.1571
35141,34.53796465477493,36.04191437089111,2026-10-08,0.1718,0.1669,0.2469,0.1669
35141,34.53796465477493,36.04191437089111,2026-10-09,0.1718,0.1571,0.204,0.1571
35141,34.53796465477493,36.04191437089111,2026-10-10,0.161,0.1472,0.1825,0.1571
35141,34.53796465477493,36.04191437089111,2026-10-11,0.161,0.1472,0.1718,0.1472
35126,34.54492104302637,36.21774633819327,2026-10-05,0.2594,0.2227,0.3045,0.242
35126,34.54492104302637,36.21774633819327,2026-10-06,0.203,0.1742,0.2143,0.1742
35126,34.54492104302637,36.21774633819327,2026-10-07,0.1804,0.1646,0.1917,0.1549
35126,34.54492104302637,36.21774633819327,2026-10-08,0.1804,0.1646,0.2594,0.1646
35126,34.54492104302637,36.21774633819327,2026-10-09,0.1804,0.1549,0.2143,0.1549
35126,34.54492104302637,36.21774633819327,2026-10-10,0.1692,0.1452,0.1917,0.1549
35126,34.54492104302637,36.21774633819327,2026-10-11,0.1692,0.1452,0.1804,0.1452
35113,34.553751066938126,36.08282877055592,2026-10-05,0.24,0.2275,0.2818,0.2473
35113,34.553751066938126,36.08282877055592,2026-10-06,0.1878,0.178,0.1983,0.178
35113,34.553751066938126,36.08282877055592,2026-10-07,0.167,0.1681,0.1774,0.1583
35113,34.553751066938126,36.08282877055592,2026-10-08,0.167,0.1681,0.24,0.1681
35113,34.553751066938126,36.08282877055592,2026-10-09,0.167,0.1583,0.1983,0.1583
35113,34.553751066938126,36.08282877055592,2026-10-10,0.1565,0.1484,0.1774,0.1583
35113,34.553751066938126,36.08282877055592,2026-10-11,0.1565,0.1484,0.167,0.1484
35139,34.553631038393796,36.13328997590139,2026-10-05,0.2113,0.2347,0.2481,0.2551
35139,34.553631038393796,36.13328997590139,2026-10-06,0.1654,0.1836,0.1746,0.1836
35139,34.553631038393796,36.13328997590139,2026-10-07,0.147,0.1734,0.1562,0.1632
35139,34.553631038393796,36.13328997590139,2026-10-08,0.147,0.1734,0.2113,0.1734
35139,34.553631038393796,36.13328997590139,2026-10-09,0.147,0.1632,0.1746,0.1632
35139,34.553631038393796,36.13328997590139,2026-10-10,0.1378,0.153,0.1562,0.1632
35139,34.553631038393796,36.13328997590139,2026-10-11,0.1378,0.153,0.147,0.153
35137,34.54637534199645,36.105507361575775,2026-10-05,0.2077,0.2356,0.2438,0.2561
35137,34.54637534199645,36.105507361575775,2026-10-06,0.1625,0.1844,0.1716,0.1844
35137,34.54637534199645,36.105507361575775,2026-10-07,0.1445,0.1741,0.1535,0.1639
35137,34.54637534199645,36.105507361575775,2026-10-08,0.1445,0.1741,0.2077,0.1741
35137,34.54637534199645,36.105507361575775,2026-10-09,0.1445,0.1639,0.1716,0.1639
35137,34.54637534199645,36.105507361575775,2026-10-10,0.1354,0.1536,0.1535,0.1639
35137,34.54637534199645,36.105507361575775,2026-10-11,0.1354,0.1536,0.1445,0.1536
35125,34.53930667205747,36.06351653215124,2026-10-05,0.2032,0.2367,0.2385,0.2573
35125,34.53930667205747,36.06351653215124,2026-10-06,0.159,0.1852,0.1678,0.1852
35125,34.53930667205747,36.06351653215124,2026-10-07,0.1413,0.175,0.1502,0.1647
35125,34.53930667205747,36.06351653215124,2026-10-08,0.1413,0.175,0.2032,0.175
35125,34.53930667205747,36.06351653215124,2026-10-09,0.1413,0.1647,0.1678,0.1647
35125,34.53930667205747,36.06351653215124,2026-10-10,0.1325,0.1544,0.1502,0.1647
35125,34.53930667205747,36.06351653215124,2026-10-11,0.1325,0.1544,0.1413,0.1544
35129,34.5367467307049,36.05867570916529,2026-10-05,0.2263,0.2309,0.2656,0.251
35129,34.5367467307049,36.05867570916529,2026-10-06,0.1771,0.1807,0.1869,0.1807
35129,34.5367467307049,36.05867570916529,2026-10-07,0.1574,0.1707,0.1672,0.1607
35129,34.5367467307049,36.05867570916529,2026-10-08,0.1574,0.1707,0.2263,0.1707
35129,34.5367467307049,36.05867570916529,2026-10-09,0.1574,0.1607,0.1869,0.1607
35129,34.5367467307049,36.05867570916529,2026-10-10,0.1476,0.1506,0.1672,0.1607
35129,34.5367467307049,36.05867570916529,2026-10-11,0.1476,0.1506,0.1574,0.1506
35185,34.53755961745271,36.19757878297418,2026-10-05,0.2446,0.2263,0.2871,0.246
35185,34.53755961745271,36.19757878297418,2026-10-06,0.1914,0.1771,0.2021,0.1771
35185,34.53755961745271,36.19757878297418,2026-10-07,0.1702,0.1673,0.1808,0.1575
35185,34.53755961745271,36.19757878297418,2026-10-08,0.1702,0.1673,0.2446,0.1673
35185,34.53755961745271,36.19757878297418,2026-10-09,0.1702,0.1575,0.2021,0.1575
35185,34.53755961745271,36.19757878297418,2026-10-10,0.1595,0.1476,0.1808,0.1575
35185,34.53755961745271,36.19757878297418,2026-10-11,0.1595,0.1476,0.1702,0.1476
35123,34.53538427903944,36.07767192583141,2026-10-05,0.2231,0.2317,0.2619,0.2519
35123,34.53538427903944,36.07767192583141,2026-10-06,0.1746,0.1813,0.1843,0.1813
35123,34.53538427903944,36.07767192583141,2026-10-07,0.1552,0.1713,0.1649,0.1612
35123,34.53538427903944,36.07767192583141,2026-10-08,0.1552,0.1713,0.2231,0.1713
35123,34.53538427903944,36.07767192583141,2026-10-09,0.1552,0.1612,0.1843,0.1612
35123,34.53538427903944,36.07767192583141,2026-10-10,0.1455,0.1511,0.1649,0.1612
35123,34.53538427903944,36.07767192583141,2026-10-11,0.1455,0.1511,0.1552,0.1511
35174,34.53196106788839,36.16289850494212,2026-10-05,0.2297,0.2301,0.2696,0.2501
35174,34.53196106788839,36.16289850494212,2026-10-06,0.1797,0.1801,0.1897,0.1801
35174,34.53196106788839,36.16289850494212,2026-10-07,0.1598,0.1701,0.1697,0.1601
35174,34.53196106788839,36.16289850494212,2026-10-08,0.1598,0.1701,0.2297,0.1701
35174,34.53196106788839,36.16289850494212,2026-10-09,0.1598,0.1601,0.1897,0.1601
35174,34.53196106788839,36.16289850494212,2026-10-10,0.1498,0.1501,0.1697,0.1601
35174,34.53196106788839,36.16289850494212,2026-10-11,0.1498,0.1501,0.1598,0.1501
35127,34.53501665461241,36.070987353793626,2026-10-05,0.225,0.2313,0.2641,0.2514
35127,34.53501665461241,36.070987353793626,2026-10-06,0.1761,0.181,0.1858,0.181
35127,34.53501665461241,36.070987353793626,2026-10-07,0.1565,0.1709,0.1663,0.1609
35127,34.53501665461241,36.070987353793626,2026-10-08,0.1565,0.1709,0.225,0.1709
35127,34.53501665461241,36.070987353793626,2026-10-09,0.1565,0.1609,0.1858,0.1609
35127,34.53501665461241,36.070987353793626,2026-10-10,0.1467,0.1508,0.1663,0.1609
35127,34.53501665461241,36.070987353793626,2026-10-11,0.1467,0.1508,0.1565,0.1508
35117,34.53363452698529,36.093204201779166,2026-10-05,0.2304,0.2299,0.2704,0.2499
35117,34.53363452698529,36.093204201779166,2026-10-06,0.1803,0.1799,0.1903,0.1799
35117,34.53363452698529,36.093204201779166,2026-10-07,0.1603,0.1699,0.1703,0.1599
35117,34.53363452698529,36.093204201779166,2026-10-08,0.1603,0.1699,0.2304,0.1699
35117,34.53363452698529,36.093204201779166,2026-10-09,0.1603,0.1599,0.1903,0.1599
35117,34.53363452698529,36.093204201779166,2026-10-10,0.1502,0.1499,0.1703,0.1599
35117,34.53363452698529,36.093204201779166,2026-10-11,0.1502,0.1499,0.1603,0.1499
35177,34.53157190844154,36.171819774704566,2026-10-05,0.2247,0.2313,0.2638,0.2514
35177,34.53157190844154,36.171819774704566,2026-10-06,0.1759,0.181,0.1856,0.181
35177,34.53157190844154,36.171819774704566,2026-10-07,0.1563,0.171,0.1661,0.1609
35177,34.53157190844154,36.171819774704566,2026-10-08,0.1563,0.171,0.2247,0.171
35177,34.53157190844154,36.171819774704566,2026-10-09,0.1563,0.1609,0.1856,0.1609
35177,34.53157190844154,36.171819774704566,2026-10-10,0.1465,0.1509,0.1661,0.1609
35177,34.53157190844154,36.171819774704566,2026-10-11,0.1465,0.1509,0.1563,0.1509
35149,34.52523005292821,36.02056738358893,2026-10-05,0.2646,0.2213,0.3106,0.2406
35149,34.52523005292821,36.02056738358893,2026-10-06,0.2071,0.1732,0.2186,0.1732
35149,34.52523005292821,36.02056738358893,2026-10-07,0.1841,0.1636,0.1956,0.154
35149,34.52523005292821,36.02056738358893,2026-10-08,0.1841,0.1636,0.2646,0.1636
35149,34.52523005292821,36.02056738358893,2026-10-09,0.1841,0.154,0.2186,0.154
35149,34.52523005292821,36.02056738358893,2026-10-10,0.1726,0.1444,0.1956,0.154
35149,34.52523005292821,36.02056738358893,2026-10-11,0.1726,0.1444,0.1841,0.1444
35163,34.523509423681844,36.124533671625194,2026-10-05,0.227,0.2307,0.2665,0.2508
35163,34.523509423681844,36.124533671625194,2026-10-06,0.1777,0.1806,0.1876,0.1806
35163,34.523509423681844,36.124533671625194,2026-10-07,0.1579,0.1705,0.1678,0.1605
35163,34.523509423681844,36.124533671625194,2026-10-08,0.1579,0.1705,0.227,0.1705
35163,34.523509423681844,36.124533671625194,2026-10-09,0.1579,0.1605,0.1876,0.1605
35163,34.523509423681844,36.124533671625194,2026-10-10,0.1481,0.1505,0.1678,0.1605
35163,34.523509423681844,36.124533671625194,2026-10-11,0.1481,0.1505,0.1579,0.1505
35183,34.532355237782035,36.184542635853454,2026-10-05,0.1982,0.2379,0.2327,0.2586
35183,34.532355237782035,36.184542635853454,2026-10-06,0.1551,0.1862,0.1637,0.1862
35183,34.532355237782035,36.184542635853454,2026-10-07,0.1379,0.1759,0.1465,0.1655
35183,34.532355237782035,36.184542635853454,2026-10-08,0.1379,0.1759,0.1982,0.1759
35183,34.532355237782035,36.184542635853454,2026-10-09,0.1379,0.1655,0.1637,0.1655
35183,34.532355237782035,36.184542635853454,2026-10-10,0.1293,0.1552,0.1465,0.1655
35183,34.532355237782035,36.184542635853454,2026-10-11,0.1293,0.1552,0.1379,0.1552
35171,34.51936818299105,36.156942109589615,2026-10-05,0.2087,0.2353,0.245,0.2558
35171,34.51936818299105,36.156942109589615,2026-10-06,0.1633,0.1842,0.1724,0.1842
35171,34.51936818299105,36.156942109589615,2026-10-07,0.1452,0.1739,0.1543,0.1637
35171,34.51936818299105,36.156942109589615,2026-10-08,0.1452,0.1739,0.2087,0.1739
35171,34.51936818299105,36.156942109589615,2026-10-09,0.1452,0.1637,0.1724,0.1637
35171,34.51936818299105,36.156942109589615,2026-10-10,0.1361,0.1535,0.1543,0.1637
35171,34.51936818299105,36.156942109589615,2026-10-11,0.1361,0.1535,0.1452,0.1535
35145,34.51843372899172,36.10035532200749,2026-10-05,0.2126,0.2343,0.2496,0.2547
35145,34.51843372899172,36.10035532200749,2026-10-06,0.1664,0.1834,0.1756,0.1834
35145,34.51843372899172,36.10035532200749,2026-10-07,0.1479,0.1732,0.1571,0.163
35145,34.51843372899172,36.10035532200749,2026-10-08,0.1479,0.1732,0.2126,0.1732
35145,34.51843372899172,36.10035532200749,2026-10-09,0.1479,0.163,0.1756,0.163
35145,34.51843372899172,36.10035532200749,2026-10-10,0.1387,0.1528,0.1571,0.163
35145,34.51843372899172,36.10035532200749,2026-10-11,0.1387,0.1528,0.1479,0.1528
35131,34.5253363905176,36.05204191525652,2026-10-05,0.2578,0.223,0.3027,0.2424
35131,34.5253363905176,36.05204191525652,2026-10-06,0.2018,0.1746,0.213,0.1746
35131,34.5253363905176,36.05204191525652,2026-10-07,0.1793,0.1649,0.1906,0.1552
35131,34.5253363905176,36.05204191525652,2026-10-08,0.1793,0.1649,0.2578,0.1649
35131,34.5253363905176,36.05204191525652,2026-10-09,0.1793,0.1552,0.213,0.1552
35131,34.5253363905176,36.05204191525652,2026-10-10,0.1681,0.1455,0.1906,0.1552
35131,34.5253363905176,36.05204191525652,2026-10-11,0.1681,0.1455,0.1793,0.1455
35135,34.52327927106539,36.077068503201815,2026-10-05,0.2655,0.2211,0.3116,0.2404
35135,34.52327927106539,36.077068503201815,2026-10-06,0.2078,0.1731,0.2193,0.1731
35135,34.52327927106539,36.077068503201815,2026-10-07,0.1847,0.1634,0.1962,0.1538
35135,34.52327927106539,36.077068503201815,2026-10-08,0.1847,0.1634,0.2655,0.1634
35135,34.52327927106539,36.077068503201815,2026-10-09,0.1847,0.1538,0.2193,0.1538
35135,34.52327927106539,36.077068503201815,2026-10-10,0.1731,0.1442,0.1962,0.1538
35135,34.52327927106539,36.077068503201815,2026-10-11,0.1731,0.1442,0.1847,0.1442
35275,34.50618112905882,35.99043693308471,2026-10-05,0.2358,0.2285,0.2768,0.2484
35275,34.50618112905882,35.99043693308471,2026-10-06,0.1846,0.1789,0.1948,0.1789
35275,34.50618112905882,35.99043693308471,2026-10-07,0.1641,0.1689,0.1743,0.159
35275,34.50618112905882,35.99043693308471,2026-10-08,0.1641,0.1689,0.2358,0.1689
35275,34.50618112905882,35.99043693308471,2026-10-09,0.1641,0.159,0.1948,0.159
35275,34.50618112905882,35.99043693308471,2026-10-10,0.1538,0.149,0.1743,0.159
35275,34.50618112905882,35.99043693308471,2026-10-11,0.1538,0.149,0.1641,0.149
35134,34.52424252538324,36.06002045140387,2026-10-05,0.257,0.2232,0.3017,0.2427
35134,34.52424252538324,36.06002045140387,2026-10-06,0.2012,0.1747,0.2123,0.1747
35134,34.52424252538324,36.06002045140387,2026-10-07,0.1788,0.165,0.19,0.1553
35134,34.52424252538324,36.06002045140387,2026-10-08,0.1788,0.165,0.257,0.165
35134,34.52424252538324,36.06002045140387,2026-10-09,0.1788,0.1553,0.2123,0.1553
35134,34.52424252538324,36.06002045140387,2026-10-10,0.1676,0.1456,0.19,0.1553
35134,34.52424252538324,36.06002045140387,2026-10-11,0.1676,0.1456,0.1788,0.1456
35189,34.51233284158482,36.192157636216386,2026-10-05,0.2646,0.2214,0.3106,0.2406
35189,34.51233284158482,36.192157636216386,2026-10-06,0.2071,0.1732,0.2186,0.1732
35189,34.51233284158482,36.192157636216386,2026-10-07,0.184,0.1636,0.1956,0.154
35189,34.51233284158482,36.192157636216386,2026-10-08,0.184,0.1636,0.2646,0.1636
35189,34.51233284158482,36.192157636216386,2026-10-09,0.184,0.154,0.2186,0.154
35189,34.51233284158482,36.192157636216386,2026-10-10,0.1725,0.1444,0.1956,0.154
35189,34.51233284158482,36.192157636216386,2026-10-11,0.1725,0.1444,0.184,0.1444
35147,34.51511519507456,36.06648128127486,2026-10-05,0.2357,0.2286,0.2767,0.2485
35147,34.51511519507456,36.06648128127486,2026-10-06,0.1845,0.1789,0.1947,0.1789
35147,34.51511519507456,36.06648128127486,2026-10-07,0.164,0.1689,0.1742,0.159
35147,34.51511519507456,36.06648128127486,2026-10-08,0.164,0.1689,0.2357,0.1689
35147,34.51511519507456,36.06648128127486,2026-10-09,0.164,0.159,0.1947,0.159
35147,34.51511519507456,36.06648128127486,2026-10-10,0.1537,0.1491,0.1742,0.159
35147,34.51511519507456,36.06648128127486,2026-10-11,0.1537,0.1491,0.164,0.1491
35357,34.50504416509491,36.13855075295142,2026-10-05,0.2285,0.2304,0.2682,0.2504
35357,34.50504416509491,36.13855075295142,2026-10-06,0.1788,0.1803,0.1888,0.1803
35357,34.50504416509491,36.13855075295142,2026-10-07,0.1589,0.1703,0.1689,0.1603
35357,34.50504416509491,36.13855075295142,2026-10-08,0.1589,0.1703,0.2285,0.1703
35357,34.50504416509491,36.13855075295142,2026-10-09,0.1589,0.1603,0.1888,0.1603
35357,34.50504416509491,36.13855075295142,2026-10-10,0.149,0.1502,0.1689,0.1603
35357,34.50504416509491,36.13855075295142,2026-10-11,0.149,0.1502,0.1589,0.1502
35277,34.508153636247876,35.96956392709974,2026-10-05,0.2758,0.2186,0.3238,0.2376
35277,34.508153636247876,35.96956392709974,2026-10-06,0.2158,0.171,0.2278,0.171
35277,34.508153636247876,35.96956392709974,2026-10-07,0.1919,0.1615,0.2038,0.152
35277,34.508153636247876,35.96956392709974,2026-10-08,0.1919,0.1615,0.2758,0.1615
35277,34.508153636247876,35.96956392709974,2026-10-09,0.1919,0.152,0.2278,0.152
35277,34.508153636247876,35.96956392709974,2026-10-10,0.1799,0.1425,0.2038,0.152
35277,34.508153636247876,35.96956392709974,2026-10-11,0.1799,0.1425,0.1919,0.1425
37291,34.49434848029721,35.95651742361322,2026-10-05,0.2534,0.2241,0.2975,0.2436
37291,34.49434848029721,35.95651742361322,2026-10-06,0.1983,0.1754,0.2093,0.1754
37291,34.49434848029721,35.95651742361322,2026-10-07,0.1763,0.1657,0.1873,0.1559
37291,34.49434848029721,35.95651742361322,2026-10-08,0.1763,0.1657,0.2534,0.1657
37291,34.49434848029721,35.95651742361322,2026-10-09,0.1763,0.1559,0.2093,0.1559
37291,34.49434848029721,35.95651742361322,2026-10-10,0.1653,0.1462,0.1873,0.1559
37291,34.49434848029721,35.95651742361322,2026-10-11,0.1653,0.1462,0.1763,0.1462
35371,34.504284746752134,36.17544486696596,2026-10-05,0.246,0.226,0.2888,0.2456
35371,34.504284746752134,36.17544486696596,2026-10-06,0.1926,0.1769,0.2033,0.1769
35371,34.504284746752134,36.17544486696596,2026-10-07,0.1712,0.167,0.1819,0.1572
35371,34.504284746752134,36.17544486696596,2026-10-08,0.1712,0.167,0.246,0.167
35371,34.504284746752134,36.17544486696596,2026-10-09,0.1712,0.1572,0.2033,0.1572
35371,34.504284746752134,36.17544486696596,2026-10-10,0.1605,0.1474,0.1819,0.1572
35371,34.504284746752134,36.17544486696596,2026-10-11,0.1605,0.1474,0.1712,0.1474
35322,34.49388800336889,36.11541621845481,2026-10-05,0.1995,0.2376,0.2342,0.2583
35322,34.49388800336889,36.11541621845481,2026-10-06,0.1562,0.186,0.1648,0.186
35322,34.49388800336889,36.11541621845481,2026-10-07,0.1388,0.1756,0.1475,0.1653
35322,34.49388800336889,36.11541621845481,2026-10-08,0.1388,0.1756,0.1995,0.1756
35322,34.49388800336889,36.11541621845481,2026-10-09,0.1388,0.1653,0.1648,0.1653
35322,34.49388800336889,36.11541621845481,2026-10-10,0.1301,0.155,0.1475,0.1653
35322,34.49388800336889,36.11541621845481,2026-10-11,0.1301,0.155,0.1388,0.155
35314,34.4870876813379,36.02186169085151,2026-10-05,0.2005,0.2374,0.2353,0.258
35314,34.4870876813379,36.02186169085151,2026-10-06,0.1569,0.1858,0.1656,0.1858
35314,34.4870876813379,36.02186169085151,2026-10-07,0.1394,0.1755,0.1482,0.1651
35314,34.4870876813379,36.02186169085151,2026-10-08,0.1394,0.1755,0.2005,0.1755
35314,34.4870876813379,36.02186169085151,2026-10-09,0.1394,0.1651,0.1656,0.1651
35314,34.4870876813379,36.02186169085151,2026-10-10,0.1307,0.1548,0.1482,0.1651
35314,34.4870876813379,36.02186169085151,2026-10-11,0.1307,0.1548,0.1394,0.1548
35354,34.50178794382818,36.03303284770301,2026-10-05,0.2141,0.234,0.2514,0.2543
35354,34.50178794382818,36.03303284770301,2026-10-06,0.1676,0.1831,0.1769,0.1831
35354,34.50178794382818,36.03303284770301,2026-10-07,0.149,0.1729,0.1583,0.1628
35354,34.50178794382818,36.03303284770301,2026-10-08,0.149,0.1729,0.2141,0.1729
35354,34.50178794382818,36.03303284770301,2026-10-09,0.149,0.1628,0.1769,0.1628
35354,34.50178794382818,36.03303284770301,2026-10-10,0.1396,0.1526,0.1583,0.1628
35354,34.50178794382818,36.03303284770301,2026-10-11,0.1396,0.1526,0.149,0.1526
35331,34.496606280630104,36.041822180690524,2026-10-05,0.2223,0.2319,0.261,0.2521
35331,34.496606280630104,36.041822180690524,2026-10-06,0.174,0.1815,0.1837,0.1815
35331,34.496606280630104,36.041822180690524,2026-10-07,0.1547,0.1714,0.1643,0.1613
35331,34.496606280630104,36.041822180690524,2026-10-08,0.1547,0.1714,0.2223,0.1714
35331,34.496606280630104,36.041822180690524,2026-10-09,0.1547,0.1613,0.1837,0.1613
35331,34.496606280630104,36.041822180690524,2026-10-10,0.145,0.1513,0.1643,0.1613
35331,34.496606280630104,36.041822180690524,2026-10-11,0.145,0.1513,0.1547,0.1513
35318,34.488391081892615,36.08652156430731,2026-10-05,0.2195,0.2326,0.2577,0.2529
35318,34.488391081892615,36.08652156430731,2026-10-06,0.1718,0.1821,0.1813,0.1821
35318,34.488391081892615,36.08652156430731,2026-10-07,0.1527,0.1719,0.1622,0.1618
35318,34.488391081892615,36.08652156430731,2026-10-08,0.1527,0.1719,0.2195,0.1719
35318,34.488391081892615,36.08652156430731,2026-10-09,0.1527,0.1618,0.1813,0.1618
35318,34.488391081892615,36.08652156430731,2026-10-10,0.1432,0.1517,0.1622,0.1618
35318,34.488391081892615,36.08652156430731,2026-10-11,0.1432,0.1517,0.1527,0.1517
35356,34.49933523503008,36.19165896080347,2026-10-05,0.2244,0.2314,0.2634,0.2515
35356,34.49933523503008,36.19165896080347,2026-10-06,0.1756,0.1811,0.1854,0.1811
35356,34.49933523503008,36.19165896080347,2026-10-07,0.1561,0.171,0.1659,0.161
35356,34.49933523503008,36.19165896080347,2026-10-08,0.1561,0.171,0.2244,0.171
35356,34.49933523503008,36.19165896080347,2026-10-09,0.1561,0.161,0.1854,0.161
35356,34.49933523503008,36.19165896080347,2026-10-10,0.1463,0.1509,0.1659,0.161
35356,34.49933523503008,36.19165896080347,2026-10-11,0.1463,0.1509,0.1561,0.1509
35341,34.49043030907208,36.0112764868406,2026-10-05,0.2638,0.2215,0.3097,0.2408
35341,34.49043030907208,36.0112764868406,2026-10-06,0.2065,0.1734,0.2179,0.1734
35341,34.49043030907208,36.0112764868406,2026-10-07,0.1835,0.1638,0.195,0.1541
35341,34.49043030907208,36.0112764868406,2026-10-08,0.1835,0.1638,0.2638,0.1638
35341,34.49043030907208,36.0112764868406,2026-10-09,0.1835,0.1541,0.2179,0.1541
35341,34.49043030907208,36.0112764868406,2026-10-10,0.1721,0.1445,0.195,0.1541
35341,34.49043030907208,36.0112764868406,2026-10-11,0.1721,0.1445,0.1835,0.1445
54111,34.42338754856574,36.40563318105214,2026-10-05,0.2296,0.2301,0.2696,0.2501
54111,34.42338754856574,36.40563318105214,2026-10-06,0.1797,0.1801,0.1897,0.1801
54111,34.42338754856574,36.40563318105214,2026-10-07,0.1598,0.1701,0.1697,0.1601
54111,34.42338754856574,36.40563318105214,2026-10-08,0.1598,0.1701,0.2296,0.1701
54111,34.42338754856574,36.40563318105214,2026-10-09,0.1598,0.1601,0.1897,0.1601
54111,34.42338754856574,36.40563318105214,2026-10-10,0.1498,0.1501,0.1697,0.1601
54111,34.42338754856574,36.40563318105214,2026-10-11,0.1498,0.1501,0.1598,0.1501
37271,34.4819127321273,35.93570100203218,2026-10-05,0.2282,0.2304,0.2679,0.2505
37271,34.4819127321273,35.93570100203218,2026-10-06,0.1786,0.1804,0.1885,0.1804
37271,34.4819127321273,35.93570100203218,2026-10-07,0.1588,0.1703,0.1687,0.1603
37271,34.4819127321273,35.93570100203218,2026-10-08,0.1588,0.1703,0.2282,0.1703
37271,34.4819127321273,35.93570100203218,2026-10-09,0.1588,0.1603,0.1885,0.1603
37271,34.4819127321273,35.93570100203218,2026-10-10,0.1488,0.1503,0.1687,0.1603
37271,34.4819127321273,35.93570100203218,2026-10-11,0.1488,0.1503,0.1588,0.1503
35353,34.46413617028343,36.208908287125105,2026-10-05,0.2586,0.2229,0.3035,0.2422
35353,34.46413617028343,36.208908287125105,2026-10-06,0.2024,0.1744,0.2136,0.1744
35353,34.46413617028343,36.208908287125105,2026-10-07,0.1799,0.1647,0.1911,0.155
35353,34.46413617028343,36.208908287125105,2026-10-08,0.1799,0.1647,0.2586,0.1647
35353,34.46413617028343,36.208908287125105,2026-10-09,0.1799,0.155,0.2136,0.155
35353,34.46413617028343,36.208908287125105,2026-10-10,0.1686,0.1453,0.1911,0.155
35353,34.46413617028343,36.208908287125105,2026-10-11,0.1686,0.1453,0.1799,0.1453
35320,34.485714724632984,36.11149679087833,2026-10-05,0.2118,0.2345,0.2487,0.2549
35320,34.485714724632984,36.11149679087833,2026-10-06,0.1658,0.1836,0.175,0.1836
35320,34.485714724632984,36.11149679087833,2026-10-07,0.1474,0.1734,0.1566,0.1632
35320,34.485714724632984,36.11149679087833,2026-10-08,0.1474,0.1734,0.2118,0.1734
35320,34.485714724632984,36.11149679087833,2026-10-09,0.1474,0.1632,0.175,0.1632
35320,34.485714724632984,36.11149679087833,2026-10-10,0.1381,0.153,0.1566,0.1632
35320,34.485714724632984,36.11149679087833,2026-10-11,0.1381,0.153,0.1474,0.153
35352,34.4822010679628,36.165305160266506,2026-10-05,0.2307,0.2298,0.2709,0.2498
35352,34.4822010679628,36.165305160266506,2026-10-06,0.1806,0.1799,0.1906,0.1799
35352,34.4822010679628,36.165305160266506,2026-10-07,0.1605,0.1699,0.1705,0.1599
35352,34.4822010679628,36.165305160266506,2026-10-08,0.1605,0.1699,0.2307,0.1699
35352,34.4822010679628,36.165305160266506,2026-10-09,0.1605,0.1599,0.1906,0.1599
35352,34.4822010679628,36.165305160266506,2026-10-10,0.1505,0.1499,0.1705,0.1599
35352,34.4822010679628,36.165305160266506,2026-10-11,0.1505,0.1499,0.1605,0.1499
35334,34.48250226958542,36.151171326356256,2026-10-05,0.2052,0.2362,0.2409,0.2567
35334,34.48250226958542,36.151171326356256,2026-10-06,0.1606,0.1848,0.1696,0.1848
35334,34.48250226958542,36.151171326356256,2026-10-07,0.1428,0.1746,0.1517,0.1643
35334,34.48250226958542,36.151171326356256,2026-10-08,0.1428,0.1746,0.2052,0.1746
35334,34.48250226958542,36.151171326356256,2026-10-09,0.1428,0.1643,0.1696,0.1643
35334,34.48250226958542,36.151171326356256,2026-10-10,0.1339,0.154,0.1517,0.1643
35334,34.48250226958542,36.151171326356256,2026-10-11,0.1339,0.154,0.1428,0.154
35330,34.477865875344996,36.127682773622205,2026-10-05,0.1987,0.2378,0.2332,0.2585
35330,34.477865875344996,36.127682773622205,2026-10-06,0.1555,0.1861,0.1641,0.1861
35330,34.477865875344996,36.127682773622205,2026-10-07,0.1382,0.1758,0.1468,0.1654
35330,34.477865875344996,36.127682773622205,2026-10-08,0.1382,0.1758,0.1987,0.1758
35330,34.477865875344996,36.127682773622205,2026-10-09,0.1382,0.1654,0.1641,0.1654
35330,34.477865875344996,36.127682773622205,2026-10-10,0.1296,0.1551,0.1468,0.1654
35330,34.477865875344996,36.127682773622205,2026-10-11,0.1296,0.1551,0.1382,0.1551
37382,34.46515532857199,35.98268728677139,2026-10-05,0.2817,0.2171,0.3306,0.236
37382,34.46515532857199,35.98268728677139,2026-10-06,0.2204,0.1699,0.2327,0.1699
37382,34.46515532857199,35.98268728677139,2026-10-07,0.1959,0.1605,0.2082,0.151
37382,34.46515532857199,35.98268728677139,2026-10-08,0.1959,0.1605,0.2817,0.1605
37382,34.46515532857199,35.98268728677139,2026-10-09,0.1959,0.151,0.2327,0.151
37382,34.46515532857199,35.98268728677139,2026-10-10,0.1837,0.1416,0.2082,0.151
37382,34.46515532857199,35.98268728677139,2026-10-11,0.1837,0.1416,0.1959,0.1416
35316,34.46509194560611,36.04872501415599,2026-10-05,0.2196,0.2326,0.2578,0.2528
35316,34.46509194560611,36.04872501415599,2026-10-06,0.1719,0.182,0.1814,0.182
35316,34.46509194560611,36.04872501415599,2026-10-07,0.1528,0.1719,0.1623,0.1618
35316,34.46509194560611,36.04872501415599,2026-10-08,0.1528,0.1719,0.2196,0.1719
35316,34.46509194560611,36.04872501415599,2026-10-09,0.1528,0.1618,0.1814,0.1618
35316,34.46509194560611,36.04872501415599,2026-10-10,0.1432,0.1517,0.1623,0.1618
35316,34.46509194560611,36.04872501415599,2026-10-11,0.1432,0.1517,0.1528,0.1517
37381,34.46609238367948,35.962294574131505,2026-10-05,0.2499,0.225,0.2933,0.2446
37381,34.46609238367948,35.962294574131505,2026-10-06,0.1956,0.1761,0.2064,0.1761
37381,34.46609238367948,35.962294574131505,2026-10-07,0.1738,0.1663,0.1847,0.1565
37381,34.46609238367948,35.962294574131505,2026-10-08,0.1738,0.1663,0.2499,0.1663
37381,34.46609238367948,35.962294574131505,2026-10-09,0.1738,0.1565,0.2064,0.1565
37381,34.46609238367948,35.962294574131505,2026-10-10,0.163,0.1468,0.1847,0.1565
37381,34.46609238367948,35.962294574131505,2026-10-11,0.163,0.1468,0.1738,0.1468
35344,34.46484631356884,35.99687112351714,2026-10-05,0.2426,0.2268,0.2848,0.2466
35344,34.46484631356884,35.99687112351714,2026-10-06,0.1899,0.1775,0.2004,0.1775
35344,34.46484631356884,35.99687112351714,2026-10-07,0.1688,0.1677,0.1793,0.1578
35344,34.46484631356884,35.99687112351714,2026-10-08,0.1688,0.1677,0.2426,0.1677
35344,34.46484631356884,35.99687112351714,2026-10-09,0.1688,0.1578,0.2004,0.1578
35344,34.46484631356884,35.99687112351714,2026-10-10,0.1582,0.1479,0.1793,0.1578
35344,34.46484631356884,35.99687112351714,2026-10-11,0.1582,0.1479,0.1688,0.1479
0,34.48292213706747,36.44419062260224,2026-10-05,0.217,0.2332,0.2547,0.2535
0,34.48292213706747,36.44419062260224,2026-10-06,0.1698,0.1825,0.1793,0.1825
0,34.48292213706747,36.44419062260224,2026-10-07,0.151,0.1724,0.1604,0.1623
0,34.48292213706747,36.44419062260224,2026-10-08,0.151,0.1724,0.217,0.1724
0,34.48292213706747,36.44419062260224,2026-10-09,0.151,0.1623,0.1793,0.1623
0,34.48292213706747,36.44419062260224,2026-10-10,0.1415,0.1521,0.1604,0.1623
0,34.48292213706747,36.44419062260224,2026-10-11,0.1415,0.1521,0.151,0.1521
35326,34.46727000147206,36.09000670022811,2026-10-05,0.2298,0.23,0.2698,0.2501
35326,34.46727000147206,36.09000670022811,2026-10-06,0.1798,0.18,0.1898,0.18
35326,34.46727000147206,36.09000670022811,2026-10-07,0.1599,0.17,0.1699,0.16
35326,34.46727000147206,36.09000670022811,2026-10-08,0.1599,0.17,0.2298,0.17
35326,34.46727000147206,36.09000670022811,2026-10-09,0.1599,0.16,0.1898,0.16
35326,34.46727000147206,36.09000670022811,2026-10-10,0.1499,0.15,0.1699,0.16
35326,34.46727000147206,36.09000670022811,2026-10-11,0.1499,0.15,0.1599,0.15
35351,34.44699921965081,36.17989969507776,2026-10-05,0.204,0.2365,0.2395,0.2571
35351,34.44699921965081,36.17989969507776,2026-10-06,0.1596,0.1851,0.1685,0.1851
35351,34.44699921965081,36.17989969507776,2026-10-07,0.1419,0.1748,0.1508,0.1645
35351,34.44699921965081,36.17989969507776,2026-10-08,0.1419,0.1748,0.204,0.1748
35351,34.44699921965081,36.17989969507776,2026-10-09,0.1419,0.1645,0.1685,0.1645
35351,34.44699921965081,36.17989969507776,2026-10-10,0.133,0.1542,0.1508,0.1645
35351,34.44699921965081,36.17989969507776,2026-10-11,0.133,0.1542,0.1419,0.1542
35337,34.47264402466667,36.158629523953444,2026-10-05,0.2218,0.232,0.2604,0.2522
35337,34.47264402466667,36.158629523953444,2026-10-06,0.1736,0.1816,0.1832,0.1816
35337,34.47264402466667,36.158629523953444,2026-10-07,0.1543,0.1715,0.164,0.1614
35337,34.47264402466667,36.158629523953444,2026-10-08,0.1543,0.1715,0.2218,0.1715
35337,34.47264402466667,36.158629523953444,2026-10-09,0.1543,0.1614,0.1832,0.1614
35337,34.47264402466667,36.158629523953444,2026-10-10,0.1447,0.1513,0.164,0.1614
35337,34.47264402466667,36.158629523953444,2026-10-11,0.1447,0.1513,0.1543,0.1513
35324,34.453576680882506,36.01620189223211,2026-10-05,0.2442,0.2265,0.2866,0.2462
35324,34.453576680882506,36.01620189223211,2026-10-06,0.1911,0.1772,0.2017,0.1772
35324,34.453576680882506,36.01620189223211,2026-10-07,0.1699,0.1674,0.1805,0.1575
35324,34.453576680882506,36.01620189223211,2026-10-08,0.1699,0.1674,0.2442,0.1674
35324,34.453576680882506,36.01620189223211,2026-10-09,0.1699,0.1575,0.2017,0.1575
35324,34.453576680882506,36.01620189223211,2026-10-10,0.1592,0.1477,0.1805,0.1575
35324,34.453576680882506,36.01620189223211,2026-10-11,0.1592,0.1477,0.1699,0.1477
37251,34.45787593214064,35.913968565190956,2026-10-05,0.266,0.221,0.3123,0.2402
37251,34.45787593214064,35.913968565190956,2026-10-06,0.2082,0.1729,0.2198,0.1729
37251,34.45787593214064,35.913968565190956,2026-10-07,0.1851,0.1633,0.1966,0.1537
37251,34.45787593214064,35.913968565190956,2026-10-08,0.1851,0.1633,0.266,0.1633
37251,34.45787593214064,35.913968565190956,2026-10-09,0.1851,0.1537,0.2198,0.1537
37251,34.45787593214064,35.913968565190956,2026-10-10,0.1735,0.1441,0.1966,0.1537
37251,34.45787593214064,35.913968565190956,2026-10-11,0.1735,0.1441,0.1851,0.1441
37261,34.46232267852721,35.932099044664355,2026-10-05,0.2286,0.2304,0.2683,0.2504
37261,34.46232267852721,35.932099044664355,2026-10-06,0.1789,0.1803,0.1888,0.1803
37261,34.46232267852721,35.932099044664355,2026-10-07,0.159,0.1703,0.1689,0.1603
37261,34.46232267852721,35.932099044664355,2026-10-08,0.159,0.1703,0.2286,0.1703
37261,34.46232267852721,35.932099044664355,2026-10-09,0.159,0.1603,0.1888,0.1603
37261,34.46232267852721,35.932099044664355,2026-10-10,0.1491,0.1502,0.1689,0.1603
37261,34.46232267852721,35.932099044664355,2026-10-11,0.1491,0.1502,0.159,0.1502
35328,34.45816978301634,36.12763833016204,2026-10-05,0.2642,0.2214,0.3102,0.2407
35328,34.45816978301634,36.12763833016204,2026-10-06,0.2068,0.1733,0.2183,0.1733
35328,34.45816978301634,36.12763833016204,2026-10-07,0.1838,0.1637,0.1953,0.154
35328,34.45816978301634,36.12763833016204,2026-10-08,0.1838,0.1637,0.2642,0.1637
35328,34.45816978301634,36.12763833016204,2026-10-09,0.1838,0.154,0.2183,0.154
35328,34.45816978301634,36.12763833016204,2026-10-10,0.1723,0.1444,0.1953,0.154
35328,34.45816978301634,36.12763833016204,2026-10-11,0.1723,0.1444,0.1838,0.1444
37241,34.459045590373016,35.894781812971175,2026-10-05,0.253,0.2243,0.297,0.2438
37241,34.459045590373016,35.894781812971175,2026-10-06,0.198,0.1755,0.209,0.1755
37241,34.459045590373016,35.894781812971175,2026-10-07,0.176,0.1658,0.187,0.156
37241,34.459045590373016,35.894781812971175,2026-10-08,0.176,0.1658,0.253,0.1658
37241,34.459045590373016,35.894781812971175,2026-10-09,0.176,0.156,0.209,0.156
37241,34.459045590373016,35.894781812971175,2026-10-10,0.165,0.1463,0.187,0.156
37241,34.459045590373016,35.894781812971175,2026-10-11,0.165,0.1463,0.176,0.1463
35325,34.4549700644328,36.0766751924753,2026-10-05,0.2594,0.2227,0.3045,0.242
35325,34.4549700644328,36.0766751924753,2026-10-06,0.203,0.1742,0.2143,0.1742
35325,34.4549700644328,36.0766751924753,2026-10-07,0.1804,0.1646,0.1917,0.1549
35325,34.4549700644328,36.0766751924753,2026-10-08,0.1804,0.1646,0.2594,0.1646
35325,34.4549700644328,36.0766751924753,2026-10-09,0.1804,0.1549,0.2143,0.1549
35325,34.4549700644328,36.0766751924753,2026-10-10,0.1692,0.1452,0.1917,0.1549
35325,34.4549700644328,36.0766751924753,2026-10-11,0.1692,0.1452,0.1804,0.1452
37231,34.44799241748637,35.86800938034439,2026-10-05,0.2777,0.2181,0.3259,0.237
37231,34.44799241748637,35.86800938034439,2026-10-06,0.2173,0.1707,0.2294,0.1707
37231,34.44799241748637,35.86800938034439,2026-10-07,0.1932,0.1612,0.2052,0.1517
37231,34.44799241748637,35.86800938034439,2026-10-08,0.1932,0.1612,0.2777,0.1612
37231,34.44799241748637,35.86800938034439,2026-10-09,0.1932,0.1517,0.2294,0.1517
37231,34.44799241748637,35.86800938034439,2026-10-10,0.1811,0.1422,0.2052,0.1517
37231,34.44799241748637,35.86800938034439,2026-10-11,0.1811,0.1422,0.1932,0.1422
31186,34.44517193470017,35.82074809086653,2026-10-05,0.234,0.229,0.2747,0.2489
31186,34.44517193470017,35.82074809086653,2026-10-06,0.1831,0.1792,0.1933,0.1792
31186,34.44517193470017,35.82074809086653,2026-10-07,0.1628,0.1693,0.1729,0.1593
31186,34.44517193470017,35.82074809086653,2026-10-08,0.1628,0.1693,0.234,0.1693
31186,34.44517193470017,35.82074809086653,2026-10-09,0.1628,0.1593,0.1933,0.1593
31186,34.44517193470017,35.82074809086653,2026-10-10,0.1526,0.1494,0.1729,0.1593
31186,34.44517193470017,35.82074809086653,2026-10-11,0.1526,0.1494,0.1628,0.1494
31166,34.44219691213492,35.83552661107251,2026-10-05,0.2223,0.2319,0.2609,0.2521
31166,34.44219691213492,35.83552661107251,2026-10-06,0.174,0.1815,0.1836,0.1815
31166,34.44219691213492,35.83552661107251,2026-10-07,0.1546,0.1714,0.1643,0.1613
31166,34.44219691213492,35.83552661107251,2026-10-08,0.1546,0.1714,0.2223,0.1714
31166,34.44219691213492,35.83552661107251,2026-10-09,0.1546,0.1613,0.1836,0.1613
31166,34.44219691213492,35.83552661107251,2026-10-10,0.145,0.1513,0.1643,0.1613
31166,34.44219691213492,35.83552661107251,2026-10-11,0.145,0.1513,0.1546,0.1513
31181,34.45349555463177,35.810386500896,2026-10-05,0.2805,0.2174,0.3293,0.2363
31181,34.45349555463177,35.810386500896,2026-10-06,0.2196,0.1701,0.2318,0.1701
31181,34.45349555463177,35.810386500896,2026-10-07,0.1952,0.1607,0.2074,0.1512
31181,34.45349555463177,35.810386500896,2026-10-08,0.1952,0.1607,0.2805,0.1607
31181,34.45349555463177,35.810386500896,2026-10-09,0.1952,0.1512,0.2318,0.1512
31181,34.45349555463177,35.810386500896,2026-10-10,0.183,0.1418,0.2074,0.1512
31181,34.45349555463177,35.810386500896,2026-10-11,0.183,0.1418,0.1952,0.1418
31176,34.44909338001652,35.8113297686517,2026-10-05,0.219,0.2327,0.2571,0.253
31176,34.44909338001652,35.8113297686517,2026-10-06,0.1714,0.1821,0.1809,0.1821
31176,34.44909338001652,35.8113297686517,2026-10-07,0.1524,0.172,0.1619,0.1619
31176,34.44909338001652,35.8113297686517,2026-10-08,0.1524,0.172,0.219,0.172
31176,34.44909338001652,35.8113297686517,2026-10-09,0.1524,0.1619,0.1809,0.1619
31176,34.44909338001652,35.8113297686517,2026-10-10,0.1428,0.1518,0.1619,0.1619
31176,34.44909338001652,35.8113297686517,2026-10-11,0.1428,0.1518,0.1524,0.1518
33129,34.42937743409869,35.87669706013183,2026-10-05,0.2369,0.2283,0.2781,0.2481
33129,34.42937743409869,35.87669706013183,2026-10-06,0.1854,0.1787,0.1957,0.1787
33129,34.42937743409869,35.87669706013183,2026-10-07,0.1648,0.1687,0.1751,0.1588
33129,34.42937743409869,35.87669706013183,2026-10-08,0.1648,0.1687,0.2369,0.1687
33129,34.42937743409869,35.87669706013183,2026-10-09,0.1648,0.1588,0.1957,0.1588
33129,34.42937743409869,35.87669706013183,2026-10-10,0.1545,0.1489,0.1751,0.1588
33129,34.42937743409869,35.87669706013183,2026-10-11,0.1545,0.1489,0.1648,0.1489
33283,34.447457972122535,35.964258361966486,2026-10-05,0.2398,0.2275,0.2815,0.2473
33283,34.447457972122535,35.964258361966486,2026-10-06,0.1877,0.1781,0.1981,0.1781
33283,34.447457972122535,35.964258361966486,2026-10-07,0.1668,0.1682,0.1773,0.1583
33283,34.447457972122535,35.964258361966486,2026-10-08,0.1668,0.1682,0.2398,0.1682
33283,34.447457972122535,35.964258361966486,2026-10-09,0.1668,0.1583,0.1981,0.1583
33283,34.447457972122535,35.964258361966486,2026-10-10,0.1564,0.1484,0.1773,0.1583
33283,34.447457972122535,35.964258361966486,2026-10-11,0.1564,0.1484,0.1668,0.1484
54119,34.3775747009068,36.31619144806121,2026-10-05,0.2254,0.2311,0.2646,0.2512
54119,34.3775747009068,36.31619144806121,2026-10-06,0.1764,0.1809,0.1862,0.1809
54119,34.3775747009068,36.31619144806121,2026-10-07,0.1568,0.1708,0.1666,0.1608
54119,34.3775747009068,36.31619144806121,2026-10-08,0.1568,0.1708,0.2254,0.1708
54119,34.3775747009068,36.31619144806121,2026-10-09,0.1568,0.1608,0.1862,0.1608
54119,34.3775747009068,36.31619144806121,2026-10-10,0.147,0.1507,0.1666,0.1608
54119,34.3775747009068,36.31619144806121,2026-10-11,0.147,0.1507,0.1568,0.1507
31111,34.425161843283846,35.85377933782877,2026-10-05,0.246,0.226,0.2887,0.2457
31111,34.425161843283846,35.85377933782877,2026-10-06,0.1925,0.1769,0.2032,0.1769
31111,34.425161843283846,35.85377933782877,2026-10-07,0.1711,0.1671,0.1818,0.1572
31111,34.425161843283846,35.85377933782877,2026-10-08,0.1711,0.1671,0.246,0.1671
31111,34.425161843283846,35.85377933782877,2026-10-09,0.1711,0.1572,0.2032,0.1572
31111,34.425161843283846,35.85377933782877,2026-10-10,0.1604,0.1474,0.1818,0.1572
31111,34.425161843283846,35.85377933782877,2026-10-11,0.1604,0.1474,0.1711,0.1474
31151,34.43798209638949,35.850883414712925,2026-10-05,0.2793,0.2177,0.3279,0.2366
31151,34.43798209638949,35.850883414712925,2026-10-06,0.2186,0.1704,0.2307,0.1704
31151,34.43798209638949,35.850883414712925,2026-10-07,0.1943,0.1609,0.2064,0.1514
31151,34.43798209638949,35.850883414712925,2026-10-08,0.1943,0.1609,0.2793,0.1609
31151,34.43798209638949,35.850883414712925,2026-10-09,0.1943,0.1514,0.2307,0.1514
31151,34.43798209638949,35.850883414712925,2026-10-10,0.1822,0.142,0.2064,0.1514
31151,34.43798209638949,35.850883414712925,2026-10-11,0.1822,0.142,0.1943,0.142
31161,34.44065348387577,35.84766636802647,2026-10-05,0.2446,0.2263,0.2872,0.246
31161,34.44065348387577,35.84766636802647,2026-10-06,0.1915,0.1771,0.2021,0.1771
31161,34.44065348387577,35.84766636802647,2026-10-07,0.1702,0.1673,0.1808,0.1575
31161,34.44065348387577,35.84766636802647,2026-10-08,0.1702,0.1673,0.2446,0.1673
31161,34.44065348387577,35.84766636802647,2026-10-09,0.1702,0.1575,0.2021,0.1575
31161,34.44065348387577,35.84766636802647,2026-10-10,0.1596,0.1476,0.1808,0.1575
31161,34.44065348387577,35.84766636802647,2026-10-11,0.1596,0.1476,0.1702,0.1476
31121,34.43938398878265,35.84064514574404,2026-10-05,0.2435,0.2266,0.2859,0.2463
31121,34.43938398878265,35.84064514574404,2026-10-06,0.1906,0.1774,0.2012,0.1774
31121,34.43938398878265,35.84064514574404,2026-10-07,0.1694,0.1675,0.18,0.1576
31121,34.43938398878265,35.84064514574404,2026-10-08,0.1694,0.1675,0.2435,0.1675
31121,34.43938398878265,35.84064514574404,2026-10-09,0.1694,0.1576,0.2012,0.1576
31121,34.43938398878265,35.84064514574404,2026-10-10,0.1588,0.1478,0.18,0.1576
31121,34.43938398878265,35.84064514574404,2026-10-11,0.1588,0.1478,0.1694,0.1478
33133,34.42509430405631,35.89930274008147,2026-10-05,0.2707,0.2198,0.3177,0.239
33133,34.42509430405631,35.89930274008147,2026-10-06,0.2118,0.172,0.2236,0.172
33133,34.42509430405631,35.89930274008147,2026-10-07,0.1883,0.1625,0.2001,0.1529
33133,34.42509430405631,35.89930274008147,2026-10-08,0.1883,0.1625,0.2707,0.1625
33133,34.42509430405631,35.89930274008147,2026-10-09,0.1883,0.1529,0.2236,0.1529
33133,34.42509430405631,35.89930274008147,2026-10-10,0.1765,0.1434,0.2001,0.1529
33133,34.42509430405631,35.89930274008147,2026-10-11,0.1765,0.1434,0.1883,0.1434
31156,34.438881376624714,35.84355596658399,2026-10-05,0.2216,0.2321,0.2602,0.2523
31156,34.438881376624714,35.84355596658399,2026-10-06,0.1735,0.1816,0.1831,0.1816
31156,34.438881376624714,35.84355596658399,2026-10-07,0.1542,0.1715,0.1638,0.1615
31156,34.438881376624714,35.84355596658399,2026-10-08,0.1542,0.1715,0.2216,0.1715
31156,34.438881376624714,35.84355596658399,2026-10-09,0.1542,0.1615,0.1831,0.1615
31156,34.438881376624714,35.84355596658399,2026-10-10,0.1446,0.1514,0.1638,0.1615
31156,34.438881376624714,35.84355596658399,2026-10-11,0.1446,0.1514,0.1542,0.1514
31126,34.435308838271006,35.84086682707653,2026-10-05,0.282,0.217,0.331,0.2359
31126,34.435308838271006,35.84086682707653,2026-10-06,0.2207,0.1698,0.2329,0.1698
31126,34.435308838271006,35.84086682707653,2026-10-07,0.1962,0.1604,0.2084,0.151
31126,34.435308838271006,35.84086682707653,2026-10-08,0.1962,0.1604,0.282,0.1604
31126,34.435308838271006,35.84086682707653,2026-10-09,0.1962,0.151,0.2329,0.151
31126,34.435308838271006,35.84086682707653,2026-10-10,0.1839,0.1415,0.2084,0.151
31126,34.435308838271006,35.84086682707653,2026-10-11,0.1839,0.1415,0.1962,0.1415
33267,34.41978002584177,35.93651417311827,2026-10-05,0.2376,0.2281,0.2789,0.2479
33267,34.41978002584177,35.93651417311827,2026-10-06,0.1859,0.1785,0.1962,0.1785
33267,34.41978002584177,35.93651417311827,2026-10-07,0.1653,0.1686,0.1756,0.1587
33267,34.41978002584177,35.93651417311827,2026-10-08,0.1653,0.1686,0.2376,0.1686
33267,34.41978002584177,35.93651417311827,2026-10-09,0.1653,0.1587,0.1962,0.1587
33267,34.41978002584177,35.93651417311827,2026-10-10,0.1549,0.1488,0.1756,0.1587
33267,34.41978002584177,35.93651417311827,2026-10-11,0.1549,0.1488,0.1653,0.1488
31116,34.43061244728646,35.83916334166345,2026-10-05,0.2668,0.2208,0.3132,0.24
31116,34.43061244728646,35.83916334166345,2026-10-06,0.2088,0.1728,0.2204,0.1728
31116,34.43061244728646,35.83916334166345,2026-10-07,0.1856,0.1632,0.1972,0.1536
31116,34.43061244728646,35.83916334166345,2026-10-08,0.1856,0.1632,0.2668,0.1632
31116,34.43061244728646,35.83916334166345,2026-10-09,0.1856,0.1536,0.2204,0.1536
31116,34.43061244728646,35.83916334166345,2026-10-10,0.174,0.144,0.1972,0.1536
31116,34.43061244728646,35.83916334166345,2026-10-11,0.174,0.144,0.1856,0.144
37345,34.43242258881905,36.01014495431238,2026-10-05,0.2224,0.2319,0.2611,0.2521
37345,34.43242258881905,36.01014495431238,2026-10-06,0.1741,0.1815,0.1838,0.1815
37345,34.43242258881905,36.01014495431238,2026-10-07,0.1547,0.1714,0.1644,0.1613
37345,34.43242258881905,36.01014495431238,2026-10-08,0.1547,0.1714,0.2224,0.1714
37345,34.43242258881905,36.01014495431238,2026-10-09,0.1547,0.1613,0.1838,0.1613
37345,34.43242258881905,36.01014495431238,2026-10-10,0.1451,0.1512,0.1644,0.1613
37345,34.43242258881905,36.01014495431238,2026-10-11,0.1451,0.1512,0.1547,0.1512
37358,34.40826611982921,36.1131009623638,2026-10-05,0.2008,0.2373,0.2357,0.2579
37358,34.40826611982921,36.1131009623638,2026-10-06,0.1572,0.1857,0.1659,0.1857
37358,34.40826611982921,36.1131009623638,2026-10-07,0.1397,0.1754,0.1484,0.1651
37358,34.40826611982921,36.1131009623638,2026-10-08,0.1397,0.1754,0.2008,0.1754
37358,34.40826611982921,36.1131009623638,2026-10-09,0.1397,0.1651,0.1659,0.1651
37358,34.40826611982921,36.1131009623638,2026-10-10,0.131,0.1548,0.1484,0.1651
37358,34.40826611982921,36.1131009623638,2026-10-11,0.131,0.1548,0.1397,0.1548
33123,34.41668008302008,35.91533432759258,2026-10-05,0.2412,0.2272,0.2832,0.2469
33123,34.41668008302008,35.91533432759258,2026-10-06,0.1888,0.1778,0.1993,0.1778
33123,34.41668008302008,35.91533432759258,2026-10-07,0.1678,0.1679,0.1783,0.158
33123,34.41668008302008,35.91533432759258,2026-10-08,0.1678,0.1679,0.2412,0.1679
33123,34.41668008302008,35.91533432759258,2026-10-09,0.1678,0.158,0.1993,0.158
33123,34.41668008302008,35.91533432759258,2026-10-10,0.1573,0.1482,0.1783,0.158
33123,34.41668008302008,35.91533432759258,2026-10-11,0.1573,0.1482,0.1678,0.1482
37391,34.41422194967891,36.005963442069415,2026-10-05,0.2148,0.2338,0.2522,0.2541
37391,34.41422194967891,36.005963442069415,2026-10-06,0.1681,0.183,0.1775,0.183
37391,34.41422194967891,36.005963442069415,2026-10-07,0.1494,0.1728,0.1588,0.1626
37391,34.41422194967891,36.005963442069415,2026-10-08,0.1494,0.1728,0.2148,0.1728
37391,34.41422194967891,36.005963442069415,2026-10-09,0.1494,0.1626,0.1775,0.1626
37391,34.41422194967891,36.005963442069415,2026-10-10,0.1401,0.1525,0.1588,0.1626
37391,34.41422194967891,36.005963442069415,2026-10-11,0.1401,0.1525,0.1494,0.1525
33271,34.41781435490406,35.92833539257476,2026-10-05,0.2025,0.2369,0.2377,0.2575
33271,34.41781435490406,35.92833539257476,2026-10-06,0.1585,0.1854,0.1673,0.1854
33271,34.41781435490406,35.92833539257476,2026-10-07,0.1409,0.1751,0.1497,0.1648
33271,34.41781435490406,35.92833539257476,2026-10-08,0.1409,0.1751,0.2025,0.1751
33271,34.41781435490406,35.92833539257476,2026-10-09,0.1409,0.1648,0.1673,0.1648
33271,34.41781435490406,35.92833539257476,2026-10-10,0.1321,0.1545,0.1497,0.1648
33271,34.41781435490406,35.92833539257476,2026-10-11,0.1321,0.1545,0.1409,0.1545
37363,34.42491587645038,35.97914843078834,2026-10-05,0.207,0.2357,0.243,0.2562
37363,34.42491587645038,35.97914843078834,2026-10-06,0.162,0.1845,0.171,0.1845
37363,34.42491587645038,35.97914843078834,2026-10-07,0.144,0.1742,0.153,0.164
37363,34.42491587645038,35.97914843078834,2026-10-08,0.144,0.1742,0.207,0.1742
37363,34.42491587645038,35.97914843078834,2026-10-09,0.144,0.164,0.171,0.164
37363,34.42491587645038,35.97914843078834,2026-10-10,0.135,0.1537,0.153,0.164
37363,34.42491587645038,35.97914843078834,2026-10-11,0.135,0.1537,0.144,0.1537
37355,34.41965681924882,36.07987433644104,2026-10-05,0.258,0.223,0.3029,0.2424
37355,34.41965681924882,36.07987433644104,2026-10-06,0.2019,0.1745,0.2131,0.1745
37355,34.41965681924882,36.07987433644104,2026-10-07,0.1795,0.1648,0.1907,0.1551
37355,34.41965681924882,36.07987433644104,2026-10-08,0.1795,0.1648,0.258,0.1648
37355,34.41965681924882,36.07987433644104,2026-10-09,0.1795,0.1551,0.2131,0.1551
37355,34.41965681924882,36.07987433644104,2026-10-10,0.1683,0.1454,0.1907,0.1551
37355,34.41965681924882,36.07987433644104,2026-10-11,0.1683,0.1454,0.1795,0.1454
33113,34.411680069081385,35.87381990124981,2026-10-05,0.2607,0.2223,0.306,0.2417
33113,34.411680069081385,35.87381990124981,2026-10-06,0.204,0.174,0.2153,0.174
33113,34.411680069081385,35.87381990124981,2026-10-07,0.1813,0.1643,0.1927,0.1547
33113,34.411680069081385,35.87381990124981,2026-10-08,0.1813,0.1643,0.2607,0.1643
33113,34.411680069081385,35.87381990124981,2026-10-09,0.1813,0.1547,0.2153,0.1547
33113,34.411680069081385,35.87381990124981,2026-10-10,0.17,0.145,0.1927,0.1547
33113,34.411680069081385,35.87381990124981,2026-10-11,0.17,0.145,0.1813,0.145
37365,34.4125792414772,35.963412891478264,2026-10-05,0.2106,0.2349,0.2472,0.2553
37365,34.4125792414772,35.963412891478264,2026-10-06,0.1648,0.1838,0.174,0.1838
37365,34.4125792414772,35.963412891478264,2026-10-07,0.1465,0.1736,0.1557,0.1634
37365,34.4125792414772,35.963412891478264,2026-10-08,0.1465,0.1736,0.2106,0.1736
37365,34.4125792414772,35.963412891478264,2026-10-09,0.1465,0.1634,0.174,0.1634
37365,34.4125792414772,35.963412891478264,2026-10-10,0.1373,0.1532,0.1557,0.1634
37365,34.4125792414772,35.963412891478264,2026-10-11,0.1373,0.1532,0.1465,0.1532
37351,34.41691742477938,35.98663891885162,2026-10-05,0.2083,0.2354,0.2445,0.2559
37351,34.41691742477938,35.98663891885162,2026-10-06,0.163,0.1843,0.172,0.1843
37351,34.41691742477938,35.98663891885162,2026-10-07,0.1449,0.174,0.1539,0.1638
37351,34.41691742477938,35.98663891885162,2026-10-08,0.1449,0.174,0.2083,0.174
37351,34.41691742477938,35.98663891885162,2026-10-09,0.1449,0.1638,0.172,0.1638
37351,34.41691742477938,35.98663891885162,2026-10-10,0.1358,0.1535,0.1539,0.1638
37351,34.41691742477938,35.98663891885162,2026-10-11,0.1358,0.1535,0.1449,0.1535
37345,34.420148016288174,36.023533686820734,2026-10-05,0.2216,0.2321,0.2602,0.2523
37345,34.420148016288174,36.023533686820734,2026-10-06,0.1735,0.1816,0.1831,0.1816
37345,34.420148016288174,36.023533686820734,2026-10-07,0.1542,0.1715,0.1638,0.1615
37345,34.420148016288174,36.023533686820734,2026-10-08,0.1542,0.1715,0.2216,0.1715
37345,34.420148016288174,36.023533686820734,2026-10-09,0.1542,0.1615,0.1831,0.1615
37345,34.420148016288174,36.023533686820734,2026-10-10,0.1446,0.1514,0.1638,0.1615
37345,34.420148016288174,36.023533686820734,2026-10-11,0.1446,0.1514,0.1542,0.1514
32185,34.401791670043714,35.82247504914141,2026-10-05,0.2218,0.232,0.2604,0.2522
32185,34.401791670043714,35.82247504914141,2026-10-06,0.1736,0.1816,0.1833,0.1816
32185,34.401791670043714,35.82247504914141,2026-10-07,0.1543,0.1715,0.164,0.1614
32185,34.401791670043714,35.82247504914141,2026-10-08,0.1543,0.1715,0.2218,0.1715
32185,34.401791670043714,35.82247504914141,2026-10-09,0.1543,0.1614,0.1833,0.1614
32185,34.401791670043714,35.82247504914141,2026-10-10,0.1447,0.1513,0.164,0.1614
32185,34.401791670043714,35.82247504914141,2026-10-11,0.1447,0.1513,0.1543,0.1513
37323,34.4060375403187,36.03052637680346,2026-10-05,0.2567,0.2233,0.3014,0.2427
37323,34.4060375403187,36.03052637680346,2026-10-06,0.2009,0.1748,0.2121,0.1748
37323,34.4060375403187,36.03052637680346,2026-10-07,0.1786,0.1651,0.1898,0.1553
37323,34.4060375403187,36.03052637680346,2026-10-08,0.1786,0.1651,0.2567,0.1651
37323,34.4060375403187,36.03052637680346,2026-10-09,0.1786,0.1553,0.2121,0.1553
37323,34.4060375403187,36.03052637680346,2026-10-10,0.1674,0.1456,0.1898,0.1553
37323,34.4060375403187,36.03052637680346,2026-10-11,0.1674,0.1456,0.1786,0.1456
37337,34.40215948602813,36.05884624253308,2026-10-05,0.2578,0.2231,0.3026,0.2424
37337,34.40215948602813,36.05884624253308,2026-10-06,0.2018,0.1746,0.213,0.1746
37337,34.40215948602813,36.05884624253308,2026-10-07,0.1793,0.1649,0.1905,0.1552
37337,34.40215948602813,36.05884624253308,2026-10-08,0.1793,0.1649,0.2578,0.1649
37337,34.40215948602813,36.05884624253308,2026-10-09,0.1793,0.1552,0.213,0.1552
37337,34.40215948602813,36.05884624253308,2026-10-10,0.1681,0.1455,0.1905,0.1552
37337,34.40215948602813,36.05884624253308,2026-10-11,0.1681,0.1455,0.1793,0.1455
33115,34.39985813717874,35.905859540808954,2026-10-05,0.2492,0.2252,0.2926,0.2448
33115,34.39985813717874,35.905859540808954,2026-10-06,0.1951,0.1762,0.2059,0.1762
33115,34.39985813717874,35.905859540808954,2026-10-07,0.1734,0.1664,0.1842,0.1567
33115,34.39985813717874,35.905859540808954,2026-10-08,0.1734,0.1664,0.2492,0.1664
33115,34.39985813717874,35.905859540808954,2026-10-09,0.1734,0.1567,0.2059,0.1567
33115,34.39985813717874,35.905859540808954,2026-10-10,0.1625,0.1469,0.1842,0.1567
33115,34.39985813717874,35.905859540808954,2026-10-11,0.1625,0.1469,0.1734,0.1469
37349,34.4063927838274,35.98680414402622,2026-10-05,0.275,0.2188,0.3228,0.2378
37349,34.4063927838274,35.98680414402622,2026-10-06,0.2152,0.1712,0.2272,0.1712
37349,34.4063927838274,35.98680414402622,2026-10-07,0.1913,0.1617,0.2033,0.1522
37349,34.4063927838274,35.98680414402622,2026-10-08,0.1913,0.1617,0.275,0.1617
37349,34.4063927838274,35.98680414402622,2026-10-09,0.1913,0.1522,0.2272,0.1522
37349,34.4063927838274,35.98680414402622,2026-10-10,0.1793,0.1427,0.2033,0.1522
37349,34.4063927838274,35.98680414402622,2026-10-11,0.1793,0.1427,0.1913,0.1427
33117,34.39986402520361,35.924368852018226,2026-10-05,0.2052,0.2362,0.2409,0.2567
33117,34.39986402520361,35.924368852018226,2026-10-06,0.1606,0.1849,0.1695,0.1849
33117,34.39986402520361,35.924368852018226,2026-10-07,0.1427,0.1746,0.1517,0.1643
33117,34.39986402520361,35.924368852018226,2026-10-08,0.1427,0.1746,0.2052,0.1746
33117,34.39986402520361,35.924368852018226,2026-10-09,0.1427,0.1643,0.1695,0.1643
33117,34.39986402520361,35.924368852018226,2026-10-10,0.1338,0.154,0.1517,0.1643
33117,34.39986402520361,35.924368852018226,2026-10-11,0.1338,0.154,0.1427,0.154
54159,34.351883145722674,36.22603473932293,2026-10-05,0.2303,0.2299,0.2704,0.2499
54159,34.351883145722674,36.22603473932293,2026-10-06,0.1803,0.1799,0.1903,0.1799
54159,34.351883145722674,36.22603473932293,2026-10-07,0.1602,0.1699,0.1703,0.1599
54159,34.351883145722674,36.22603473932293,2026-10-08,0.1602,0.1699,0.2303,0.1699
54159,34.351883145722674,36.22603473932293,2026-10-09,0.1602,0.1599,0.1903,0.1599
54159,34.351883145722674,36.22603473932293,2026-10-10,0.1502,0.1499,0.1703,0.1599
54159,34.351883145722674,36.22603473932293,2026-10-11,0.1502,0.1499,0.1602,0.1499
33111,34.39686538946518,35.8906370339989,2026-10-05,0.2705,0.2199,0.3176,0.239
33111,34.39686538946518,35.8906370339989,2026-10-06,0.2117,0.1721,0.2235,0.1721
33111,34.39686538946518,35.8906370339989,2026-10-07,0.1882,0.1625,0.1999,0.153
33111,34.39686538946518,35.8906370339989,2026-10-08,0.1882,0.1625,0.2705,0.1625
33111,34.39686538946518,35.8906370339989,2026-10-09,0.1882,0.153,0.2235,0.153
33111,34.39686538946518,35.8906370339989,2026-10-10,0.1764,0.1434,0.1999,0.153
33111,34.39686538946518,35.8906370339989,2026-10-11,0.1764,0.1434,0.1882,0.1434
33263,34.395645229862325,35.934873440170634,2026-10-05,0.2535,0.2241,0.2976,0.2436
33263,34.395645229862325,35.934873440170634,2026-10-06,0.1984,0.1754,0.2094,0.1754
33263,34.395645229862325,35.934873440170634,2026-10-07,0.1764,0.1657,0.1874,0.1559
33263,34.395645229862325,35.934873440170634,2026-10-08,0.1764,0.1657,0.2535,0.1657
33263,34.395645229862325,35.934873440170634,2026-10-09,0.1764,0.1559,0.2094,0.1559
33263,34.395645229862325,35.934873440170634,2026-10-10,0.1654,0.1462,0.1874,0.1559
33263,34.395645229862325,35.934873440170634,2026-10-11,0.1654,0.1462,0.1764,0.1462
33143,34.38244729945875,35.87135134310371,2026-10-05,0.234,0.229,0.2747,0.2489
33143,34.38244729945875,35.87135134310371,2026-10-06,0.1831,0.1792,0.1933,0.1792
33143,34.38244729945875,35.87135134310371,2026-10-07,0.1628,0.1693,0.173,0.1593
33143,34.38244729945875,35.87135134310371,2026-10-08,0.1628,0.1693,0.234,0.1693
33143,34.38244729945875,35.87135134310371,2026-10-09,0.1628,0.1593,0.1933,0.1593
33143,34.38244729945875,35.87135134310371,2026-10-10,0.1526,0.1493,0.173,0.1593
33143,34.38244729945875,35.87135134310371,2026-10-11,0.1526,0.1493,0.1628,0.1493
37341,34.378554175522524,35.98550861747814,2026-10-05,0.2479,0.2255,0.291,0.2451
37341,34.378554175522524,35.98550861747814,2026-10-06,0.194,0.1765,0.2048,0.1765
37341,34.378554175522524,35.98550861747814,2026-10-07,0.1725,0.1667,0.1833,0.1569
37341,34.378554175522524,35.98550861747814,2026-10-08,0.1725,0.1667,0.2479,0.1667
37341,34.378554175522524,35.98550861747814,2026-10-09,0.1725,0.1569,0.2048,0.1569
37341,34.378554175522524,35.98550861747814,2026-10-10,0.1617,0.1471,0.1833,0.1569
37341,34.378554175522524,35.98550861747814,2026-10-11,0.1617,0.1471,0.1725,0.1471
33171,34.395481745990054,35.877732544623576,2026-10-05,0.203,0.2367,0.2384,0.2573
33171,34.395481745990054,35.877732544623576,2026-10-06,0.1589,0.1853,0.1677,0.1853
33171,34.395481745990054,35.877732544623576,2026-10-07,0.1412,0.175,0.1501,0.1647
33171,34.395481745990054,35.877732544623576,2026-10-08,0.1412,0.175,0.203,0.175
33171,34.395481745990054,35.877732544623576,2026-10-09,0.1412,0.1647,0.1677,0.1647
33171,34.395481745990054,35.877732544623576,2026-10-10,0.1324,0.1544,0.1501,0.1647
33171,34.395481745990054,35.877732544623576,2026-10-11,0.1324,0.1544,0.1412,0.1544
31221,34.38919996181252,35.788275230516675,2026-10-05,0.2307,0.2298,0.2708,0.2498
31221,34.38919996181252,35.788275230516675,2026-10-06,0.1805,0.1799,0.1906,0.1799
31221,34.38919996181252,35.788275230516675,2026-10-07,0.1605,0.1699,0.1705,0.1599
31221,34.38919996181252,35.788275230516675,2026-10-08,0.1605,0.1699,0.2307,0.1699
31221,34.38919996181252,35.788275230516675,2026-10-09,0.1605,0.1599,0.1906,0.1599
31221,34.38919996181252,35.788275230516675,2026-10-10,0.1505,0.1499,0.1705,0.1599
31221,34.38919996181252,35.788275230516675,2026-10-11,0.1505,0.1499,0.1605,0.1499
32187,34.389435286529206,35.830393147120475,2026-10-05,0.2364,0.2284,0.2776,0.2482
32187,34.389435286529206,35.830393147120475,2026-10-06,0.185,0.1787,0.1953,0.1787
32187,34.389435286529206,35.830393147120475,2026-10-07,0.1645,0.1688,0.1748,0.1589
32187,34.389435286529206,35.830393147120475,2026-10-08,0.1645,0.1688,0.2364,0.1688
32187,34.389435286529206,35.830393147120475,2026-10-09,0.1645,0.1589,0.1953,0.1589
32187,34.389435286529206,35.830393147120475,2026-10-10,0.1542,0.1489,0.1748,0.1589
32187,34.389435286529206,35.830393147120475,2026-10-11,0.1542,0.1489,0.1645,0.1489
37313,34.38748097705665,36.00894213594133,2026-10-05,0.229,0.2302,0.2689,0.2503
37313,34.38748097705665,36.00894213594133,2026-10-06,0.1792,0.1802,0.1892,0.1802
37313,34.38748097705665,36.00894213594133,2026-10-07,0.1593,0.1702,0.1693,0.1602
37313,34.38748097705665,36.00894213594133,2026-10-08,0.1593,0.1702,0.229,0.1702
37313,34.38748097705665,36.00894213594133,2026-10-09,0.1593,0.1602,0.1892,0.1602
37313,34.38748097705665,36.00894213594133,2026-10-10,0.1494,0.1502,0.1693,0.1602
37313,34.38748097705665,36.00894213594133,2026-10-11,0.1494,0.1502,0.1593,0.1502
32179,34.379801836405754,35.80394312499857,2026-10-05,0.2309,0.2298,0.271,0.2498
32179,34.379801836405754,35.80394312499857,2026-10-06,0.1807,0.1798,0.1907,0.1798
32179,34.379801836405754,35.80394312499857,2026-10-07,0.1606,0.1698,0.1706,0.1598
32179,34.379801836405754,35.80394312499857,2026-10-08,0.1606,0.1698,0.2309,0.1698
32179,34.379801836405754,35.80394312499857,2026-10-09,0.1606,0.1598,0.1907,0.1598
32179,34.379801836405754,35.80394312499857,2026-10-10,0.1506,0.1499,0.1706,0.1598
32179,34.379801836405754,35.80394312499857,2026-10-11,0.1506,0.1499,0.1606,0.1499
37329,34.394541103937634,36.056192499648425,2026-10-05,0.2086,0.2354,0.2449,0.2558
37329,34.394541103937634,36.056192499648425,2026-10-06,0.1632,0.1842,0.1723,0.1842
37329,34.394541103937634,36.056192499648425,2026-10-07,0.1451,0.174,0.1542,0.1637
37329,34.394541103937634,36.056192499648425,2026-10-08,0.1451,0.174,0.2086,0.174
37329,34.394541103937634,36.056192499648425,2026-10-09,0.1451,0.1637,0.1723,0.1637
37329,34.394541103937634,36.056192499648425,2026-10-10,0.136,0.1535,0.1542,0.1637
37329,34.394541103937634,36.056192499648425,2026-10-11,0.136,0.1535,0.1451,0.1535
37339,34.38962917229827,36.06427755645308,2026-10-05,0.218,0.233,0.2559,0.2533
37339,34.38962917229827,36.06427755645308,2026-10-06,0.1706,0.1824,0.1801,0.1824
37339,34.38962917229827,36.06427755645308,2026-10-07,0.1516,0.1722,0.1611,0.1621
37339,34.38962917229827,36.06427755645308,2026-10-08,0.1516,0.1722,0.218,0.1722
37339,34.38962917229827,36.06427755645308,2026-10-09,0.1516,0.1621,0.1801,0.1621
37339,34.38962917229827,36.06427755645308,2026-10-10,0.1422,0.152,0.1611,0.1621
37339,34.38962917229827,36.06427755645308,2026-10-11,0.1422,0.152,0.1516,0.152
37333,34.39304857716095,36.04406524386646,2026-10-05,0.2413,0.2272,0.2832,0.2469
37333,34.39304857716095,36.04406524386646,2026-10-06,0.1888,0.1778,0.1993,0.1778
37333,34.39304857716095,36.04406524386646,2026-10-07,0.1678,0.1679,0.1783,0.158
37333,34.39304857716095,36.04406524386646,2026-10-08,0.1678,0.1679,0.2413,0.1679
37333,34.39304857716095,36.04406524386646,2026-10-09,0.1678,0.158,0.1993,0.158
37333,34.39304857716095,36.04406524386646,2026-10-10,0.1573,0.1482,0.1783,0.158
37333,34.39304857716095,36.04406524386646,2026-10-11,0.1573,0.1482,0.1678,0.1482
37321,34.39213352405231,36.03991827354114,2026-10-05,0.2188,0.2328,0.2569,0.253
37321,34.39213352405231,36.03991827354114,2026-10-06,0.1713,0.1822,0.1808,0.1822
37321,34.39213352405231,36.03991827354114,2026-10-07,0.1522,0.1721,0.1617,0.1619
37321,34.39213352405231,36.03991827354114,2026-10-08,0.1522,0.1721,0.2188,0.1721
37321,34.39213352405231,36.03991827354114,2026-10-09,0.1522,0.1619,0.1808,0.1619
37321,34.39213352405231,36.03991827354114,2026-10-10,0.1427,0.1518,0.1617,0.1619
37321,34.39213352405231,36.03991827354114,2026-10-11,0.1427,0.1518,0.1522,0.1518
25333,34.02931038612792,35.70309248245959,2026-10-05,0.2388,0.2278,0.2803,0.2476
25333,34.02931038612792,35.70309248245959,2026-10-06,0.1869,0.1783,0.1972,0.1783
25333,34.02931038612792,35.70309248245959,2026-10-07,0.1661,0.1684,0.1765,0.1585
25333,34.02931038612792,35.70309248245959,2026-10-08,0.1661,0.1684,0.2388,0.1684
25333,34.02931038612792,35.70309248245959,2026-10-09,0.1661,0.1585,0.1972,0.1585
25333,34.02931038612792,35.70309248245959,2026-10-10,0.1557,0.1486,0.1765,0.1585
25333,34.02931038612792,35.70309248245959,2026-10-11,0.1557,0.1486,0.1661,0.1486
53179,34.020521010696946,36.049724200760785,2026-10-05,0.2214,0.2322,0.2599,0.2523
53179,34.020521010696946,36.049724200760785,2026-10-06,0.1733,0.1817,0.1829,0.1817
53179,34.020521010696946,36.049724200760785,2026-10-07,0.154,0.1716,0.1636,0.1615
53179,34.020521010696946,36.049724200760785,2026-10-08,0.154,0.1716,0.2214,0.1716
53179,34.020521010696946,36.049724200760785,2026-10-09,0.154,0.1615,0.1829,0.1615
53179,34.020521010696946,36.049724200760785,2026-10-10,0.1444,0.1514,0.1636,0.1615
53179,34.020521010696946,36.049724200760785,2026-10-11,0.1444,0.1514,0.154,0.1514
25151,34.02907423808305,35.634255746349574,2026-10-05,0.2732,0.2192,0.3208,0.2383
25151,34.02907423808305,35.634255746349574,2026-10-06,0.2138,0.1715,0.2257,0.1715
25151,34.02907423808305,35.634255746349574,2026-10-07,0.1901,0.162,0.202,0.1525
25151,34.02907423808305,35.634255746349574,2026-10-08,0.1901,0.162,0.2732,0.162
25151,34.02907423808305,35.634255746349574,2026-10-09,0.1901,0.1525,0.2257,0.1525
25151,34.02907423808305,35.634255746349574,2026-10-10,0.1782,0.143,0.202,0.1525
25151,34.02907423808305,35.634255746349574,2026-10-11,0.1782,0.143,0.1901,0.143
53135,34.019872082629796,36.137821192489774,2026-10-05,0.2474,0.2256,0.2905,0.2453
53135,34.019872082629796,36.137821192489774,2026-10-06,0.1936,0.1766,0.2044,0.1766
53135,34.019872082629796,36.137821192489774,2026-10-07,0.1721,0.1668,0.1829,0.157
53135,34.019872082629796,36.137821192489774,2026-10-08,0.1721,0.1668,0.2474,0.1668
53135,34.019872082629796,36.137821192489774,2026-10-09,0.1721,0.157,0.2044,0.157
53135,34.019872082629796,36.137821192489774,2026-10-10,0.1614,0.1472,0.1829,0.157
53135,34.019872082629796,36.137821192489774,2026-10-11,0.1614,0.1472,0.1721,0.1472
25156,34.02419578948855,35.64606673429857,2026-10-05,0.2448,0.2263,0.2874,0.246
25156,34.02419578948855,35.64606673429857,2026-10-06,0.1916,0.1771,0.2022,0.1771
25156,34.02419578948855,35.64606673429857,2026-10-07,0.1703,0.1673,0.181,0.1574
25156,34.02419578948855,35.64606673429857,2026-10-08,0.1703,0.1673,0.2448,0.1673
25156,34.02419578948855,35.64606673429857,2026-10-09,0.1703,0.1574,0.2022,0.1574
25156,34.02419578948855,35.64606673429857,2026-10-10,0.1597,0.1476,0.181,0.1574
25156,34.02419578948855,35.64606673429857,2026-10-11,0.1597,0.1476,0.1703,0.1476
25146,34.019019280657815,35.63391175367115,2026-10-05,0.2324,0.2294,0.2728,0.2494
25146,34.019019280657815,35.63391175367115,2026-10-06,0.1819,0.1795,0.192,0.1795
25146,34.019019280657815,35.63391175367115,2026-10-07,0.1617,0.1696,0.1718,0.1596
25146,34.019019280657815,35.63391175367115,2026-10-08,0.1617,0.1696,0.2324,0.1696
25146,34.019019280657815,35.63391175367115,2026-10-09,0.1617,0.1596,0.192,0.1596
25146,34.019019280657815,35.63391175367115,2026-10-10,0.1516,0.1496,0.1718,0.1596
25146,34.019019280657815,35.63391175367115,2026-10-11,0.1516,0.1496,0.1617,0.1496
53167,34.02829100123789,36.06882770509047,2026-10-05,0.1911,0.2397,0.2243,0.2606
53167,34.02829100123789,36.06882770509047,2026-10-06,0.1495,0.1876,0.1578,0.1876
53167,34.02829100123789,36.06882770509047,2026-10-07,0.1329,0.1772,0.1412,0.1668
53167,34.02829100123789,36.06882770509047,2026-10-08,0.1329,0.1772,0.1911,0.1772
53167,34.02829100123789,36.06882770509047,2026-10-09,0.1329,0.1668,0.1578,0.1668
53167,34.02829100123789,36.06882770509047,2026-10-10,0.1246,0.1563,0.1412,0.1668
53167,34.02829100123789,36.06882770509047,2026-10-11,0.1246,0.1563,0.1329,0.1563
25349,34.0248654537626,35.71979498768734,2026-10-05,0.2737,0.2191,0.3213,0.2381
25349,34.0248654537626,35.71979498768734,2026-10-06,0.2142,0.1715,0.2261,0.1715
25349,34.0248654537626,35.71979498768734,2026-10-07,0.1904,0.1619,0.2023,0.1524
25349,34.0248654537626,35.71979498768734,2026-10-08,0.1904,0.1619,0.2737,0.1619
25349,34.0248654537626,35.71979498768734,2026-10-09,0.1904,0.1524,0.2261,0.1524
25349,34.0248654537626,35.71979498768734,2026-10-10,0.1785,0.1429,0.2023,0.1524
25349,34.0248654537626,35.71979498768734,2026-10-11,0.1785,0.1429,0.1904,0.1429
25435,34.01344327437704,35.72563269993196,2026-10-05,0.2512,0.2247,0.2949,0.2442
25435,34.01344327437704,35.72563269993196,2026-10-06,0.1966,0.1758,0.2076,0.1758
25435,34.01344327437704,35.72563269993196,2026-10-07,0.1748,0.1661,0.1857,0.1563
25435,34.01344327437704,35.72563269993196,2026-10-08,0.1748,0.1661,0.2512,0.1661
25435,34.01344327437704,35.72563269993196,2026-10-09,0.1748,0.1563,0.2076,0.1563
25435,34.01344327437704,35.72563269993196,2026-10-10,0.1639,0.1465,0.1857,0.1563
25435,34.01344327437704,35.72563269993196,2026-10-11,0.1639,0.1465,0.1748,0.1465
25311,34.017373279780415,35.66482669999765,2026-10-05,0.2735,0.2191,0.321,0.2382
25311,34.017373279780415,35.66482669999765,2026-10-06,0.214,0.1715,0.2259,0.1715
25311,34.017373279780415,35.66482669999765,2026-10-07,0.1902,0.162,0.2021,0.1524
25311,34.017373279780415,35.66482669999765,2026-10-08,0.1902,0.162,0.2735,0.162
25311,34.017373279780415,35.66482669999765,2026-10-09,0.1902,0.1524,0.2259,0.1524
25311,34.017373279780415,35.66482669999765,2026-10-10,0.1783,0.1429,0.2021,0.1524
25311,34.017373279780415,35.66482669999765,2026-10-11,0.1783,0.1429,0.1902,0.1429
53127,34.02270596440668,36.15577850691787,2026-10-05,0.2569,0.2233,0.3016,0.2427
53127,34.02270596440668,36.15577850691787,2026-10-06,0.201,0.1747,0.2122,0.1747
53127,34.02270596440668,36.15577850691787,2026-10-07,0.1787,0.165,0.1899,0.1553
53127,34.02270596440668,36.15577850691787,2026-10-08,0.1787,0.165,0.2569,0.165
53127,34.02270596440668,36.15577850691787,2026-10-09,0.1787,0.1553,0.2122,0.1553
53127,34.02270596440668,36.15577850691787,2026-10-10,0.1675,0.1456,0.1899,0.1553
53127,34.02270596440668,36.15577850691787,2026-10-11,0.1675,0.1456,0.1787,0.1456
25327,34.017981488357314,35.69768785148647,2026-10-05,0.263,0.2217,0.3087,0.241
25327,34.017981488357314,35.69768785148647,2026-10-06,0.2058,0.1735,0.2173,0.1735
25327,34.017981488357314,35.69768785148647,2026-10-07,0.183,0.1639,0.1944,0.1543
25327,34.017981488357314,35.69768785148647,2026-10-08,0.183,0.1639,0.263,0.1639
25327,34.017981488357314,35.69768785148647,2026-10-09,0.183,0.1543,0.2173,0.1543
25327,34.017981488357314,35.69768785148647,2026-10-10,0.1715,0.1446,0.1944,0.1543
25327,34.017981488357314,35.69768785148647,2026-10-11,0.1715,0.1446,0.183,0.1446
25317,34.01935440575387,35.689185670832515,2026-10-05,0.2424,0.2269,0.2845,0.2466
25317,34.01935440575387,35.689185670832515,2026-10-06,0.1897,0.1776,0.2002,0.1776
25317,34.01935440575387,35.689185670832515,2026-10-07,0.1686,0.1677,0.1792,0.1578
25317,34.01935440575387,35.689185670832515,2026-10-08,0.1686,0.1677,0.2424,0.1677
25317,34.01935440575387,35.689185670832515,2026-10-09,0.1686,0.1578,0.2002,0.1578
25317,34.01935440575387,35.689185670832515,2026-10-10,0.1581,0.148,0.1792,0.1578
25317,34.01935440575387,35.689185670832515,2026-10-11,0.1581,0.148,0.1686,0.148
53151,34.01046682150314,36.11268448320763,2026-10-05,0.1909,0.2398,0.2241,0.2606
53151,34.01046682150314,36.11268448320763,2026-10-06,0.1494,0.1876,0.1577,0.1876
53151,34.01046682150314,36.11268448320763,2026-10-07,0.1328,0.1772,0.1411,0.1668
53151,34.01046682150314,36.11268448320763,2026-10-08,0.1328,0.1772,0.1909,0.1772
53151,34.01046682150314,36.11268448320763,2026-10-09,0.1328,0.1668,0.1577,0.1668
53151,34.01046682150314,36.11268448320763,2026-10-10,0.1245,0.1564,0.1411,0.1668
53151,34.01046682150314,36.11268448320763,2026-10-11,0.1245,0.1564,0.1328,0.1564
25323,34.00784126695052,35.68763874851883,2026-10-05,0.2608,0.2223,0.3061,0.2416
25323,34.00784126695052,35.68763874851883,2026-10-06,0.2041,0.174,0.2154,0.174
25323,34.00784126695052,35.68763874851883,2026-10-07,0.1814,0.1643,0.1928,0.1546
25323,34.00784126695052,35.68763874851883,2026-10-08,0.1814,0.1643,0.2608,0.1643
25323,34.00784126695052,35.68763874851883,2026-10-09,0.1814,0.1546,0.2154,0.1546
25323,34.00784126695052,35.68763874851883,2026-10-10,0.1701,0.145,0.1928,0.1546
25323,34.00784126695052,35.68763874851883,2026-10-11,0.1701,0.145,0.1814,0.145
23445,33.72644940164209,35.62272970964555,2026-10-05,0.2627,0.2218,0.3084,0.2411
23445,33.72644940164209,35.62272970964555,2026-10-06,0.2056,0.1736,0.217,0.1736
23445,33.72644940164209,35.62272970964555,2026-10-07,0.1827,0.164,0.1942,0.1543
23445,33.72644940164209,35.62272970964555,2026-10-08,0.1827,0.164,0.2627,0.164
23445,33.72644940164209,35.62272970964555,2026-10-09,0.1827,0.1543,0.217,0.1543
23445,33.72644940164209,35.62272970964555,2026-10-10,0.1713,0.1447,0.1942,0.1543
23445,33.72644940164209,35.62272970964555,2026-10-11,0.1713,0.1447,0.1827,0.1447
23111,33.7112555938535,35.45771974444566,2026-10-05,0.2329,0.2293,0.2735,0.2492
23111,33.7112555938535,35.45771974444566,2026-10-06,0.1823,0.1794,0.1924,0.1794
23111,33.7112555938535,35.45771974444566,2026-10-07,0.162,0.1695,0.1722,0.1595
23111,33.7112555938535,35.45771974444566,2026-10-08,0.162,0.1695,0.2329,0.1695
23111,33.7112555938535,35.45771974444566,2026-10-09,0.162,0.1595,0.1924,0.1595
23111,33.7112555938535,35.45771974444566,2026-10-10,0.1519,0.1495,0.1722,0.1595
23111,33.7112555938535,35.45771974444566,2026-10-11,0.1519,0.1495,0.162,0.1495
24251,33.72877755164267,35.50401954386987,2026-10-05,0.2497,0.2251,0.2931,0.2447
24251,33.72877755164267,35.50401954386987,2026-10-06,0.1954,0.1762,0.2062,0.1762
24251,33.72877755164267,35.50401954386987,2026-10-07,0.1737,0.1664,0.1845,0.1566
24251,33.72877755164267,35.50401954386987,2026-10-08,0.1737,0.1664,0.2497,0.1664
24251,33.72877755164267,35.50401954386987,2026-10-09,0.1737,0.1566,0.2062,0.1566
24251,33.72877755164267,35.50401954386987,2026-10-10,0.1628,0.1468,0.1845,0.1566
24251,33.72877755164267,35.50401954386987,2026-10-11,0.1628,0.1468,0.1737,0.1468
23451,33.72612486506164,35.65240055598462,2026-10-05,0.1998,0.2375,0.2346,0.2582
23451,33.72612486506164,35.65240055598462,2026-10-06,0.1564,0.1859,0.1651,0.1859
23451,33.72612486506164,35.65240055598462,2026-10-07,0.139,0.1756,0.1477,0.1652
23451,33.72612486506164,35.65240055598462,2026-10-08,0.139,0.1756,0.1998,0.1756
23451,33.72612486506164,35.65240055598462,2026-10-09,0.139,0.1652,0.1651,0.1652
23451,33.72612486506164,35.65240055598462,2026-10-10,0.1303,0.1549,0.1477,0.1652
23451,33.72612486506164,35.65240055598462,2026-10-11,0.1303,0.1549,0.139,0.1549
24377,33.71941429257604,35.504382557828464,2026-10-05,0.2691,0.2202,0.3159,0.2394
24377,33.71941429257604,35.504382557828464,2026-10-06,0.2106,0.1724,0.2223,0.1724
24377,33.71941429257604,35.504382557828464,2026-10-07,0.1872,0.1628,0.1989,0.1532
24377,33.71941429257604,35.504382557828464,2026-10-08,0.1872,0.1628,0.2691,0.1628
24377,33.71941429257604,35.504382557828464,2026-10-09,0.1872,0.1532,0.2223,0.1532
24377,33.71941429257604,35.504382557828464,2026-10-10,0.1755,0.1436,0.1989,0.1532
24377,33.71941429257604,35.504382557828464,2026-10-11,0.1755,0.1436,0.1872,0.1436
51284,33.71199974169239,35.91636655414614,2026-10-05,0.2225,0.2319,0.2611,0.2521
51284,33.71199974169239,35.91636655414614,2026-10-06,0.1741,0.1815,0.1838,0.1815
51284,33.71199974169239,35.91636655414614,2026-10-07,0.1548,0.1714,0.1644,0.1613
51284,33.71199974169239,35.91636655414614,2026-10-08,0.1548,0.1714,0.2225,0.1714
51284,33.71199974169239,35.91636655414614,2026-10-09,0.1548,0.1613,0.1838,0.1613
51284,33.71199974169239,35.91636655414614,2026-10-10,0.1451,0.1512,0.1644,0.1613
51284,33.71199974169239,35.91636655414614,2026-10-11,0.1451,0.1512,0.1548,0.1512
52254,33.7163677582081,35.858934875209954,2026-10-05,0.2304,0.2299,0.2705,0.2499
52254,33.7163677582081,35.858934875209954,2026-10-06,0.1803,0.1799,0.1904,0.1799
52254,33.7163677582081,35.858934875209954,2026-10-07,0.1603,0.1699,0.1703,0.1599
52254,33.7163677582081,35.858934875209954,2026-10-08,0.1603,0.1699,0.2304,0.1699
52254,33.7163677582081,35.858934875209954,2026-10-09,0.1603,0.1599,0.1904,0.1599
52254,33.7163677582081,35.858934875209954,2026-10-10,0.1503,0.1499,0.1703,0.1599
52254,33.7163677582081,35.858934875209954,2026-10-11,0.1503,0.1499,0.1603,0.1499
23429,33.72049760509505,35.565139132952254,2026-10-05,0.2384,0.2279,0.2798,0.2477
23429,33.72049760509505,35.565139132952254,2026-10-06,0.1865,0.1784,0.1969,0.1784
23429,33.72049760509505,35.565139132952254,2026-10-07,0.1658,0.1685,0.1762,0.1585
23429,33.72049760509505,35.565139132952254,2026-10-08,0.1658,0.1685,0.2384,0.1685
23429,33.72049760509505,35.565139132952254,2026-10-09,0.1658,0.1585,0.1969,0.1585
23429,33.72049760509505,35.565139132952254,2026-10-10,0.1554,0.1486,0.1762,0.1585
23429,33.72049760509505,35.565139132952254,2026-10-11,0.1554,0.1486,0.1658,0.1486
23459,33.71555744072204,35.659305929621986,2026-10-05,0.2557,0.2236,0.3001,0.243
23459,33.71555744072204,35.659305929621986,2026-10-06,0.2001,0.175,0.2112,0.175
23459,33.71555744072204,35.659305929621986,2026-10-07,0.1778,0.1653,0.189,0.1555
23459,33.71555744072204,35.659305929621986,2026-10-08,0.1778,0.1653,0.2557,0.1653
23459,33.71555744072204,35.659305929621986,2026-10-09,0.1778,0.1555,0.2112,0.1555
23459,33.71555744072204,35.659305929621986,2026-10-10,0.1667,0.1458,0.189,0.1555
23459,33.71555744072204,35.659305929621986,2026-10-11,0.1667,0.1458,0.1778,0.1458
23463,33.7173565716326,35.6718862899538,2026-10-05,0.211,0.2348,0.2477,0.2552
23463,33.7173565716326,35.6718862899538,2026-10-06,0.1651,0.1837,0.1743,0.1837
23463,33.7173565716326,35.6718862899538,2026-10-07,0.1468,0.1735,0.1559,0.1633
23463,33.7173565716326,35.6718862899538,2026-10-08,0.1468,0.1735,0.211,0.1735
23463,33.7173565716326,35.6718862899538,2026-10-09,0.1468,0.1633,0.1743,0.1633
23463,33.7173565716326,35.6718862899538,2026-10-10,0.1376,0.1531,0.1559,0.1633
23463,33.7173565716326,35.6718862899538,2026-10-11,0.1376,0.1531,0.1468,0.1531
23423,33.7153410917752,35.55188868938389,2026-10-05,0.2142,0.234,0.2514,0.2543
23423,33.7153410917752,35.55188868938389,2026-10-06,0.1676,0.1831,0.1769,0.1831
23423,33.7153410917752,35.55188868938389,2026-10-07,0.149,0.1729,0.1583,0.1628
23423,33.7153410917752,35.55188868938389,2026-10-08,0.149,0.1729,0.2142,0.1729
23423,33.7153410917752,35.55188868938389,2026-10-09,0.149,0.1628,0.1769,0.1628
23423,33.7153410917752,35.55188868938389,2026-10-10,0.1397,0.1526,0.1583,0.1628
23423,33.7153410917752,35.55188868938389,2026-10-11,0.1397,0.1526,0.149,0.1526
23171,33.70840568939146,35.47655366283571,2026-10-05,0.2299,0.23,0.2699,0.25
23171,33.70840568939146,35.47655366283571,2026-10-06,0.1799,0.18,0.1899,0.18
23171,33.70840568939146,35.47655366283571,2026-10-07,0.1599,0.17,0.1699,0.16
23171,33.70840568939146,35.47655366283571,2026-10-08,0.1599,0.17,0.2299,0.17
23171,33.70840568939146,35.47655366283571,2026-10-09,0.1599,0.16,0.1899,0.16
23171,33.70840568939146,35.47655366283571,2026-10-10,0.1499,0.15,0.1699,0.16
23171,33.70840568939146,35.47655366283571,2026-10-11,0.1499,0.15,0.1599,0.15
24377,33.70634992944829,35.502761910942496,2026-10-05,0.2687,0.2203,0.3155,0.2395
24377,33.70634992944829,35.502761910942496,2026-10-06,0.2103,0.1724,0.222,0.1724
24377,33.70634992944829,35.502761910942496,2026-10-07,0.187,0.1628,0.1986,0.1533
24377,33.70634992944829,35.502761910942496,2026-10-08,0.187,0.1628,0.2687,0.1628
24377,33.70634992944829,35.502761910942496,2026-10-09,0.187,0.1533,0.222,0.1533
24377,33.70634992944829,35.502761910942496,2026-10-10,0.1753,0.1437,0.1986,0.1533
24377,33.70634992944829,35.502761910942496,2026-10-11,0.1753,0.1437,0.187,0.1437
23419,33.710359044511975,35.58512134070115,2026-10-05,0.2164,0.2334,0.2541,0.2537
23419,33.710359044511975,35.58512134070115,2026-10-06,0.1694,0.1827,0.1788,0.1827
23419,33.710359044511975,35.58512134070115,2026-10-07,0.1506,0.1725,0.16,0.1624
23419,33.710359044511975,35.58512134070115,2026-10-08,0.1506,0.1725,0.2164,0.1725
23419,33.710359044511975,35.58512134070115,2026-10-09,0.1506,0.1624,0.1788,0.1624
23419,33.710359044511975,35.58512134070115,2026-10-10,0.1411,0.1522,0.16,0.1624
23419,33.710359044511975,35.58512134070115,2026-10-11,0.1411,0.1522,0.1506,0.1522
23449,33.71277157729447,35.637279252715906,2026-10-05,0.2657,0.2211,0.3119,0.2403
23449,33.71277157729447,35.637279252715906,2026-10-06,0.2079,0.173,0.2195,0.173
23449,33.71277157729447,35.637279252715906,2026-10-07,0.1848,0.1634,0.1964,0.1538
23449,33.71277157729447,35.637279252715906,2026-10-08,0.1848,0.1634,0.2657,0.1634
23449,33.71277157729447,35.637279252715906,2026-10-09,0.1848,0.1538,0.2195,0.1538
23449,33.71277157729447,35.637279252715906,2026-10-10,0.1733,0.1442,0.1964,0.1538
23449,33.71277157729447,35.637279252715906,2026-10-11,0.1733,0.1442,0.1848,0.1442
23655,33.699048117242484,35.62746503265415,2026-10-05,0.2527,0.2243,0.2966,0.2438
23655,33.699048117242484,35.62746503265415,2026-10-06,0.1978,0.1756,0.2087,0.1756
23655,33.699048117242484,35.62746503265415,2026-10-07,0.1758,0.1658,0.1868,0.1561
23655,33.699048117242484,35.62746503265415,2026-10-08,0.1758,0.1658,0.2527,0.1658
23655,33.699048117242484,35.62746503265415,2026-10-09,0.1758,0.1561,0.2087,0.1561
23655,33.699048117242484,35.62746503265415,2026-10-10,0.1648,0.1463,0.1868,0.1561
23655,33.699048117242484,35.62746503265415,2026-10-11,0.1648,0.1463,0.1758,0.1463
23433,33.70341669781488,35.530637771437256,2026-10-05,0.2566,0.2233,0.3013,0.2428
23433,33.70341669781488,35.530637771437256,2026-10-06,0.2008,0.1748,0.212,0.1748
23433,33.70341669781488,35.530637771437256,2026-10-07,0.1785,0.1651,0.1897,0.1554
23433,33.70341669781488,35.530637771437256,2026-10-08,0.1785,0.1651,0.2566,0.1651
23433,33.70341669781488,35.530637771437256,2026-10-09,0.1785,0.1554,0.212,0.1554
23433,33.70341669781488,35.530637771437256,2026-10-10,0.1674,0.1457,0.1897,0.1554
23433,33.70341669781488,35.530637771437256,2026-10-11,0.1674,0.1457,0.1785,0.1457
23679,33.69815994731881,35.703856379525114,2026-10-05,0.2547,0.2238,0.299,0.2433
23679,33.69815994731881,35.703856379525114,2026-10-06,0.1993,0.1752,0.2104,0.1752
23679,33.69815994731881,35.703856379525114,2026-10-07,0.1772,0.1654,0.1883,0.1557
23679,33.69815994731881,35.703856379525114,2026-10-08,0.1772,0.1654,0.2547,0.1654
23679,33.69815994731881,35.703856379525114,2026-10-09,0.1772,0.1557,0.2104,0.1557
23679,33.69815994731881,35.703856379525114,2026-10-10,0.1661,0.146,0.1883,0.1557
23679,33.69815994731881,35.703856379525114,2026-10-11,0.1661,0.146,0.1772,0.146
23413,33.69628392323748,35.56176879558333,2026-10-05,0.2667,0.2208,0.313,0.24
23413,33.69628392323748,35.56176879558333,2026-10-06,0.2087,0.1728,0.2203,0.1728
23413,33.69628392323748,35.56176879558333,2026-10-07,0.1855,0.1632,0.1971,0.1536
23413,33.69628392323748,35.56176879558333,2026-10-08,0.1855,0.1632,0.2667,0.1632
23413,33.69628392323748,35.56176879558333,2026-10-09,0.1855,0.1536,0.2203,0.1536
23413,33.69628392323748,35.56176879558333,2026-10-10,0.1739,0.144,0.1971,0.1536
23413,33.69628392323748,35.56176879558333,2026-10-11,0.1739,0.144,0.1855,0.144
23663,33.690432482582466,35.65058641146811,2026-10-05,0.237,0.2283,0.2782,0.2481
23663,33.690432482582466,35.65058641146811,2026-10-06,0.1855,0.1786,0.1958,0.1786
23663,33.690432482582466,35.65058641146811,2026-10-07,0.1648,0.1687,0.1752,0.1588
23663,33.690432482582466,35.65058641146811,2026-10-08,0.1648,0.1687,0.237,0.1687
23663,33.690432482582466,35.65058641146811,2026-10-09,0.1648,0.1588,0.1958,0.1588
23663,33.690432482582466,35.65058641146811,2026-10-10,0.1545,0.1489,0.1752,0.1588
23663,33.690432482582466,35.65058641146811,2026-10-11,0.1545,0.1489,0.1648,0.1489
23435,33.69930032058268,35.516651316372105,2026-10-05,0.2647,0.2213,0.3107,0.2406
23435,33.69930032058268,35.516651316372105,2026-10-06,0.2071,0.1732,0.2186,0.1732
23435,33.69930032058268,35.516651316372105,2026-10-07,0.1841,0.1636,0.1956,0.154
23435,33.69930032058268,35.516651316372105,2026-10-08,0.1841,0.1636,0.2647,0.1636
23435,33.69930032058268,35.516651316372105,2026-10-09,0.1841,0.154,0.2186,0.154
23435,33.69930032058268,35.516651316372105,2026-10-10,0.1726,0.1443,0.1956,0.154
23435,33.69930032058268,35.516651316372105,2026-10-11,0.1726,0.1443,0.1841,0.1443
37377,34.375970048806515,35.939493576687155,2026-10-05,0.2596,0.2226,0.3048,0.2419
37377,34.375970048806515,35.939493576687155,2026-10-06,0.2032,0.1742,0.2145,0.1742
37377,34.375970048806515,35.939493576687155,2026-10-07,0.1806,0.1645,0.1919,0.1548
37377,34.375970048806515,35.939493576687155,2026-10-08,0.1806,0.1645,0.2596,0.1645
37377,34.375970048806515,35.939493576687155,2026-10-09,0.1806,0.1548,0.2145,0.1548
37377,34.375970048806515,35.939493576687155,2026-10-10,0.1693,0.1452,0.1919,0.1548
37377,34.375970048806515,35.939493576687155,2026-10-11,0.1693,0.1452,0.1806,0.1452
33121,34.38289392244141,35.901459748642125,2026-10-05,0.2436,0.2266,0.2859,0.2463
33121,34.38289392244141,35.901459748642125,2026-10-06,0.1906,0.1773,0.2012,0.1773
33121,34.38289392244141,35.901459748642125,2026-10-07,0.1694,0.1675,0.18,0.1576
33121,34.38289392244141,35.901459748642125,2026-10-08,0.1694,0.1675,0.2436,0.1675
33121,34.38289392244141,35.901459748642125,2026-10-09,0.1694,0.1576,0.2012,0.1576
33121,34.38289392244141,35.901459748642125,2026-10-10,0.1588,0.1478,0.18,0.1576
33121,34.38289392244141,35.901459748642125,2026-10-11,0.1588,0.1478,0.1694,0.1478
33119,34.38311836717836,35.89290580677598,2026-10-05,0.2495,0.2251,0.2929,0.2447
33119,34.38311836717836,35.89290580677598,2026-10-06,0.1952,0.1762,0.2061,0.1762
33119,34.38311836717836,35.89290580677598,2026-10-07,0.1735,0.1664,0.1844,0.1566
33119,34.38311836717836,35.89290580677598,2026-10-08,0.1735,0.1664,0.2495,0.1664
33119,34.38311836717836,35.89290580677598,2026-10-09,0.1735,0.1566,0.2061,0.1566
33119,34.38311836717836,35.89290580677598,2026-10-10,0.1627,0.1468,0.1844,0.1566
33119,34.38311836717836,35.89290580677598,2026-10-11,0.1627,0.1468,0.1735,0.1468
37311,34.382111811496586,36.02384657712743,2026-10-05,0.2322,0.2295,0.2726,0.2494
37311,34.382111811496586,36.02384657712743,2026-10-06,0.1817,0.1796,0.1918,0.1796
37311,34.382111811496586,36.02384657712743,2026-10-07,0.1615,0.1696,0.1716,0.1596
37311,34.382111811496586,36.02384657712743,2026-10-08,0.1615,0.1696,0.2322,0.1696
37311,34.382111811496586,36.02384657712743,2026-10-09,0.1615,0.1596,0.1918,0.1596
37311,34.382111811496586,36.02384657712743,2026-10-10,0.1514,0.1496,0.1716,0.1596
37311,34.382111811496586,36.02384657712743,2026-10-11,0.1514,0.1496,0.1615,0.1496
32191,34.36682155301028,35.83079891039232,2026-10-05,0.266,0.221,0.3122,0.2402
32191,34.36682155301028,35.83079891039232,2026-10-06,0.2082,0.173,0.2197,0.173
32191,34.36682155301028,35.83079891039232,2026-10-07,0.185,0.1634,0.1966,0.1537
32191,34.36682155301028,35.83079891039232,2026-10-08,0.185,0.1634,0.266,0.1634
32191,34.36682155301028,35.83079891039232,2026-10-09,0.185,0.1537,0.2197,0.1537
32191,34.36682155301028,35.83079891039232,2026-10-10,0.1735,0.1441,0.1966,0.1537
32191,34.36682155301028,35.83079891039232,2026-10-11,0.1735,0.1441,0.185,0.1441
37325,34.37621601844894,36.07443483606338,2026-10-05,0.2261,0.231,0.2654,0.2511
37325,34.37621601844894,36.07443483606338,2026-10-06,0.1769,0.1808,0.1868,0.1808
37325,34.37621601844894,36.07443483606338,2026-10-07,0.1573,0.1707,0.1671,0.1607
37325,34.37621601844894,36.07443483606338,2026-10-08,0.1573,0.1707,0.2261,0.1707
37325,34.37621601844894,36.07443483606338,2026-10-09,0.1573,0.1607,0.1868,0.1607
37325,34.37621601844894,36.07443483606338,2026-10-10,0.1475,0.1506,0.1671,0.1607
37325,34.37621601844894,36.07443483606338,2026-10-11,0.1475,0.1506,0.1573,0.1506
33145,34.37275206430802,35.878912940061426,2026-10-05,0.2164,0.2334,0.2541,0.2537
33145,34.37275206430802,35.878912940061426,2026-10-06,0.1694,0.1827,0.1788,0.1827
33145,34.37275206430802,35.878912940061426,2026-10-07,0.1506,0.1725,0.16,0.1624
33145,34.37275206430802,35.878912940061426,2026-10-08,0.1506,0.1725,0.2164,0.1725
33145,34.37275206430802,35.878912940061426,2026-10-09,0.1506,0.1624,0.1788,0.1624
33145,34.37275206430802,35.878912940061426,2026-10-10,0.1412,0.1522,0.16,0.1624
33145,34.37275206430802,35.878912940061426,2026-10-11,0.1412,0.1522,0.1506,0.1522
37319,34.37400751583752,36.04843455425104,2026-10-05,0.2349,0.2288,0.2758,0.2487
37319,34.37400751583752,36.04843455425104,2026-10-06,0.1838,0.179,0.1941,0.179
37319,34.37400751583752,36.04843455425104,2026-10-07,0.1634,0.1691,0.1736,0.1591
37319,34.37400751583752,36.04843455425104,2026-10-08,0.1634,0.1691,0.2349,0.1691
37319,34.37400751583752,36.04843455425104,2026-10-09,0.1634,0.1591,0.1941,0.1591
37319,34.37400751583752,36.04843455425104,2026-10-10,0.1532,0.1492,0.1736,0.1591
37319,34.37400751583752,36.04843455425104,2026-10-11,0.1532,0.1492,0.1634,0.1492
37317,34.33184313784148,36.07003980874287,2026-10-05,0.2259,0.231,0.2652,0.2511
37317,34.33184313784148,36.07003980874287,2026-10-06,0.1768,0.1808,0.1866,0.1808
37317,34.33184313784148,36.07003980874287,2026-10-07,0.1572,0.1708,0.167,0.1607
37317,34.33184313784148,36.07003980874287,2026-10-08,0.1572,0.1708,0.2259,0.1708
37317,34.33184313784148,36.07003980874287,2026-10-09,0.1572,0.1607,0.1866,0.1607
37317,34.33184313784148,36.07003980874287,2026-10-10,0.1474,0.1507,0.167,0.1607
37317,34.33184313784148,36.07003980874287,2026-10-11,0.1474,0.1507,0.1572,0.1507
33139,34.37183729259145,35.90950914589177,2026-10-05,0.2497,0.2251,0.2932,0.2446
33139,34.37183729259145,35.90950914589177,2026-10-06,0.1954,0.1761,0.2063,0.1761
33139,34.37183729259145,35.90950914589177,2026-10-07,0.1737,0.1664,0.1846,0.1566
33139,34.37183729259145,35.90950914589177,2026-10-08,0.1737,0.1664,0.2497,0.1664
33139,34.37183729259145,35.90950914589177,2026-10-09,0.1737,0.1566,0.2063,0.1566
33139,34.37183729259145,35.90950914589177,2026-10-10,0.1629,0.1468,0.1846,0.1566
33139,34.37183729259145,35.90950914589177,2026-10-11,0.1629,0.1468,0.1737,0.1468
32159,34.36330553635986,35.80902381075318,2026-10-05,0.2068,0.2358,0.2428,0.2563
32159,34.36330553635986,35.80902381075318,2026-10-06,0.1619,0.1845,0.1709,0.1845
32159,34.36330553635986,35.80902381075318,2026-10-07,0.1439,0.1743,0.1529,0.164
32159,34.36330553635986,35.80902381075318,2026-10-08,0.1439,0.1743,0.2068,0.1743
32159,34.36330553635986,35.80902381075318,2026-10-09,0.1439,0.164,0.1709,0.164
32159,34.36330553635986,35.80902381075318,2026-10-10,0.1349,0.1538,0.1529,0.164
32159,34.36330553635986,35.80902381075318,2026-10-11,0.1349,0.1538,0.1439,0.1538
32169,34.36105829136139,35.838916633556344,2026-10-05,0.2316,0.2296,0.2719,0.2496
32169,34.36105829136139,35.838916633556344,2026-10-06,0.1813,0.1797,0.1913,0.1797
32169,34.36105829136139,35.838916633556344,2026-10-07,0.1611,0.1697,0.1712,0.1597
32169,34.36105829136139,35.838916633556344,2026-10-08,0.1611,0.1697,0.2316,0.1697
32169,34.36105829136139,35.838916633556344,2026-10-09,0.1611,0.1597,0.1913,0.1597
32169,34.36105829136139,35.838916633556344,2026-10-10,0.1511,0.1497,0.1712,0.1597
32169,34.36105829136139,35.838916633556344,2026-10-11,0.1511,0.1497,0.1611,0.1497
32173,34.367267664531056,35.78126330745619,2026-10-05,0.2183,0.2329,0.2563,0.2532
32173,34.367267664531056,35.78126330745619,2026-10-06,0.1709,0.1823,0.1804,0.1823
32173,34.367267664531056,35.78126330745619,2026-10-07,0.1519,0.1722,0.1614,0.162
32173,34.367267664531056,35.78126330745619,2026-10-08,0.1519,0.1722,0.2183,0.1722
32173,34.367267664531056,35.78126330745619,2026-10-09,0.1519,0.162,0.1804,0.162
32173,34.367267664531056,35.78126330745619,2026-10-10,0.1424,0.1519,0.1614,0.162
32173,34.367267664531056,35.78126330745619,2026-10-11,0.1424,0.1519,0.1519,0.1519
32171,34.35921876103072,35.778600387352036,2026-10-05,0.2376,0.2281,0.2789,0.2479
32171,34.35921876103072,35.778600387352036,2026-10-06,0.186,0.1785,0.1963,0.1785
32171,34.35921876103072,35.778600387352036,2026-10-07,0.1653,0.1686,0.1756,0.1587
32171,34.35921876103072,35.778600387352036,2026-10-08,0.1653,0.1686,0.2376,0.1686
32171,34.35921876103072,35.778600387352036,2026-10-09,0.1653,0.1587,0.1963,0.1587
32171,34.35921876103072,35.778600387352036,2026-10-10,0.155,0.1488,0.1756,0.1587
32171,34.35921876103072,35.778600387352036,2026-10-11,0.155,0.1488,0.1653,0.1488
33141,34.35493363168284,35.91130523990493,2026-10-05,0.2729,0.2193,0.3203,0.2384
33141,34.35493363168284,35.91130523990493,2026-10-06,0.2135,0.1716,0.2254,0.1716
33141,34.35493363168284,35.91130523990493,2026-10-07,0.1898,0.1621,0.2017,0.1525
33141,34.35493363168284,35.91130523990493,2026-10-08,0.1898,0.1621,0.2729,0.1621
33141,34.35493363168284,35.91130523990493,2026-10-09,0.1898,0.1525,0.2254,0.1525
33141,34.35493363168284,35.91130523990493,2026-10-10,0.178,0.143,0.2017,0.1525
33141,34.35493363168284,35.91130523990493,2026-10-11,0.178,0.143,0.1898,0.143
33151,34.365206036422364,35.92155908397296,2026-10-05,0.2358,0.2286,0.2768,0.2484
33151,34.365206036422364,35.92155908397296,2026-10-06,0.1845,0.1789,0.1948,0.1789
33151,34.365206036422364,35.92155908397296,2026-10-07,0.164,0.1689,0.1743,0.159
33151,34.365206036422364,35.92155908397296,2026-10-08,0.164,0.1689,0.2358,0.1689
33151,34.365206036422364,35.92155908397296,2026-10-09,0.164,0.159,0.1948,0.159
33151,34.365206036422364,35.92155908397296,2026-10-10,0.1538,0.1491,0.1743,0.159
33151,34.365206036422364,35.92155908397296,2026-10-11,0.1538,0.1491,0.164,0.1491
33147,34.36178159711172,35.86566886349732,2026-10-05,0.2317,0.2296,0.2719,0.2495
33147,34.36178159711172,35.86566886349732,2026-10-06,0.1813,0.1797,0.1914,0.1797
33147,34.36178159711172,35.86566886349732,2026-10-07,0.1612,0.1697,0.1712,0.1597
33147,34.36178159711172,35.86566886349732,2026-10-08,0.1612,0.1697,0.2317,0.1697
33147,34.36178159711172,35.86566886349732,2026-10-09,0.1612,0.1597,0.1914,0.1597
33147,34.36178159711172,35.86566886349732,2026-10-10,0.1511,0.1497,0.1712,0.1597
33147,34.36178159711172,35.86566886349732,2026-10-11,0.1511,0.1497,0.1612,0.1497
32167,34.35566976696335,35.849710211848006,2026-10-05,0.2503,0.2249,0.2938,0.2445
32167,34.35566976696335,35.849710211848006,2026-10-06,0.1959,0.176,0.2068,0.176
32167,34.35566976696335,35.849710211848006,2026-10-07,0.1741,0.1663,0.185,0.1565
32167,34.35566976696335,35.849710211848006,2026-10-08,0.1741,0.1663,0.2503,0.1663
32167,34.35566976696335,35.849710211848006,2026-10-09,0.1741,0.1565,0.2068,0.1565
32167,34.35566976696335,35.849710211848006,2026-10-10,0.1632,0.1467,0.185,0.1565
32167,34.35566976696335,35.849710211848006,2026-10-11,0.1632,0.1467,0.1741,0.1467
32181,34.35286220864612,35.73858594178112,2026-10-05,0.234,0.229,0.2747,0.2489
32181,34.35286220864612,35.73858594178112,2026-10-06,0.1832,0.1792,0.1933,0.1792
32181,34.35286220864612,35.73858594178112,2026-10-07,0.1628,0.1693,0.173,0.1593
32181,34.35286220864612,35.73858594178112,2026-10-08,0.1628,0.1693,0.234,0.1693
32181,34.35286220864612,35.73858594178112,2026-10-09,0.1628,0.1593,0.1933,0.1593
32181,34.35286220864612,35.73858594178112,2026-10-10,0.1526,0.1493,0.173,0.1593
32181,34.35286220864612,35.73858594178112,2026-10-11,0.1526,0.1493,0.1628,0.1493
33153,34.35386886156166,35.89323968536662,2026-10-05,0.2353,0.2287,0.2762,0.2486
33153,34.35386886156166,35.89323968536662,2026-10-06,0.1841,0.179,0.1944,0.179
33153,34.35386886156166,35.89323968536662,2026-10-07,0.1637,0.169,0.1739,0.1591
33153,34.35386886156166,35.89323968536662,2026-10-08,0.1637,0.169,0.2353,0.169
33153,34.35386886156166,35.89323968536662,2026-10-09,0.1637,0.1591,0.1944,0.1591
33153,34.35386886156166,35.89323968536662,2026-10-10,0.1535,0.1491,0.1739,0.1591
33153,34.35386886156166,35.89323968536662,2026-10-11,0.1535,0.1491,0.1637,0.1491
32175,34.35453709205929,35.75417382613333,2026-10-05,0.2484,0.2254,0.2916,0.245
32175,34.35453709205929,35.75417382613333,2026-10-06,0.1944,0.1764,0.2052,0.1764
32175,34.35453709205929,35.75417382613333,2026-10-07,0.1728,0.1666,0.1836,0.1568
32175,34.35453709205929,35.75417382613333,2026-10-08,0.1728,0.1666,0.2484,0.1666
32175,34.35453709205929,35.75417382613333,2026-10-09,0.1728,0.1568,0.2052,0.1568
32175,34.35453709205929,35.75417382613333,2026-10-10,0.162,0.147,0.1836,0.1568
32175,34.35453709205929,35.75417382613333,2026-10-11,0.162,0.147,0.1728,0.147
33149,34.352361280802285,35.87634257987473,2026-10-05,0.2155,0.2336,0.253,0.2539
33149,34.352361280802285,35.87634257987473,2026-10-06,0.1687,0.1828,0.178,0.1828
33149,34.352361280802285,35.87634257987473,2026-10-07,0.1499,0.1727,0.1593,0.1625
33149,34.352361280802285,35.87634257987473,2026-10-08,0.1499,0.1727,0.2155,0.1727
33149,34.352361280802285,35.87634257987473,2026-10-09,0.1499,0.1625,0.178,0.1625
33149,34.352361280802285,35.87634257987473,2026-10-10,0.1406,0.1524,0.1593,0.1625
33149,34.352361280802285,35.87634257987473,2026-10-11,0.1406,0.1524,0.1499,0.1524
32147,34.3473409103711,35.7825044668451,2026-10-05,0.2201,0.2325,0.2584,0.2527
32147,34.3473409103711,35.7825044668451,2026-10-06,0.1723,0.1819,0.1818,0.1819
32147,34.3473409103711,35.7825044668451,2026-10-07,0.1531,0.1718,0.1627,0.1617
32147,34.3473409103711,35.7825044668451,2026-10-08,0.1531,0.1718,0.2201,0.1718
32147,34.3473409103711,35.7825044668451,2026-10-09,0.1531,0.1617,0.1818,0.1617
32147,34.3473409103711,35.7825044668451,2026-10-10,0.1436,0.1516,0.1627,0.1617
32147,34.3473409103711,35.7825044668451,2026-10-11,0.1436,0.1516,0.1531,0.1516
37375,34.35443487814772,35.93534860926763,2026-10-05,0.2402,0.2275,0.282,0.2472
37375,34.35443487814772,35.93534860926763,2026-10-06,0.188,0.178,0.1984,0.178
37375,34.35443487814772,35.93534860926763,2026-10-07,0.1671,0.1681,0.1775,0.1582
37375,34.35443487814772,35.93534860926763,2026-10-08,0.1671,0.1681,0.2402,0.1681
37375,34.35443487814772,35.93534860926763,2026-10-09,0.1671,0.1582,0.1984,0.1582
37375,34.35443487814772,35.93534860926763,2026-10-10,0.1566,0.1483,0.1775,0.1582
37375,34.35443487814772,35.93534860926763,2026-10-11,0.1566,0.1483,0.1671,0.1483
37373,34.348965967849146,35.95096343851502,2026-10-05,0.22,0.2325,0.2582,0.2527
37373,34.348965967849146,35.95096343851502,2026-10-06,0.1722,0.182,0.1817,0.182
37373,34.348965967849146,35.95096343851502,2026-10-07,0.153,0.1719,0.1626,0.1617
37373,34.348965967849146,35.95096343851502,2026-10-08,0.153,0.1719,0.22,0.1719
37373,34.348965967849146,35.95096343851502,2026-10-09,0.153,0.1617,0.1817,0.1617
37373,34.348965967849146,35.95096343851502,2026-10-10,0.1435,0.1516,0.1626,0.1617
37373,34.348965967849146,35.95096343851502,2026-10-11,0.1435,0.1516,0.153,0.1516
32145,34.349147630934795,35.81638229930028,2026-10-05,0.2644,0.2214,0.3104,0.2407
32145,34.349147630934795,35.81638229930028,2026-10-06,0.2069,0.1733,0.2184,0.1733
32145,34.349147630934795,35.81638229930028,2026-10-07,0.1839,0.1636,0.1954,0.154
32145,34.349147630934795,35.81638229930028,2026-10-08,0.1839,0.1636,0.2644,0.1636
32145,34.349147630934795,35.81638229930028,2026-10-09,0.1839,0.154,0.2184,0.154
32145,34.349147630934795,35.81638229930028,2026-10-10,0.1724,0.1444,0.1954,0.154
32145,34.349147630934795,35.81638229930028,2026-10-11,0.1724,0.1444,0.1839,0.1444
33251,34.335002873185374,35.92861468821066,2026-10-05,0.2407,0.2273,0.2826,0.2471
33251,34.335002873185374,35.92861468821066,2026-10-06,0.1884,0.1779,0.1989,0.1779
33251,34.335002873185374,35.92861468821066,2026-10-07,0.1675,0.168,0.1779,0.1581
33251,34.335002873185374,35.92861468821066,2026-10-08,0.1675,0.168,0.2407,0.168
33251,34.335002873185374,35.92861468821066,2026-10-09,0.1675,0.1581,0.1989,0.1581
33251,34.335002873185374,35.92861468821066,2026-10-10,0.157,0.1483,0.1779,0.1581
33251,34.335002873185374,35.92861468821066,2026-10-11,0.157,0.1483,0.1675,0.1483
32125,34.33583694469829,35.84465564965863,2026-10-05,0.2719,0.2195,0.3192,0.2386
32125,34.33583694469829,35.84465564965863,2026-10-06,0.2128,0.1718,0.2246,0.1718
32125,34.33583694469829,35.84465564965863,2026-10-07,0.1891,0.1623,0.201,0.1527
32125,34.33583694469829,35.84465564965863,2026-10-08,0.1891,0.1623,0.2719,0.1623
32125,34.33583694469829,35.84465564965863,2026-10-09,0.1891,0.1527,0.2246,0.1527
32125,34.33583694469829,35.84465564965863,2026-10-10,0.1773,0.1432,0.201,0.1527
32125,34.33583694469829,35.84465564965863,2026-10-11,0.1773,0.1432,0.1891,0.1432
32143,34.343136247460436,35.82972574931016,2026-10-05,0.2161,0.2335,0.2537,0.2538
32143,34.343136247460436,35.82972574931016,2026-10-06,0.1691,0.1827,0.1785,0.1827
32143,34.343136247460436,35.82972574931016,2026-10-07,0.1503,0.1726,0.1597,0.1624
32143,34.343136247460436,35.82972574931016,2026-10-08,0.1503,0.1726,0.2161,0.1726
32143,34.343136247460436,35.82972574931016,2026-10-09,0.1503,0.1624,0.1785,0.1624
32143,34.343136247460436,35.82972574931016,2026-10-10,0.141,0.1523,0.1597,0.1624
32143,34.343136247460436,35.82972574931016,2026-10-11,0.141,0.1523,0.1503,0.1523
33157,34.34536867393736,35.86399827198588,2026-10-05,0.2079,0.2355,0.244,0.256
33157,34.34536867393736,35.86399827198588,2026-10-06,0.1627,0.1843,0.1717,0.1843
33157,34.34536867393736,35.86399827198588,2026-10-07,0.1446,0.1741,0.1536,0.1638
33157,34.34536867393736,35.86399827198588,2026-10-08,0.1446,0.1741,0.2079,0.1741
33157,34.34536867393736,35.86399827198588,2026-10-09,0.1446,0.1638,0.1717,0.1638
33157,34.34536867393736,35.86399827198588,2026-10-10,0.1356,0.1536,0.1536,0.1638
33157,34.34536867393736,35.86399827198588,2026-10-11,0.1356,0.1536,0.1446,0.1536
53241,34.33640093730719,36.46148873867171,2026-10-05,0.1964,0.2384,0.2305,0.2591
53241,34.33640093730719,36.46148873867171,2026-10-06,0.1537,0.1866,0.1622,0.1866
53241,34.33640093730719,36.46148873867171,2026-10-07,0.1366,0.1762,0.1451,0.1659
53241,34.33640093730719,36.46148873867171,2026-10-08,0.1366,0.1762,0.1964,0.1762
53241,34.33640093730719,36.46148873867171,2026-10-09,0.1366,0.1659,0.1622,0.1659
53241,34.33640093730719,36.46148873867171,2026-10-10,0.1281,0.1555,0.1451,0.1659
53241,34.33640093730719,36.46148873867171,2026-10-11,0.1281,0.1555,0.1366,0.1555
32119,34.33634353097092,35.81203677318915,2026-10-05,0.2166,0.2334,0.2543,0.2536
32119,34.33634353097092,35.81203677318915,2026-10-06,0.1695,0.1826,0.1789,0.1826
32119,34.33634353097092,35.81203677318915,2026-10-07,0.1507,0.1725,0.1601,0.1623
32119,34.33634353097092,35.81203677318915,2026-10-08,0.1507,0.1725,0.2166,0.1725
32119,34.33634353097092,35.81203677318915,2026-10-09,0.1507,0.1623,0.1789,0.1623
32119,34.33634353097092,35.81203677318915,2026-10-10,0.1413,0.1522,0.1601,0.1623
32119,34.33634353097092,35.81203677318915,2026-10-11,0.1413,0.1522,0.1507,0.1522
32163,34.34195704551871,35.760916278294054,2026-10-05,0.25,0.225,0.2935,0.2446
32163,34.34195704551871,35.760916278294054,2026-10-06,0.1956,0.1761,0.2065,0.1761
32163,34.34195704551871,35.760916278294054,2026-10-07,0.1739,0.1663,0.1848,0.1565
32163,34.34195704551871,35.760916278294054,2026-10-08,0.1739,0.1663,0.25,0.1663
32163,34.34195704551871,35.760916278294054,2026-10-09,0.1739,0.1565,0.2065,0.1565
32163,34.34195704551871,35.760916278294054,2026-10-10,0.163,0.1467,0.1848,0.1565
32163,34.34195704551871,35.760916278294054,2026-10-11,0.163,0.1467,0.1739,0.1467
37359,34.32986521894308,35.999612451225524,2026-10-05,0.2522,0.2244,0.2961,0.244
37359,34.32986521894308,35.999612451225524,2026-10-06,0.1974,0.1757,0.2084,0.1757
37359,34.32986521894308,35.999612451225524,2026-10-07,0.1755,0.1659,0.1864,0.1561
37359,34.32986521894308,35.999612451225524,2026-10-08,0.1755,0.1659,0.2522,0.1659
37359,34.32986521894308,35.999612451225524,2026-10-09,0.1755,0.1561,0.2084,0.1561
37359,34.32986521894308,35.999612451225524,2026-10-10,0.1645,0.1464,0.1864,0.1561
37359,34.32986521894308,35.999612451225524,2026-10-11,0.1645,0.1464,0.1755,0.1464
33159,34.334217501175544,35.89594322935659,2026-10-05,0.2074,0.2356,0.2435,0.2561
33159,34.334217501175544,35.89594322935659,2026-10-06,0.1623,0.1844,0.1713,0.1844
33159,34.334217501175544,35.89594322935659,2026-10-07,0.1443,0.1742,0.1533,0.1639
33159,34.334217501175544,35.89594322935659,2026-10-08,0.1443,0.1742,0.2074,0.1742
33159,34.334217501175544,35.89594322935659,2026-10-09,0.1443,0.1639,0.1713,0.1639
33159,34.334217501175544,35.89594322935659,2026-10-10,0.1353,0.1537,0.1533,0.1639
33159,34.334217501175544,35.89594322935659,2026-10-11,0.1353,0.1537,0.1443,0.1537
33161,34.337670555196716,35.88077946962722,2026-10-05,0.2268,0.2308,0.2662,0.2509
33161,34.337670555196716,35.88077946962722,2026-10-06,0.1775,0.1806,0.1873,0.1806
33161,34.337670555196716,35.88077946962722,2026-10-07,0.1577,0.1706,0.1676,0.1606
33161,34.337670555196716,35.88077946962722,2026-10-08,0.1577,0.1706,0.2268,0.1706
33161,34.337670555196716,35.88077946962722,2026-10-09,0.1577,0.1606,0.1873,0.1606
33161,34.337670555196716,35.88077946962722,2026-10-10,0.1479,0.1505,0.1676,0.1606
33161,34.337670555196716,35.88077946962722,2026-10-11,0.1479,0.1505,0.1577,0.1505
53211,34.284297928447586,36.40317181100198,2026-10-05,0.2588,0.2228,0.3038,0.2422
53211,34.284297928447586,36.40317181100198,2026-10-06,0.2025,0.1744,0.2138,0.1744
53211,34.284297928447586,36.40317181100198,2026-10-07,0.18,0.1647,0.1913,0.155
53211,34.284297928447586,36.40317181100198,2026-10-08,0.18,0.1647,0.2588,0.1647
53211,34.284297928447586,36.40317181100198,2026-10-09,0.18,0.155,0.2138,0.155
53211,34.284297928447586,36.40317181100198,2026-10-10,0.1688,0.1453,0.1913,0.155
53211,34.284297928447586,36.40317181100198,2026-10-11,0.1688,0.1453,0.18,0.1453
34188,34.32478630788466,35.73733287316824,2026-10-05,0.2278,0.2306,0.2674,0.2506
34188,34.32478630788466,35.73733287316824,2026-10-06,0.1783,0.1804,0.1882,0.1804
34188,34.32478630788466,35.73733287316824,2026-10-07,0.1585,0.1704,0.1684,0.1604
34188,34.32478630788466,35.73733287316824,2026-10-08,0.1585,0.1704,0.2278,0.1704
34188,34.32478630788466,35.73733287316824,2026-10-09,0.1585,0.1604,0.1882,0.1604
34188,34.32478630788466,35.73733287316824,2026-10-10,0.1485,0.1504,0.1684,0.1604
34188,34.32478630788466,35.73733287316824,2026-10-11,0.1485,0.1504,0.1585,0.1504
37371,34.335958046881835,35.96687103470216,2026-10-05,0.2683,0.2204,0.3149,0.2396
37371,34.335958046881835,35.96687103470216,2026-10-06,0.21,0.1725,0.2216,0.1725
37371,34.335958046881835,35.96687103470216,2026-10-07,0.1866,0.1629,0.1983,0.1533
37371,34.335958046881835,35.96687103470216,2026-10-08,0.1866,0.1629,0.2683,0.1629
37371,34.335958046881835,35.96687103470216,2026-10-09,0.1866,0.1533,0.2216,0.1533
37371,34.335958046881835,35.96687103470216,2026-10-10,0.175,0.1438,0.1983,0.1533
37371,34.335958046881835,35.96687103470216,2026-10-11,0.175,0.1438,0.1866,0.1438
32127,34.33114793528137,35.78536406202721,2026-10-05,0.2471,0.2257,0.2901,0.2454
32127,34.33114793528137,35.78536406202721,2026-10-06,0.1934,0.1767,0.2041,0.1767
32127,34.33114793528137,35.78536406202721,2026-10-07,0.1719,0.1668,0.1826,0.157
32127,34.33114793528137,35.78536406202721,2026-10-08,0.1719,0.1668,0.2471,0.1668
32127,34.33114793528137,35.78536406202721,2026-10-09,0.1719,0.157,0.2041,0.157
32127,34.33114793528137,35.78536406202721,2026-10-10,0.1612,0.1472,0.1826,0.157
32127,34.33114793528137,35.78536406202721,2026-10-11,0.1612,0.1472,0.1719,0.1472
32117,34.32034175566712,35.7954084183912,2026-10-05,0.2516,0.2246,0.2954,0.2441
32117,34.32034175566712,35.7954084183912,2026-10-06,0.1969,0.1758,0.2079,0.1758
32117,34.32034175566712,35.7954084183912,2026-10-07,0.175,0.166,0.186,0.1562
32117,34.32034175566712,35.7954084183912,2026-10-08,0.175,0.166,0.2516,0.166
32117,34.32034175566712,35.7954084183912,2026-10-09,0.175,0.1562,0.2079,0.1562
32117,34.32034175566712,35.7954084183912,2026-10-10,0.1641,0.1465,0.186,0.1562
32117,34.32034175566712,35.7954084183912,2026-10-11,0.1641,0.1465,0.175,0.1465
54135,34.310222610902805,36.27196603822409,2026-10-05,0.2607,0.2223,0.3061,0.2416
54135,34.310222610902805,36.27196603822409,2026-10-06,0.2041,0.174,0.2154,0.174
54135,34.310222610902805,36.27196603822409,2026-10-07,0.1814,0.1643,0.1927,0.1547
54135,34.310222610902805,36.27196603822409,2026-10-08,0.1814,0.1643,0.2607,0.1643
54135,34.310222610902805,36.27196603822409,2026-10-09,0.1814,0.1547,0.2154,0.1547
54135,34.310222610902805,36.27196603822409,2026-10-10,0.17,0.145,0.1927,0.1547
54135,34.310222610902805,36.27196603822409,2026-10-11,0.17,0.145,0.1814,0.145
32113,34.3114581098914,35.83285848492403,2026-10-05,0.2231,0.2317,0.2619,0.2519
32113,34.3114581098914,35.83285848492403,2026-10-06,0.1746,0.1813,0.1843,0.1813
32113,34.3114581098914,35.83285848492403,2026-10-07,0.1552,0.1713,0.1649,0.1612
32113,34.3114581098914,35.83285848492403,2026-10-08,0.1552,0.1713,0.2231,0.1713
32113,34.3114581098914,35.83285848492403,2026-10-09,0.1552,0.1612,0.1843,0.1612
32113,34.3114581098914,35.83285848492403,2026-10-10,0.1455,0.1511,0.1649,0.1612
32113,34.3114581098914,35.83285848492403,2026-10-11,0.1455,0.1511,0.1552,0.1511
33235,34.32082325435134,35.94360912494717,2026-10-05,0.2706,0.2198,0.3177,0.239
33235,34.32082325435134,35.94360912494717,2026-10-06,0.2118,0.1721,0.2236,0.1721
33235,34.32082325435134,35.94360912494717,2026-10-07,0.1883,0.1625,0.2,0.1529
33235,34.32082325435134,35.94360912494717,2026-10-08,0.1883,0.1625,0.2706,0.1625
33235,34.32082325435134,35.94360912494717,2026-10-09,0.1883,0.1529,0.2236,0.1529
33235,34.32082325435134,35.94360912494717,2026-10-10,0.1765,0.1434,0.2,0.1529
33235,34.32082325435134,35.94360912494717,2026-10-11,0.1765,0.1434,0.1883,0.1434
33243,34.313352763098685,35.918123155839645,2026-10-05,0.2386,0.2278,0.2801,0.2477
33243,34.313352763098685,35.918123155839645,2026-10-06,0.1868,0.1783,0.1971,0.1783
33243,34.313352763098685,35.918123155839645,2026-10-07,0.166,0.1684,0.1764,0.1585
33243,34.313352763098685,35.918123155839645,2026-10-08,0.166,0.1684,0.2386,0.1684
33243,34.313352763098685,35.918123155839645,2026-10-09,0.166,0.1585,0.1971,0.1585
33243,34.313352763098685,35.918123155839645,2026-10-10,0.1556,0.1486,0.1764,0.1585
33243,34.313352763098685,35.918123155839645,2026-10-11,0.1556,0.1486,0.166,0.1486
32123,34.30970999194244,35.76002193297124,2026-10-05,0.2284,0.2304,0.2682,0.2504
32123,34.30970999194244,35.76002193297124,2026-10-06,0.1788,0.1803,0.1887,0.1803
32123,34.30970999194244,35.76002193297124,2026-10-07,0.1589,0.1703,0.1688,0.1603
32123,34.30970999194244,35.76002193297124,2026-10-08,0.1589,0.1703,0.2284,0.1703
32123,34.30970999194244,35.76002193297124,2026-10-09,0.1589,0.1603,0.1887,0.1603
32123,34.30970999194244,35.76002193297124,2026-10-10,0.149,0.1503,0.1688,0.1603
32123,34.30970999194244,35.76002193297124,2026-10-11,0.149,0.1503,0.1589,0.1503
32137,34.30946785387704,35.84882761980989,2026-10-05,0.2372,0.2282,0.2785,0.248
32137,34.30946785387704,35.84882761980989,2026-10-06,0.1857,0.1786,0.196,0.1786
32137,34.30946785387704,35.84882761980989,2026-10-07,0.165,0.1687,0.1753,0.1587
32137,34.30946785387704,35.84882761980989,2026-10-08,0.165,0.1687,0.2372,0.1687
32137,34.30946785387704,35.84882761980989,2026-10-09,0.165,0.1587,0.196,0.1587
32137,34.30946785387704,35.84882761980989,2026-10-10,0.1547,0.1488,0.1753,0.1587
32137,34.30946785387704,35.84882761980989,2026-10-11,0.1547,0.1488,0.165,0.1488
33239,34.324544301168764,35.970730984395594,2026-10-05,0.2303,0.2299,0.2703,0.2499
33239,34.324544301168764,35.970730984395594,2026-10-06,0.1802,0.1799,0.1902,0.1799
33239,34.324544301168764,35.970730984395594,2026-10-07,0.1602,0.17,0.1702,0.16
33239,34.324544301168764,35.970730984395594,2026-10-08,0.1602,0.17,0.2303,0.17
33239,34.324544301168764,35.970730984395594,2026-10-09,0.1602,0.16,0.1902,0.16
33239,34.324544301168764,35.970730984395594,2026-10-10,0.1502,0.15,0.1702,0.16
33239,34.324544301168764,35.970730984395594,2026-10-11,0.1502,0.15,0.1602,0.15
33259,34.31808708837929,35.90803056674681,2026-10-05,0.243,0.2268,0.2852,0.2465
33259,34.31808708837929,35.90803056674681,2026-10-06,0.1901,0.1775,0.2007,0.1775
33259,34.31808708837929,35.90803056674681,2026-10-07,0.169,0.1676,0.1796,0.1577
33259,34.31808708837929,35.90803056674681,2026-10-08,0.169,0.1676,0.243,0.1676
33259,34.31808708837929,35.90803056674681,2026-10-09,0.169,0.1577,0.2007,0.1577
33259,34.31808708837929,35.90803056674681,2026-10-10,0.1585,0.1479,0.1796,0.1577
33259,34.31808708837929,35.90803056674681,2026-10-11,0.1585,0.1479,0.169,0.1479
33167,34.315345851865615,35.8688590344664,2026-10-05,0.2192,0.2327,0.2573,0.2529
33167,34.315345851865615,35.8688590344664,2026-10-06,0.1716,0.1821,0.1811,0.1821
33167,34.315345851865615,35.8688590344664,2026-10-07,0.1525,0.172,0.162,0.1619
33167,34.315345851865615,35.8688590344664,2026-10-08,0.1525,0.172,0.2192,0.172
33167,34.315345851865615,35.8688590344664,2026-10-09,0.1525,0.1619,0.1811,0.1619
33167,34.315345851865615,35.8688590344664,2026-10-10,0.143,0.1518,0.162,0.1619
33167,34.315345851865615,35.8688590344664,2026-10-11,0.143,0.1518,0.1525,0.1518
32111,34.30031942476731,35.80514582065417,2026-10-05,0.218,0.233,0.2559,0.2533
32111,34.30031942476731,35.80514582065417,2026-10-06,0.1706,0.1823,0.1801,0.1823
32111,34.30031942476731,35.80514582065417,2026-10-07,0.1517,0.1722,0.1612,0.1621
32111,34.30031942476731,35.80514582065417,2026-10-08,0.1517,0.1722,0.218,0.1722
32111,34.30031942476731,35.80514582065417,2026-10-09,0.1517,0.1621,0.1801,0.1621
32111,34.30031942476731,35.80514582065417,2026-10-10,0.1422,0.152,0.1612,0.1621
32111,34.30031942476731,35.80514582065417,2026-10-11,0.1422,0.152,0.1517,0.152
33169,34.30427748696845,35.88442816753376,2026-10-05,0.2323,0.2294,0.2727,0.2494
33169,34.30427748696845,35.88442816753376,2026-10-06,0.1818,0.1796,0.1919,0.1796
33169,34.30427748696845,35.88442816753376,2026-10-07,0.1616,0.1696,0.1717,0.1596
33169,34.30427748696845,35.88442816753376,2026-10-08,0.1616,0.1696,0.2323,0.1696
33169,34.30427748696845,35.88442816753376,2026-10-09,0.1616,0.1596,0.1919,0.1596
33169,34.30427748696845,35.88442816753376,2026-10-10,0.1515,0.1496,0.1717,0.1596
33169,34.30427748696845,35.88442816753376,2026-10-11,0.1515,0.1496,0.1616,0.1496
34177,34.308961788690965,35.71277367009753,2026-10-05,0.2428,0.2268,0.285,0.2465
34177,34.308961788690965,35.71277367009753,2026-10-06,0.19,0.1775,0.2006,0.1775
34177,34.308961788690965,35.71277367009753,2026-10-07,0.1689,0.1676,0.1794,0.1578
34177,34.308961788690965,35.71277367009753,2026-10-08,0.1689,0.1676,0.2428,0.1676
34177,34.308961788690965,35.71277367009753,2026-10-09,0.1689,0.1578,0.2006,0.1578
34177,34.308961788690965,35.71277367009753,2026-10-10,0.1583,0.1479,0.1794,0.1578
34177,34.308961788690965,35.71277367009753,2026-10-11,0.1583,0.1479,0.1689,0.1479
33211,34.29200908244572,35.97702942674413,2026-10-05,0.2204,0.2324,0.2588,0.2526
33211,34.29200908244572,35.97702942674413,2026-10-06,0.1725,0.1819,0.1821,0.1819
33211,34.29200908244572,35.97702942674413,2026-10-07,0.1533,0.1718,0.1629,0.1617
33211,34.29200908244572,35.97702942674413,2026-10-08,0.1533,0.1718,0.2204,0.1718
33211,34.29200908244572,35.97702942674413,2026-10-09,0.1533,0.1617,0.1821,0.1617
33211,34.29200908244572,35.97702942674413,2026-10-10,0.1438,0.1516,0.1629,0.1617
33211,34.29200908244572,35.97702942674413,2026-10-11,0.1438,0.1516,0.1533,0.1516
34287,34.2902201262312,35.68703515322414,2026-10-05,0.2182,0.233,0.2561,0.2532
34287,34.2902201262312,35.68703515322414,2026-10-06,0.1707,0.1823,0.1802,0.1823
34287,34.2902201262312,35.68703515322414,2026-10-07,0.1518,0.1722,0.1613,0.1621
34287,34.2902201262312,35.68703515322414,2026-10-08,0.1518,0.1722,0.2182,0.1722
34287,34.2902201262312,35.68703515322414,2026-10-09,0.1518,0.1621,0.1802,0.1621
34287,34.2902201262312,35.68703515322414,2026-10-10,0.1423,0.1519,0.1613,0.1621
34287,34.2902201262312,35.68703515322414,2026-10-11,0.1423,0.1519,0.1518,0.1519
32177,34.298674843408214,35.71971984852903,2026-10-05,0.2774,0.2181,0.3257,0.2371
32177,34.298674843408214,35.71971984852903,2026-10-06,0.2171,0.1707,0.2292,0.1707
32177,34.298674843408214,35.71971984852903,2026-10-07,0.193,0.1612,0.205,0.1518
32177,34.298674843408214,35.71971984852903,2026-10-08,0.193,0.1612,0.2774,0.1612
32177,34.298674843408214,35.71971984852903,2026-10-09,0.193,0.1518,0.2292,0.1518
32177,34.298674843408214,35.71971984852903,2026-10-10,0.1809,0.1423,0.205,0.1518
32177,34.298674843408214,35.71971984852903,2026-10-11,0.1809,0.1423,0.193,0.1423
32115,34.295768538784664,35.82887971947357,2026-10-05,0.2238,0.2315,0.2627,0.2517
32115,34.295768538784664,35.82887971947357,2026-10-06,0.1752,0.1812,0.1849,0.1812
32115,34.295768538784664,35.82887971947357,2026-10-07,0.1557,0.1711,0.1654,0.1611
32115,34.295768538784664,35.82887971947357,2026-10-08,0.1557,0.1711,0.2238,0.1711
32115,34.295768538784664,35.82887971947357,2026-10-09,0.1557,0.1611,0.1849,0.1611
32115,34.295768538784664,35.82887971947357,2026-10-10,0.146,0.151,0.1654,0.1611
32115,34.295768538784664,35.82887971947357,2026-10-11,0.146,0.151,0.1557,0.151
36111,34.26640302414893,36.055572715399784,2026-10-05,0.2425,0.2269,0.2847,0.2466
36111,34.26640302414893,36.055572715399784,2026-10-06,0.1898,0.1775,0.2004,0.1775
36111,34.26640302414893,36.055572715399784,2026-10-07,0.1687,0.1677,0.1793,0.1578
36111,34.26640302414893,36.055572715399784,2026-10-08,0.1687,0.1677,0.2425,0.1677
36111,34.26640302414893,36.055572715399784,2026-10-09,0.1687,0.1578,0.2004,0.1578
36111,34.26640302414893,36.055572715399784,2026-10-10,0.1582,0.148,0.1793,0.1578
36111,34.26640302414893,36.055572715399784,2026-10-11,0.1582,0.148,0.1687,0.148
33227,34.283391247102024,35.93523062132934,2026-10-05,0.2716,0.2196,0.3188,0.2387
33227,34.283391247102024,35.93523062132934,2026-10-06,0.2126,0.1719,0.2244,0.1719
33227,34.283391247102024,35.93523062132934,2026-10-07,0.1889,0.1623,0.2007,0.1528
33227,34.283391247102024,35.93523062132934,2026-10-08,0.1889,0.1623,0.2716,0.1623
33227,34.283391247102024,35.93523062132934,2026-10-09,0.1889,0.1528,0.2244,0.1528
33227,34.283391247102024,35.93523062132934,2026-10-10,0.1771,0.1432,0.2007,0.1528
33227,34.283391247102024,35.93523062132934,2026-10-11,0.1771,0.1432,0.1889,0.1432
33255,34.2914043006181,35.90595292864225,2026-10-05,0.2026,0.2369,0.2378,0.2574
33255,34.2914043006181,35.90595292864225,2026-10-06,0.1585,0.1854,0.1674,0.1854
33255,34.2914043006181,35.90595292864225,2026-10-07,0.1409,0.1751,0.1497,0.1648
33255,34.2914043006181,35.90595292864225,2026-10-08,0.1409,0.1751,0.2026,0.1751
33255,34.2914043006181,35.90595292864225,2026-10-09,0.1409,0.1648,0.1674,0.1648
33255,34.2914043006181,35.90595292864225,2026-10-10,0.1321,0.1545,0.1497,0.1648
33255,34.2914043006181,35.90595292864225,2026-10-11,0.1321,0.1545,0.1409,0.1545
32155,34.28507872475573,35.74560774004972,2026-10-05,0.2456,0.2261,0.2883,0.2458
32155,34.28507872475573,35.74560774004972,2026-10-06,0.1922,0.1769,0.2029,0.1769
32155,34.28507872475573,35.74560774004972,2026-10-07,0.1708,0.1671,0.1815,0.1573
32155,34.28507872475573,35.74560774004972,2026-10-08,0.1708,0.1671,0.2456,0.1671
32155,34.28507872475573,35.74560774004972,2026-10-09,0.1708,0.1573,0.2029,0.1573
32155,34.28507872475573,35.74560774004972,2026-10-10,0.1602,0.1475,0.1815,0.1573
32155,34.28507872475573,35.74560774004972,2026-10-11,0.1602,0.1475,0.1708,0.1475
32139,34.28888091982636,35.85663398596095,2026-10-05,0.2801,0.2175,0.3288,0.2364
32139,34.28888091982636,35.85663398596095,2026-10-06,0.2192,0.1702,0.2314,0.1702
32139,34.28888091982636,35.85663398596095,2026-10-07,0.1949,0.1607,0.207,0.1513
32139,34.28888091982636,35.85663398596095,2026-10-08,0.1949,0.1607,0.2801,0.1607
32139,34.28888091982636,35.85663398596095,2026-10-09,0.1949,0.1513,0.2314,0.1513
32139,34.28888091982636,35.85663398596095,2026-10-10,0.1827,0.1418,0.207,0.1513
32139,34.28888091982636,35.85663398596095,2026-10-11,0.1827,0.1418,0.1949,0.1418
34284,34.281230899039265,35.715022433002474,2026-10-05,0.2816,0.2171,0.3305,0.236
34284,34.281230899039265,35.715022433002474,2026-10-06,0.2203,0.1699,0.2326,0.1699
34284,34.281230899039265,35.715022433002474,2026-10-07,0.1959,0.1605,0.2081,0.151
34284,34.281230899039265,35.715022433002474,2026-10-08,0.1959,0.1605,0.2816,0.1605
34284,34.281230899039265,35.715022433002474,2026-10-09,0.1959,0.151,0.2326,0.151
34284,34.281230899039265,35.715022433002474,2026-10-10,0.1836,0.1416,0.2081,0.151
34284,34.281230899039265,35.715022433002474,2026-10-11,0.1836,0.1416,0.1959,0.1416
34166,34.28182403425973,35.66009031657295,2026-10-05,0.2388,0.2278,0.2803,0.2476
34166,34.28182403425973,35.66009031657295,2026-10-06,0.1869,0.1783,0.1973,0.1783
34166,34.28182403425973,35.66009031657295,2026-10-07,0.1661,0.1684,0.1765,0.1585
34166,34.28182403425973,35.66009031657295,2026-10-08,0.1661,0.1684,0.2388,0.1684
34166,34.28182403425973,35.66009031657295,2026-10-09,0.1661,0.1585,0.1973,0.1585
34166,34.28182403425973,35.66009031657295,2026-10-10,0.1557,0.1486,0.1765,0.1585
34166,34.28182403425973,35.66009031657295,2026-10-11,0.1557,0.1486,0.1661,0.1486
32129,34.286459898651145,35.779824691694664,2026-10-05,0.2518,0.2246,0.2955,0.2441
32129,34.286459898651145,35.779824691694664,2026-10-06,0.197,0.1757,0.208,0.1757
32129,34.286459898651145,35.779824691694664,2026-10-07,0.1751,0.166,0.1861,0.1562
32129,34.286459898651145,35.779824691694664,2026-10-08,0.1751,0.166,0.2518,0.166
32129,34.286459898651145,35.779824691694664,2026-10-09,0.1751,0.1562,0.208,0.1562
32129,34.286459898651145,35.779824691694664,2026-10-10,0.1642,0.1465,0.1861,0.1562
32129,34.286459898651145,35.779824691694664,2026-10-11,0.1642,0.1465,0.1751,0.1465
36154,34.289507140453175,35.87725619981995,2026-10-05,0.2553,0.2237,0.2997,0.2431
36154,34.289507140453175,35.87725619981995,2026-10-06,0.1998,0.175,0.2109,0.175
36154,34.289507140453175,35.87725619981995,2026-10-07,0.1776,0.1653,0.1887,0.1556
36154,34.289507140453175,35.87725619981995,2026-10-08,0.1776,0.1653,0.2553,0.1653
36154,34.289507140453175,35.87725619981995,2026-10-09,0.1776,0.1556,0.2109,0.1556
36154,34.289507140453175,35.87725619981995,2026-10-10,0.1665,0.1459,0.1887,0.1556
36154,34.289507140453175,35.87725619981995,2026-10-11,0.1665,0.1459,0.1776,0.1459
33219,34.28776230226383,35.94898116282758,2026-10-05,0.2085,0.2354,0.2447,0.2559
33219,34.28776230226383,35.94898116282758,2026-10-06,0.1631,0.1842,0.1722,0.1842
33219,34.28776230226383,35.94898116282758,2026-10-07,0.145,0.174,0.1541,0.1637
33219,34.28776230226383,35.94898116282758,2026-10-08,0.145,0.174,0.2085,0.174
33219,34.28776230226383,35.94898116282758,2026-10-09,0.145,0.1637,0.1722,0.1637
33219,34.28776230226383,35.94898116282758,2026-10-10,0.1359,0.1535,0.1541,0.1637
33219,34.28776230226383,35.94898116282758,2026-10-11,0.1359,0.1535,0.145,0.1535
54151,34.27976202432713,36.24352667054013,2026-10-05,0.1978,0.2381,0.2322,0.2588
54151,34.27976202432713,36.24352667054013,2026-10-06,0.1548,0.1863,0.1634,0.1863
54151,34.27976202432713,36.24352667054013,2026-10-07,0.1376,0.176,0.1462,0.1656
54151,34.27976202432713,36.24352667054013,2026-10-08,0.1376,0.176,0.1978,0.176
54151,34.27976202432713,36.24352667054013,2026-10-09,0.1376,0.1656,0.1634,0.1656
54151,34.27976202432713,36.24352667054013,2026-10-10,0.129,0.1553,0.1462,0.1656
54151,34.27976202432713,36.24352667054013,2026-10-11,0.129,0.1553,0.1376,0.1553
53227,34.26275815737536,36.50725154486613,2026-10-05,0.199,0.2378,0.2336,0.2584
53227,34.26275815737536,36.50725154486613,2026-10-06,0.1557,0.1861,0.1644,0.1861
53227,34.26275815737536,36.50725154486613,2026-10-07,0.1384,0.1757,0.1471,0.1654
53227,34.26275815737536,36.50725154486613,2026-10-08,0.1384,0.1757,0.199,0.1757
53227,34.26275815737536,36.50725154486613,2026-10-09,0.1384,0.1654,0.1644,0.1654
53227,34.26275815737536,36.50725154486613,2026-10-10,0.1298,0.1551,0.1471,0.1654
53227,34.26275815737536,36.50725154486613,2026-10-11,0.1298,0.1551,0.1384,0.1551
32121,34.2781340728811,35.81751950099719,2026-10-05,0.2623,0.2219,0.3079,0.2412
32121,34.2781340728811,35.81751950099719,2026-10-06,0.2053,0.1737,0.2167,0.1737
32121,34.2781340728811,35.81751950099719,2026-10-07,0.1825,0.164,0.1939,0.1544
32121,34.2781340728811,35.81751950099719,2026-10-08,0.1825,0.164,0.2623,0.164
32121,34.2781340728811,35.81751950099719,2026-10-09,0.1825,0.1544,0.2167,0.1544
32121,34.2781340728811,35.81751950099719,2026-10-10,0.1711,0.1447,0.1939,0.1544
32121,34.2781340728811,35.81751950099719,2026-10-11,0.1711,0.1447,0.1825,0.1447
32153,34.275439146191715,35.75853852882744,2026-10-05,0.2782,0.2179,0.3266,0.2369
32153,34.275439146191715,35.75853852882744,2026-10-06,0.2177,0.1706,0.2298,0.1706
32153,34.275439146191715,35.75853852882744,2026-10-07,0.1935,0.1611,0.2056,0.1516
32153,34.275439146191715,35.75853852882744,2026-10-08,0.1935,0.1611,0.2782,0.1611
32153,34.275439146191715,35.75853852882744,2026-10-09,0.1935,0.1516,0.2298,0.1516
32153,34.275439146191715,35.75853852882744,2026-10-10,0.1814,0.1421,0.2056,0.1516
32153,34.275439146191715,35.75853852882744,2026-10-11,0.1814,0.1421,0.1935,0.1421
36124,34.27862143168229,35.89902989967195,2026-10-05,0.2495,0.2251,0.2929,0.2447
36124,34.27862143168229,35.89902989967195,2026-10-06,0.1953,0.1762,0.2061,0.1762
36124,34.27862143168229,35.89902989967195,2026-10-07,0.1736,0.1664,0.1844,0.1566
36124,34.27862143168229,35.89902989967195,2026-10-08,0.1736,0.1664,0.2495,0.1664
36124,34.27862143168229,35.89902989967195,2026-10-09,0.1736,0.1566,0.2061,0.1566
36124,34.27862143168229,35.89902989967195,2026-10-10,0.1627,0.1468,0.1844,0.1566
36124,34.27862143168229,35.89902989967195,2026-10-11,0.1627,0.1468,0.1736,0.1468
32135,34.283068302642874,35.843643351851476,2026-10-05,0.2008,0.2373,0.2357,0.2579
32135,34.283068302642874,35.843643351851476,2026-10-06,0.1571,0.1857,0.1659,0.1857
32135,34.283068302642874,35.843643351851476,2026-10-07,0.1397,0.1754,0.1484,0.1651
32135,34.283068302642874,35.843643351851476,2026-10-08,0.1397,0.1754,0.2008,0.1754
32135,34.283068302642874,35.843643351851476,2026-10-09,0.1397,0.1651,0.1659,0.1651
32135,34.283068302642874,35.843643351851476,2026-10-10,0.1309,0.1548,0.1484,0.1651
32135,34.283068302642874,35.843643351851476,2026-10-11,0.1309,0.1548,0.1397,0.1548
32131,34.273986723539856,35.79686627363194,2026-10-05,0.2456,0.2261,0.2883,0.2458
32131,34.273986723539856,35.79686627363194,2026-10-06,0.1922,0.177,0.2029,0.177
32131,34.273986723539856,35.79686627363194,2026-10-07,0.1708,0.1671,0.1815,0.1573
32131,34.273986723539856,35.79686627363194,2026-10-08,0.1708,0.1671,0.2456,0.1671
32131,34.273986723539856,35.79686627363194,2026-10-09,0.1708,0.1573,0.2029,0.1573
32131,34.273986723539856,35.79686627363194,2026-10-10,0.1602,0.1475,0.1815,0.1573
32131,34.273986723539856,35.79686627363194,2026-10-11,0.1602,0.1475,0.1708,0.1475
36121,34.27804614980548,35.88169096966031,2026-10-05,0.2302,0.2299,0.2703,0.2499
36121,34.27804614980548,35.88169096966031,2026-10-06,0.1802,0.18,0.1902,0.18
36121,34.27804614980548,35.88169096966031,2026-10-07,0.1602,0.17,0.1702,0.16
36121,34.27804614980548,35.88169096966031,2026-10-08,0.1602,0.17,0.2302,0.17
36121,34.27804614980548,35.88169096966031,2026-10-09,0.1602,0.16,0.1902,0.16
36121,34.27804614980548,35.88169096966031,2026-10-10,0.1501,0.15,0.1702,0.16
36121,34.27804614980548,35.88169096966031,2026-10-11,0.1501,0.15,0.1602,0.15
53271,34.21106608336944,36.167535657495485,2026-10-05,0.2671,0.2207,0.3136,0.2399
53271,34.21106608336944,36.167535657495485,2026-10-06,0.209,0.1727,0.2207,0.1727
53271,34.21106608336944,36.167535657495485,2026-10-07,0.1858,0.1631,0.1974,0.1535
53271,34.21106608336944,36.167535657495485,2026-10-08,0.1858,0.1631,0.2671,0.1631
53271,34.21106608336944,36.167535657495485,2026-10-09,0.1858,0.1535,0.2207,0.1535
53271,34.21106608336944,36.167535657495485,2026-10-10,0.1742,0.1439,0.1974,0.1535
53271,34.21106608336944,36.167535657495485,2026-10-11,0.1742,0.1439,0.1858,0.1439
53214,34.25307280067375,36.37683661869062,2026-10-05,0.1842,0.2415,0.2162,0.2624
53214,34.25307280067375,36.37683661869062,2026-10-06,0.1442,0.189,0.1522,0.189
53214,34.25307280067375,36.37683661869062,2026-10-07,0.1281,0.1785,0.1361,0.168
53214,34.25307280067375,36.37683661869062,2026-10-08,0.1281,0.1785,0.1842,0.1785
53214,34.25307280067375,36.37683661869062,2026-10-09,0.1281,0.168,0.1522,0.168
53214,34.25307280067375,36.37683661869062,2026-10-10,0.1201,0.1575,0.1361,0.168
53214,34.25307280067375,36.37683661869062,2026-10-11,0.1201,0.1575,0.1281,0.1575
32133,34.27760324670941,35.83462836927193,2026-10-05,0.2724,0.2194,0.3198,0.2385
32133,34.27760324670941,35.83462836927193,2026-10-06,0.2132,0.1717,0.225,0.1717
32133,34.27760324670941,35.83462836927193,2026-10-07,0.1895,0.1622,0.2013,0.1526
32133,34.27760324670941,35.83462836927193,2026-10-08,0.1895,0.1622,0.2724,0.1622
32133,34.27760324670941,35.83462836927193,2026-10-09,0.1895,0.1526,0.225,0.1526
32133,34.27760324670941,35.83462836927193,2026-10-10,0.1777,0.1431,0.2013,0.1526
32133,34.27760324670941,35.83462836927193,2026-10-11,0.1777,0.1431,0.1895,0.1431
33223,34.27571054029765,35.97027765700877,2026-10-05,0.2354,0.2287,0.2763,0.2485
33223,34.27571054029765,35.97027765700877,2026-10-06,0.1842,0.179,0.1944,0.179
33223,34.27571054029765,35.97027765700877,2026-10-07,0.1637,0.169,0.174,0.1591
33223,34.27571054029765,35.97027765700877,2026-10-08,0.1637,0.169,0.2354,0.169
33223,34.27571054029765,35.97027765700877,2026-10-09,0.1637,0.1591,0.1944,0.1591
33223,34.27571054029765,35.97027765700877,2026-10-10,0.1535,0.1491,0.174,0.1591
33223,34.27571054029765,35.97027765700877,2026-10-11,0.1535,0.1491,0.1637,0.1491
32157,34.27122171777337,35.74018471390861,2026-10-05,0.2767,0.2183,0.3248,0.2373
32157,34.27122171777337,35.74018471390861,2026-10-06,0.2165,0.1709,0.2285,0.1709
32157,34.27122171777337,35.74018471390861,2026-10-07,0.1925,0.1614,0.2045,0.1519
32157,34.27122171777337,35.74018471390861,2026-10-08,0.1925,0.1614,0.2767,0.1614
32157,34.27122171777337,35.74018471390861,2026-10-09,0.1925,0.1519,0.2285,0.1519
32157,34.27122171777337,35.74018471390861,2026-10-10,0.1804,0.1424,0.2045,0.1519
32157,34.27122171777337,35.74018471390861,2026-10-11,0.1804,0.1424,0.1925,0.1424
36137,34.26447413152367,35.87675766286298,2026-10-05,0.2421,0.227,0.2842,0.2467
36137,34.26447413152367,35.87675766286298,2026-10-06,0.1895,0.1776,0.2,0.1776
36137,34.26447413152367,35.87675766286298,2026-10-07,0.1684,0.1678,0.179,0.1579
36137,34.26447413152367,35.87675766286298,2026-10-08,0.1684,0.1678,0.2421,0.1678
36137,34.26447413152367,35.87675766286298,2026-10-09,0.1684,0.1579,0.2,0.1579
36137,34.26447413152367,35.87675766286298,2026-10-10,0.1579,0.148,0.179,0.1579
36137,34.26447413152367,35.87675766286298,2026-10-11,0.1579,0.148,0.1684,0.148
34276,34.26880101325265,35.71837902393672,2026-10-05,0.2636,0.2216,0.3095,0.2409
34276,34.26880101325265,35.71837902393672,2026-10-06,0.2063,0.1734,0.2178,0.1734
34276,34.26880101325265,35.71837902393672,2026-10-07,0.1834,0.1638,0.1949,0.1542
34276,34.26880101325265,35.71837902393672,2026-10-08,0.1834,0.1638,0.2636,0.1638
34276,34.26880101325265,35.71837902393672,2026-10-09,0.1834,0.1542,0.2178,0.1542
34276,34.26880101325265,35.71837902393672,2026-10-10,0.1719,0.1445,0.1949,0.1542
34276,34.26880101325265,35.71837902393672,2026-10-11,0.1719,0.1445,0.1834,0.1445
34269,34.25813864601875,35.698746760300075,2026-10-05,0.2778,0.2181,0.3261,0.237
34269,34.25813864601875,35.698746760300075,2026-10-06,0.2174,0.1707,0.2295,0.1707
34269,34.25813864601875,35.698746760300075,2026-10-07,0.1932,0.1612,0.2053,0.1517
34269,34.25813864601875,35.698746760300075,2026-10-08,0.1932,0.1612,0.2778,0.1612
34269,34.25813864601875,35.698746760300075,2026-10-09,0.1932,0.1517,0.2295,0.1517
34269,34.25813864601875,35.698746760300075,2026-10-10,0.1811,0.1422,0.2053,0.1517
34269,34.25813864601875,35.698746760300075,2026-10-11,0.1811,0.1422,0.1932,0.1422
34111,34.253465758709865,35.667915575472406,2026-10-05,0.2372,0.2282,0.2785,0.248
34111,34.253465758709865,35.667915575472406,2026-10-06,0.1856,0.1786,0.196,0.1786
34111,34.253465758709865,35.667915575472406,2026-10-07,0.165,0.1687,0.1753,0.1587
34111,34.253465758709865,35.667915575472406,2026-10-08,0.165,0.1687,0.2372,0.1687
34111,34.253465758709865,35.667915575472406,2026-10-09,0.165,0.1587,0.196,0.1587
34111,34.253465758709865,35.667915575472406,2026-10-10,0.1547,0.1488,0.1753,0.1587
34111,34.253465758709865,35.667915575472406,2026-10-11,0.1547,0.1488,0.165,0.1488
34155,34.27150460797248,35.663293179556575,2026-10-05,0.2104,0.2349,0.247,0.2553
34155,34.27150460797248,35.663293179556575,2026-10-06,0.1647,0.1838,0.1738,0.1838
34155,34.27150460797248,35.663293179556575,2026-10-07,0.1464,0.1736,0.1555,0.1634
34155,34.27150460797248,35.663293179556575,2026-10-08,0.1464,0.1736,0.2104,0.1736
34155,34.27150460797248,35.663293179556575,2026-10-09,0.1464,0.1634,0.1738,0.1634
34155,34.27150460797248,35.663293179556575,2026-10-10,0.1372,0.1532,0.1555,0.1634
34155,34.27150460797248,35.663293179556575,2026-10-11,0.1372,0.1532,0.1464,0.1532
36164,34.26508557191926,35.84133388724466,2026-10-05,0.1992,0.2377,0.2338,0.2584
36164,34.26508557191926,35.84133388724466,2026-10-06,0.1559,0.186,0.1645,0.186
36164,34.26508557191926,35.84133388724466,2026-10-07,0.1386,0.1757,0.1472,0.1654
36164,34.26508557191926,35.84133388724466,2026-10-08,0.1386,0.1757,0.1992,0.1757
36164,34.26508557191926,35.84133388724466,2026-10-09,0.1386,0.1654,0.1645,0.1654
36164,34.26508557191926,35.84133388724466,2026-10-10,0.1299,0.155,0.1472,0.1654
36164,34.26508557191926,35.84133388724466,2026-10-11,0.1299,0.155,0.1386,0.155
32151,34.26604051135746,35.76566462479446,2026-10-05,0.2281,0.2305,0.2678,0.2505
32151,34.26604051135746,35.76566462479446,2026-10-06,0.1785,0.1804,0.1885,0.1804
32151,34.26604051135746,35.76566462479446,2026-10-07,0.1587,0.1703,0.1686,0.1603
32151,34.26604051135746,35.76566462479446,2026-10-08,0.1587,0.1703,0.2281,0.1703
32151,34.26604051135746,35.76566462479446,2026-10-09,0.1587,0.1603,0.1885,0.1603
32151,34.26604051135746,35.76566462479446,2026-10-10,0.1488,0.1503,0.1686,0.1603
32151,34.26604051135746,35.76566462479446,2026-10-11,0.1488,0.1503,0.1587,0.1503
53247,34.259583765570994,36.23665141726405,2026-10-05,0.2206,0.2324,0.2589,0.2526
53247,34.259583765570994,36.23665141726405,2026-10-06,0.1726,0.1818,0.1822,0.1818
53247,34.259583765570994,36.23665141726405,2026-10-07,0.1535,0.1717,0.163,0.1616
53247,34.259583765570994,36.23665141726405,2026-10-08,0.1535,0.1717,0.2206,0.1717
53247,34.259583765570994,36.23665141726405,2026-10-09,0.1535,0.1616,0.1822,0.1616
53247,34.259583765570994,36.23665141726405,2026-10-10,0.1439,0.1515,0.163,0.1616
53247,34.259583765570994,36.23665141726405,2026-10-11,0.1439,0.1515,0.1535,0.1515
36117,34.26597454807363,35.88955236266784,2026-10-05,0.2208,0.2323,0.2592,0.2525
36117,34.26597454807363,35.88955236266784,2026-10-06,0.1728,0.1818,0.1824,0.1818
36117,34.26597454807363,35.88955236266784,2026-10-07,0.1536,0.1717,0.1632,0.1616
36117,34.26597454807363,35.88955236266784,2026-10-08,0.1536,0.1717,0.2208,0.1717
36117,34.26597454807363,35.88955236266784,2026-10-09,0.1536,0.1616,0.1824,0.1616
36117,34.26597454807363,35.88955236266784,2026-10-10,0.144,0.1515,0.1632,0.1616
36117,34.26597454807363,35.88955236266784,2026-10-11,0.144,0.1515,0.1536,0.1515
32149,34.255462391662185,35.79180958462758,2026-10-05,0.2028,0.2368,0.238,0.2574
32149,34.255462391662185,35.79180958462758,2026-10-06,0.1587,0.1853,0.1675,0.1853
32149,34.255462391662185,35.79180958462758,2026-10-07,0.1411,0.175,0.1499,0.1647
32149,34.255462391662185,35.79180958462758,2026-10-08,0.1411,0.175,0.2028,0.175
32149,34.255462391662185,35.79180958462758,2026-10-09,0.1411,0.1647,0.1675,0.1647
32149,34.255462391662185,35.79180958462758,2026-10-10,0.1322,0.1544,0.1499,0.1647
32149,34.255462391662185,35.79180958462758,2026-10-11,0.1322,0.1544,0.1411,0.1544
36151,34.264511751426134,35.95129344516855,2026-10-05,0.2713,0.2197,0.3185,0.2388
36151,34.264511751426134,35.95129344516855,2026-10-06,0.2123,0.1719,0.2241,0.1719
36151,34.264511751426134,35.95129344516855,2026-10-07,0.1887,0.1624,0.2005,0.1528
36151,34.264511751426134,35.95129344516855,2026-10-08,0.1887,0.1624,0.2713,0.1624
36151,34.264511751426134,35.95129344516855,2026-10-09,0.1887,0.1528,0.2241,0.1528
36151,34.264511751426134,35.95129344516855,2026-10-10,0.1769,0.1433,0.2005,0.1528
36151,34.264511751426134,35.95129344516855,2026-10-11,0.1769,0.1433,0.1887,0.1433
34277,34.25573824647622,35.76213902127452,2026-10-05,0.2352,0.2287,0.2761,0.2486
34277,34.25573824647622,35.76213902127452,2026-10-06,0.1841,0.179,0.1943,0.179
34277,34.25573824647622,35.76213902127452,2026-10-07,0.1636,0.169,0.1739,0.1591
34277,34.25573824647622,35.76213902127452,2026-10-08,0.1636,0.169,0.2352,0.169
34277,34.25573824647622,35.76213902127452,2026-10-09,0.1636,0.1591,0.1943,0.1591
34277,34.25573824647622,35.76213902127452,2026-10-10,0.1534,0.1491,0.1739,0.1591
34277,34.25573824647622,35.76213902127452,2026-10-11,0.1534,0.1491,0.1636,0.1491
34374,34.253353442808475,35.82055924725671,2026-10-05,0.2293,0.2302,0.2692,0.2502
34374,34.253353442808475,35.82055924725671,2026-10-06,0.1795,0.1801,0.1895,0.1801
34374,34.253353442808475,35.82055924725671,2026-10-07,0.1595,0.1701,0.1695,0.1601
34374,34.253353442808475,35.82055924725671,2026-10-08,0.1595,0.1701,0.2293,0.1701
34374,34.253353442808475,35.82055924725671,2026-10-09,0.1595,0.1601,0.1895,0.1601
34374,34.253353442808475,35.82055924725671,2026-10-10,0.1496,0.1501,0.1695,0.1601
34374,34.253353442808475,35.82055924725671,2026-10-11,0.1496,0.1501,0.1595,0.1501
36177,34.258988137298005,35.977285977194086,2026-10-05,0.226,0.231,0.2653,0.2511
36177,34.258988137298005,35.977285977194086,2026-10-06,0.1769,0.1808,0.1867,0.1808
36177,34.258988137298005,35.977285977194086,2026-10-07,0.1572,0.1707,0.1671,0.1607
36177,34.258988137298005,35.977285977194086,2026-10-08,0.1572,0.1707,0.226,0.1707
36177,34.258988137298005,35.977285977194086,2026-10-09,0.1572,0.1607,0.1867,0.1607
36177,34.258988137298005,35.977285977194086,2026-10-10,0.1474,0.1506,0.1671,0.1607
36177,34.258988137298005,35.977285977194086,2026-10-11,0.1474,0.1506,0.1572,0.1506
32195,34.255093051076784,35.836855866751755,2026-10-05,0.216,0.2335,0.2536,0.2538
32195,34.255093051076784,35.836855866751755,2026-10-06,0.169,0.1827,0.1784,0.1827
32195,34.255093051076784,35.836855866751755,2026-10-07,0.1503,0.1726,0.1597,0.1624
32195,34.255093051076784,35.836855866751755,2026-10-08,0.1503,0.1726,0.216,0.1726
32195,34.255093051076784,35.836855866751755,2026-10-09,0.1503,0.1624,0.1784,0.1624
32195,34.255093051076784,35.836855866751755,2026-10-10,0.1409,0.1523,0.1597,0.1624
32195,34.255093051076784,35.836855866751755,2026-10-11,0.1409,0.1523,0.1503,0.1523
36127,34.246439010962504,35.907701256632436,2026-10-05,0.2014,0.2371,0.2365,0.2578
36127,34.246439010962504,35.907701256632436,2026-10-06,0.1576,0.1856,0.1664,0.1856
36127,34.246439010962504,35.907701256632436,2026-10-07,0.1401,0.1753,0.1489,0.165
36127,34.246439010962504,35.907701256632436,2026-10-08,0.1401,0.1753,0.2014,0.1753
36127,34.246439010962504,35.907701256632436,2026-10-09,0.1401,0.165,0.1664,0.165
36127,34.246439010962504,35.907701256632436,2026-10-10,0.1314,0.1547,0.1489,0.165
36127,34.246439010962504,35.907701256632436,2026-10-11,0.1314,0.1547,0.1401,0.1547
34264,34.246821894905366,35.71895556403677,2026-10-05,0.2535,0.2241,0.2976,0.2436
34264,34.246821894905366,35.71895556403677,2026-10-06,0.1984,0.1754,0.2094,0.1754
34264,34.246821894905366,35.71895556403677,2026-10-07,0.1763,0.1657,0.1873,0.1559
34264,34.246821894905366,35.71895556403677,2026-10-08,0.1763,0.1657,0.2535,0.1657
34264,34.246821894905366,35.71895556403677,2026-10-09,0.1763,0.1559,0.2094,0.1559
34264,34.246821894905366,35.71895556403677,2026-10-10,0.1653,0.1462,0.1873,0.1559
34264,34.246821894905366,35.71895556403677,2026-10-11,0.1653,0.1462,0.1763,0.1462
53264,34.21772181971718,36.24571488268179,2026-10-05,0.1949,0.2388,0.2288,0.2595
53264,34.21772181971718,36.24571488268179,2026-10-06,0.1525,0.1869,0.161,0.1869
53264,34.21772181971718,36.24571488268179,2026-10-07,0.1356,0.1765,0.144,0.1661
53264,34.21772181971718,36.24571488268179,2026-10-08,0.1356,0.1765,0.1949,0.1765
53264,34.21772181971718,36.24571488268179,2026-10-09,0.1356,0.1661,0.161,0.1661
53264,34.21772181971718,36.24571488268179,2026-10-10,0.1271,0.1557,0.144,0.1661
53264,34.21772181971718,36.24571488268179,2026-10-11,0.1271,0.1557,0.1356,0.1557
36131,34.233016827576925,35.9271144588927,2026-10-05,0.2201,0.2325,0.2584,0.2527
36131,34.233016827576925,35.9271144588927,2026-10-06,0.1723,0.1819,0.1819,0.1819
36131,34.233016827576925,35.9271144588927,2026-10-07,0.1531,0.1718,0.1627,0.1617
36131,34.233016827576925,35.9271144588927,2026-10-08,0.1531,0.1718,0.2201,0.1718
36131,34.233016827576925,35.9271144588927,2026-10-09,0.1531,0.1617,0.1819,0.1617
36131,34.233016827576925,35.9271144588927,2026-10-10,0.1436,0.1516,0.1627,0.1617
36131,34.233016827576925,35.9271144588927,2026-10-11,0.1436,0.1516,0.1531,0.1516
34266,34.24705284392623,35.68936589476041,2026-10-05,0.2168,0.2333,0.2545,0.2536
34266,34.24705284392623,35.68936589476041,2026-10-06,0.1697,0.1826,0.1791,0.1826
34266,34.24705284392623,35.68936589476041,2026-10-07,0.1508,0.1724,0.1602,0.1623
34266,34.24705284392623,35.68936589476041,2026-10-08,0.1508,0.1724,0.2168,0.1724
34266,34.24705284392623,35.68936589476041,2026-10-09,0.1508,0.1623,0.1791,0.1623
34266,34.24705284392623,35.68936589476041,2026-10-10,0.1414,0.1522,0.1602,0.1623
34266,34.24705284392623,35.68936589476041,2026-10-11,0.1414,0.1522,0.1508,0.1522
34274,34.24779572091551,35.78260829844094,2026-10-05,0.2118,0.2346,0.2486,0.255
34274,34.24779572091551,35.78260829844094,2026-10-06,0.1657,0.1836,0.1749,0.1836
34274,34.24779572091551,35.78260829844094,2026-10-07,0.1473,0.1734,0.1565,0.1632
34274,34.24779572091551,35.78260829844094,2026-10-08,0.1473,0.1734,0.2118,0.1734
34274,34.24779572091551,35.78260829844094,2026-10-09,0.1473,0.1632,0.1749,0.1632
34274,34.24779572091551,35.78260829844094,2026-10-10,0.1381,0.153,0.1565,0.1632
34274,34.24779572091551,35.78260829844094,2026-10-11,0.1381,0.153,0.1473,0.153
34246,34.23828235178633,35.73329677058883,2026-10-05,0.23,0.23,0.27,0.25
34246,34.23828235178633,35.73329677058883,2026-10-06,0.18,0.18,0.19,0.18
34246,34.23828235178633,35.73329677058883,2026-10-07,0.16,0.17,0.17,0.16
34246,34.23828235178633,35.73329677058883,2026-10-08,0.16,0.17,0.23,0.17
34246,34.23828235178633,35.73329677058883,2026-10-09,0.16,0.16,0.19,0.16
34246,34.23828235178633,35.73329677058883,2026-10-10,0.15,0.15,0.17,0.16
34246,34.23828235178633,35.73329677058883,2026-10-11,0.15,0.15,0.16,0.15
34371,34.247529949873154,35.848710223645476,2026-10-05,0.2402,0.2274,0.282,0.2472
34371,34.247529949873154,35.848710223645476,2026-10-06,0.188,0.178,0.1985,0.178
34371,34.247529949873154,35.848710223645476,2026-10-07,0.1671,0.1681,0.1776,0.1582
34371,34.247529949873154,35.848710223645476,2026-10-08,0.1671,0.1681,0.2402,0.1681
34371,34.247529949873154,35.848710223645476,2026-10-09,0.1671,0.1582,0.1985,0.1582
34371,34.247529949873154,35.848710223645476,2026-10-10,0.1567,0.1483,0.1776,0.1582
34371,34.247529949873154,35.848710223645476,2026-10-11,0.1567,0.1483,0.1671,0.1483
53237,34.23933402516365,36.30868889945358,2026-10-05,0.2248,0.2313,0.2639,0.2514
53237,34.23933402516365,36.30868889945358,2026-10-06,0.1759,0.181,0.1857,0.181
53237,34.23933402516365,36.30868889945358,2026-10-07,0.1564,0.171,0.1662,0.1609
53237,34.23933402516365,36.30868889945358,2026-10-08,0.1564,0.171,0.2248,0.171
53237,34.23933402516365,36.30868889945358,2026-10-09,0.1564,0.1609,0.1857,0.1609
53237,34.23933402516365,36.30868889945358,2026-10-10,0.1466,0.1508,0.1662,0.1609
53237,34.23933402516365,36.30868889945358,2026-10-11,0.1466,0.1508,0.1564,0.1508
36161,34.239000564884854,35.95030620482811,2026-10-05,0.2005,0.2374,0.2353,0.258
36161,34.239000564884854,35.95030620482811,2026-10-06,0.1569,0.1858,0.1656,0.1858
36161,34.239000564884854,35.95030620482811,2026-10-07,0.1394,0.1755,0.1482,0.1651
36161,34.239000564884854,35.95030620482811,2026-10-08,0.1394,0.1755,0.2005,0.1755
36161,34.239000564884854,35.95030620482811,2026-10-09,0.1394,0.1651,0.1656,0.1651
36161,34.239000564884854,35.95030620482811,2026-10-10,0.1307,0.1548,0.1482,0.1651
36161,34.239000564884854,35.95030620482811,2026-10-11,0.1307,0.1548,0.1394,0.1548
36171,34.231791481302274,35.97330754758677,2026-10-05,0.2492,0.2252,0.2926,0.2448
36171,34.231791481302274,35.97330754758677,2026-10-06,0.1951,0.1762,0.2059,0.1762
36171,34.231791481302274,35.97330754758677,2026-10-07,0.1734,0.1664,0.1842,0.1567
36171,34.231791481302274,35.97330754758677,2026-10-08,0.1734,0.1664,0.2492,0.1664
36171,34.231791481302274,35.97330754758677,2026-10-09,0.1734,0.1567,0.2059,0.1567
36171,34.231791481302274,35.97330754758677,2026-10-10,0.1625,0.1469,0.1842,0.1567
36171,34.231791481302274,35.97330754758677,2026-10-11,0.1625,0.1469,0.1734,0.1469
34361,34.240379806756216,35.847671208056695,2026-10-05,0.2407,0.2273,0.2825,0.2471
34361,34.240379806756216,35.847671208056695,2026-10-06,0.1884,0.1779,0.1988,0.1779
34361,34.240379806756216,35.847671208056695,2026-10-07,0.1674,0.168,0.1779,0.1581
34361,34.240379806756216,35.847671208056695,2026-10-08,0.1674,0.168,0.2407,0.168
34361,34.240379806756216,35.847671208056695,2026-10-09,0.1674,0.1581,0.1988,0.1581
34361,34.240379806756216,35.847671208056695,2026-10-10,0.157,0.1483,0.1779,0.1581
34361,34.240379806756216,35.847671208056695,2026-10-11,0.157,0.1483,0.1674,0.1483
36181,34.23086265579628,35.98826450089613,2026-10-05,0.2323,0.2294,0.2727,0.2494
36181,34.23086265579628,35.98826450089613,2026-10-06,0.1818,0.1796,0.1919,0.1796
36181,34.23086265579628,35.98826450089613,2026-10-07,0.1616,0.1696,0.1717,0.1596
36181,34.23086265579628,35.98826450089613,2026-10-08,0.1616,0.1696,0.2323,0.1696
36181,34.23086265579628,35.98826450089613,2026-10-09,0.1616,0.1596,0.1919,0.1596
36181,34.23086265579628,35.98826450089613,2026-10-10,0.1515,0.1496,0.1717,0.1596
36181,34.23086265579628,35.98826450089613,2026-10-11,0.1515,0.1496,0.1616,0.1496
34144,34.23124782271381,35.663102235974954,2026-10-05,0.2555,0.2236,0.2999,0.2431
34144,34.23124782271381,35.663102235974954,2026-10-06,0.2,0.175,0.2111,0.175
34144,34.23124782271381,35.663102235974954,2026-10-07,0.1777,0.1653,0.1889,0.1556
34144,34.23124782271381,35.663102235974954,2026-10-08,0.1777,0.1653,0.2555,0.1653
34144,34.23124782271381,35.663102235974954,2026-10-09,0.1777,0.1556,0.2111,0.1556
34144,34.23124782271381,35.663102235974954,2026-10-10,0.1666,0.1458,0.1889,0.1556
34144,34.23124782271381,35.663102235974954,2026-10-11,0.1666,0.1458,0.1777,0.1458
36184,34.229357600412705,35.99640269949975,2026-10-05,0.2733,0.2192,0.3209,0.2382
36184,34.229357600412705,35.99640269949975,2026-10-06,0.2139,0.1715,0.2258,0.1715
36184,34.229357600412705,35.99640269949975,2026-10-07,0.1902,0.162,0.202,0.1525
36184,34.229357600412705,35.99640269949975,2026-10-08,0.1902,0.162,0.2733,0.162
36184,34.229357600412705,35.99640269949975,2026-10-09,0.1902,0.1525,0.2258,0.1525
36184,34.229357600412705,35.99640269949975,2026-10-10,0.1783,0.1429,0.202,0.1525
36184,34.229357600412705,35.99640269949975,2026-10-11,0.1783,0.1429,0.1902,0.1429
34259,34.23555830266142,35.68330233755827,2026-10-05,0.2752,0.2187,0.3231,0.2377
34259,34.23555830266142,35.68330233755827,2026-10-06,0.2154,0.1712,0.2274,0.1712
34259,34.23555830266142,35.68330233755827,2026-10-07,0.1915,0.1616,0.2034,0.1521
34259,34.23555830266142,35.68330233755827,2026-10-08,0.1915,0.1616,0.2752,0.1616
34259,34.23555830266142,35.68330233755827,2026-10-09,0.1915,0.1521,0.2274,0.1521
34259,34.23555830266142,35.68330233755827,2026-10-10,0.1795,0.1426,0.2034,0.1521
34259,34.23555830266142,35.68330233755827,2026-10-11,0.1795,0.1426,0.1915,0.1426
34336,34.233741259465404,35.833548052774,2026-10-05,0.2029,0.2368,0.2382,0.2574
34336,34.233741259465404,35.833548052774,2026-10-06,0.1588,0.1853,0.1677,0.1853
34336,34.233741259465404,35.833548052774,2026-10-07,0.1412,0.175,0.15,0.1647
34336,34.233741259465404,35.833548052774,2026-10-08,0.1412,0.175,0.2029,0.175
34336,34.233741259465404,35.833548052774,2026-10-09,0.1412,0.1647,0.1677,0.1647
34336,34.233741259465404,35.833548052774,2026-10-10,0.1324,0.1544,0.15,0.1647
34336,34.233741259465404,35.833548052774,2026-10-11,0.1324,0.1544,0.1412,0.1544
34331,34.229362849939115,35.81481906120851,2026-10-05,0.2798,0.2175,0.3285,0.2365
34331,34.229362849939115,35.81481906120851,2026-10-06,0.219,0.1703,0.2312,0.1703
34331,34.229362849939115,35.81481906120851,2026-10-07,0.1947,0.1608,0.2068,0.1513
34331,34.229362849939115,35.81481906120851,2026-10-08,0.1947,0.1608,0.2798,0.1608
34331,34.229362849939115,35.81481906120851,2026-10-09,0.1947,0.1513,0.2312,0.1513
34331,34.229362849939115,35.81481906120851,2026-10-10,0.1825,0.1419,0.2068,0.1513
34331,34.229362849939115,35.81481906120851,2026-10-11,0.1825,0.1419,0.1947,0.1419
54175,34.23700622086341,36.287098352515265,2026-10-05,0.2513,0.2247,0.295,0.2442
54175,34.23700622086341,36.287098352515265,2026-10-06,0.1967,0.1758,0.2076,0.1758
54175,34.23700622086341,36.287098352515265,2026-10-07,0.1748,0.1661,0.1858,0.1563
54175,34.23700622086341,36.287098352515265,2026-10-08,0.1748,0.1661,0.2513,0.1661
54175,34.23700622086341,36.287098352515265,2026-10-09,0.1748,0.1563,0.2076,0.1563
54175,34.23700622086341,36.287098352515265,2026-10-10,0.1639,0.1465,0.1858,0.1563
54175,34.23700622086341,36.287098352515265,2026-10-11,0.1639,0.1465,0.1748,0.1465
34233,34.23386296782944,35.719892772721295,2026-10-05,0.2646,0.2213,0.3107,0.2406
34233,34.23386296782944,35.719892772721295,2026-10-06,0.2071,0.1732,0.2186,0.1732
34233,34.23386296782944,35.719892772721295,2026-10-07,0.1841,0.1636,0.1956,0.154
34233,34.23386296782944,35.719892772721295,2026-10-08,0.1841,0.1636,0.2646,0.1636
34233,34.23386296782944,35.719892772721295,2026-10-09,0.1841,0.154,0.2186,0.154
34233,34.23386296782944,35.719892772721295,2026-10-10,0.1726,0.1444,0.1956,0.154
34233,34.23386296782944,35.719892772721295,2026-10-11,0.1726,0.1444,0.1841,0.1444
36191,34.2260297130354,36.01504674659521,2026-10-05,0.2468,0.2258,0.2898,0.2454
36191,34.2260297130354,36.01504674659521,2026-10-06,0.1932,0.1767,0.2039,0.1767
36191,34.2260297130354,36.01504674659521,2026-10-07,0.1717,0.1669,0.1824,0.1571
36191,34.2260297130354,36.01504674659521,2026-10-08,0.1717,0.1669,0.2468,0.1669
36191,34.2260297130354,36.01504674659521,2026-10-09,0.1717,0.1571,0.2039,0.1571
36191,34.2260297130354,36.01504674659521,2026-10-10,0.161,0.1473,0.1824,0.1571
36191,34.2260297130354,36.01504674659521,2026-10-11,0.161,0.1473,0.1717,0.1473
34263,34.21713180298911,35.795758253576956,2026-10-05,0.2621,0.222,0.3077,0.2413
34263,34.21713180298911,35.795758253576956,2026-10-06,0.2051,0.1737,0.2165,0.1737
34263,34.21713180298911,35.795758253576956,2026-10-07,0.1823,0.1641,0.1937,0.1544
34263,34.21713180298911,35.795758253576956,2026-10-08,0.1823,0.1641,0.2621,0.1641
34263,34.21713180298911,35.795758253576956,2026-10-09,0.1823,0.1544,0.2165,0.1544
34263,34.21713180298911,35.795758253576956,2026-10-10,0.1709,0.1448,0.1937,0.1544
34263,34.21713180298911,35.795758253576956,2026-10-11,0.1709,0.1448,0.1823,0.1448
53221,34.22566358016383,36.34035302631278,2026-10-05,0.2549,0.2238,0.2992,0.2432
53221,34.22566358016383,36.34035302631278,2026-10-06,0.1995,0.1751,0.2105,0.1751
53221,34.22566358016383,36.34035302631278,2026-10-07,0.1773,0.1654,0.1884,0.1557
53221,34.22566358016383,36.34035302631278,2026-10-08,0.1773,0.1654,0.2549,0.1654
53221,34.22566358016383,36.34035302631278,2026-10-09,0.1773,0.1557,0.2105,0.1557
53221,34.22566358016383,36.34035302631278,2026-10-10,0.1662,0.1459,0.1884,0.1557
53221,34.22566358016383,36.34035302631278,2026-10-11,0.1662,0.1459,0.1773,0.1459
53217,34.22480311917338,36.38302775864272,2026-10-05,0.2108,0.2348,0.2475,0.2552
53217,34.22480311917338,36.38302775864272,2026-10-06,0.165,0.1838,0.1741,0.1838
53217,34.22480311917338,36.38302775864272,2026-10-07,0.1467,0.1735,0.1558,0.1633
53217,34.22480311917338,36.38302775864272,2026-10-08,0.1467,0.1735,0.2108,0.1735
53217,34.22480311917338,36.38302775864272,2026-10-09,0.1467,0.1633,0.1741,0.1633
53217,34.22480311917338,36.38302775864272,2026-10-10,0.1375,0.1531,0.1558,0.1633
53217,34.22480311917338,36.38302775864272,2026-10-11,0.1375,0.1531,0.1467,0.1531
34234,34.225673196636336,35.70497204671449,2026-10-05,0.2404,0.2274,0.2822,0.2472
34234,34.225673196636336,35.70497204671449,2026-10-06,0.1882,0.178,0.1986,0.178
34234,34.225673196636336,35.70497204671449,2026-10-07,0.1672,0.1681,0.1777,0.1582
34234,34.225673196636336,35.70497204671449,2026-10-08,0.1672,0.1681,0.2404,0.1681
34234,34.225673196636336,35.70497204671449,2026-10-09,0.1672,0.1582,0.1986,0.1582
34234,34.225673196636336,35.70497204671449,2026-10-10,0.1568,0.1483,0.1777,0.1582
34234,34.225673196636336,35.70497204671449,2026-10-11,0.1568,0.1483,0.1672,0.1483
53224,34.2167092767985,36.36979246101282,2026-10-05,0.2092,0.2352,0.2456,0.2556
53224,34.2167092767985,36.36979246101282,2026-10-06,0.1637,0.1841,0.1728,0.1841
53224,34.2167092767985,36.36979246101282,2026-10-07,0.1455,0.1738,0.1546,0.1636
53224,34.2167092767985,36.36979246101282,2026-10-08,0.1455,0.1738,0.2092,0.1738
53224,34.2167092767985,36.36979246101282,2026-10-09,0.1455,0.1636,0.1728,0.1636
53224,34.2167092767985,36.36979246101282,2026-10-10,0.1364,0.1534,0.1546,0.1636
53224,34.2167092767985,36.36979246101282,2026-10-11,0.1364,0.1534,0.1455,0.1534
34256,34.22581639456298,35.68365836301398,2026-10-05,0.2308,0.2298,0.2709,0.2498
34256,34.22581639456298,35.68365836301398,2026-10-06,0.1806,0.1798,0.1906,0.1798
34256,34.22581639456298,35.68365836301398,2026-10-07,0.1605,0.1699,0.1706,0.1599
34256,34.22581639456298,35.68365836301398,2026-10-08,0.1605,0.1699,0.2308,0.1699
34256,34.22581639456298,35.68365836301398,2026-10-09,0.1605,0.1599,0.1906,0.1599
34256,34.22581639456298,35.68365836301398,2026-10-10,0.1505,0.1499,0.1706,0.1599
34256,34.22581639456298,35.68365836301398,2026-10-11,0.1505,0.1499,0.1605,0.1499
53377,34.18462791715828,36.08124825585385,2026-10-05,0.2686,0.2203,0.3154,0.2395
53377,34.18462791715828,36.08124825585385,2026-10-06,0.2102,0.1724,0.2219,0.1724
53377,34.18462791715828,36.08124825585385,2026-10-07,0.1869,0.1629,0.1986,0.1533
53377,34.18462791715828,36.08124825585385,2026-10-08,0.1869,0.1629,0.2686,0.1629
53377,34.18462791715828,36.08124825585385,2026-10-09,0.1869,0.1533,0.2219,0.1533
53377,34.18462791715828,36.08124825585385,2026-10-10,0.1752,0.1437,0.1986,0.1533
53377,34.18462791715828,36.08124825585385,2026-10-11,0.1752,0.1437,0.1869,0.1437
34243,34.22460527825754,35.75040793342054,2026-10-05,0.2038,0.2366,0.2392,0.2571
34243,34.22460527825754,35.75040793342054,2026-10-06,0.1595,0.1851,0.1684,0.1851
34243,34.22460527825754,35.75040793342054,2026-10-07,0.1418,0.1748,0.1506,0.1646
34243,34.22460527825754,35.75040793342054,2026-10-08,0.1418,0.1748,0.2038,0.1748
34243,34.22460527825754,35.75040793342054,2026-10-09,0.1418,0.1646,0.1684,0.1646
34243,34.22460527825754,35.75040793342054,2026-10-10,0.1329,0.1543,0.1506,0.1646
34243,34.22460527825754,35.75040793342054,2026-10-11,0.1329,0.1543,0.1418,0.1543
53261,34.22447068138524,36.28155847443498,2026-10-05,0.1981,0.238,0.2325,0.2587
53261,34.22447068138524,36.28155847443498,2026-10-06,0.155,0.1862,0.1636,0.1862
53261,34.22447068138524,36.28155847443498,2026-10-07,0.1378,0.1759,0.1464,0.1656
53261,34.22447068138524,36.28155847443498,2026-10-08,0.1378,0.1759,0.1981,0.1759
53261,34.22447068138524,36.28155847443498,2026-10-09,0.1378,0.1656,0.1636,0.1656
53261,34.22447068138524,36.28155847443498,2026-10-10,0.1292,0.1552,0.1464,0.1656
53261,34.22447068138524,36.28155847443498,2026-10-11,0.1292,0.1552,0.1378,0.1552
34239,34.221943572660834,35.68243819176762,2026-10-05,0.249,0.2253,0.2923,0.2448
34239,34.221943572660834,35.68243819176762,2026-10-06,0.1949,0.1763,0.2057,0.1763
34239,34.221943572660834,35.68243819176762,2026-10-07,0.1732,0.1665,0.184,0.1567
34239,34.221943572660834,35.68243819176762,2026-10-08,0.1732,0.1665,0.249,0.1665
34239,34.221943572660834,35.68243819176762,2026-10-09,0.1732,0.1567,0.2057,0.1567
34239,34.221943572660834,35.68243819176762,2026-10-10,0.1624,0.1469,0.184,0.1567
34239,34.221943572660834,35.68243819176762,2026-10-11,0.1624,0.1469,0.1732,0.1469
53231,34.16622414813221,36.466620897103205,2026-10-05,0.1863,0.2409,0.2187,0.2619
53231,34.16622414813221,36.466620897103205,2026-10-06,0.1458,0.1885,0.1539,0.1885
53231,34.16622414813221,36.466620897103205,2026-10-07,0.1296,0.1781,0.1377,0.1676
53231,34.16622414813221,36.466620897103205,2026-10-08,0.1296,0.1781,0.1863,0.1781
53231,34.16622414813221,36.466620897103205,2026-10-09,0.1296,0.1676,0.1539,0.1676
53231,34.16622414813221,36.466620897103205,2026-10-10,0.1215,0.1571,0.1377,0.1676
53231,34.16622414813221,36.466620897103205,2026-10-11,0.1215,0.1571,0.1296,0.1571
34229,34.217029249614356,35.70554480219366,2026-10-05,0.2725,0.2194,0.3198,0.2385
34229,34.217029249614356,35.70554480219366,2026-10-06,0.2132,0.1717,0.2251,0.1717
34229,34.217029249614356,35.70554480219366,2026-10-07,0.1895,0.1622,0.2014,0.1526
34229,34.217029249614356,35.70554480219366,2026-10-08,0.1895,0.1622,0.2725,0.1622
34229,34.217029249614356,35.70554480219366,2026-10-09,0.1895,0.1526,0.2251,0.1526
34229,34.217029249614356,35.70554480219366,2026-10-10,0.1777,0.1431,0.2014,0.1526
34229,34.217029249614356,35.70554480219366,2026-10-11,0.1777,0.1431,0.1895,0.1431
34221,34.21215699227078,35.74932372990332,2026-10-05,0.2627,0.2218,0.3083,0.2411
34221,34.21215699227078,35.74932372990332,2026-10-06,0.2056,0.1736,0.217,0.1736
34221,34.21215699227078,35.74932372990332,2026-10-07,0.1827,0.164,0.1941,0.1543
34221,34.21215699227078,35.74932372990332,2026-10-08,0.1827,0.164,0.2627,0.164
34221,34.21215699227078,35.74932372990332,2026-10-09,0.1827,0.1543,0.217,0.1543
34221,34.21215699227078,35.74932372990332,2026-10-10,0.1713,0.1447,0.1941,0.1543
34221,34.21215699227078,35.74932372990332,2026-10-11,0.1713,0.1447,0.1827,0.1447
34133,34.21343191337256,35.66056362762946,2026-10-05,0.2134,0.2342,0.2505,0.2545
34133,34.21343191337256,35.66056362762946,2026-10-06,0.167,0.1832,0.1763,0.1832
34133,34.21343191337256,35.66056362762946,2026-10-07,0.1484,0.1731,0.1577,0.1629
34133,34.21343191337256,35.66056362762946,2026-10-08,0.1484,0.1731,0.2134,0.1731
34133,34.21343191337256,35.66056362762946,2026-10-09,0.1484,0.1629,0.1763,0.1629
34133,34.21343191337256,35.66056362762946,2026-10-10,0.1392,0.1527,0.1577,0.1629
34133,34.21343191337256,35.66056362762946,2026-10-11,0.1392,0.1527,0.1484,0.1527
34273,34.216287295942806,35.80758718362326,2026-10-05,0.2142,0.2339,0.2515,0.2543
34273,34.216287295942806,35.80758718362326,2026-10-06,0.1677,0.1831,0.177,0.1831
34273,34.216287295942806,35.80758718362326,2026-10-07,0.149,0.1729,0.1584,0.1627
34273,34.216287295942806,35.80758718362326,2026-10-08,0.149,0.1729,0.2142,0.1729
34273,34.216287295942806,35.80758718362326,2026-10-09,0.149,0.1627,0.177,0.1627
34273,34.216287295942806,35.80758718362326,2026-10-10,0.1397,0.1526,0.1584,0.1627
34273,34.216287295942806,35.80758718362326,2026-10-11,0.1397,0.1526,0.149,0.1526
53234,34.19405372987248,36.34198842725052,2026-10-05,0.1849,0.2413,0.2171,0.2623
53234,34.19405372987248,36.34198842725052,2026-10-06,0.1447,0.1888,0.1527,0.1888
53234,34.19405372987248,36.34198842725052,2026-10-07,0.1286,0.1783,0.1367,0.1678
53234,34.19405372987248,36.34198842725052,2026-10-08,0.1286,0.1783,0.1849,0.1783
53234,34.19405372987248,36.34198842725052,2026-10-09,0.1286,0.1678,0.1527,0.1678
53234,34.19405372987248,36.34198842725052,2026-10-10,0.1206,0.1574,0.1367,0.1678
53234,34.19405372987248,36.34198842725052,2026-10-11,0.1206,0.1574,0.1286,0.1574
34217,34.20903446053472,35.71500368569443,2026-10-05,0.2102,0.2349,0.2468,0.2554
34217,34.20903446053472,35.71500368569443,2026-10-06,0.1645,0.1839,0.1737,0.1839
34217,34.20903446053472,35.71500368569443,2026-10-07,0.1463,0.1737,0.1554,0.1634
34217,34.20903446053472,35.71500368569443,2026-10-08,0.1463,0.1737,0.2102,0.1737
34217,34.20903446053472,35.71500368569443,2026-10-09,0.1463,0.1634,0.1737,0.1634
34217,34.20903446053472,35.71500368569443,2026-10-10,0.1371,0.1532,0.1554,0.1634
34217,34.20903446053472,35.71500368569443,2026-10-11,0.1371,0.1532,0.1463,0.1532
34311,34.1999714297932,35.85351535113812,2026-10-05,0.2753,0.2187,0.3232,0.2377
34311,34.1999714297932,35.85351535113812,2026-10-06,0.2154,0.1711,0.2274,0.1711
34311,34.1999714297932,35.85351535113812,2026-10-07,0.1915,0.1616,0.2035,0.1521
34311,34.1999714297932,35.85351535113812,2026-10-08,0.1915,0.1616,0.2753,0.1616
34311,34.1999714297932,35.85351535113812,2026-10-09,0.1915,0.1521,0.2274,0.1521
34311,34.1999714297932,35.85351535113812,2026-10-10,0.1795,0.1426,0.2035,0.1521
34311,34.1999714297932,35.85351535113812,2026-10-11,0.1795,0.1426,0.1915,0.1426
34316,34.206445979822945,35.81489785627805,2026-10-05,0.2293,0.2302,0.2691,0.2502
34316,34.206445979822945,35.81489785627805,2026-10-06,0.1794,0.1801,0.1894,0.1801
34316,34.206445979822945,35.81489785627805,2026-10-07,0.1595,0.1701,0.1694,0.1601
34316,34.206445979822945,35.81489785627805,2026-10-08,0.1595,0.1701,0.2293,0.1701
34316,34.206445979822945,35.81489785627805,2026-10-09,0.1595,0.1601,0.1894,0.1601
34316,34.206445979822945,35.81489785627805,2026-10-10,0.1495,0.1501,0.1694,0.1601
34316,34.206445979822945,35.81489785627805,2026-10-11,0.1495,0.1501,0.1595,0.1501
34386,34.178448348522046,35.93672980244097,2026-10-05,0.2587,0.2228,0.3037,0.2422
34386,34.178448348522046,35.93672980244097,2026-10-06,0.2025,0.1744,0.2137,0.1744
34386,34.178448348522046,35.93672980244097,2026-10-07,0.18,0.1647,0.1912,0.155
34386,34.178448348522046,35.93672980244097,2026-10-08,0.18,0.1647,0.2587,0.1647
34386,34.178448348522046,35.93672980244097,2026-10-09,0.18,0.155,0.2137,0.155
34386,34.178448348522046,35.93672980244097,2026-10-10,0.1687,0.1453,0.1912,0.155
34386,34.178448348522046,35.93672980244097,2026-10-11,0.1687,0.1453,0.18,0.1453
34356,34.20766560903032,35.900867823829245,2026-10-05,0.202,0.237,0.2371,0.2576
34356,34.20766560903032,35.900867823829245,2026-10-06,0.1581,0.1855,0.1668,0.1855
34356,34.20766560903032,35.900867823829245,2026-10-07,0.1405,0.1752,0.1493,0.1649
34356,34.20766560903032,35.900867823829245,2026-10-08,0.1405,0.1752,0.202,0.1752
34356,34.20766560903032,35.900867823829245,2026-10-09,0.1405,0.1649,0.1668,0.1649
34356,34.20766560903032,35.900867823829245,2026-10-10,0.1317,0.1546,0.1493,0.1649
34356,34.20766560903032,35.900867823829245,2026-10-11,0.1317,0.1546,0.1405,0.1546
34237,34.207335672850306,35.77461036117401,2026-10-05,0.2284,0.2304,0.2681,0.2504
34237,34.207335672850306,35.77461036117401,2026-10-06,0.1787,0.1803,0.1887,0.1803
34237,34.207335672850306,35.77461036117401,2026-10-07,0.1589,0.1703,0.1688,0.1603
34237,34.207335672850306,35.77461036117401,2026-10-08,0.1589,0.1703,0.2284,0.1703
34237,34.207335672850306,35.77461036117401,2026-10-09,0.1589,0.1603,0.1887,0.1603
34237,34.207335672850306,35.77461036117401,2026-10-10,0.1489,0.1503,0.1688,0.1603
34237,34.207335672850306,35.77461036117401,2026-10-11,0.1489,0.1503,0.1589,0.1503
26298,34.20680406114772,35.66705273466546,2026-10-05,0.2429,0.2268,0.2851,0.2465
26298,34.20680406114772,35.66705273466546,2026-10-06,0.1901,0.1775,0.2006,0.1775
26298,34.20680406114772,35.66705273466546,2026-10-07,0.169,0.1676,0.1795,0.1578
26298,34.20680406114772,35.66705273466546,2026-10-08,0.169,0.1676,0.2429,0.1676
26298,34.20680406114772,35.66705273466546,2026-10-09,0.169,0.1578,0.2006,0.1578
26298,34.20680406114772,35.66705273466546,2026-10-10,0.1584,0.1479,0.1795,0.1578
26298,34.20680406114772,35.66705273466546,2026-10-11,0.1584,0.1479,0.169,0.1479
26189,34.20113641841015,35.65330951603994,2026-10-05,0.2397,0.2276,0.2814,0.2474
26189,34.20113641841015,35.65330951603994,2026-10-06,0.1876,0.1781,0.198,0.1781
26189,34.20113641841015,35.65330951603994,2026-10-07,0.1667,0.1682,0.1772,0.1583
26189,34.20113641841015,35.65330951603994,2026-10-08,0.1667,0.1682,0.2397,0.1682
26189,34.20113641841015,35.65330951603994,2026-10-09,0.1667,0.1583,0.198,0.1583
26189,34.20113641841015,35.65330951603994,2026-10-10,0.1563,0.1484,0.1772,0.1583
26189,34.20113641841015,35.65330951603994,2026-10-11,0.1563,0.1484,0.1667,0.1484
26183,34.192491327531506,35.64494528741016,2026-10-05,0.2294,0.2301,0.2693,0.2502
26183,34.192491327531506,35.64494528741016,2026-10-06,0.1796,0.1801,0.1895,0.1801
26183,34.192491327531506,35.64494528741016,2026-10-07,0.1596,0.1701,0.1696,0.1601
26183,34.192491327531506,35.64494528741016,2026-10-08,0.1596,0.1701,0.2294,0.1701
26183,34.192491327531506,35.64494528741016,2026-10-09,0.1596,0.1601,0.1895,0.1601
26183,34.192491327531506,35.64494528741016,2026-10-10,0.1496,0.1501,0.1696,0.1601
26183,34.192491327531506,35.64494528741016,2026-10-11,0.1496,0.1501,0.1596,0.1501
53344,34.18925627272156,36.13541885782527,2026-10-05,0.2566,0.2233,0.3012,0.2428
53344,34.18925627272156,36.13541885782527,2026-10-06,0.2008,0.1748,0.212,0.1748
53344,34.18925627272156,36.13541885782527,2026-10-07,0.1785,0.1651,0.1897,0.1554
53344,34.18925627272156,36.13541885782527,2026-10-08,0.1785,0.1651,0.2566,0.1651
53344,34.18925627272156,36.13541885782527,2026-10-09,0.1785,0.1554,0.212,0.1554
53344,34.18925627272156,36.13541885782527,2026-10-10,0.1673,0.1457,0.1897,0.1554
53344,34.18925627272156,36.13541885782527,2026-10-11,0.1673,0.1457,0.1785,0.1457
26293,34.18936892217349,35.68017689052639,2026-10-05,0.2349,0.2288,0.2758,0.2487
26293,34.18936892217349,35.68017689052639,2026-10-06,0.1839,0.179,0.1941,0.179
26293,34.18936892217349,35.68017689052639,2026-10-07,0.1634,0.1691,0.1737,0.1591
26293,34.18936892217349,35.68017689052639,2026-10-08,0.1634,0.1691,0.2349,0.1691
26293,34.18936892217349,35.68017689052639,2026-10-09,0.1634,0.1591,0.1941,0.1591
26293,34.18936892217349,35.68017689052639,2026-10-10,0.1532,0.1492,0.1737,0.1591
26293,34.18936892217349,35.68017689052639,2026-10-11,0.1532,0.1492,0.1634,0.1492
34236,34.19960898784437,35.76473652352813,2026-10-05,0.2791,0.2177,0.3277,0.2367
34236,34.19960898784437,35.76473652352813,2026-10-06,0.2184,0.1704,0.2306,0.1704
34236,34.19960898784437,35.76473652352813,2026-10-07,0.1942,0.1609,0.2063,0.1515
34236,34.19960898784437,35.76473652352813,2026-10-08,0.1942,0.1609,0.2791,0.1609
34236,34.19960898784437,35.76473652352813,2026-10-09,0.1942,0.1515,0.2306,0.1515
34236,34.19960898784437,35.76473652352813,2026-10-10,0.182,0.142,0.2063,0.1515
34236,34.19960898784437,35.76473652352813,2026-10-11,0.182,0.142,0.1942,0.142
34351,34.19486214537451,35.798710319278634,2026-10-05,0.2669,0.2208,0.3133,0.24
34351,34.19486214537451,35.798710319278634,2026-10-06,0.2089,0.1728,0.2205,0.1728
34351,34.19486214537451,35.798710319278634,2026-10-07,0.1857,0.1632,0.1973,0.1536
34351,34.19486214537451,35.798710319278634,2026-10-08,0.1857,0.1632,0.2669,0.1632
34351,34.19486214537451,35.798710319278634,2026-10-09,0.1857,0.1536,0.2205,0.1536
34351,34.19486214537451,35.798710319278634,2026-10-10,0.1741,0.144,0.1973,0.1536
34351,34.19486214537451,35.798710319278634,2026-10-11,0.1741,0.144,0.1857,0.144
34366,34.18159623922949,35.880299304169284,2026-10-05,0.1958,0.2385,0.2299,0.2593
34366,34.18159623922949,35.880299304169284,2026-10-06,0.1532,0.1867,0.1618,0.1867
34366,34.18159623922949,35.880299304169284,2026-10-07,0.1362,0.1763,0.1447,0.1659
34366,34.18159623922949,35.880299304169284,2026-10-08,0.1362,0.1763,0.1958,0.1763
34366,34.18159623922949,35.880299304169284,2026-10-09,0.1362,0.1659,0.1618,0.1659
34366,34.18159623922949,35.880299304169284,2026-10-10,0.1277,0.1556,0.1447,0.1659
34366,34.18159623922949,35.880299304169284,2026-10-11,0.1277,0.1556,0.1362,0.1556
26257,34.18274474997177,35.77189826446224,2026-10-05,0.2065,0.2359,0.2424,0.2564
26257,34.18274474997177,35.77189826446224,2026-10-06,0.1616,0.1846,0.1706,0.1846
26257,34.18274474997177,35.77189826446224,2026-10-07,0.1436,0.1743,0.1526,0.1641
26257,34.18274474997177,35.77189826446224,2026-10-08,0.1436,0.1743,0.2065,0.1743
26257,34.18274474997177,35.77189826446224,2026-10-09,0.1436,0.1641,0.1706,0.1641
26257,34.18274474997177,35.77189826446224,2026-10-10,0.1347,0.1538,0.1526,0.1641
26257,34.18274474997177,35.77189826446224,2026-10-11,0.1347,0.1538,0.1436,0.1538
26289,34.18669235161724,35.696629703189686,2026-10-05,0.2628,0.2218,0.3085,0.2411
26289,34.18669235161724,35.696629703189686,2026-10-06,0.2057,0.1736,0.2171,0.1736
26289,34.18669235161724,35.696629703189686,2026-10-07,0.1828,0.1639,0.1943,0.1543
26289,34.18669235161724,35.696629703189686,2026-10-08,0.1828,0.1639,0.2628,0.1639
26289,34.18669235161724,35.696629703189686,2026-10-09,0.1828,0.1543,0.2171,0.1543
26289,34.18669235161724,35.696629703189686,2026-10-10,0.1714,0.1446,0.1943,0.1543
26289,34.18669235161724,35.696629703189686,2026-10-11,0.1714,0.1446,0.1828,0.1446
26276,34.18255372409135,35.71479416106147,2026-10-05,0.2737,0.2191,0.3213,0.2381
26276,34.18255372409135,35.71479416106147,2026-10-06,0.2142,0.1715,0.2261,0.1715
26276,34.18255372409135,35.71479416106147,2026-10-07,0.1904,0.1619,0.2023,0.1524
26276,34.18255372409135,35.71479416106147,2026-10-08,0.1904,0.1619,0.2737,0.1619
26276,34.18255372409135,35.71479416106147,2026-10-09,0.1904,0.1524,0.2261,0.1524
26276,34.18255372409135,35.71479416106147,2026-10-10,0.1785,0.1429,0.2023,0.1524
26276,34.18255372409135,35.71479416106147,2026-10-11,0.1785,0.1429,0.1904,0.1429
34211,34.188976359841824,35.72905565299819,2026-10-05,0.2376,0.2281,0.2789,0.2479
34211,34.188976359841824,35.72905565299819,2026-10-06,0.1859,0.1785,0.1963,0.1785
34211,34.188976359841824,35.72905565299819,2026-10-07,0.1653,0.1686,0.1756,0.1587
34211,34.188976359841824,35.72905565299819,2026-10-08,0.1653,0.1686,0.2376,0.1686
34211,34.188976359841824,35.72905565299819,2026-10-09,0.1653,0.1587,0.1963,0.1587
34211,34.188976359841824,35.72905565299819,2026-10-10,0.1549,0.1488,0.1756,0.1587
34211,34.188976359841824,35.72905565299819,2026-10-11,0.1549,0.1488,0.1653,0.1488
26384,34.180441748001904,35.828259884181236,2026-10-05,0.2405,0.2274,0.2823,0.2471
26384,34.180441748001904,35.828259884181236,2026-10-06,0.1882,0.1779,0.1987,0.1779
26384,34.180441748001904,35.828259884181236,2026-10-07,0.1673,0.1681,0.1778,0.1582
26384,34.180441748001904,35.828259884181236,2026-10-08,0.1673,0.1681,0.2405,0.1681
26384,34.180441748001904,35.828259884181236,2026-10-09,0.1673,0.1582,0.1987,0.1582
26384,34.180441748001904,35.828259884181236,2026-10-10,0.1568,0.1483,0.1778,0.1582
26384,34.180441748001904,35.828259884181236,2026-10-11,0.1568,0.1483,0.1673,0.1483
26177,34.17911222821862,35.643049434430985,2026-10-05,0.2178,0.233,0.2557,0.2533
26177,34.17911222821862,35.643049434430985,2026-10-06,0.1705,0.1824,0.1799,0.1824
26177,34.17911222821862,35.643049434430985,2026-10-07,0.1515,0.1722,0.161,0.1621
26177,34.17911222821862,35.643049434430985,2026-10-08,0.1515,0.1722,0.2178,0.1722
26177,34.17911222821862,35.643049434430985,2026-10-09,0.1515,0.1621,0.1799,0.1621
26177,34.17911222821862,35.643049434430985,2026-10-10,0.1421,0.152,0.161,0.1621
26177,34.17911222821862,35.643049434430985,2026-10-11,0.1421,0.152,0.1515,0.152
26294,34.17989999752263,35.67066522217676,2026-10-05,0.2528,0.2243,0.2967,0.2438
26294,34.17989999752263,35.67066522217676,2026-10-06,0.1978,0.1755,0.2088,0.1755
26294,34.17989999752263,35.67066522217676,2026-10-07,0.1758,0.1658,0.1868,0.156
26294,34.17989999752263,35.67066522217676,2026-10-08,0.1758,0.1658,0.2528,0.1658
26294,34.17989999752263,35.67066522217676,2026-10-09,0.1758,0.156,0.2088,0.156
26294,34.17989999752263,35.67066522217676,2026-10-10,0.1648,0.1463,0.1868,0.156
26294,34.17989999752263,35.67066522217676,2026-10-11,0.1648,0.1463,0.1758,0.1463
26277,34.17499907680441,35.697902201910544,2026-10-05,0.2441,0.2265,0.2865,0.2462
26277,34.17499907680441,35.697902201910544,2026-10-06,0.191,0.1772,0.2016,0.1772
26277,34.17499907680441,35.697902201910544,2026-10-07,0.1698,0.1674,0.1804,0.1576
26277,34.17499907680441,35.697902201910544,2026-10-08,0.1698,0.1674,0.2441,0.1674
26277,34.17499907680441,35.697902201910544,2026-10-09,0.1698,0.1576,0.2016,0.1576
26277,34.17499907680441,35.697902201910544,2026-10-10,0.1592,0.1477,0.1804,0.1576
26277,34.17499907680441,35.697902201910544,2026-10-11,0.1592,0.1477,0.1698,0.1477
26381,34.165109782504985,35.8140789563709,2026-10-05,0.2202,0.2324,0.2585,0.2527
26381,34.165109782504985,35.8140789563709,2026-10-06,0.1723,0.1819,0.1819,0.1819
26381,34.165109782504985,35.8140789563709,2026-10-07,0.1532,0.1718,0.1628,0.1617
26381,34.165109782504985,35.8140789563709,2026-10-08,0.1532,0.1718,0.2202,0.1718
26381,34.165109782504985,35.8140789563709,2026-10-09,0.1532,0.1617,0.1819,0.1617
26381,34.165109782504985,35.8140789563709,2026-10-10,0.1436,0.1516,0.1628,0.1617
26381,34.165109782504985,35.8140789563709,2026-10-11,0.1436,0.1516,0.1532,0.1516
26159,34.16828099236347,35.634089487137935,2026-10-05,0.2126,0.2343,0.2496,0.2547
26159,34.16828099236347,35.634089487137935,2026-10-06,0.1664,0.1834,0.1757,0.1834
26159,34.16828099236347,35.634089487137935,2026-10-07,0.1479,0.1732,0.1572,0.163
26159,34.16828099236347,35.634089487137935,2026-10-08,0.1479,0.1732,0.2126,0.1732
26159,34.16828099236347,35.634089487137935,2026-10-09,0.1479,0.163,0.1757,0.163
26159,34.16828099236347,35.634089487137935,2026-10-10,0.1387,0.1528,0.1572,0.163
26159,34.16828099236347,35.634089487137935,2026-10-11,0.1387,0.1528,0.1479,0.1528
26233,34.164067294953306,35.77392786500858,2026-10-05,0.2076,0.2356,0.2437,0.2561
26233,34.164067294953306,35.77392786500858,2026-10-06,0.1625,0.1844,0.1715,0.1844
26233,34.164067294953306,35.77392786500858,2026-10-07,0.1444,0.1741,0.1534,0.1639
26233,34.164067294953306,35.77392786500858,2026-10-08,0.1444,0.1741,0.2076,0.1741
26233,34.164067294953306,35.77392786500858,2026-10-09,0.1444,0.1639,0.1715,0.1639
26233,34.164067294953306,35.77392786500858,2026-10-10,0.1354,0.1537,0.1534,0.1639
26233,34.164067294953306,35.77392786500858,2026-10-11,0.1354,0.1537,0.1444,0.1537
26247,34.16725775915738,35.74467293787322,2026-10-05,0.2534,0.2241,0.2975,0.2436
26247,34.16725775915738,35.74467293787322,2026-10-06,0.1983,0.1754,0.2093,0.1754
26247,34.16725775915738,35.74467293787322,2026-10-07,0.1763,0.1657,0.1873,0.1559
26247,34.16725775915738,35.74467293787322,2026-10-08,0.1763,0.1657,0.2534,0.1657
26247,34.16725775915738,35.74467293787322,2026-10-09,0.1763,0.1559,0.2093,0.1559
26247,34.16725775915738,35.74467293787322,2026-10-10,0.1653,0.1462,0.1873,0.1559
26247,34.16725775915738,35.74467293787322,2026-10-11,0.1653,0.1462,0.1763,0.1462
26286,34.16714316384867,35.68100828437189,2026-10-05,0.2504,0.2249,0.2939,0.2445
26286,34.16714316384867,35.68100828437189,2026-10-06,0.1959,0.176,0.2068,0.176
26286,34.16714316384867,35.68100828437189,2026-10-07,0.1742,0.1662,0.185,0.1565
26286,34.16714316384867,35.68100828437189,2026-10-08,0.1742,0.1662,0.2504,0.1662
26286,34.16714316384867,35.68100828437189,2026-10-09,0.1742,0.1565,0.2068,0.1565
26286,34.16714316384867,35.68100828437189,2026-10-10,0.1633,0.1467,0.185,0.1565
26286,34.16714316384867,35.68100828437189,2026-10-11,0.1633,0.1467,0.1742,0.1467
26153,34.16301287380098,35.65614648336448,2026-10-05,0.2137,0.2341,0.2509,0.2544
26153,34.16301287380098,35.65614648336448,2026-10-06,0.1673,0.1832,0.1766,0.1832
26153,34.16301287380098,35.65614648336448,2026-10-07,0.1487,0.173,0.158,0.1628
26153,34.16301287380098,35.65614648336448,2026-10-08,0.1487,0.173,0.2137,0.173
26153,34.16301287380098,35.65614648336448,2026-10-09,0.1487,0.1628,0.1766,0.1628
26153,34.16301287380098,35.65614648336448,2026-10-10,0.1394,0.1526,0.158,0.1628
26153,34.16301287380098,35.65614648336448,2026-10-11,0.1394,0.1526,0.1487,0.1526
26279,34.166005406203574,35.701627097137305,2026-10-05,0.2408,0.2273,0.2827,0.2471
26279,34.166005406203574,35.701627097137305,2026-10-06,0.1885,0.1779,0.1989,0.1779
26279,34.166005406203574,35.701627097137305,2026-10-07,0.1675,0.168,0.178,0.1581
26279,34.166005406203574,35.701627097137305,2026-10-08,0.1675,0.168,0.2408,0.168
26279,34.166005406203574,35.701627097137305,2026-10-09,0.1675,0.1581,0.1989,0.1581
26279,34.166005406203574,35.701627097137305,2026-10-10,0.1571,0.1482,0.178,0.1581
26279,34.166005406203574,35.701627097137305,2026-10-11,0.1571,0.1482,0.1675,0.1482
26256,34.16345337334596,35.72614569299763,2026-10-05,0.2738,0.219,0.3214,0.2381
26256,34.16345337334596,35.72614569299763,2026-10-06,0.2143,0.1714,0.2262,0.1714
26256,34.16345337334596,35.72614569299763,2026-10-07,0.1905,0.1619,0.2024,0.1524
26256,34.16345337334596,35.72614569299763,2026-10-08,0.1905,0.1619,0.2738,0.1619
26256,34.16345337334596,35.72614569299763,2026-10-09,0.1905,0.1524,0.2262,0.1524
26256,34.16345337334596,35.72614569299763,2026-10-10,0.1786,0.1429,0.2024,0.1524
26256,34.16345337334596,35.72614569299763,2026-10-11,0.1786,0.1429,0.1905,0.1429
26165,34.164040581943254,35.64287356170666,2026-10-05,0.2503,0.2249,0.2939,0.2445
26165,34.164040581943254,35.64287356170666,2026-10-06,0.1959,0.176,0.2068,0.176
26165,34.164040581943254,35.64287356170666,2026-10-07,0.1741,0.1662,0.185,0.1565
26165,34.164040581943254,35.64287356170666,2026-10-08,0.1741,0.1662,0.2503,0.1662
26165,34.164040581943254,35.64287356170666,2026-10-09,0.1741,0.1565,0.2068,0.1565
26165,34.164040581943254,35.64287356170666,2026-10-10,0.1633,0.1467,0.185,0.1565
26165,34.164040581943254,35.64287356170666,2026-10-11,0.1633,0.1467,0.1741,0.1467
53277,34.16615445722829,36.20615275650229,2026-10-05,0.2545,0.2239,0.2988,0.2433
53277,34.16615445722829,36.20615275650229,2026-10-06,0.1992,0.1752,0.2102,0.1752
53277,34.16615445722829,36.20615275650229,2026-10-07,0.177,0.1655,0.1881,0.1557
53277,34.16615445722829,36.20615275650229,2026-10-08,0.177,0.1655,0.2545,0.1655
53277,34.16615445722829,36.20615275650229,2026-10-09,0.177,0.1557,0.2102,0.1557
53277,34.16615445722829,36.20615275650229,2026-10-10,0.166,0.146,0.1881,0.1557
53277,34.16615445722829,36.20615275650229,2026-10-11,0.166,0.146,0.177,0.146
53274,34.14281064560978,36.25110207319687,2026-10-05,0.1861,0.241,0.2184,0.2619
53274,34.14281064560978,36.25110207319687,2026-10-06,0.1456,0.1886,0.1537,0.1886
53274,34.14281064560978,36.25110207319687,2026-10-07,0.1294,0.1781,0.1375,0.1676
53274,34.14281064560978,36.25110207319687,2026-10-08,0.1294,0.1781,0.1861,0.1781
53274,34.14281064560978,36.25110207319687,2026-10-09,0.1294,0.1676,0.1537,0.1676
53274,34.14281064560978,36.25110207319687,2026-10-10,0.1213,0.1572,0.1375,0.1676
53274,34.14281064560978,36.25110207319687,2026-10-11,0.1213,0.1572,0.1294,0.1572
53388,34.124481401687824,36.037930891907806,2026-10-05,0.2524,0.2244,0.2963,0.2439
53388,34.124481401687824,36.037930891907806,2026-10-06,0.1976,0.1756,0.2085,0.1756
53388,34.124481401687824,36.037930891907806,2026-10-07,0.1756,0.1659,0.1866,0.1561
53388,34.124481401687824,36.037930891907806,2026-10-08,0.1756,0.1659,0.2524,0.1659
53388,34.124481401687824,36.037930891907806,2026-10-09,0.1756,0.1561,0.2085,0.1561
53388,34.124481401687824,36.037930891907806,2026-10-10,0.1646,0.1463,0.1866,0.1561
53388,34.124481401687824,36.037930891907806,2026-10-11,0.1646,0.1463,0.1756,0.1463
26141,34.15172491566334,35.63889099055622,2026-10-05,0.2694,0.2201,0.3163,0.2393
26141,34.15172491566334,35.63889099055622,2026-10-06,0.2109,0.1723,0.2226,0.1723
26141,34.15172491566334,35.63889099055622,2026-10-07,0.1874,0.1627,0.1992,0.1531
26141,34.15172491566334,35.63889099055622,2026-10-08,0.1874,0.1627,0.2694,0.1627
26141,34.15172491566334,35.63889099055622,2026-10-09,0.1874,0.1531,0.2226,0.1531
26141,34.15172491566334,35.63889099055622,2026-10-10,0.1757,0.1436,0.1992,0.1531
26141,34.15172491566334,35.63889099055622,2026-10-11,0.1757,0.1436,0.1874,0.1436
26261,34.16643707363481,35.70984564423479,2026-10-05,0.2202,0.2324,0.2585,0.2527
26261,34.16643707363481,35.70984564423479,2026-10-06,0.1723,0.1819,0.1819,0.1819
26261,34.16643707363481,35.70984564423479,2026-10-07,0.1532,0.1718,0.1628,0.1617
26261,34.16643707363481,35.70984564423479,2026-10-08,0.1532,0.1718,0.2202,0.1718
26261,34.16643707363481,35.70984564423479,2026-10-09,0.1532,0.1617,0.1819,0.1617
26261,34.16643707363481,35.70984564423479,2026-10-10,0.1436,0.1516,0.1628,0.1617
26261,34.16643707363481,35.70984564423479,2026-10-11,0.1436,0.1516,0.1532,0.1516
26271,34.162799136437656,35.70566518097203,2026-10-05,0.243,0.2268,0.2853,0.2465
26271,34.162799136437656,35.70566518097203,2026-10-06,0.1902,0.1775,0.2007,0.1775
26271,34.162799136437656,35.70566518097203,2026-10-07,0.169,0.1676,0.1796,0.1577
26271,34.162799136437656,35.70566518097203,2026-10-08,0.169,0.1676,0.243,0.1676
26271,34.162799136437656,35.70566518097203,2026-10-09,0.169,0.1577,0.2007,0.1577
26271,34.162799136437656,35.70566518097203,2026-10-10,0.1585,0.1479,0.1796,0.1577
26271,34.162799136437656,35.70566518097203,2026-10-11,0.1585,0.1479,0.169,0.1479
26291,34.15687841343048,35.666890945010344,2026-10-05,0.2432,0.2267,0.2855,0.2464
26291,34.15687841343048,35.666890945010344,2026-10-06,0.1903,0.1774,0.2009,0.1774
26291,34.15687841343048,35.666890945010344,2026-10-07,0.1692,0.1676,0.1797,0.1577
26291,34.15687841343048,35.666890945010344,2026-10-08,0.1692,0.1676,0.2432,0.1676
26291,34.15687841343048,35.666890945010344,2026-10-09,0.1692,0.1577,0.2009,0.1577
26291,34.15687841343048,35.666890945010344,2026-10-10,0.1586,0.1479,0.1797,0.1577
26291,34.15687841343048,35.666890945010344,2026-10-11,0.1586,0.1479,0.1692,0.1479
26281,34.15920667152172,35.680476129026545,2026-10-05,0.2685,0.2204,0.3151,0.2396
26281,34.15920667152172,35.680476129026545,2026-10-06,0.2101,0.1725,0.2218,0.1725
26281,34.15920667152172,35.680476129026545,2026-10-07,0.1867,0.1629,0.1984,0.1533
26281,34.15920667152172,35.680476129026545,2026-10-08,0.1867,0.1629,0.2685,0.1629
26281,34.15920667152172,35.680476129026545,2026-10-09,0.1867,0.1533,0.2218,0.1533
26281,34.15920667152172,35.680476129026545,2026-10-10,0.1751,0.1437,0.1984,0.1533
26281,34.15920667152172,35.680476129026545,2026-10-11,0.1751,0.1437,0.1867,0.1437
26371,34.12436374438343,35.925245000537856,2026-10-05,0.1942,0.239,0.2279,0.2597
26371,34.12436374438343,35.925245000537856,2026-10-06,0.152,0.187,0.1604,0.187
26371,34.12436374438343,35.925245000537856,2026-10-07,0.1351,0.1766,0.1435,0.1662
26371,34.12436374438343,35.925245000537856,2026-10-08,0.1351,0.1766,0.1942,0.1766
26371,34.12436374438343,35.925245000537856,2026-10-09,0.1351,0.1662,0.1604,0.1662
26371,34.12436374438343,35.925245000537856,2026-10-10,0.1266,0.1558,0.1435,0.1662
26371,34.12436374438343,35.925245000537856,2026-10-11,0.1266,0.1558,0.1351,0.1558
53333,34.149709147494974,36.134396425602404,2026-10-05,0.2207,0.2323,0.2591,0.2525
53333,34.149709147494974,36.134396425602404,2026-10-06,0.1727,0.1818,0.1823,0.1818
53333,34.149709147494974,36.134396425602404,2026-10-07,0.1535,0.1717,0.1631,0.1616
53333,34.149709147494974,36.134396425602404,2026-10-08,0.1535,0.1717,0.2207,0.1717
53333,34.149709147494974,36.134396425602404,2026-10-09,0.1535,0.1616,0.1823,0.1616
53333,34.149709147494974,36.134396425602404,2026-10-10,0.1439,0.1515,0.1631,0.1616
53333,34.149709147494974,36.134396425602404,2026-10-11,0.1439,0.1515,0.1535,0.1515
53355,34.142397576109836,36.19593666284064,2026-10-05,0.251,0.2248,0.2946,0.2443
53355,34.142397576109836,36.19593666284064,2026-10-06,0.1964,0.1759,0.2073,0.1759
53355,34.142397576109836,36.19593666284064,2026-10-07,0.1746,0.1661,0.1855,0.1564
53355,34.142397576109836,36.19593666284064,2026-10-08,0.1746,0.1661,0.251,0.1661
53355,34.142397576109836,36.19593666284064,2026-10-09,0.1746,0.1564,0.2073,0.1564
53355,34.142397576109836,36.19593666284064,2026-10-10,0.1637,0.1466,0.1855,0.1564
53355,34.142397576109836,36.19593666284064,2026-10-11,0.1637,0.1466,0.1746,0.1466
26218,34.14432367822837,35.76694950897229,2026-10-05,0.2751,0.2187,0.3229,0.2378
26218,34.14432367822837,35.76694950897229,2026-10-06,0.2153,0.1712,0.2272,0.1712
26218,34.14432367822837,35.76694950897229,2026-10-07,0.1914,0.1617,0.2033,0.1522
26218,34.14432367822837,35.76694950897229,2026-10-08,0.1914,0.1617,0.2751,0.1617
26218,34.14432367822837,35.76694950897229,2026-10-09,0.1914,0.1522,0.2272,0.1522
26218,34.14432367822837,35.76694950897229,2026-10-10,0.1794,0.1427,0.2033,0.1522
26218,34.14432367822837,35.76694950897229,2026-10-11,0.1794,0.1427,0.1914,0.1427
26267,34.154707368088204,35.70950656715999,2026-10-05,0.2565,0.2234,0.3011,0.2428
26267,34.154707368088204,35.70950656715999,2026-10-06,0.2008,0.1748,0.2119,0.1748
26267,34.154707368088204,35.70950656715999,2026-10-07,0.1784,0.1651,0.1896,0.1554
26267,34.154707368088204,35.70950656715999,2026-10-08,0.1784,0.1651,0.2565,0.1651
26267,34.154707368088204,35.70950656715999,2026-10-09,0.1784,0.1554,0.2119,0.1554
26267,34.154707368088204,35.70950656715999,2026-10-10,0.1673,0.1457,0.1896,0.1554
26267,34.154707368088204,35.70950656715999,2026-10-11,0.1673,0.1457,0.1784,0.1457
26273,34.15351060007542,35.69292972297701,2026-10-05,0.225,0.2312,0.2642,0.2514
26273,34.15351060007542,35.69292972297701,2026-10-06,0.1761,0.181,0.1859,0.181
26273,34.15351060007542,35.69292972297701,2026-10-07,0.1565,0.1709,0.1663,0.1609
26273,34.15351060007542,35.69292972297701,2026-10-08,0.1565,0.1709,0.225,0.1709
26273,34.15351060007542,35.69292972297701,2026-10-09,0.1565,0.1609,0.1859,0.1609
26273,34.15351060007542,35.69292972297701,2026-10-10,0.1468,0.1508,0.1663,0.1609
26273,34.15351060007542,35.69292972297701,2026-10-11,0.1468,0.1508,0.1565,0.1508
53311,34.127866314821325,36.11211579339838,2026-10-05,0.2431,0.2267,0.2853,0.2464
53311,34.127866314821325,36.11211579339838,2026-10-06,0.1902,0.1774,0.2008,0.1774
53311,34.127866314821325,36.11211579339838,2026-10-07,0.1691,0.1676,0.1797,0.1577
53311,34.127866314821325,36.11211579339838,2026-10-08,0.1691,0.1676,0.2431,0.1676
53311,34.127866314821325,36.11211579339838,2026-10-09,0.1691,0.1577,0.2008,0.1577
53311,34.127866314821325,36.11211579339838,2026-10-10,0.1585,0.1479,0.1797,0.1577
53311,34.127866314821325,36.11211579339838,2026-10-11,0.1585,0.1479,0.1691,0.1479
26234,34.15241575420924,35.73914208689409,2026-10-05,0.247,0.2257,0.29,0.2454
26234,34.15241575420924,35.73914208689409,2026-10-06,0.1933,0.1767,0.2041,0.1767
26234,34.15241575420924,35.73914208689409,2026-10-07,0.1719,0.1669,0.1826,0.157
26234,34.15241575420924,35.73914208689409,2026-10-08,0.1719,0.1669,0.247,0.1669
26234,34.15241575420924,35.73914208689409,2026-10-09,0.1719,0.157,0.2041,0.157
26234,34.15241575420924,35.73914208689409,2026-10-10,0.1611,0.1472,0.1826,0.157
26234,34.15241575420924,35.73914208689409,2026-10-11,0.1611,0.1472,0.1719,0.1472
26287,34.146642250670226,35.67798046272991,2026-10-05,0.2163,0.2334,0.2539,0.2537
26287,34.146642250670226,35.67798046272991,2026-10-06,0.1693,0.1827,0.1787,0.1827
26287,34.146642250670226,35.67798046272991,2026-10-07,0.1505,0.1725,0.1599,0.1624
26287,34.146642250670226,35.67798046272991,2026-10-08,0.1505,0.1725,0.2163,0.1725
26287,34.146642250670226,35.67798046272991,2026-10-09,0.1505,0.1624,0.1787,0.1624
26287,34.146642250670226,35.67798046272991,2026-10-10,0.1411,0.1522,0.1599,0.1624
26287,34.146642250670226,35.67798046272991,2026-10-11,0.1411,0.1522,0.1505,0.1522
53284,34.106034058051634,36.28317732862418,2026-10-05,0.2017,0.2371,0.2368,0.2577
53284,34.106034058051634,36.28317732862418,2026-10-06,0.1579,0.1855,0.1667,0.1855
53284,34.106034058051634,36.28317732862418,2026-10-07,0.1403,0.1752,0.1491,0.1649
53284,34.106034058051634,36.28317732862418,2026-10-08,0.1403,0.1752,0.2017,0.1752
53284,34.106034058051634,36.28317732862418,2026-10-09,0.1403,0.1649,0.1667,0.1649
53284,34.106034058051634,36.28317732862418,2026-10-10,0.1316,0.1546,0.1491,0.1649
53284,34.106034058051634,36.28317732862418,2026-10-11,0.1316,0.1546,0.1403,0.1546
26135,34.14039726033261,35.670249052593825,2026-10-05,0.262,0.222,0.3075,0.2413
26135,34.14039726033261,35.670249052593825,2026-10-06,0.205,0.1737,0.2164,0.1737
26135,34.14039726033261,35.670249052593825,2026-10-07,0.1822,0.1641,0.1936,0.1544
26135,34.14039726033261,35.670249052593825,2026-10-08,0.1822,0.1641,0.262,0.1641
26135,34.14039726033261,35.670249052593825,2026-10-09,0.1822,0.1544,0.2164,0.1544
26135,34.14039726033261,35.670249052593825,2026-10-10,0.1708,0.1448,0.1936,0.1544
26135,34.14039726033261,35.670249052593825,2026-10-11,0.1708,0.1448,0.1822,0.1448
26269,34.14101422830353,35.69628716685593,2026-10-05,0.2576,0.2231,0.3024,0.2425
26269,34.14101422830353,35.69628716685593,2026-10-06,0.2016,0.1746,0.2128,0.1746
26269,34.14101422830353,35.69628716685593,2026-10-07,0.1792,0.1649,0.1904,0.1552
26269,34.14101422830353,35.69628716685593,2026-10-08,0.1792,0.1649,0.2576,0.1649
26269,34.14101422830353,35.69628716685593,2026-10-09,0.1792,0.1552,0.2128,0.1552
26269,34.14101422830353,35.69628716685593,2026-10-10,0.168,0.1455,0.1904,0.1552
26269,34.14101422830353,35.69628716685593,2026-10-11,0.168,0.1455,0.1792,0.1455
26226,34.13427133560409,35.74157940339695,2026-10-05,0.2073,0.2357,0.2434,0.2562
26226,34.13427133560409,35.74157940339695,2026-10-06,0.1623,0.1844,0.1713,0.1844
26226,34.13427133560409,35.74157940339695,2026-10-07,0.1442,0.1742,0.1532,0.1639
26226,34.13427133560409,35.74157940339695,2026-10-08,0.1442,0.1742,0.2073,0.1742
26226,34.13427133560409,35.74157940339695,2026-10-09,0.1442,0.1639,0.1713,0.1639
26226,34.13427133560409,35.74157940339695,2026-10-10,0.1352,0.1537,0.1532,0.1639
26226,34.13427133560409,35.74157940339695,2026-10-11,0.1352,0.1537,0.1442,0.1537
53322,34.132208338065126,36.179067514383874,2026-10-05,0.2625,0.2219,0.3081,0.2412
53322,34.132208338065126,36.179067514383874,2026-10-06,0.2054,0.1736,0.2168,0.1736
53322,34.132208338065126,36.179067514383874,2026-10-07,0.1826,0.164,0.194,0.1544
53322,34.132208338065126,36.179067514383874,2026-10-08,0.1826,0.164,0.2625,0.164
53322,34.132208338065126,36.179067514383874,2026-10-09,0.1826,0.1544,0.2168,0.1544
53322,34.132208338065126,36.179067514383874,2026-10-10,0.1712,0.1447,0.194,0.1544
53322,34.132208338065126,36.179067514383874,2026-10-11,0.1712,0.1447,0.1826,0.1447
26211,34.1273869327093,35.81564403688224,2026-10-05,0.2334,0.2291,0.274,0.2491
26211,34.1273869327093,35.81564403688224,2026-10-06,0.1827,0.1793,0.1928,0.1793
26211,34.1273869327093,35.81564403688224,2026-10-07,0.1624,0.1694,0.1725,0.1594
26211,34.1273869327093,35.81564403688224,2026-10-08,0.1624,0.1694,0.2334,0.1694
26211,34.1273869327093,35.81564403688224,2026-10-09,0.1624,0.1594,0.1928,0.1594
26211,34.1273869327093,35.81564403688224,2026-10-10,0.1522,0.1494,0.1725,0.1594
26211,34.1273869327093,35.81564403688224,2026-10-11,0.1522,0.1494,0.1624,0.1494
26243,34.12981041381067,35.71147814924881,2026-10-05,0.249,0.2253,0.2923,0.2448
26243,34.12981041381067,35.71147814924881,2026-10-06,0.1948,0.1763,0.2057,0.1763
26243,34.12981041381067,35.71147814924881,2026-10-07,0.1732,0.1665,0.184,0.1567
26243,34.12981041381067,35.71147814924881,2026-10-08,0.1732,0.1665,0.249,0.1665
26243,34.12981041381067,35.71147814924881,2026-10-09,0.1732,0.1567,0.2057,0.1567
26243,34.12981041381067,35.71147814924881,2026-10-10,0.1624,0.1469,0.184,0.1567
26243,34.12981041381067,35.71147814924881,2026-10-11,0.1624,0.1469,0.1732,0.1469
26284,34.12829963086009,35.68115976634721,2026-10-05,0.2653,0.2212,0.3114,0.2404
26284,34.12829963086009,35.68115976634721,2026-10-06,0.2076,0.1731,0.2191,0.1731
26284,34.12829963086009,35.68115976634721,2026-10-07,0.1845,0.1635,0.1961,0.1539
26284,34.12829963086009,35.68115976634721,2026-10-08,0.1845,0.1635,0.2653,0.1635
26284,34.12829963086009,35.68115976634721,2026-10-09,0.1845,0.1539,0.2191,0.1539
26284,34.12829963086009,35.68115976634721,2026-10-10,0.173,0.1443,0.1961,0.1539
26284,34.12829963086009,35.68115976634721,2026-10-11,0.173,0.1443,0.1845,0.1443
26111,34.123412434100366,35.65511472153418,2026-10-05,0.2143,0.2339,0.2516,0.2543
26111,34.123412434100366,35.65511472153418,2026-10-06,0.1677,0.1831,0.177,0.1831
26111,34.123412434100366,35.65511472153418,2026-10-07,0.1491,0.1729,0.1584,0.1627
26111,34.123412434100366,35.65511472153418,2026-10-08,0.1491,0.1729,0.2143,0.1729
26111,34.123412434100366,35.65511472153418,2026-10-09,0.1491,0.1627,0.177,0.1627
26111,34.123412434100366,35.65511472153418,2026-10-10,0.1398,0.1526,0.1584,0.1627
26111,34.123412434100366,35.65511472153418,2026-10-11,0.1398,0.1526,0.1491,0.1526
26241,34.11593337425293,35.72622884618493,2026-10-05,0.2063,0.2359,0.2422,0.2564
26241,34.11593337425293,35.72622884618493,2026-10-06,0.1615,0.1846,0.1705,0.1846
26241,34.11593337425293,35.72622884618493,2026-10-07,0.1435,0.1744,0.1525,0.1641
26241,34.11593337425293,35.72622884618493,2026-10-08,0.1435,0.1744,0.2063,0.1744
26241,34.11593337425293,35.72622884618493,2026-10-09,0.1435,0.1641,0.1705,0.1641
26241,34.11593337425293,35.72622884618493,2026-10-10,0.1346,0.1539,0.1525,0.1641
26241,34.11593337425293,35.72622884618493,2026-10-11,0.1346,0.1539,0.1435,0.1539
26253,34.11904624351001,35.70266353178718,2026-10-05,0.2232,0.2317,0.2621,0.2518
26253,34.11904624351001,35.70266353178718,2026-10-06,0.1747,0.1813,0.1844,0.1813
26253,34.11904624351001,35.70266353178718,2026-10-07,0.1553,0.1712,0.165,0.1612
26253,34.11904624351001,35.70266353178718,2026-10-08,0.1553,0.1712,0.2232,0.1712
26253,34.11904624351001,35.70266353178718,2026-10-09,0.1553,0.1612,0.1844,0.1612
26253,34.11904624351001,35.70266353178718,2026-10-10,0.1456,0.1511,0.165,0.1612
26253,34.11904624351001,35.70266353178718,2026-10-11,0.1456,0.1511,0.1553,0.1511
26129,34.10958497652855,35.67315424956245,2026-10-05,0.2316,0.2296,0.2719,0.2496
26129,34.10958497652855,35.67315424956245,2026-10-06,0.1813,0.1797,0.1913,0.1797
26129,34.10958497652855,35.67315424956245,2026-10-07,0.1611,0.1697,0.1712,0.1597
26129,34.10958497652855,35.67315424956245,2026-10-08,0.1611,0.1697,0.2316,0.1697
26129,34.10958497652855,35.67315424956245,2026-10-09,0.1611,0.1597,0.1913,0.1597
26129,34.10958497652855,35.67315424956245,2026-10-10,0.1511,0.1497,0.1712,0.1597
26129,34.10958497652855,35.67315424956245,2026-10-11,0.1511,0.1497,0.1611,0.1497
26224,34.113528581667865,35.746352475727726,2026-10-05,0.2145,0.2339,0.2518,0.2542
26224,34.113528581667865,35.746352475727726,2026-10-06,0.1679,0.183,0.1772,0.183
26224,34.113528581667865,35.746352475727726,2026-10-07,0.1492,0.1729,0.1586,0.1627
26224,34.113528581667865,35.746352475727726,2026-10-08,0.1492,0.1729,0.2145,0.1729
26224,34.113528581667865,35.746352475727726,2026-10-09,0.1492,0.1627,0.1772,0.1627
26224,34.113528581667865,35.746352475727726,2026-10-10,0.1399,0.1525,0.1586,0.1627
26224,34.113528581667865,35.746352475727726,2026-10-11,0.1399,0.1525,0.1492,0.1525
26341,34.10969813320819,35.87958601327457,2026-10-05,0.23,0.23,0.27,0.25
26341,34.10969813320819,35.87958601327457,2026-10-06,0.18,0.18,0.19,0.18
26341,34.10969813320819,35.87958601327457,2026-10-07,0.16,0.17,0.17,0.16
26341,34.10969813320819,35.87958601327457,2026-10-08,0.16,0.17,0.23,0.17
26341,34.10969813320819,35.87958601327457,2026-10-09,0.16,0.16,0.19,0.16
26341,34.10969813320819,35.87958601327457,2026-10-10,0.15,0.15,0.17,0.16
26341,34.10969813320819,35.87958601327457,2026-10-11,0.15,0.15,0.16,0.15
26311,34.09472638635415,35.83548488176793,2026-10-05,0.2279,0.2305,0.2675,0.2506
26311,34.09472638635415,35.83548488176793,2026-10-06,0.1783,0.1804,0.1882,0.1804
26311,34.09472638635415,35.83548488176793,2026-10-07,0.1585,0.1704,0.1684,0.1604
26311,34.09472638635415,35.83548488176793,2026-10-08,0.1585,0.1704,0.2279,0.1704
26311,34.09472638635415,35.83548488176793,2026-10-09,0.1585,0.1604,0.1882,0.1604
26311,34.09472638635415,35.83548488176793,2026-10-10,0.1486,0.1503,0.1684,0.1604
26311,34.09472638635415,35.83548488176793,2026-10-11,0.1486,0.1503,0.1585,0.1503
26215,34.10888648373263,35.754307697108615,2026-10-05,0.2647,0.2213,0.3107,0.2406
26215,34.10888648373263,35.754307697108615,2026-10-06,0.2071,0.1732,0.2186,0.1732
26215,34.10888648373263,35.754307697108615,2026-10-07,0.1841,0.1636,0.1956,0.154
26215,34.10888648373263,35.754307697108615,2026-10-08,0.1841,0.1636,0.2647,0.1636
26215,34.10888648373263,35.754307697108615,2026-10-09,0.1841,0.154,0.2186,0.154
26215,34.10888648373263,35.754307697108615,2026-10-10,0.1726,0.1443,0.1956,0.154
26215,34.10888648373263,35.754307697108615,2026-10-11,0.1726,0.1443,0.1841,0.1443
26212,34.111023841125586,35.785693872672,2026-10-05,0.2095,0.2351,0.246,0.2556
26212,34.111023841125586,35.785693872672,2026-10-06,0.164,0.184,0.1731,0.184
26212,34.111023841125586,35.785693872672,2026-10-07,0.1458,0.1738,0.1549,0.1636
26212,34.111023841125586,35.785693872672,2026-10-08,0.1458,0.1738,0.2095,0.1738
26212,34.111023841125586,35.785693872672,2026-10-09,0.1458,0.1636,0.1731,0.1636
26212,34.111023841125586,35.785693872672,2026-10-10,0.1367,0.1533,0.1549,0.1636
26212,34.111023841125586,35.785693872672,2026-10-11,0.1367,0.1533,0.1458,0.1533
26123,34.10944853496018,35.657095213342714,2026-10-05,0.2472,0.2257,0.2902,0.2453
26123,34.10944853496018,35.657095213342714,2026-10-06,0.1935,0.1766,0.2042,0.1766
26123,34.10944853496018,35.657095213342714,2026-10-07,0.172,0.1668,0.1827,0.157
26123,34.10944853496018,35.657095213342714,2026-10-08,0.172,0.1668,0.2472,0.1668
26123,34.10944853496018,35.657095213342714,2026-10-09,0.172,0.157,0.2042,0.157
26123,34.10944853496018,35.657095213342714,2026-10-10,0.1612,0.1472,0.1827,0.157
26123,34.10944853496018,35.657095213342714,2026-10-11,0.1612,0.1472,0.172,0.1472
26117,34.104963148692406,35.657725948262886,2026-10-05,0.2542,0.224,0.2984,0.2434
26117,34.104963148692406,35.657725948262886,2026-10-06,0.1989,0.1753,0.21,0.1753
26117,34.104963148692406,35.657725948262886,2026-10-07,0.1768,0.1655,0.1879,0.1558
26117,34.104963148692406,35.657725948262886,2026-10-08,0.1768,0.1655,0.2542,0.1655
26117,34.104963148692406,35.657725948262886,2026-10-09,0.1768,0.1558,0.21,0.1558
26117,34.104963148692406,35.657725948262886,2026-10-10,0.1658,0.1461,0.1879,0.1558
26117,34.104963148692406,35.657725948262886,2026-10-11,0.1658,0.1461,0.1768,0.1461
26244,34.103109649332644,35.709980438894746,2026-10-05,0.2609,0.2223,0.3063,0.2416
26244,34.103109649332644,35.709980438894746,2026-10-06,0.2042,0.174,0.2155,0.174
26244,34.103109649332644,35.709980438894746,2026-10-07,0.1815,0.1643,0.1928,0.1546
26244,34.103109649332644,35.709980438894746,2026-10-08,0.1815,0.1643,0.2609,0.1643
26244,34.103109649332644,35.709980438894746,2026-10-09,0.1815,0.1546,0.2155,0.1546
26244,34.103109649332644,35.709980438894746,2026-10-10,0.1701,0.145,0.1928,0.1546
26244,34.103109649332644,35.709980438894746,2026-10-11,0.1701,0.145,0.1815,0.145
26217,34.10126718690366,35.75601831716434,2026-10-05,0.2132,0.2342,0.2502,0.2546
26217,34.10126718690366,35.75601831716434,2026-10-06,0.1668,0.1833,0.1761,0.1833
26217,34.10126718690366,35.75601831716434,2026-10-07,0.1483,0.1731,0.1576,0.1629
26217,34.10126718690366,35.75601831716434,2026-10-08,0.1483,0.1731,0.2132,0.1731
26217,34.10126718690366,35.75601831716434,2026-10-09,0.1483,0.1629,0.1761,0.1629
26217,34.10126718690366,35.75601831716434,2026-10-10,0.139,0.1527,0.1576,0.1629
26217,34.10126718690366,35.75601831716434,2026-10-11,0.139,0.1527,0.1483,0.1527
26347,34.09809893345379,35.88476682058214,2026-10-05,0.2732,0.2192,0.3207,0.2383
26347,34.09809893345379,35.88476682058214,2026-10-06,0.2138,0.1715,0.2257,0.1715
26347,34.09809893345379,35.88476682058214,2026-10-07,0.1901,0.162,0.2019,0.1525
26347,34.09809893345379,35.88476682058214,2026-10-08,0.1901,0.162,0.2732,0.162
26347,34.09809893345379,35.88476682058214,2026-10-09,0.1901,0.1525,0.2257,0.1525
26347,34.09809893345379,35.88476682058214,2026-10-10,0.1782,0.143,0.2019,0.1525
26347,34.09809893345379,35.88476682058214,2026-10-11,0.1782,0.143,0.1901,0.143
53467,34.083624088904656,36.09860384341585,2026-10-05,0.2598,0.2226,0.305,0.2419
53467,34.083624088904656,36.09860384341585,2026-10-06,0.2033,0.1742,0.2146,0.1742
53467,34.083624088904656,36.09860384341585,2026-10-07,0.1807,0.1645,0.192,0.1548
53467,34.083624088904656,36.09860384341585,2026-10-08,0.1807,0.1645,0.2598,0.1645
53467,34.083624088904656,36.09860384341585,2026-10-09,0.1807,0.1548,0.2146,0.1548
53467,34.083624088904656,36.09860384341585,2026-10-10,0.1694,0.1451,0.192,0.1548
53467,34.083624088904656,36.09860384341585,2026-10-11,0.1694,0.1451,0.1807,0.1451
26229,34.09517207164894,35.74179060287308,2026-10-05,0.2565,0.2234,0.3011,0.2428
26229,34.09517207164894,35.74179060287308,2026-10-06,0.2007,0.1748,0.2119,0.1748
26229,34.09517207164894,35.74179060287308,2026-10-07,0.1784,0.1651,0.1896,0.1554
26229,34.09517207164894,35.74179060287308,2026-10-08,0.1784,0.1651,0.2565,0.1651
26229,34.09517207164894,35.74179060287308,2026-10-09,0.1784,0.1554,0.2119,0.1554
26229,34.09517207164894,35.74179060287308,2026-10-10,0.1673,0.1457,0.1896,0.1554
26229,34.09517207164894,35.74179060287308,2026-10-11,0.1673,0.1457,0.1784,0.1457
26147,34.089457701175526,35.663943320451864,2026-10-05,0.2599,0.2225,0.3051,0.2419
26147,34.089457701175526,35.663943320451864,2026-10-06,0.2034,0.1742,0.2147,0.1742
26147,34.089457701175526,35.663943320451864,2026-10-07,0.1808,0.1645,0.1921,0.1548
26147,34.089457701175526,35.663943320451864,2026-10-08,0.1808,0.1645,0.2599,0.1645
26147,34.089457701175526,35.663943320451864,2026-10-09,0.1808,0.1548,0.2147,0.1548
26147,34.089457701175526,35.663943320451864,2026-10-10,0.1695,0.1451,0.1921,0.1548
26147,34.089457701175526,35.663943320451864,2026-10-11,0.1695,0.1451,0.1808,0.1451
53155,34.071798608995884,36.205824471133845,2026-10-05,0.2243,0.2314,0.2634,0.2515
53155,34.071798608995884,36.205824471133845,2026-10-06,0.1756,0.1811,0.1853,0.1811
53155,34.071798608995884,36.205824471133845,2026-10-07,0.1561,0.171,0.1658,0.161
53155,34.071798608995884,36.205824471133845,2026-10-08,0.1561,0.171,0.2243,0.171
53155,34.071798608995884,36.205824471133845,2026-10-09,0.1561,0.161,0.1853,0.161
53155,34.071798608995884,36.205824471133845,2026-10-10,0.1463,0.1509,0.1658,0.161
53155,34.071798608995884,36.205824471133845,2026-10-11,0.1463,0.1509,0.1561,0.1509
26246,34.09497462865666,35.70891131250291,2026-10-05,0.2677,0.2206,0.3143,0.2398
26246,34.09497462865666,35.70891131250291,2026-10-06,0.2095,0.1726,0.2212,0.1726
26246,34.09497462865666,35.70891131250291,2026-10-07,0.1862,0.163,0.1979,0.1534
26246,34.09497462865666,35.70891131250291,2026-10-08,0.1862,0.163,0.2677,0.163
26246,34.09497462865666,35.70891131250291,2026-10-09,0.1862,0.1534,0.2212,0.1534
26246,34.09497462865666,35.70891131250291,2026-10-10,0.1746,0.1439,0.1979,0.1534
26246,34.09497462865666,35.70891131250291,2026-10-11,0.1746,0.1439,0.1862,0.1439
26299,34.09596420936464,35.756187328593725,2026-10-05,0.2772,0.2182,0.3254,0.2372
26299,34.09596420936464,35.756187328593725,2026-10-06,0.2169,0.1708,0.229,0.1708
26299,34.09596420936464,35.756187328593725,2026-10-07,0.1928,0.1613,0.2049,0.1518
26299,34.09596420936464,35.756187328593725,2026-10-08,0.1928,0.1613,0.2772,0.1613
26299,34.09596420936464,35.756187328593725,2026-10-09,0.1928,0.1518,0.229,0.1518
26299,34.09596420936464,35.756187328593725,2026-10-10,0.1808,0.1423,0.2049,0.1518
26299,34.09596420936464,35.756187328593725,2026-10-11,0.1808,0.1423,0.1928,0.1423
53143,34.052483386740974,36.30256477426397,2026-10-05,0.1949,0.2388,0.2287,0.2596
53143,34.052483386740974,36.30256477426397,2026-10-06,0.1525,0.1869,0.161,0.1869
53143,34.052483386740974,36.30256477426397,2026-10-07,0.1355,0.1765,0.144,0.1661
53143,34.052483386740974,36.30256477426397,2026-10-08,0.1355,0.1765,0.1949,0.1765
53143,34.052483386740974,36.30256477426397,2026-10-09,0.1355,0.1661,0.161,0.1661
53143,34.052483386740974,36.30256477426397,2026-10-10,0.1271,0.1557,0.144,0.1661
53143,34.052483386740974,36.30256477426397,2026-10-11,0.1271,0.1557,0.1355,0.1557
53459,34.06696128181356,36.05440112018954,2026-10-05,0.2617,0.2221,0.3072,0.2414
53459,34.06696128181356,36.05440112018954,2026-10-06,0.2048,0.1738,0.2162,0.1738
53459,34.06696128181356,36.05440112018954,2026-10-07,0.182,0.1641,0.1934,0.1545
53459,34.06696128181356,36.05440112018954,2026-10-08,0.182,0.1641,0.2617,0.1641
53459,34.06696128181356,36.05440112018954,2026-10-09,0.182,0.1545,0.2162,0.1545
53459,34.06696128181356,36.05440112018954,2026-10-10,0.1707,0.1448,0.1934,0.1545
53459,34.06696128181356,36.05440112018954,2026-10-11,0.1707,0.1448,0.182,0.1448
26221,34.09189600966061,35.76140943384276,2026-10-05,0.2491,0.2252,0.2925,0.2448
26221,34.09189600966061,35.76140943384276,2026-10-06,0.195,0.1763,0.2058,0.1763
26221,34.09189600966061,35.76140943384276,2026-10-07,0.1733,0.1665,0.1841,0.1567
26221,34.09189600966061,35.76140943384276,2026-10-08,0.1733,0.1665,0.2491,0.1665
26221,34.09189600966061,35.76140943384276,2026-10-09,0.1733,0.1567,0.2058,0.1567
26221,34.09189600966061,35.76140943384276,2026-10-10,0.1625,0.1469,0.1841,0.1567
26221,34.09189600966061,35.76140943384276,2026-10-11,0.1625,0.1469,0.1733,0.1469
26266,34.08557090498064,35.709341078623176,2026-10-05,0.2188,0.2328,0.2569,0.253
26266,34.08557090498064,35.709341078623176,2026-10-06,0.1712,0.1822,0.1808,0.1822
26266,34.08557090498064,35.709341078623176,2026-10-07,0.1522,0.1721,0.1617,0.1619
26266,34.08557090498064,35.709341078623176,2026-10-08,0.1522,0.1721,0.2188,0.1721
26266,34.08557090498064,35.709341078623176,2026-10-09,0.1522,0.1619,0.1808,0.1619
26266,34.08557090498064,35.709341078623176,2026-10-10,0.1427,0.1518,0.1617,0.1619
26266,34.08557090498064,35.709341078623176,2026-10-11,0.1427,0.1518,0.1522,0.1518
26239,34.08217350257341,35.72751626899966,2026-10-05,0.2085,0.2354,0.2448,0.2558
26239,34.08217350257341,35.72751626899966,2026-10-06,0.1632,0.1842,0.1722,0.1842
26239,34.08217350257341,35.72751626899966,2026-10-07,0.145,0.174,0.1541,0.1637
26239,34.08217350257341,35.72751626899966,2026-10-08,0.145,0.174,0.2085,0.174
26239,34.08217350257341,35.72751626899966,2026-10-09,0.145,0.1637,0.1722,0.1637
26239,34.08217350257341,35.72751626899966,2026-10-10,0.136,0.1535,0.1541,0.1637
26239,34.08217350257341,35.72751626899966,2026-10-11,0.136,0.1535,0.145,0.1535
53457,34.06165582048871,35.991411532469,2026-10-05,0.2446,0.2264,0.2871,0.246
53457,34.06165582048871,35.991411532469,2026-10-06,0.1914,0.1772,0.202,0.1772
53457,34.06165582048871,35.991411532469,2026-10-07,0.1701,0.1673,0.1808,0.1575
53457,34.06165582048871,35.991411532469,2026-10-08,0.1701,0.1673,0.2446,0.1673
53457,34.06165582048871,35.991411532469,2026-10-09,0.1701,0.1575,0.202,0.1575
53457,34.06165582048871,35.991411532469,2026-10-10,0.1595,0.1476,0.1808,0.1575
53457,34.06165582048871,35.991411532469,2026-10-11,0.1595,0.1476,0.1701,0.1476
26231,34.08241555756176,35.74575078596635,2026-10-05,0.2351,0.2287,0.2759,0.2486
26231,34.08241555756176,35.74575078596635,2026-10-06,0.184,0.179,0.1942,0.179
26231,34.08241555756176,35.74575078596635,2026-10-07,0.1635,0.1691,0.1737,0.1591
26231,34.08241555756176,35.74575078596635,2026-10-08,0.1635,0.1691,0.2351,0.1691
26231,34.08241555756176,35.74575078596635,2026-10-09,0.1635,0.1591,0.1942,0.1591
26231,34.08241555756176,35.74575078596635,2026-10-10,0.1533,0.1492,0.1737,0.1591
26231,34.08241555756176,35.74575078596635,2026-10-11,0.1533,0.1492,0.1635,0.1492
25369,34.07791625611619,35.692545297926564,2026-10-05,0.2337,0.2291,0.2744,0.249
25369,34.07791625611619,35.692545297926564,2026-10-06,0.1829,0.1793,0.1931,0.1793
25369,34.07791625611619,35.692545297926564,2026-10-07,0.1626,0.1693,0.1727,0.1594
25369,34.07791625611619,35.692545297926564,2026-10-08,0.1626,0.1693,0.2337,0.1693
25369,34.07791625611619,35.692545297926564,2026-10-09,0.1626,0.1594,0.1931,0.1594
25369,34.07791625611619,35.692545297926564,2026-10-10,0.1524,0.1494,0.1727,0.1594
25369,34.07791625611619,35.692545297926564,2026-10-11,0.1524,0.1494,0.1626,0.1494
26331,34.06924589291909,35.84663314791269,2026-10-05,0.1999,0.2375,0.2347,0.2582
26331,34.06924589291909,35.84663314791269,2026-10-06,0.1565,0.1859,0.1652,0.1859
26331,34.06924589291909,35.84663314791269,2026-10-07,0.1391,0.1756,0.1478,0.1652
26331,34.06924589291909,35.84663314791269,2026-10-08,0.1391,0.1756,0.1999,0.1756
26331,34.06924589291909,35.84663314791269,2026-10-09,0.1391,0.1652,0.1652,0.1652
26331,34.06924589291909,35.84663314791269,2026-10-10,0.1304,0.1549,0.1478,0.1652
26331,34.06924589291909,35.84663314791269,2026-10-11,0.1304,0.1549,0.1391,0.1549
25373,34.06857855405232,35.736031749735936,2026-10-05,0.1964,0.2384,0.2306,0.2591
25373,34.06857855405232,35.736031749735936,2026-10-06,0.1537,0.1866,0.1623,0.1866
25373,34.06857855405232,35.736031749735936,2026-10-07,0.1366,0.1762,0.1452,0.1658
25373,34.06857855405232,35.736031749735936,2026-10-08,0.1366,0.1762,0.1964,0.1762
25373,34.06857855405232,35.736031749735936,2026-10-09,0.1366,0.1658,0.1623,0.1658
25373,34.06857855405232,35.736031749735936,2026-10-10,0.1281,0.1555,0.1452,0.1658
25373,34.06857855405232,35.736031749735936,2026-10-11,0.1281,0.1555,0.1366,0.1555
53123,34.047445064538586,36.16308377394541,2026-10-05,0.2501,0.225,0.2936,0.2445
53123,34.047445064538586,36.16308377394541,2026-10-06,0.1957,0.1761,0.2066,0.1761
53123,34.047445064538586,36.16308377394541,2026-10-07,0.174,0.1663,0.1849,0.1565
53123,34.047445064538586,36.16308377394541,2026-10-08,0.174,0.1663,0.2501,0.1663
53123,34.047445064538586,36.16308377394541,2026-10-09,0.174,0.1565,0.2066,0.1565
53123,34.047445064538586,36.16308377394541,2026-10-10,0.1631,0.1467,0.1849,0.1565
53123,34.047445064538586,36.16308377394541,2026-10-11,0.1631,0.1467,0.174,0.1467
26337,34.08031362485345,35.871397118129664,2026-10-05,0.2039,0.2365,0.2394,0.2571
26337,34.08031362485345,35.871397118129664,2026-10-06,0.1596,0.1851,0.1684,0.1851
26337,34.08031362485345,35.871397118129664,2026-10-07,0.1419,0.1748,0.1507,0.1645
26337,34.08031362485345,35.871397118129664,2026-10-08,0.1419,0.1748,0.2039,0.1748
26337,34.08031362485345,35.871397118129664,2026-10-09,0.1419,0.1645,0.1684,0.1645
26337,34.08031362485345,35.871397118129664,2026-10-10,0.133,0.1543,0.1507,0.1645
26337,34.08031362485345,35.871397118129664,2026-10-11,0.133,0.1543,0.1419,0.1543
25181,34.07028723566624,35.66033950502708,2026-10-05,0.2329,0.2293,0.2734,0.2492
25181,34.07028723566624,35.66033950502708,2026-10-06,0.1823,0.1794,0.1924,0.1794
25181,34.07028723566624,35.66033950502708,2026-10-07,0.162,0.1695,0.1722,0.1595
25181,34.07028723566624,35.66033950502708,2026-10-08,0.162,0.1695,0.2329,0.1695
25181,34.07028723566624,35.66033950502708,2026-10-09,0.162,0.1595,0.1924,0.1595
25181,34.07028723566624,35.66033950502708,2026-10-10,0.1519,0.1495,0.1722,0.1595
25181,34.07028723566624,35.66033950502708,2026-10-11,0.1519,0.1495,0.162,0.1495
25357,34.070560178616006,35.67729040691434,2026-10-05,0.2553,0.2237,0.2998,0.2431
25357,34.070560178616006,35.67729040691434,2026-10-06,0.1998,0.175,0.2109,0.175
25357,34.070560178616006,35.67729040691434,2026-10-07,0.1776,0.1653,0.1887,0.1556
25357,34.070560178616006,35.67729040691434,2026-10-08,0.1776,0.1653,0.2553,0.1653
25357,34.070560178616006,35.67729040691434,2026-10-09,0.1776,0.1556,0.2109,0.1556
25357,34.070560178616006,35.67729040691434,2026-10-10,0.1665,0.1459,0.1887,0.1556
25357,34.070560178616006,35.67729040691434,2026-10-11,0.1665,0.1459,0.1776,0.1459
25353,34.069785995180794,35.695824370894925,2026-10-05,0.2445,0.2264,0.287,0.2461
25353,34.069785995180794,35.695824370894925,2026-10-06,0.1913,0.1772,0.202,0.1772
25353,34.069785995180794,35.695824370894925,2026-10-07,0.1701,0.1673,0.1807,0.1575
25353,34.069785995180794,35.695824370894925,2026-10-08,0.1701,0.1673,0.2445,0.1673
25353,34.069785995180794,35.695824370894925,2026-10-09,0.1701,0.1575,0.202,0.1575
25353,34.069785995180794,35.695824370894925,2026-10-10,0.1594,0.1476,0.1807,0.1575
25353,34.069785995180794,35.695824370894925,2026-10-11,0.1594,0.1476,0.1701,0.1476
26171,34.06698240089909,35.6494161079839,2026-10-05,0.2394,0.2277,0.281,0.2475
26171,34.06698240089909,35.6494161079839,2026-10-06,0.1873,0.1782,0.1977,0.1782
26171,34.06698240089909,35.6494161079839,2026-10-07,0.1665,0.1683,0.1769,0.1584
26171,34.06698240089909,35.6494161079839,2026-10-08,0.1665,0.1683,0.2394,0.1683
26171,34.06698240089909,35.6494161079839,2026-10-09,0.1665,0.1584,0.1977,0.1584
26171,34.06698240089909,35.6494161079839,2026-10-10,0.1561,0.1485,0.1769,0.1584
26171,34.06698240089909,35.6494161079839,2026-10-11,0.1561,0.1485,0.1665,0.1485
25365,34.06426589471057,35.71432250917637,2026-10-05,0.2377,0.2281,0.2791,0.2479
25365,34.06426589471057,35.71432250917637,2026-10-06,0.186,0.1785,0.1964,0.1785
25365,34.06426589471057,35.71432250917637,2026-10-07,0.1654,0.1686,0.1757,0.1587
25365,34.06426589471057,35.71432250917637,2026-10-08,0.1654,0.1686,0.2377,0.1686
25365,34.06426589471057,35.71432250917637,2026-10-09,0.1654,0.1587,0.1964,0.1587
25365,34.06426589471057,35.71432250917637,2026-10-10,0.155,0.1487,0.1757,0.1587
25365,34.06426589471057,35.71432250917637,2026-10-11,0.155,0.1487,0.1654,0.1487
25361,34.06345737455487,35.70358708815613,2026-10-05,0.1989,0.2378,0.2335,0.2584
25361,34.06345737455487,35.70358708815613,2026-10-06,0.1557,0.1861,0.1643,0.1861
25361,34.06345737455487,35.70358708815613,2026-10-07,0.1384,0.1757,0.147,0.1654
25361,34.06345737455487,35.70358708815613,2026-10-08,0.1384,0.1757,0.1989,0.1757
25361,34.06345737455487,35.70358708815613,2026-10-09,0.1384,0.1654,0.1643,0.1654
25361,34.06345737455487,35.70358708815613,2026-10-10,0.1297,0.1551,0.147,0.1654
25361,34.06345737455487,35.70358708815613,2026-10-11,0.1297,0.1551,0.1384,0.1551
25371,34.058081375306415,35.75824767271767,2026-10-05,0.1975,0.2381,0.2318,0.2588
25371,34.058081375306415,35.75824767271767,2026-10-06,0.1545,0.1864,0.1631,0.1864
25371,34.058081375306415,35.75824767271767,2026-10-07,0.1374,0.176,0.1459,0.1657
25371,34.058081375306415,35.75824767271767,2026-10-08,0.1374,0.176,0.1975,0.176
25371,34.058081375306415,35.75824767271767,2026-10-09,0.1374,0.1657,0.1631,0.1657
25371,34.058081375306415,35.75824767271767,2026-10-10,0.1288,0.1553,0.1459,0.1657
25371,34.058081375306415,35.75824767271767,2026-10-11,0.1288,0.1553,0.1374,0.1553
25375,34.06132811223384,35.675350155826465,2026-10-05,0.218,0.233,0.2559,0.2533
25375,34.06132811223384,35.675350155826465,2026-10-06,0.1706,0.1823,0.1801,0.1823
25375,34.06132811223384,35.675350155826465,2026-10-07,0.1517,0.1722,0.1611,0.1621
25375,34.06132811223384,35.675350155826465,2026-10-08,0.1517,0.1722,0.218,0.1722
25375,34.06132811223384,35.675350155826465,2026-10-09,0.1517,0.1621,0.1801,0.1621
25375,34.06132811223384,35.675350155826465,2026-10-10,0.1422,0.152,0.1611,0.1621
25375,34.06132811223384,35.675350155826465,2026-10-11,0.1422,0.152,0.1517,0.152
25363,34.05527258661878,35.720405001410676,2026-10-05,0.2413,0.2272,0.2833,0.2469
25363,34.05527258661878,35.720405001410676,2026-10-06,0.1888,0.1778,0.1993,0.1778
25363,34.05527258661878,35.720405001410676,2026-10-07,0.1679,0.1679,0.1783,0.158
25363,34.05527258661878,35.720405001410676,2026-10-08,0.1679,0.1679,0.2413,0.1679
25363,34.05527258661878,35.720405001410676,2026-10-09,0.1679,0.158,0.1993,0.158
25363,34.05527258661878,35.720405001410676,2026-10-10,0.1574,0.1482,0.1783,0.158
25363,34.05527258661878,35.720405001410676,2026-10-11,0.1574,0.1482,0.1679,0.1482
25341,34.052389502631684,35.67168617278286,2026-10-05,0.2793,0.2177,0.3279,0.2366
25341,34.052389502631684,35.67168617278286,2026-10-06,0.2186,0.1704,0.2307,0.1704
25341,34.052389502631684,35.67168617278286,2026-10-07,0.1943,0.1609,0.2064,0.1514
25341,34.052389502631684,35.67168617278286,2026-10-08,0.1943,0.1609,0.2793,0.1609
25341,34.052389502631684,35.67168617278286,2026-10-09,0.1943,0.1514,0.2307,0.1514
25341,34.052389502631684,35.67168617278286,2026-10-10,0.1822,0.142,0.2064,0.1514
25341,34.052389502631684,35.67168617278286,2026-10-11,0.1822,0.142,0.1943,0.142
25331,34.05705489977853,35.698521376309905,2026-10-05,0.2656,0.2211,0.3118,0.2403
25331,34.05705489977853,35.698521376309905,2026-10-06,0.2079,0.173,0.2194,0.173
25331,34.05705489977853,35.698521376309905,2026-10-07,0.1848,0.1634,0.1963,0.1538
25331,34.05705489977853,35.698521376309905,2026-10-08,0.1848,0.1634,0.2656,0.1634
25331,34.05705489977853,35.698521376309905,2026-10-09,0.1848,0.1538,0.2194,0.1538
25331,34.05705489977853,35.698521376309905,2026-10-10,0.1732,0.1442,0.1963,0.1538
25331,34.05705489977853,35.698521376309905,2026-10-11,0.1732,0.1442,0.1848,0.1442
25171,34.05231209468055,35.648722667445405,2026-10-05,0.2023,0.2369,0.2374,0.2575
25171,34.05231209468055,35.648722667445405,2026-10-06,0.1583,0.1854,0.1671,0.1854
25171,34.05231209468055,35.648722667445405,2026-10-07,0.1407,0.1751,0.1495,0.1648
25171,34.05231209468055,35.648722667445405,2026-10-08,0.1407,0.1751,0.2023,0.1751
25171,34.05231209468055,35.648722667445405,2026-10-09,0.1407,0.1648,0.1671,0.1648
25171,34.05231209468055,35.648722667445405,2026-10-10,0.1319,0.1545,0.1495,0.1648
25171,34.05231209468055,35.648722667445405,2026-10-11,0.1319,0.1545,0.1407,0.1545
25331,34.04866026260631,35.68286360753775,2026-10-05,0.2659,0.221,0.3121,0.2402
25331,34.04866026260631,35.68286360753775,2026-10-06,0.2081,0.173,0.2196,0.173
25331,34.04866026260631,35.68286360753775,2026-10-07,0.185,0.1634,0.1965,0.1538
25331,34.04866026260631,35.68286360753775,2026-10-08,0.185,0.1634,0.2659,0.1634
25331,34.04866026260631,35.68286360753775,2026-10-09,0.185,0.1538,0.2196,0.1538
25331,34.04866026260631,35.68286360753775,2026-10-10,0.1734,0.1441,0.1965,0.1538
25331,34.04866026260631,35.68286360753775,2026-10-11,0.1734,0.1441,0.185,0.1441
25459,34.03077737415449,35.773964490634995,2026-10-05,0.2451,0.2262,0.2877,0.2459
25459,34.03077737415449,35.773964490634995,2026-10-06,0.1918,0.1771,0.2024,0.1771
25459,34.03077737415449,35.773964490634995,2026-10-07,0.1705,0.1672,0.1811,0.1574
25459,34.03077737415449,35.773964490634995,2026-10-08,0.1705,0.1672,0.2451,0.1672
25459,34.03077737415449,35.773964490634995,2026-10-09,0.1705,0.1574,0.2024,0.1574
25459,34.03077737415449,35.773964490634995,2026-10-10,0.1598,0.1475,0.1811,0.1574
25459,34.03077737415449,35.773964490634995,2026-10-11,0.1598,0.1475,0.1705,0.1475
25166,34.044731874366455,35.645018772756444,2026-10-05,0.2438,0.2265,0.2863,0.2462
25166,34.044731874366455,35.645018772756444,2026-10-06,0.1908,0.1773,0.2014,0.1773
25166,34.044731874366455,35.645018772756444,2026-10-07,0.1696,0.1674,0.1802,0.1576
25166,34.044731874366455,35.645018772756444,2026-10-08,0.1696,0.1674,0.2438,0.1674
25166,34.044731874366455,35.645018772756444,2026-10-09,0.1696,0.1576,0.2014,0.1576
25166,34.044731874366455,35.645018772756444,2026-10-10,0.159,0.1477,0.1802,0.1576
25166,34.044731874366455,35.645018772756444,2026-10-11,0.159,0.1477,0.1696,0.1477
25463,34.039349158347655,35.7652497474114,2026-10-05,0.2372,0.2282,0.2785,0.248
25463,34.039349158347655,35.7652497474114,2026-10-06,0.1856,0.1786,0.196,0.1786
25463,34.039349158347655,35.7652497474114,2026-10-07,0.165,0.1687,0.1753,0.1587
25463,34.039349158347655,35.7652497474114,2026-10-08,0.165,0.1687,0.2372,0.1687
25463,34.039349158347655,35.7652497474114,2026-10-09,0.165,0.1587,0.196,0.1587
25463,34.039349158347655,35.7652497474114,2026-10-10,0.1547,0.1488,0.1753,0.1587
25463,34.039349158347655,35.7652497474114,2026-10-11,0.1547,0.1488,0.165,0.1488
25355,34.04614345990519,35.70943302053186,2026-10-05,0.2482,0.2255,0.2913,0.2451
25355,34.04614345990519,35.70943302053186,2026-10-06,0.1942,0.1764,0.205,0.1764
25355,34.04614345990519,35.70943302053186,2026-10-07,0.1726,0.1666,0.1834,0.1568
25355,34.04614345990519,35.70943302053186,2026-10-08,0.1726,0.1666,0.2482,0.1666
25355,34.04614345990519,35.70943302053186,2026-10-09,0.1726,0.1568,0.205,0.1568
25355,34.04614345990519,35.70943302053186,2026-10-10,0.1619,0.147,0.1834,0.1568
25355,34.04614345990519,35.70943302053186,2026-10-11,0.1619,0.147,0.1726,0.147
25329,34.03445985527707,35.68664941356184,2026-10-05,0.2159,0.2335,0.2534,0.2538
25329,34.03445985527707,35.68664941356184,2026-10-06,0.1689,0.1828,0.1783,0.1828
25329,34.03445985527707,35.68664941356184,2026-10-07,0.1502,0.1726,0.1596,0.1625
25329,34.03445985527707,35.68664941356184,2026-10-08,0.1502,0.1726,0.2159,0.1726
25329,34.03445985527707,35.68664941356184,2026-10-09,0.1502,0.1625,0.1783,0.1625
25329,34.03445985527707,35.68664941356184,2026-10-10,0.1408,0.1523,0.1596,0.1625
25329,34.03445985527707,35.68664941356184,2026-10-11,0.1408,0.1523,0.1502,0.1523
25343,34.04036161035928,35.70497008926284,2026-10-05,0.2103,0.2349,0.2469,0.2553
25343,34.04036161035928,35.70497008926284,2026-10-06,0.1646,0.1838,0.1737,0.1838
25343,34.04036161035928,35.70497008926284,2026-10-07,0.1463,0.1736,0.1555,0.1634
25343,34.04036161035928,35.70497008926284,2026-10-08,0.1463,0.1736,0.2103,0.1736
25343,34.04036161035928,35.70497008926284,2026-10-09,0.1463,0.1634,0.1737,0.1634
25343,34.04036161035928,35.70497008926284,2026-10-10,0.1372,0.1532,0.1555,0.1634
25343,34.04036161035928,35.70497008926284,2026-10-11,0.1372,0.1532,0.1463,0.1532
25471,34.028464404235805,35.80383615121114,2026-10-05,0.2405,0.2274,0.2823,0.2472
25471,34.028464404235805,35.80383615121114,2026-10-06,0.1882,0.178,0.1986,0.178
25471,34.028464404235805,35.80383615121114,2026-10-07,0.1673,0.1681,0.1777,0.1582
25471,34.028464404235805,35.80383615121114,2026-10-08,0.1673,0.1681,0.2405,0.1681
25471,34.028464404235805,35.80383615121114,2026-10-09,0.1673,0.1582,0.1986,0.1582
25471,34.028464404235805,35.80383615121114,2026-10-10,0.1568,0.1483,0.1777,0.1582
25471,34.028464404235805,35.80383615121114,2026-10-11,0.1568,0.1483,0.1673,0.1483
0,34.04998297953483,36.44205725374936,2026-10-05,0.2041,0.2365,0.2396,0.257
0,34.04998297953483,36.44205725374936,2026-10-06,0.1598,0.1851,0.1686,0.1851
0,34.04998297953483,36.44205725374936,2026-10-07,0.142,0.1748,0.1509,0.1645
0,34.04998297953483,36.44205725374936,2026-10-08,0.142,0.1748,0.2041,0.1748
0,34.04998297953483,36.44205725374936,2026-10-09,0.142,0.1645,0.1686,0.1645
0,34.04998297953483,36.44205725374936,2026-10-10,0.1331,0.1542,0.1509,0.1645
0,34.04998297953483,36.44205725374936,2026-10-11,0.1331,0.1542,0.142,0.1542
25161,34.03579361870195,35.6387993669602,2026-10-05,0.2129,0.2343,0.25,0.2546
25161,34.03579361870195,35.6387993669602,2026-10-06,0.1666,0.1833,0.1759,0.1833
25161,34.03579361870195,35.6387993669602,2026-10-07,0.1481,0.1732,0.1574,0.163
25161,34.03579361870195,35.6387993669602,2026-10-08,0.1481,0.1732,0.2129,0.1732
25161,34.03579361870195,35.6387993669602,2026-10-09,0.1481,0.163,0.1759,0.163
25161,34.03579361870195,35.6387993669602,2026-10-10,0.1389,0.1528,0.1574,0.163
25161,34.03579361870195,35.6387993669602,2026-10-11,0.1389,0.1528,0.1481,0.1528
53183,33.99720342172312,36.050700759151894,2026-10-05,0.1973,0.2382,0.2316,0.2589
53183,33.99720342172312,36.050700759151894,2026-10-06,0.1544,0.1864,0.163,0.1864
53183,33.99720342172312,36.050700759151894,2026-10-07,0.1372,0.176,0.1458,0.1657
53183,33.99720342172312,36.050700759151894,2026-10-08,0.1372,0.176,0.1973,0.176
53183,33.99720342172312,36.050700759151894,2026-10-09,0.1372,0.1657,0.163,0.1657
53183,33.99720342172312,36.050700759151894,2026-10-10,0.1287,0.1553,0.1458,0.1657
53183,33.99720342172312,36.050700759151894,2026-10-11,0.1287,0.1553,0.1372,0.1553
25313,34.03435040097291,35.66478257470747,2026-10-05,0.2148,0.2338,0.2522,0.2541
25313,34.03435040097291,35.66478257470747,2026-10-06,0.1681,0.183,0.1774,0.183
25313,34.03435040097291,35.66478257470747,2026-10-07,0.1494,0.1728,0.1588,0.1626
25313,34.03435040097291,35.66478257470747,2026-10-08,0.1494,0.1728,0.2148,0.1728
25313,34.03435040097291,35.66478257470747,2026-10-09,0.1494,0.1626,0.1774,0.1626
25313,34.03435040097291,35.66478257470747,2026-10-10,0.1401,0.1525,0.1588,0.1626
25313,34.03435040097291,35.66478257470747,2026-10-11,0.1401,0.1525,0.1494,0.1525
53111,34.011748729603376,36.1976008159945,2026-10-05,0.2508,0.2248,0.2944,0.2443
53111,34.011748729603376,36.1976008159945,2026-10-06,0.1963,0.1759,0.2072,0.1759
53111,34.011748729603376,36.1976008159945,2026-10-07,0.1745,0.1662,0.1854,0.1564
53111,34.011748729603376,36.1976008159945,2026-10-08,0.1745,0.1662,0.2508,0.1662
53111,34.011748729603376,36.1976008159945,2026-10-09,0.1745,0.1564,0.2072,0.1564
53111,34.011748729603376,36.1976008159945,2026-10-10,0.1636,0.1466,0.1854,0.1564
53111,34.011748729603376,36.1976008159945,2026-10-11,0.1636,0.1466,0.1745,0.1466
25475,34.02166259295044,35.82573726213727,2026-10-05,0.234,0.229,0.2747,0.2489
25475,34.02166259295044,35.82573726213727,2026-10-06,0.1832,0.1792,0.1933,0.1792
25475,34.02166259295044,35.82573726213727,2026-10-07,0.1628,0.1693,0.173,0.1593
25475,34.02166259295044,35.82573726213727,2026-10-08,0.1628,0.1693,0.234,0.1693
25475,34.02166259295044,35.82573726213727,2026-10-09,0.1628,0.1593,0.1933,0.1593
25475,34.02166259295044,35.82573726213727,2026-10-10,0.1526,0.1493,0.173,0.1593
25475,34.02166259295044,35.82573726213727,2026-10-11,0.1526,0.1493,0.1628,0.1493
25351,34.03398844817264,35.72505007767083,2026-10-05,0.2463,0.2259,0.2891,0.2456
25351,34.03398844817264,35.72505007767083,2026-10-06,0.1927,0.1768,0.2034,0.1768
25351,34.03398844817264,35.72505007767083,2026-10-07,0.1713,0.167,0.182,0.1572
25351,34.03398844817264,35.72505007767083,2026-10-08,0.1713,0.167,0.2463,0.167
25351,34.03398844817264,35.72505007767083,2026-10-09,0.1713,0.1572,0.2034,0.1572
25351,34.03398844817264,35.72505007767083,2026-10-10,0.1606,0.1473,0.182,0.1572
25351,34.03398844817264,35.72505007767083,2026-10-11,0.1606,0.1473,0.1713,0.1473
0,34.04445214184774,36.480527742456445,2026-10-05,0.2027,0.2368,0.238,0.2574
0,34.04445214184774,36.480527742456445,2026-10-06,0.1587,0.1853,0.1675,0.1853
0,34.04445214184774,36.480527742456445,2026-10-07,0.141,0.175,0.1498,0.1647
0,34.04445214184774,36.480527742456445,2026-10-08,0.141,0.175,0.2027,0.175
0,34.04445214184774,36.480527742456445,2026-10-09,0.141,0.1647,0.1675,0.1647
0,34.04445214184774,36.480527742456445,2026-10-10,0.1322,0.1544,0.1498,0.1647
0,34.04445214184774,36.480527742456445,2026-10-11,0.1322,0.1544,0.141,0.1544
53435,33.98292711996385,36.019686530854976,2026-10-05,0.2669,0.2208,0.3133,0.24
53435,33.98292711996385,36.019686530854976,2026-10-06,0.2089,0.1728,0.2205,0.1728
53435,33.98292711996385,36.019686530854976,2026-10-07,0.1857,0.1632,0.1973,0.1536
53435,33.98292711996385,36.019686530854976,2026-10-08,0.1857,0.1632,0.2669,0.1632
53435,33.98292711996385,36.019686530854976,2026-10-09,0.1857,0.1536,0.2205,0.1536
53435,33.98292711996385,36.019686530854976,2026-10-10,0.1741,0.144,0.1973,0.1536
53435,33.98292711996385,36.019686530854976,2026-10-11,0.1741,0.144,0.1857,0.144
25431,34.00669297809981,35.73104229686345,2026-10-05,0.2641,0.2215,0.31,0.2407
25431,34.00669297809981,35.73104229686345,2026-10-06,0.2067,0.1733,0.2182,0.1733
25431,34.00669297809981,35.73104229686345,2026-10-07,0.1837,0.1637,0.1952,0.1541
25431,34.00669297809981,35.73104229686345,2026-10-08,0.1837,0.1637,0.2641,0.1637
25431,34.00669297809981,35.73104229686345,2026-10-09,0.1837,0.1541,0.2182,0.1541
25431,34.00669297809981,35.73104229686345,2026-10-10,0.1722,0.1444,0.1952,0.1541
25431,34.00669297809981,35.73104229686345,2026-10-11,0.1722,0.1444,0.1837,0.1444
25427,33.996028812401924,35.73771264958166,2026-10-05,0.267,0.2208,0.3134,0.24
25427,33.996028812401924,35.73771264958166,2026-10-06,0.2089,0.1728,0.2205,0.1728
25427,33.996028812401924,35.73771264958166,2026-10-07,0.1857,0.1632,0.1973,0.1536
25427,33.996028812401924,35.73771264958166,2026-10-08,0.1857,0.1632,0.267,0.1632
25427,33.996028812401924,35.73771264958166,2026-10-09,0.1857,0.1536,0.2205,0.1536
25427,33.996028812401924,35.73771264958166,2026-10-10,0.1741,0.144,0.1973,0.1536
25427,33.996028812401924,35.73771264958166,2026-10-11,0.1741,0.144,0.1857,0.144
25315,34.00572184741727,35.66905801320301,2026-10-05,0.2363,0.2284,0.2773,0.2483
25315,34.00572184741727,35.66905801320301,2026-10-06,0.1849,0.1788,0.1952,0.1788
25315,34.00572184741727,35.66905801320301,2026-10-07,0.1644,0.1688,0.1746,0.1589
25315,34.00572184741727,35.66905801320301,2026-10-08,0.1644,0.1688,0.2363,0.1688
25315,34.00572184741727,35.66905801320301,2026-10-09,0.1644,0.1589,0.1952,0.1589
25315,34.00572184741727,35.66905801320301,2026-10-10,0.1541,0.149,0.1746,0.1589
25315,34.00572184741727,35.66905801320301,2026-10-11,0.1541,0.149,0.1644,0.149
25439,33.991532913908124,35.79810764324141,2026-10-05,0.2256,0.2311,0.2648,0.2512
25439,33.991532913908124,35.79810764324141,2026-10-06,0.1766,0.1809,0.1864,0.1809
25439,33.991532913908124,35.79810764324141,2026-10-07,0.1569,0.1708,0.1668,0.1608
25439,33.991532913908124,35.79810764324141,2026-10-08,0.1569,0.1708,0.2256,0.1708
25439,33.991532913908124,35.79810764324141,2026-10-09,0.1569,0.1608,0.1864,0.1608
25439,33.991532913908124,35.79810764324141,2026-10-10,0.1471,0.1507,0.1668,0.1608
25439,33.991532913908124,35.79810764324141,2026-10-11,0.1471,0.1507,0.1569,0.1507
53119,33.9890341739571,36.163245549420665,2026-10-05,0.2365,0.2284,0.2776,0.2482
53119,33.9890341739571,36.163245549420665,2026-10-06,0.1851,0.1787,0.1954,0.1787
53119,33.9890341739571,36.163245549420665,2026-10-07,0.1645,0.1688,0.1748,0.1589
53119,33.9890341739571,36.163245549420665,2026-10-08,0.1645,0.1688,0.2365,0.1688
53119,33.9890341739571,36.163245549420665,2026-10-09,0.1645,0.1589,0.1954,0.1589
53119,33.9890341739571,36.163245549420665,2026-10-10,0.1542,0.1489,0.1748,0.1589
53119,33.9890341739571,36.163245549420665,2026-10-11,0.1542,0.1489,0.1645,0.1489
25136,33.99402371808968,35.650957621354365,2026-10-05,0.2325,0.2294,0.273,0.2493
25136,33.99402371808968,35.650957621354365,2026-10-06,0.182,0.1795,0.1921,0.1795
25136,33.99402371808968,35.650957621354365,2026-10-07,0.1618,0.1695,0.1719,0.1596
25136,33.99402371808968,35.650957621354365,2026-10-08,0.1618,0.1695,0.2325,0.1695
25136,33.99402371808968,35.650957621354365,2026-10-09,0.1618,0.1596,0.1921,0.1596
25136,33.99402371808968,35.650957621354365,2026-10-10,0.1516,0.1496,0.1719,0.1596
25136,33.99402371808968,35.650957621354365,2026-10-11,0.1516,0.1496,0.1618,0.1496
25321,33.99892773731195,35.683101899626436,2026-10-05,0.2231,0.2317,0.2619,0.2519
25321,33.99892773731195,35.683101899626436,2026-10-06,0.1746,0.1814,0.1843,0.1814
25321,33.99892773731195,35.683101899626436,2026-10-07,0.1552,0.1713,0.1649,0.1612
25321,33.99892773731195,35.683101899626436,2026-10-08,0.1552,0.1713,0.2231,0.1713
25321,33.99892773731195,35.683101899626436,2026-10-09,0.1552,0.1612,0.1843,0.1612
25321,33.99892773731195,35.683101899626436,2026-10-10,0.1455,0.1511,0.1649,0.1612
25321,33.99892773731195,35.683101899626436,2026-10-11,0.1455,0.1511,0.1552,0.1511
53147,33.994283671256525,36.11853472173431,2026-10-05,0.212,0.2345,0.2488,0.2549
53147,33.994283671256525,36.11853472173431,2026-10-06,0.1659,0.1835,0.1751,0.1835
53147,33.994283671256525,36.11853472173431,2026-10-07,0.1475,0.1733,0.1567,0.1631
53147,33.994283671256525,36.11853472173431,2026-10-08,0.1475,0.1733,0.212,0.1733
53147,33.994283671256525,36.11853472173431,2026-10-09,0.1475,0.1631,0.1751,0.1631
53147,33.994283671256525,36.11853472173431,2026-10-10,0.1382,0.1529,0.1567,0.1631
53147,33.994283671256525,36.11853472173431,2026-10-11,0.1382,0.1529,0.1475,0.1529
25423,33.992715880683356,35.70431488550868,2026-10-05,0.2028,0.2368,0.2381,0.2574
25423,33.992715880683356,35.70431488550868,2026-10-06,0.1587,0.1853,0.1675,0.1853
25423,33.992715880683356,35.70431488550868,2026-10-07,0.1411,0.175,0.1499,0.1647
25423,33.992715880683356,35.70431488550868,2026-10-08,0.1411,0.175,0.2028,0.175
25423,33.992715880683356,35.70431488550868,2026-10-09,0.1411,0.1647,0.1675,0.1647
25423,33.992715880683356,35.70431488550868,2026-10-10,0.1323,0.1544,0.1499,0.1647
25423,33.992715880683356,35.70431488550868,2026-10-11,0.1323,0.1544,0.1411,0.1544
25131,33.99233645801359,35.643238094392885,2026-10-05,0.2788,0.2178,0.3273,0.2367
25131,33.99233645801359,35.643238094392885,2026-10-06,0.2182,0.1705,0.2303,0.1705
25131,33.99233645801359,35.643238094392885,2026-10-07,0.1939,0.161,0.2061,0.1515
25131,33.99233645801359,35.643238094392885,2026-10-08,0.1939,0.161,0.2788,0.161
25131,33.99233645801359,35.643238094392885,2026-10-09,0.1939,0.1515,0.2303,0.1515
25131,33.99233645801359,35.643238094392885,2026-10-10,0.1818,0.142,0.2061,0.1515
25131,33.99233645801359,35.643238094392885,2026-10-11,0.1818,0.142,0.1939,0.142
25319,33.99026245089318,35.67513339935275,2026-10-05,0.2172,0.2332,0.255,0.2535
25319,33.99026245089318,35.67513339935275,2026-10-06,0.17,0.1825,0.1795,0.1825
25319,33.99026245089318,35.67513339935275,2026-10-07,0.1511,0.1724,0.1606,0.1622
25319,33.99026245089318,35.67513339935275,2026-10-08,0.1511,0.1724,0.2172,0.1724
25319,33.99026245089318,35.67513339935275,2026-10-09,0.1511,0.1622,0.1795,0.1622
25319,33.99026245089318,35.67513339935275,2026-10-10,0.1417,0.1521,0.1606,0.1622
25319,33.99026245089318,35.67513339935275,2026-10-11,0.1417,0.1521,0.1511,0.1521
25325,33.99048683920536,35.662325399668475,2026-10-05,0.272,0.2195,0.3193,0.2386
25325,33.99048683920536,35.662325399668475,2026-10-06,0.2129,0.1718,0.2247,0.1718
25325,33.99048683920536,35.662325399668475,2026-10-07,0.1892,0.1622,0.2011,0.1527
25325,33.99048683920536,35.662325399668475,2026-10-08,0.1892,0.1622,0.272,0.1622
25325,33.99048683920536,35.662325399668475,2026-10-09,0.1892,0.1527,0.2247,0.1527
25325,33.99048683920536,35.662325399668475,2026-10-10,0.1774,0.1431,0.2011,0.1527
25325,33.99048683920536,35.662325399668475,2026-10-11,0.1774,0.1431,0.1892,0.1431
53115,33.980286128596966,36.21384561038139,2026-10-05,0.2315,0.2296,0.2717,0.2496
53115,33.980286128596966,36.21384561038139,2026-10-06,0.1812,0.1797,0.1912,0.1797
53115,33.980286128596966,36.21384561038139,2026-10-07,0.161,0.1697,0.1711,0.1597
53115,33.980286128596966,36.21384561038139,2026-10-08,0.161,0.1697,0.2315,0.1697
53115,33.980286128596966,36.21384561038139,2026-10-09,0.161,0.1597,0.1912,0.1597
53115,33.980286128596966,36.21384561038139,2026-10-10,0.151,0.1498,0.1711,0.1597
53115,33.980286128596966,36.21384561038139,2026-10-11,0.151,0.1498,0.161,0.1498
25337,33.9873385760125,35.68272104191527,2026-10-05,0.2582,0.2229,0.3031,0.2423
25337,33.9873385760125,35.68272104191527,2026-10-06,0.2021,0.1745,0.2133,0.1745
25337,33.9873385760125,35.68272104191527,2026-10-07,0.1796,0.1648,0.1909,0.1551
25337,33.9873385760125,35.68272104191527,2026-10-08,0.1796,0.1648,0.2582,0.1648
25337,33.9873385760125,35.68272104191527,2026-10-09,0.1796,0.1551,0.2133,0.1551
25337,33.9873385760125,35.68272104191527,2026-10-10,0.1684,0.1454,0.1909,0.1551
25337,33.9873385760125,35.68272104191527,2026-10-11,0.1684,0.1454,0.1796,0.1454
25111,33.982706692109815,35.61974711719808,2026-10-05,0.2355,0.2286,0.2765,0.2485
25111,33.982706692109815,35.61974711719808,2026-10-06,0.1843,0.1789,0.1946,0.1789
25111,33.982706692109815,35.61974711719808,2026-10-07,0.1639,0.169,0.1741,0.159
25111,33.982706692109815,35.61974711719808,2026-10-08,0.1639,0.169,0.2355,0.169
25111,33.982706692109815,35.61974711719808,2026-10-09,0.1639,0.159,0.1946,0.159
25111,33.982706692109815,35.61974711719808,2026-10-10,0.1536,0.1491,0.1741,0.159
25111,33.982706692109815,35.61974711719808,2026-10-11,0.1536,0.1491,0.1639,0.1491
25339,33.98194693742014,35.65095364533396,2026-10-05,0.2429,0.2268,0.2851,0.2465
25339,33.98194693742014,35.65095364533396,2026-10-06,0.1901,0.1775,0.2006,0.1775
25339,33.98194693742014,35.65095364533396,2026-10-07,0.169,0.1676,0.1795,0.1578
25339,33.98194693742014,35.65095364533396,2026-10-08,0.169,0.1676,0.2429,0.1676
25339,33.98194693742014,35.65095364533396,2026-10-09,0.169,0.1578,0.2006,0.1578
25339,33.98194693742014,35.65095364533396,2026-10-10,0.1584,0.1479,0.1795,0.1578
25339,33.98194693742014,35.65095364533396,2026-10-11,0.1584,0.1479,0.169,0.1479
25121,33.9744302272093,35.63349055655486,2026-10-05,0.2557,0.2236,0.3002,0.243
25121,33.9744302272093,35.63349055655486,2026-10-06,0.2001,0.175,0.2112,0.175
25121,33.9744302272093,35.63349055655486,2026-10-07,0.1779,0.1653,0.189,0.1555
25121,33.9744302272093,35.63349055655486,2026-10-08,0.1779,0.1653,0.2557,0.1653
25121,33.9744302272093,35.63349055655486,2026-10-09,0.1779,0.1555,0.2112,0.1555
25121,33.9744302272093,35.63349055655486,2026-10-10,0.1668,0.1458,0.189,0.1555
25121,33.9744302272093,35.63349055655486,2026-10-11,0.1668,0.1458,0.1779,0.1458
25347,33.97422657017632,35.652205556654884,2026-10-05,0.2743,0.2189,0.322,0.238
25347,33.97422657017632,35.652205556654884,2026-10-06,0.2146,0.1713,0.2266,0.1713
25347,33.97422657017632,35.652205556654884,2026-10-07,0.1908,0.1618,0.2027,0.1523
25347,33.97422657017632,35.652205556654884,2026-10-08,0.1908,0.1618,0.2743,0.1618
25347,33.97422657017632,35.652205556654884,2026-10-09,0.1908,0.1523,0.2266,0.1523
25347,33.97422657017632,35.652205556654884,2026-10-10,0.1789,0.1428,0.2027,0.1523
25347,33.97422657017632,35.652205556654884,2026-10-11,0.1789,0.1428,0.1908,0.1428
25415,33.972567496693635,35.71600831066309,2026-10-05,0.2524,0.2244,0.2963,0.2439
25415,33.972567496693635,35.71600831066309,2026-10-06,0.1975,0.1756,0.2085,0.1756
25415,33.972567496693635,35.71600831066309,2026-10-07,0.1756,0.1659,0.1866,0.1561
25415,33.972567496693635,35.71600831066309,2026-10-08,0.1756,0.1659,0.2524,0.1659
25415,33.972567496693635,35.71600831066309,2026-10-09,0.1756,0.1561,0.2085,0.1561
25415,33.972567496693635,35.71600831066309,2026-10-10,0.1646,0.1463,0.1866,0.1561
25415,33.972567496693635,35.71600831066309,2026-10-11,0.1646,0.1463,0.1756,0.1463
25411,33.97899842831725,35.70322168222187,2026-10-05,0.2531,0.2242,0.2971,0.2437
25411,33.97899842831725,35.70322168222187,2026-10-06,0.1981,0.1755,0.2091,0.1755
25411,33.97899842831725,35.70322168222187,2026-10-07,0.1761,0.1657,0.1871,0.156
25411,33.97899842831725,35.70322168222187,2026-10-08,0.1761,0.1657,0.2531,0.1657
25411,33.97899842831725,35.70322168222187,2026-10-09,0.1761,0.156,0.2091,0.156
25411,33.97899842831725,35.70322168222187,2026-10-10,0.1651,0.1462,0.1871,0.156
25411,33.97899842831725,35.70322168222187,2026-10-11,0.1651,0.1462,0.1761,0.1462
25451,33.97414118949465,35.782482530778466,2026-10-05,0.2241,0.2315,0.2631,0.2516
25451,33.97414118949465,35.782482530778466,2026-10-06,0.1754,0.1812,0.1851,0.1812
25451,33.97414118949465,35.782482530778466,2026-10-07,0.1559,0.1711,0.1656,0.161
25451,33.97414118949465,35.782482530778466,2026-10-08,0.1559,0.1711,0.2241,0.1711
25451,33.97414118949465,35.782482530778466,2026-10-09,0.1559,0.161,0.1851,0.161
25451,33.97414118949465,35.782482530778466,2026-10-10,0.1461,0.151,0.1656,0.161
25451,33.97414118949465,35.782482530778466,2026-10-11,0.1461,0.151,0.1559,0.151
25116,33.97088706161574,35.6141749817577,2026-10-05,0.1976,0.2381,0.232,0.2588
25116,33.97088706161574,35.6141749817577,2026-10-06,0.1546,0.1863,0.1632,0.1863
25116,33.97088706161574,35.6141749817577,2026-10-07,0.1375,0.176,0.1461,0.1656
25116,33.97088706161574,35.6141749817577,2026-10-08,0.1375,0.176,0.1976,0.176
25116,33.97088706161574,35.6141749817577,2026-10-09,0.1375,0.1656,0.1632,0.1656
25116,33.97088706161574,35.6141749817577,2026-10-10,0.1289,0.1553,0.1461,0.1656
25116,33.97088706161574,35.6141749817577,2026-10-11,0.1289,0.1553,0.1375,0.1553
53429,33.96453353656893,36.004067072866434,2026-10-05,0.2523,0.2244,0.2962,0.2439
53429,33.96453353656893,36.004067072866434,2026-10-06,0.1975,0.1756,0.2084,0.1756
53429,33.96453353656893,36.004067072866434,2026-10-07,0.1755,0.1659,0.1865,0.1561
53429,33.96453353656893,36.004067072866434,2026-10-08,0.1755,0.1659,0.2523,0.1659
53429,33.96453353656893,36.004067072866434,2026-10-09,0.1755,0.1561,0.2084,0.1561
53429,33.96453353656893,36.004067072866434,2026-10-10,0.1645,0.1464,0.1865,0.1561
53429,33.96453353656893,36.004067072866434,2026-10-11,0.1645,0.1464,0.1755,0.1464
25211,33.963079301736876,35.684736865035056,2026-10-05,0.214,0.234,0.2512,0.2544
25211,33.963079301736876,35.684736865035056,2026-10-06,0.1674,0.1831,0.1767,0.1831
25211,33.963079301736876,35.684736865035056,2026-10-07,0.1488,0.173,0.1581,0.1628
25211,33.963079301736876,35.684736865035056,2026-10-08,0.1488,0.173,0.214,0.173
25211,33.963079301736876,35.684736865035056,2026-10-09,0.1488,0.1628,0.1767,0.1628
25211,33.963079301736876,35.684736865035056,2026-10-10,0.1395,0.1526,0.1581,0.1628
25211,33.963079301736876,35.684736865035056,2026-10-11,0.1395,0.1526,0.1488,0.1526
53441,33.96849550941773,36.09090418548519,2026-10-05,0.2379,0.228,0.2793,0.2478
53441,33.96849550941773,36.09090418548519,2026-10-06,0.1862,0.1785,0.1965,0.1785
53441,33.96849550941773,36.09090418548519,2026-10-07,0.1655,0.1685,0.1759,0.1586
53441,33.96849550941773,36.09090418548519,2026-10-08,0.1655,0.1685,0.2379,0.1685
53441,33.96849550941773,36.09090418548519,2026-10-09,0.1655,0.1586,0.1965,0.1586
53441,33.96849550941773,36.09090418548519,2026-10-10,0.1552,0.1487,0.1759,0.1586
53441,33.96849550941773,36.09090418548519,2026-10-11,0.1552,0.1487,0.1655,0.1487
0,33.982016105985764,36.353703915257334,2026-10-05,0.2049,0.2363,0.2406,0.2568
0,33.982016105985764,36.353703915257334,2026-10-06,0.1604,0.1849,0.1693,0.1849
0,33.982016105985764,36.353703915257334,2026-10-07,0.1426,0.1746,0.1515,0.1644
0,33.982016105985764,36.353703915257334,2026-10-08,0.1426,0.1746,0.2049,0.1746
0,33.982016105985764,36.353703915257334,2026-10-09,0.1426,0.1644,0.1693,0.1644
0,33.982016105985764,36.353703915257334,2026-10-10,0.1337,0.1541,0.1515,0.1644
0,33.982016105985764,36.353703915257334,2026-10-11,0.1337,0.1541,0.1426,0.1541
53139,33.960193438507375,36.15553067095446,2026-10-05,0.2237,0.2316,0.2626,0.2517
53139,33.960193438507375,36.15553067095446,2026-10-06,0.1751,0.1812,0.1848,0.1812
53139,33.960193438507375,36.15553067095446,2026-10-07,0.1556,0.1712,0.1654,0.1611
53139,33.960193438507375,36.15553067095446,2026-10-08,0.1556,0.1712,0.2237,0.1712
53139,33.960193438507375,36.15553067095446,2026-10-09,0.1556,0.1611,0.1848,0.1611
53139,33.960193438507375,36.15553067095446,2026-10-10,0.1459,0.151,0.1654,0.1611
53139,33.960193438507375,36.15553067095446,2026-10-11,0.1459,0.151,0.1556,0.151
22797,33.94671792753346,35.80303027432831,2026-10-05,0.2557,0.2236,0.3001,0.243
22797,33.94671792753346,35.80303027432831,2026-10-06,0.2001,0.175,0.2112,0.175
22797,33.94671792753346,35.80303027432831,2026-10-07,0.1779,0.1653,0.189,0.1555
22797,33.94671792753346,35.80303027432831,2026-10-08,0.1779,0.1653,0.2557,0.1653
22797,33.94671792753346,35.80303027432831,2026-10-09,0.1779,0.1555,0.2112,0.1555
22797,33.94671792753346,35.80303027432831,2026-10-10,0.1667,0.1458,0.189,0.1555
22797,33.94671792753346,35.80303027432831,2026-10-11,0.1667,0.1458,0.1779,0.1458
25251,33.96185347163597,35.64666903883499,2026-10-05,0.2653,0.2212,0.3115,0.2404
25251,33.96185347163597,35.64666903883499,2026-10-06,0.2076,0.1731,0.2192,0.1731
25251,33.96185347163597,35.64666903883499,2026-10-07,0.1846,0.1635,0.1961,0.1539
25251,33.96185347163597,35.64666903883499,2026-10-08,0.1846,0.1635,0.2653,0.1635
25251,33.96185347163597,35.64666903883499,2026-10-09,0.1846,0.1539,0.2192,0.1539
25251,33.96185347163597,35.64666903883499,2026-10-10,0.173,0.1442,0.1961,0.1539
25251,33.96185347163597,35.64666903883499,2026-10-11,0.173,0.1442,0.1846,0.1442
25231,33.960419805354285,35.65883393835794,2026-10-05,0.2189,0.2328,0.257,0.253
25231,33.960419805354285,35.65883393835794,2026-10-06,0.1713,0.1822,0.1809,0.1822
25231,33.960419805354285,35.65883393835794,2026-10-07,0.1523,0.172,0.1618,0.1619
25231,33.960419805354285,35.65883393835794,2026-10-08,0.1523,0.172,0.2189,0.172
25231,33.960419805354285,35.65883393835794,2026-10-09,0.1523,0.1619,0.1809,0.1619
25231,33.960419805354285,35.65883393835794,2026-10-10,0.1428,0.1518,0.1618,0.1619
25231,33.960419805354285,35.65883393835794,2026-10-11,0.1428,0.1518,0.1523,0.1518
25126,33.95819298865776,35.610698647791644,2026-10-05,0.2631,0.2217,0.3089,0.241
25126,33.95819298865776,35.610698647791644,2026-10-06,0.2059,0.1735,0.2174,0.1735
25126,33.95819298865776,35.610698647791644,2026-10-07,0.183,0.1639,0.1945,0.1542
25126,33.95819298865776,35.610698647791644,2026-10-08,0.183,0.1639,0.2631,0.1639
25126,33.95819298865776,35.610698647791644,2026-10-09,0.183,0.1542,0.2174,0.1542
25126,33.95819298865776,35.610698647791644,2026-10-10,0.1716,0.1446,0.1945,0.1542
25126,33.95819298865776,35.610698647791644,2026-10-11,0.1716,0.1446,0.183,0.1446
53411,33.92172949701013,35.98228856016672,2026-10-05,0.2101,0.235,0.2466,0.2554
53411,33.92172949701013,35.98228856016672,2026-10-06,0.1644,0.1839,0.1736,0.1839
53411,33.92172949701013,35.98228856016672,2026-10-07,0.1462,0.1737,0.1553,0.1635
53411,33.92172949701013,35.98228856016672,2026-10-08,0.1462,0.1737,0.2101,0.1737
53411,33.92172949701013,35.98228856016672,2026-10-09,0.1462,0.1635,0.1736,0.1635
53411,33.92172949701013,35.98228856016672,2026-10-10,0.137,0.1532,0.1553,0.1635
53411,33.92172949701013,35.98228856016672,2026-10-11,0.137,0.1532,0.1462,0.1532
25271,33.96021462045952,35.63640851340331,2026-10-05,0.2116,0.2346,0.2484,0.255
25271,33.96021462045952,35.63640851340331,2026-10-06,0.1656,0.1836,0.1748,0.1836
25271,33.96021462045952,35.63640851340331,2026-10-07,0.1472,0.1734,0.1564,0.1632
25271,33.96021462045952,35.63640851340331,2026-10-08,0.1472,0.1734,0.2116,0.1734
25271,33.96021462045952,35.63640851340331,2026-10-09,0.1472,0.1632,0.1748,0.1632
25271,33.96021462045952,35.63640851340331,2026-10-10,0.138,0.153,0.1564,0.1632
25271,33.96021462045952,35.63640851340331,2026-10-11,0.138,0.153,0.1472,0.153
25221,33.95098248210583,35.666745569392994,2026-10-05,0.1984,0.2379,0.2329,0.2586
25221,33.95098248210583,35.666745569392994,2026-10-06,0.1553,0.1862,0.1639,0.1862
25221,33.95098248210583,35.666745569392994,2026-10-07,0.138,0.1758,0.1466,0.1655
25221,33.95098248210583,35.666745569392994,2026-10-08,0.138,0.1758,0.1984,0.1758
25221,33.95098248210583,35.666745569392994,2026-10-09,0.138,0.1655,0.1639,0.1655
25221,33.95098248210583,35.666745569392994,2026-10-10,0.1294,0.1552,0.1466,0.1655
25221,33.95098248210583,35.666745569392994,2026-10-11,0.1294,0.1552,0.138,0.1552
22711,33.90937825099841,35.80775168169735,2026-10-05,0.2101,0.235,0.2467,0.2554
22711,33.90937825099841,35.80775168169735,2026-10-06,0.1644,0.1839,0.1736,0.1839
22711,33.90937825099841,35.80775168169735,2026-10-07,0.1462,0.1737,0.1553,0.1635
22711,33.90937825099841,35.80775168169735,2026-10-08,0.1462,0.1737,0.2101,0.1737
22711,33.90937825099841,35.80775168169735,2026-10-09,0.1462,0.1635,0.1736,0.1635
22711,33.90937825099841,35.80775168169735,2026-10-10,0.137,0.1532,0.1553,0.1635
22711,33.90937825099841,35.80775168169735,2026-10-11,0.137,0.1532,0.1462,0.1532
22791,33.954208076690776,35.74921421715903,2026-10-05,0.2456,0.2261,0.2884,0.2457
22791,33.954208076690776,35.74921421715903,2026-10-06,0.1922,0.1769,0.2029,0.1769
22791,33.954208076690776,35.74921421715903,2026-10-07,0.1709,0.1671,0.1816,0.1573
22791,33.954208076690776,35.74921421715903,2026-10-08,0.1709,0.1671,0.2456,0.1671
22791,33.954208076690776,35.74921421715903,2026-10-09,0.1709,0.1573,0.2029,0.1573
22791,33.954208076690776,35.74921421715903,2026-10-10,0.1602,0.1474,0.1816,0.1573
22791,33.954208076690776,35.74921421715903,2026-10-11,0.1602,0.1474,0.1709,0.1474
22794,33.95406173132483,35.73716157768279,2026-10-05,0.2451,0.2262,0.2877,0.2459
22794,33.95406173132483,35.73716157768279,2026-10-06,0.1918,0.177,0.2025,0.177
22794,33.95406173132483,35.73716157768279,2026-10-07,0.1705,0.1672,0.1812,0.1574
22794,33.95406173132483,35.73716157768279,2026-10-08,0.1705,0.1672,0.2451,0.1672
22794,33.95406173132483,35.73716157768279,2026-10-09,0.1705,0.1574,0.2025,0.1574
22794,33.95406173132483,35.73716157768279,2026-10-10,0.1599,0.1475,0.1812,0.1574
22794,33.95406173132483,35.73716157768279,2026-10-11,0.1599,0.1475,0.1705,0.1475
53453,33.93601961503604,36.172514270762285,2026-10-05,0.2504,0.2249,0.2939,0.2445
53453,33.93601961503604,36.172514270762285,2026-10-06,0.1959,0.176,0.2068,0.176
53453,33.93601961503604,36.172514270762285,2026-10-07,0.1742,0.1662,0.185,0.1565
53453,33.93601961503604,36.172514270762285,2026-10-08,0.1742,0.1662,0.2504,0.1662
53453,33.93601961503604,36.172514270762285,2026-10-09,0.1742,0.1565,0.2068,0.1565
53453,33.93601961503604,36.172514270762285,2026-10-10,0.1633,0.1467,0.185,0.1565
53453,33.93601961503604,36.172514270762285,2026-10-11,0.1633,0.1467,0.1742,0.1467
53439,33.94684134892327,36.09216797026445,2026-10-05,0.2639,0.2215,0.3098,0.2408
53439,33.94684134892327,36.09216797026445,2026-10-06,0.2065,0.1734,0.218,0.1734
53439,33.94684134892327,36.09216797026445,2026-10-07,0.1836,0.1637,0.1951,0.1541
53439,33.94684134892327,36.09216797026445,2026-10-08,0.1836,0.1637,0.2639,0.1637
53439,33.94684134892327,36.09216797026445,2026-10-09,0.1836,0.1541,0.218,0.1541
53439,33.94684134892327,36.09216797026445,2026-10-10,0.1721,0.1445,0.1951,0.1541
53439,33.94684134892327,36.09216797026445,2026-10-11,0.1721,0.1445,0.1836,0.1445
22467,33.94716323992434,35.604755540131606,2026-10-05,0.2286,0.2303,0.2684,0.2504
22467,33.94716323992434,35.604755540131606,2026-10-06,0.1789,0.1803,0.1888,0.1803
22467,33.94716323992434,35.604755540131606,2026-10-07,0.159,0.1703,0.169,0.1602
22467,33.94716323992434,35.604755540131606,2026-10-08,0.159,0.1703,0.2286,0.1703
22467,33.94716323992434,35.604755540131606,2026-10-09,0.159,0.1602,0.1888,0.1602
22467,33.94716323992434,35.604755540131606,2026-10-10,0.1491,0.1502,0.169,0.1602
22467,33.94716323992434,35.604755540131606,2026-10-11,0.1491,0.1502,0.159,0.1502
25241,33.954822441182046,35.69659655944142,2026-10-05,0.2533,0.2242,0.2973,0.2437
25241,33.954822441182046,35.69659655944142,2026-10-06,0.1982,0.1754,0.2092,0.1754
25241,33.954822441182046,35.69659655944142,2026-10-07,0.1762,0.1657,0.1872,0.156
25241,33.954822441182046,35.69659655944142,2026-10-08,0.1762,0.1657,0.2533,0.1657
25241,33.954822441182046,35.69659655944142,2026-10-09,0.1762,0.156,0.2092,0.156
25241,33.954822441182046,35.69659655944142,2026-10-10,0.1652,0.1462,0.1872,0.156
25241,33.954822441182046,35.69659655944142,2026-10-11,0.1652,0.1462,0.1762,0.1462
25261,33.94944504492083,35.64568184268738,2026-10-05,0.2341,0.229,0.2748,0.2489
25261,33.94944504492083,35.64568184268738,2026-10-06,0.1832,0.1792,0.1934,0.1792
25261,33.94944504492083,35.64568184268738,2026-10-07,0.1628,0.1692,0.173,0.1593
25261,33.94944504492083,35.64568184268738,2026-10-08,0.1628,0.1692,0.2341,0.1692
25261,33.94944504492083,35.64568184268738,2026-10-09,0.1628,0.1593,0.1934,0.1593
25261,33.94944504492083,35.64568184268738,2026-10-10,0.1527,0.1493,0.173,0.1593
25261,33.94944504492083,35.64568184268738,2026-10-11,0.1527,0.1493,0.1628,0.1493
22579,33.94888005359184,35.7194403913759,2026-10-05,0.257,0.2232,0.3017,0.2427
22579,33.94888005359184,35.7194403913759,2026-10-06,0.2012,0.1747,0.2123,0.1747
22579,33.94888005359184,35.7194403913759,2026-10-07,0.1788,0.165,0.19,0.1553
22579,33.94888005359184,35.7194403913759,2026-10-08,0.1788,0.165,0.257,0.165
22579,33.94888005359184,35.7194403913759,2026-10-09,0.1788,0.1553,0.2123,0.1553
22579,33.94888005359184,35.7194403913759,2026-10-10,0.1676,0.1456,0.19,0.1553
22579,33.94888005359184,35.7194403913759,2026-10-11,0.1676,0.1456,0.1788,0.1456
22375,33.93836149503665,35.587823502316056,2026-10-05,0.2016,0.2371,0.2367,0.2577
22375,33.93836149503665,35.587823502316056,2026-10-06,0.1578,0.1856,0.1665,0.1856
22375,33.93836149503665,35.587823502316056,2026-10-07,0.1402,0.1752,0.149,0.1649
22375,33.93836149503665,35.587823502316056,2026-10-08,0.1402,0.1752,0.2016,0.1752
22375,33.93836149503665,35.587823502316056,2026-10-09,0.1402,0.1649,0.1665,0.1649
22375,33.93836149503665,35.587823502316056,2026-10-10,0.1315,0.1546,0.149,0.1649
22375,33.93836149503665,35.587823502316056,2026-10-11,0.1315,0.1546,0.1402,0.1546
53427,33.940815002283244,36.04128085259295,2026-10-05,0.2467,0.2258,0.2896,0.2455
53427,33.940815002283244,36.04128085259295,2026-10-06,0.1931,0.1767,0.2038,0.1767
53427,33.940815002283244,36.04128085259295,2026-10-07,0.1716,0.1669,0.1823,0.1571
53427,33.940815002283244,36.04128085259295,2026-10-08,0.1716,0.1669,0.2467,0.1669
53427,33.940815002283244,36.04128085259295,2026-10-09,0.1716,0.1571,0.2038,0.1571
53427,33.940815002283244,36.04128085259295,2026-10-10,0.1609,0.1473,0.1823,0.1571
53427,33.940815002283244,36.04128085259295,2026-10-11,0.1609,0.1473,0.1716,0.1473
22567,33.94422178095357,35.698575304053165,2026-10-05,0.2747,0.2188,0.3224,0.2379
22567,33.94422178095357,35.698575304053165,2026-10-06,0.215,0.1713,0.2269,0.1713
22567,33.94422178095357,35.698575304053165,2026-10-07,0.1911,0.1617,0.203,0.1522
22567,33.94422178095357,35.698575304053165,2026-10-08,0.1911,0.1617,0.2747,0.1617
22567,33.94422178095357,35.698575304053165,2026-10-09,0.1911,0.1522,0.2269,0.1522
22567,33.94422178095357,35.698575304053165,2026-10-10,0.1791,0.1427,0.203,0.1522
22567,33.94422178095357,35.698575304053165,2026-10-11,0.1791,0.1427,0.1911,0.1427
22547,33.94113273403266,35.70761585333644,2026-10-05,0.2258,0.231,0.2651,0.2511
22547,33.94113273403266,35.70761585333644,2026-10-06,0.1767,0.1808,0.1865,0.1808
22547,33.94113273403266,35.70761585333644,2026-10-07,0.1571,0.1708,0.1669,0.1607
22547,33.94113273403266,35.70761585333644,2026-10-08,0.1571,0.1708,0.2258,0.1708
22547,33.94113273403266,35.70761585333644,2026-10-09,0.1571,0.1607,0.1865,0.1607
22547,33.94113273403266,35.70761585333644,2026-10-10,0.1473,0.1507,0.1669,0.1607
22547,33.94113273403266,35.70761585333644,2026-10-11,0.1473,0.1507,0.1571,0.1507
22479,33.94050181970925,35.61941019218389,2026-10-05,0.2014,0.2372,0.2364,0.2578
22479,33.94050181970925,35.61941019218389,2026-10-06,0.1576,0.1856,0.1664,0.1856
22479,33.94050181970925,35.61941019218389,2026-10-07,0.1401,0.1753,0.1489,0.165
22479,33.94050181970925,35.61941019218389,2026-10-08,0.1401,0.1753,0.2014,0.1753
22479,33.94050181970925,35.61941019218389,2026-10-09,0.1401,0.165,0.1664,0.165
22479,33.94050181970925,35.61941019218389,2026-10-10,0.1313,0.1547,0.1489,0.165
22479,33.94050181970925,35.61941019218389,2026-10-11,0.1313,0.1547,0.1401,0.1547
22539,33.94153098010347,35.692368788539504,2026-10-05,0.2266,0.2308,0.2661,0.2509
22539,33.94153098010347,35.692368788539504,2026-10-06,0.1774,0.1807,0.1872,0.1807
22539,33.94153098010347,35.692368788539504,2026-10-07,0.1577,0.1706,0.1675,0.1606
22539,33.94153098010347,35.692368788539504,2026-10-08,0.1577,0.1706,0.2266,0.1706
22539,33.94153098010347,35.692368788539504,2026-10-09,0.1577,0.1606,0.1872,0.1606
22539,33.94153098010347,35.692368788539504,2026-10-10,0.1478,0.1505,0.1675,0.1606
22539,33.94153098010347,35.692368788539504,2026-10-11,0.1478,0.1505,0.1577,0.1505
53433,33.93294593362686,36.073549725936,2026-10-05,0.2207,0.2323,0.2591,0.2525
53433,33.93294593362686,36.073549725936,2026-10-06,0.1727,0.1818,0.1823,0.1818
53433,33.93294593362686,36.073549725936,2026-10-07,0.1536,0.1717,0.1632,0.1616
53433,33.93294593362686,36.073549725936,2026-10-08,0.1536,0.1717,0.2207,0.1717
53433,33.93294593362686,36.073549725936,2026-10-09,0.1536,0.1616,0.1823,0.1616
53433,33.93294593362686,36.073549725936,2026-10-10,0.144,0.1515,0.1632,0.1616
53433,33.93294593362686,36.073549725936,2026-10-11,0.144,0.1515,0.1536,0.1515
22595,33.935283470255214,35.6451366331015,2026-10-05,0.2438,0.2266,0.2862,0.2463
22595,33.935283470255214,35.6451366331015,2026-10-06,0.1908,0.1773,0.2014,0.1773
22595,33.935283470255214,35.6451366331015,2026-10-07,0.1696,0.1675,0.1802,0.1576
22595,33.935283470255214,35.6451366331015,2026-10-08,0.1696,0.1675,0.2438,0.1675
22595,33.935283470255214,35.6451366331015,2026-10-09,0.1696,0.1576,0.2014,0.1576
22595,33.935283470255214,35.6451366331015,2026-10-10,0.159,0.1478,0.1802,0.1576
22595,33.935283470255214,35.6451366331015,2026-10-11,0.159,0.1478,0.1696,0.1478
22527,33.93543734348066,35.68400149943579,2026-10-05,0.2333,0.2292,0.2739,0.2491
22527,33.93543734348066,35.68400149943579,2026-10-06,0.1826,0.1793,0.1928,0.1793
22527,33.93543734348066,35.68400149943579,2026-10-07,0.1623,0.1694,0.1725,0.1594
22527,33.93543734348066,35.68400149943579,2026-10-08,0.1623,0.1694,0.2333,0.1694
22527,33.93543734348066,35.68400149943579,2026-10-09,0.1623,0.1594,0.1928,0.1594
22527,33.93543734348066,35.68400149943579,2026-10-10,0.1522,0.1495,0.1725,0.1594
22527,33.93543734348066,35.68400149943579,2026-10-11,0.1522,0.1495,0.1623,0.1495
22483,33.93946678778586,35.63048048842556,2026-10-05,0.2686,0.2204,0.3153,0.2395
22483,33.93946678778586,35.63048048842556,2026-10-06,0.2102,0.1725,0.2219,0.1725
22483,33.93946678778586,35.63048048842556,2026-10-07,0.1868,0.1629,0.1985,0.1533
22483,33.93946678778586,35.63048048842556,2026-10-08,0.1868,0.1629,0.2686,0.1629
22483,33.93946678778586,35.63048048842556,2026-10-09,0.1868,0.1533,0.2219,0.1533
22483,33.93946678778586,35.63048048842556,2026-10-10,0.1752,0.1437,0.1985,0.1533
22483,33.93946678778586,35.63048048842556,2026-10-11,0.1752,0.1437,0.1868,0.1437
22383,33.93854049426771,35.60245498282845,2026-10-05,0.2213,0.2322,0.2598,0.2524
22383,33.93854049426771,35.60245498282845,2026-10-06,0.1732,0.1817,0.1829,0.1817
22383,33.93854049426771,35.60245498282845,2026-10-07,0.154,0.1716,0.1636,0.1615
22383,33.93854049426771,35.60245498282845,2026-10-08,0.154,0.1716,0.2213,0.1716
22383,33.93854049426771,35.60245498282845,2026-10-09,0.154,0.1615,0.1829,0.1615
22383,33.93854049426771,35.60245498282845,2026-10-10,0.1444,0.1514,0.1636,0.1615
22383,33.93854049426771,35.60245498282845,2026-10-11,0.1444,0.1514,0.154,0.1514
22531,33.92731081083276,35.667520995448875,2026-10-05,0.1997,0.2376,0.2344,0.2582
22531,33.92731081083276,35.667520995448875,2026-10-06,0.1563,0.1859,0.1649,0.1859
22531,33.92731081083276,35.667520995448875,2026-10-07,0.1389,0.1756,0.1476,0.1653
22531,33.92731081083276,35.667520995448875,2026-10-08,0.1389,0.1756,0.1997,0.1756
22531,33.92731081083276,35.667520995448875,2026-10-09,0.1389,0.1653,0.1649,0.1653
22531,33.92731081083276,35.667520995448875,2026-10-10,0.1302,0.1549,0.1476,0.1653
22531,33.92731081083276,35.667520995448875,2026-10-11,0.1302,0.1549,0.1389,0.1549
22571,33.9376942339094,35.656998440774295,2026-10-05,0.242,0.227,0.2841,0.2467
22571,33.9376942339094,35.656998440774295,2026-10-06,0.1894,0.1777,0.1999,0.1777
22571,33.9376942339094,35.656998440774295,2026-10-07,0.1683,0.1678,0.1789,0.1579
22571,33.9376942339094,35.656998440774295,2026-10-08,0.1683,0.1678,0.242,0.1678
22571,33.9376942339094,35.656998440774295,2026-10-09,0.1683,0.1579,0.1999,0.1579
22571,33.9376942339094,35.656998440774295,2026-10-10,0.1578,0.148,0.1789,0.1579
22571,33.9376942339094,35.656998440774295,2026-10-11,0.1578,0.148,0.1683,0.148
22591,33.93623095644784,35.731224495894644,2026-10-05,0.2579,0.223,0.3027,0.2424
22591,33.93623095644784,35.731224495894644,2026-10-06,0.2018,0.1745,0.213,0.1745
22591,33.93623095644784,35.731224495894644,2026-10-07,0.1794,0.1648,0.1906,0.1551
22591,33.93623095644784,35.731224495894644,2026-10-08,0.1794,0.1648,0.2579,0.1648
22591,33.93623095644784,35.731224495894644,2026-10-09,0.1794,0.1551,0.213,0.1551
22591,33.93623095644784,35.731224495894644,2026-10-10,0.1682,0.1455,0.1906,0.1551
22591,33.93623095644784,35.731224495894644,2026-10-11,0.1682,0.1455,0.1794,0.1455
22475,33.93117279229263,35.632324612872075,2026-10-05,0.2431,0.2267,0.2854,0.2464
22475,33.93117279229263,35.632324612872075,2026-10-06,0.1903,0.1774,0.2008,0.1774
22475,33.93117279229263,35.632324612872075,2026-10-07,0.1691,0.1676,0.1797,0.1577
22475,33.93117279229263,35.632324612872075,2026-10-08,0.1691,0.1676,0.2431,0.1676
22475,33.93117279229263,35.632324612872075,2026-10-09,0.1691,0.1577,0.2008,0.1577
22475,33.93117279229263,35.632324612872075,2026-10-10,0.1586,0.1479,0.1797,0.1577
22475,33.93117279229263,35.632324612872075,2026-10-11,0.1586,0.1479,0.1691,0.1479
22367,33.93227558908286,35.60480008853734,2026-10-05,0.2693,0.2202,0.3162,0.2393
22367,33.93227558908286,35.60480008853734,2026-10-06,0.2108,0.1723,0.2225,0.1723
22367,33.93227558908286,35.60480008853734,2026-10-07,0.1874,0.1627,0.1991,0.1532
22367,33.93227558908286,35.60480008853734,2026-10-08,0.1874,0.1627,0.2693,0.1627
22367,33.93227558908286,35.60480008853734,2026-10-09,0.1874,0.1532,0.2225,0.1532
22367,33.93227558908286,35.60480008853734,2026-10-10,0.1757,0.1436,0.1991,0.1532
22367,33.93227558908286,35.60480008853734,2026-10-11,0.1757,0.1436,0.1874,0.1436
22587,33.93113465026452,35.73234207800469,2026-10-05,0.2148,0.2338,0.2521,0.2541
22587,33.93113465026452,35.73234207800469,2026-10-06,0.1681,0.183,0.1774,0.183
22587,33.93113465026452,35.73234207800469,2026-10-07,0.1494,0.1728,0.1587,0.1627
22587,33.93113465026452,35.73234207800469,2026-10-08,0.1494,0.1728,0.2148,0.1728
22587,33.93113465026452,35.73234207800469,2026-10-09,0.1494,0.1627,0.1774,0.1627
22587,33.93113465026452,35.73234207800469,2026-10-10,0.1401,0.1525,0.1587,0.1627
22587,33.93113465026452,35.73234207800469,2026-10-11,0.1401,0.1525,0.1494,0.1525
22543,33.93233305661861,35.70058838227878,2026-10-05,0.2594,0.2226,0.3045,0.242
22543,33.93233305661861,35.70058838227878,2026-10-06,0.203,0.1742,0.2143,0.1742
22543,33.93233305661861,35.70058838227878,2026-10-07,0.1805,0.1646,0.1917,0.1549
22543,33.93233305661861,35.70058838227878,2026-10-08,0.1805,0.1646,0.2594,0.1646
22543,33.93233305661861,35.70058838227878,2026-10-09,0.1805,0.1549,0.2143,0.1549
22543,33.93233305661861,35.70058838227878,2026-10-10,0.1692,0.1452,0.1917,0.1549
22543,33.93233305661861,35.70058838227878,2026-10-11,0.1692,0.1452,0.1805,0.1452
22391,33.93450294425638,35.59825032916653,2026-10-05,0.2156,0.2336,0.2531,0.2539
22391,33.93450294425638,35.59825032916653,2026-10-06,0.1687,0.1828,0.1781,0.1828
22391,33.93450294425638,35.59825032916653,2026-10-07,0.15,0.1727,0.1594,0.1625
22391,33.93450294425638,35.59825032916653,2026-10-08,0.15,0.1727,0.2156,0.1727
22391,33.93450294425638,35.59825032916653,2026-10-09,0.15,0.1625,0.1781,0.1625
22391,33.93450294425638,35.59825032916653,2026-10-10,0.1406,0.1523,0.1594,0.1625
22391,33.93450294425638,35.59825032916653,2026-10-11,0.1406,0.1523,0.15,0.1523
22463,33.9339294526379,35.61900269718055,2026-10-05,0.2277,0.2306,0.2673,0.2506
22463,33.9339294526379,35.61900269718055,2026-10-06,0.1782,0.1804,0.1881,0.1804
22463,33.9339294526379,35.61900269718055,2026-10-07,0.1584,0.1704,0.1683,0.1604
22463,33.9339294526379,35.61900269718055,2026-10-08,0.1584,0.1704,0.2277,0.1704
22463,33.9339294526379,35.61900269718055,2026-10-09,0.1584,0.1604,0.1881,0.1604
22463,33.9339294526379,35.61900269718055,2026-10-10,0.1485,0.1504,0.1683,0.1604
22463,33.9339294526379,35.61900269718055,2026-10-11,0.1485,0.1504,0.1584,0.1504
53417,33.92594423706792,36.020652012846014,2026-10-05,0.1977,0.2381,0.2321,0.2588
53417,33.92594423706792,36.020652012846014,2026-10-06,0.1547,0.1863,0.1633,0.1863
53417,33.92594423706792,36.020652012846014,2026-10-07,0.1375,0.176,0.1461,0.1656
53417,33.92594423706792,36.020652012846014,2026-10-08,0.1375,0.176,0.1977,0.176
53417,33.92594423706792,36.020652012846014,2026-10-09,0.1375,0.1656,0.1633,0.1656
53417,33.92594423706792,36.020652012846014,2026-10-10,0.1289,0.1553,0.1461,0.1656
53417,33.92594423706792,36.020652012846014,2026-10-11,0.1289,0.1553,0.1375,0.1553
22563,33.93450861530314,35.72478138040482,2026-10-05,0.2396,0.2276,0.2813,0.2474
22563,33.93450861530314,35.72478138040482,2026-10-06,0.1875,0.1781,0.1979,0.1781
22563,33.93450861530314,35.72478138040482,2026-10-07,0.1667,0.1682,0.1771,0.1583
22563,33.93450861530314,35.72478138040482,2026-10-08,0.1667,0.1682,0.2396,0.1682
22563,33.93450861530314,35.72478138040482,2026-10-09,0.1667,0.1583,0.1979,0.1583
22563,33.93450861530314,35.72478138040482,2026-10-10,0.1563,0.1484,0.1771,0.1583
22563,33.93450861530314,35.72478138040482,2026-10-11,0.1563,0.1484,0.1667,0.1484
53431,33.93268172772202,36.058841004993816,2026-10-05,0.1972,0.2382,0.2315,0.2589
53431,33.93268172772202,36.058841004993816,2026-10-06,0.1543,0.1864,0.1629,0.1864
53431,33.93268172772202,36.058841004993816,2026-10-07,0.1372,0.1761,0.1458,0.1657
53431,33.93268172772202,36.058841004993816,2026-10-08,0.1372,0.1761,0.1972,0.1761
53431,33.93268172772202,36.058841004993816,2026-10-09,0.1372,0.1657,0.1629,0.1657
53431,33.93268172772202,36.058841004993816,2026-10-10,0.1286,0.1553,0.1458,0.1657
53431,33.93268172772202,36.058841004993816,2026-10-11,0.1286,0.1553,0.1372,0.1553
22757,33.92755140873258,35.75847634543084,2026-10-05,0.2267,0.2308,0.2661,0.2509
22757,33.92755140873258,35.75847634543084,2026-10-06,0.1774,0.1806,0.1873,0.1806
22757,33.92755140873258,35.75847634543084,2026-10-07,0.1577,0.1706,0.1675,0.1606
22757,33.92755140873258,35.75847634543084,2026-10-08,0.1577,0.1706,0.2267,0.1706
22757,33.92755140873258,35.75847634543084,2026-10-09,0.1577,0.1606,0.1873,0.1606
22757,33.92755140873258,35.75847634543084,2026-10-10,0.1478,0.1505,0.1675,0.1606
22757,33.92755140873258,35.75847634543084,2026-10-11,0.1478,0.1505,0.1577,0.1505
22764,33.93051524251265,35.71375205803821,2026-10-05,0.2591,0.2227,0.3042,0.2421
22764,33.93051524251265,35.71375205803821,2026-10-06,0.2028,0.1743,0.2141,0.1743
22764,33.93051524251265,35.71375205803821,2026-10-07,0.1803,0.1646,0.1915,0.1549
22764,33.93051524251265,35.71375205803821,2026-10-08,0.1803,0.1646,0.2591,0.1646
22764,33.93051524251265,35.71375205803821,2026-10-09,0.1803,0.1549,0.2141,0.1549
22764,33.93051524251265,35.71375205803821,2026-10-10,0.169,0.1453,0.1915,0.1549
22764,33.93051524251265,35.71375205803821,2026-10-11,0.169,0.1453,0.1803,0.1453
22519,33.93177825981819,35.69210214180801,2026-10-05,0.2093,0.2352,0.2457,0.2556
22519,33.93177825981819,35.69210214180801,2026-10-06,0.1638,0.1841,0.1729,0.1841
22519,33.93177825981819,35.69210214180801,2026-10-07,0.1456,0.1738,0.1547,0.1636
22519,33.93177825981819,35.69210214180801,2026-10-08,0.1456,0.1738,0.2093,0.1738
22519,33.93177825981819,35.69210214180801,2026-10-09,0.1456,0.1636,0.1729,0.1636
22519,33.93177825981819,35.69210214180801,2026-10-10,0.1365,0.1534,0.1547,0.1636
22519,33.93177825981819,35.69210214180801,2026-10-11,0.1365,0.1534,0.1456,0.1534
53415,33.90419821105268,35.98502649624371,2026-10-05,0.2198,0.2326,0.258,0.2528
53415,33.90419821105268,35.98502649624371,2026-10-06,0.172,0.182,0.1815,0.182
53415,33.90419821105268,35.98502649624371,2026-10-07,0.1529,0.1719,0.1624,0.1618
53415,33.90419821105268,35.98502649624371,2026-10-08,0.1529,0.1719,0.2198,0.1719
53415,33.90419821105268,35.98502649624371,2026-10-09,0.1529,0.1618,0.1815,0.1618
53415,33.90419821105268,35.98502649624371,2026-10-10,0.1433,0.1517,0.1624,0.1618
53415,33.90419821105268,35.98502649624371,2026-10-11,0.1433,0.1517,0.1529,0.1517
22559,33.93026490282136,35.65734268975885,2026-10-05,0.197,0.2382,0.2313,0.259
22559,33.93026490282136,35.65734268975885,2026-10-06,0.1542,0.1864,0.1628,0.1864
22559,33.93026490282136,35.65734268975885,2026-10-07,0.1371,0.1761,0.1456,0.1657
22559,33.93026490282136,35.65734268975885,2026-10-08,0.1371,0.1761,0.197,0.1761
22559,33.93026490282136,35.65734268975885,2026-10-09,0.1371,0.1657,0.1628,0.1657
22559,33.93026490282136,35.65734268975885,2026-10-10,0.1285,0.1554,0.1456,0.1657
22559,33.93026490282136,35.65734268975885,2026-10-11,0.1285,0.1554,0.1371,0.1554
22459,33.92923963741297,35.61735472414399,2026-10-05,0.1981,0.238,0.2325,0.2587
22459,33.92923963741297,35.61735472414399,2026-10-06,0.155,0.1862,0.1636,0.1862
22459,33.92923963741297,35.61735472414399,2026-10-07,0.1378,0.1759,0.1464,0.1656
22459,33.92923963741297,35.61735472414399,2026-10-08,0.1378,0.1759,0.1981,0.1759
22459,33.92923963741297,35.61735472414399,2026-10-09,0.1378,0.1656,0.1636,0.1656
22459,33.92923963741297,35.61735472414399,2026-10-10,0.1292,0.1552,0.1464,0.1656
22459,33.92923963741297,35.61735472414399,2026-10-11,0.1292,0.1552,0.1378,0.1552
22511,33.920482387147686,35.68814695241231,2026-10-05,0.2307,0.2298,0.2708,0.2498
22511,33.920482387147686,35.68814695241231,2026-10-06,0.1805,0.1799,0.1906,0.1799
22511,33.920482387147686,35.68814695241231,2026-10-07,0.1605,0.1699,0.1705,0.1599
22511,33.920482387147686,35.68814695241231,2026-10-08,0.1605,0.1699,0.2307,0.1699
22511,33.920482387147686,35.68814695241231,2026-10-09,0.1605,0.1599,0.1906,0.1599
22511,33.920482387147686,35.68814695241231,2026-10-10,0.1504,0.1499,0.1705,0.1599
22511,33.920482387147686,35.68814695241231,2026-10-11,0.1504,0.1499,0.1605,0.1499
22335,33.92415159420505,35.59623332639776,2026-10-05,0.2638,0.2215,0.3097,0.2408
22335,33.92415159420505,35.59623332639776,2026-10-06,0.2065,0.1734,0.2179,0.1734
22335,33.92415159420505,35.59623332639776,2026-10-07,0.1835,0.1637,0.195,0.1541
22335,33.92415159420505,35.59623332639776,2026-10-08,0.1835,0.1637,0.2638,0.1637
22335,33.92415159420505,35.59623332639776,2026-10-09,0.1835,0.1541,0.2179,0.1541
22335,33.92415159420505,35.59623332639776,2026-10-10,0.1721,0.1445,0.195,0.1541
22335,33.92415159420505,35.59623332639776,2026-10-11,0.1721,0.1445,0.1835,0.1445
22747,33.92072922513187,35.740316910322385,2026-10-05,0.2681,0.2205,0.3147,0.2396
22747,33.92072922513187,35.740316910322385,2026-10-06,0.2098,0.1725,0.2215,0.1725
22747,33.92072922513187,35.740316910322385,2026-10-07,0.1865,0.163,0.1982,0.1534
22747,33.92072922513187,35.740316910322385,2026-10-08,0.1865,0.163,0.2681,0.163
22747,33.92072922513187,35.740316910322385,2026-10-09,0.1865,0.1534,0.2215,0.1534
22747,33.92072922513187,35.740316910322385,2026-10-10,0.1748,0.1438,0.1982,0.1534
22747,33.92072922513187,35.740316910322385,2026-10-11,0.1748,0.1438,0.1865,0.1438
22583,33.92796313936407,35.641145281761915,2026-10-05,0.2616,0.2221,0.3071,0.2414
22583,33.92796313936407,35.641145281761915,2026-10-06,0.2048,0.1738,0.2161,0.1738
22583,33.92796313936407,35.641145281761915,2026-10-07,0.182,0.1642,0.1934,0.1545
22583,33.92796313936407,35.641145281761915,2026-10-08,0.182,0.1642,0.2616,0.1642
22583,33.92796313936407,35.641145281761915,2026-10-09,0.182,0.1545,0.2161,0.1545
22583,33.92796313936407,35.641145281761915,2026-10-10,0.1706,0.1448,0.1934,0.1545
22583,33.92796313936407,35.641145281761915,2026-10-11,0.1706,0.1448,0.182,0.1448
51173,33.904313480661095,35.89146285296959,2026-10-05,0.2619,0.222,0.3074,0.2413
51173,33.904313480661095,35.89146285296959,2026-10-06,0.205,0.1738,0.2163,0.1738
51173,33.904313480661095,35.89146285296959,2026-10-07,0.1822,0.1641,0.1936,0.1545
51173,33.904313480661095,35.89146285296959,2026-10-08,0.1822,0.1641,0.2619,0.1641
51173,33.904313480661095,35.89146285296959,2026-10-09,0.1822,0.1545,0.2163,0.1545
51173,33.904313480661095,35.89146285296959,2026-10-10,0.1708,0.1448,0.1936,0.1545
51173,33.904313480661095,35.89146285296959,2026-10-11,0.1708,0.1448,0.1822,0.1448
22754,33.91620606481015,35.717960667532154,2026-10-05,0.2098,0.235,0.2463,0.2555
22754,33.91620606481015,35.717960667532154,2026-10-06,0.1642,0.1839,0.1733,0.1839
22754,33.91620606481015,35.717960667532154,2026-10-07,0.146,0.1737,0.1551,0.1635
22754,33.91620606481015,35.717960667532154,2026-10-08,0.146,0.1737,0.2098,0.1737
22754,33.91620606481015,35.717960667532154,2026-10-09,0.146,0.1635,0.1733,0.1635
22754,33.91620606481015,35.717960667532154,2026-10-10,0.1368,0.1533,0.1551,0.1635
22754,33.91620606481015,35.717960667532154,2026-10-11,0.1368,0.1533,0.146,0.1533
53451,33.90864504490695,36.17478559064895,2026-10-05,0.2317,0.2296,0.272,0.2495
53451,33.90864504490695,36.17478559064895,2026-10-06,0.1813,0.1797,0.1914,0.1797
53451,33.90864504490695,36.17478559064895,2026-10-07,0.1612,0.1697,0.1713,0.1597
53451,33.90864504490695,36.17478559064895,2026-10-08,0.1612,0.1697,0.2317,0.1697
53451,33.90864504490695,36.17478559064895,2026-10-09,0.1612,0.1597,0.1914,0.1597
53451,33.90864504490695,36.17478559064895,2026-10-10,0.1511,0.1497,0.1713,0.1597
53451,33.90864504490695,36.17478559064895,2026-10-11,0.1511,0.1497,0.1612,0.1497
22447,33.92311247850759,35.61121670609949,2026-10-05,0.239,0.2277,0.2806,0.2476
22447,33.92311247850759,35.61121670609949,2026-10-06,0.187,0.1782,0.1974,0.1782
22447,33.92311247850759,35.61121670609949,2026-10-07,0.1663,0.1683,0.1767,0.1584
22447,33.92311247850759,35.61121670609949,2026-10-08,0.1663,0.1683,0.239,0.1683
22447,33.92311247850759,35.61121670609949,2026-10-09,0.1663,0.1584,0.1974,0.1584
22447,33.92311247850759,35.61121670609949,2026-10-10,0.1559,0.1485,0.1767,0.1584
22447,33.92311247850759,35.61121670609949,2026-10-11,0.1559,0.1485,0.1663,0.1485
22771,33.92389134618839,35.714394923856545,2026-10-05,0.2345,0.2289,0.2753,0.2488
22771,33.92389134618839,35.714394923856545,2026-10-06,0.1835,0.1791,0.1937,0.1791
22771,33.92389134618839,35.714394923856545,2026-10-07,0.1632,0.1692,0.1734,0.1592
22771,33.92389134618839,35.714394923856545,2026-10-08,0.1632,0.1692,0.2345,0.1692
22771,33.92389134618839,35.714394923856545,2026-10-09,0.1632,0.1592,0.1937,0.1592
22771,33.92389134618839,35.714394923856545,2026-10-10,0.153,0.1493,0.1734,0.1592
22771,33.92389134618839,35.714394923856545,2026-10-11,0.153,0.1493,0.1632,0.1493
22451,33.92412209106929,35.63686645656624,2026-10-05,0.2417,0.2271,0.2837,0.2468
22451,33.92412209106929,35.63686645656624,2026-10-06,0.1891,0.1777,0.1997,0.1777
22451,33.92412209106929,35.63686645656624,2026-10-07,0.1681,0.1678,0.1786,0.158
22451,33.92412209106929,35.63686645656624,2026-10-08,0.1681,0.1678,0.2417,0.1678
22451,33.92412209106929,35.63686645656624,2026-10-09,0.1681,0.158,0.1997,0.158
22451,33.92412209106929,35.63686645656624,2026-10-10,0.1576,0.1481,0.1786,0.158
22451,33.92412209106929,35.63686645656624,2026-10-11,0.1576,0.1481,0.1681,0.1481
22515,33.921807077131454,35.69805498114174,2026-10-05,0.2448,0.2263,0.2874,0.246
22515,33.921807077131454,35.69805498114174,2026-10-06,0.1916,0.1771,0.2023,0.1771
22515,33.921807077131454,35.69805498114174,2026-10-07,0.1703,0.1673,0.181,0.1574
22515,33.921807077131454,35.69805498114174,2026-10-08,0.1703,0.1673,0.2448,0.1673
22515,33.921807077131454,35.69805498114174,2026-10-09,0.1703,0.1574,0.2023,0.1574
22515,33.921807077131454,35.69805498114174,2026-10-10,0.1597,0.1476,0.181,0.1574
22515,33.921807077131454,35.69805498114174,2026-10-11,0.1597,0.1476,0.1703,0.1476
22471,33.92253572705537,35.64089415797721,2026-10-05,0.269,0.2203,0.3157,0.2394
22471,33.92253572705537,35.64089415797721,2026-10-06,0.2105,0.1724,0.2222,0.1724
22471,33.92253572705537,35.64089415797721,2026-10-07,0.1871,0.1628,0.1988,0.1532
22471,33.92253572705537,35.64089415797721,2026-10-08,0.1871,0.1628,0.269,0.1628
22471,33.92253572705537,35.64089415797721,2026-10-09,0.1871,0.1532,0.2222,0.1532
22471,33.92253572705537,35.64089415797721,2026-10-10,0.1754,0.1436,0.1988,0.1532
22471,33.92253572705537,35.64089415797721,2026-10-11,0.1754,0.1436,0.1871,0.1436
53419,33.91384793152702,36.04722612985531,2026-10-05,0.1842,0.2415,0.2162,0.2625
53419,33.91384793152702,36.04722612985531,2026-10-06,0.1441,0.189,0.1521,0.189
53419,33.91384793152702,36.04722612985531,2026-10-07,0.1281,0.1785,0.1361,0.168
53419,33.91384793152702,36.04722612985531,2026-10-08,0.1281,0.1785,0.1842,0.1785
53419,33.91384793152702,36.04722612985531,2026-10-09,0.1281,0.168,0.1521,0.168
53419,33.91384793152702,36.04722612985531,2026-10-10,0.1201,0.1575,0.1361,0.168
53419,33.91384793152702,36.04722612985531,2026-10-11,0.1201,0.1575,0.1281,0.1575
22455,33.91650131875496,35.63318597398936,2026-10-05,0.26,0.2225,0.3053,0.2418
22455,33.91650131875496,35.63318597398936,2026-10-06,0.2035,0.1741,0.2148,0.1741
22455,33.91650131875496,35.63318597398936,2026-10-07,0.1809,0.1644,0.1922,0.1548
22455,33.91650131875496,35.63318597398936,2026-10-08,0.1809,0.1644,0.26,0.1644
22455,33.91650131875496,35.63318597398936,2026-10-09,0.1809,0.1548,0.2148,0.1548
22455,33.91650131875496,35.63318597398936,2026-10-10,0.1696,0.1451,0.1922,0.1548
22455,33.91650131875496,35.63318597398936,2026-10-11,0.1696,0.1451,0.1809,0.1451
22551,33.91855127057796,35.65833005941918,2026-10-05,0.1997,0.2376,0.2344,0.2582
22551,33.91855127057796,35.65833005941918,2026-10-06,0.1563,0.1859,0.165,0.1859
22551,33.91855127057796,35.65833005941918,2026-10-07,0.1389,0.1756,0.1476,0.1653
22551,33.91855127057796,35.65833005941918,2026-10-08,0.1389,0.1756,0.1997,0.1756
22551,33.91855127057796,35.65833005941918,2026-10-09,0.1389,0.1653,0.165,0.1653
22551,33.91855127057796,35.65833005941918,2026-10-10,0.1302,0.1549,0.1476,0.1653
22551,33.91855127057796,35.65833005941918,2026-10-11,0.1302,0.1549,0.1389,0.1549
22535,33.91214974628396,35.666110936048334,2026-10-05,0.2598,0.2226,0.305,0.2419
22535,33.91214974628396,35.666110936048334,2026-10-06,0.2033,0.1742,0.2146,0.1742
22535,33.91214974628396,35.666110936048334,2026-10-07,0.1807,0.1645,0.192,0.1548
22535,33.91214974628396,35.666110936048334,2026-10-08,0.1807,0.1645,0.2598,0.1645
22535,33.91214974628396,35.666110936048334,2026-10-09,0.1807,0.1548,0.2146,0.1548
22535,33.91214974628396,35.666110936048334,2026-10-10,0.1694,0.1451,0.192,0.1548
22535,33.91214974628396,35.666110936048334,2026-10-11,0.1694,0.1451,0.1807,0.1451
22311,33.914864557650134,35.59136858190667,2026-10-05,0.2452,0.2262,0.2878,0.2459
22311,33.914864557650134,35.59136858190667,2026-10-06,0.1919,0.177,0.2025,0.177
22311,33.914864557650134,35.59136858190667,2026-10-07,0.1705,0.1672,0.1812,0.1574
22311,33.914864557650134,35.59136858190667,2026-10-08,0.1705,0.1672,0.2452,0.1672
22311,33.914864557650134,35.59136858190667,2026-10-09,0.1705,0.1574,0.2025,0.1574
22311,33.914864557650134,35.59136858190667,2026-10-10,0.1599,0.1475,0.1812,0.1574
22311,33.914864557650134,35.59136858190667,2026-10-11,0.1599,0.1475,0.1705,0.1475
22734,33.91691800520262,35.75523557177268,2026-10-05,0.2251,0.2312,0.2643,0.2513
22734,33.91691800520262,35.75523557177268,2026-10-06,0.1762,0.181,0.186,0.181
22734,33.91691800520262,35.75523557177268,2026-10-07,0.1566,0.1709,0.1664,0.1609
22734,33.91691800520262,35.75523557177268,2026-10-08,0.1566,0.1709,0.2251,0.1709
22734,33.91691800520262,35.75523557177268,2026-10-09,0.1566,0.1609,0.186,0.1609
22734,33.91691800520262,35.75523557177268,2026-10-10,0.1468,0.1508,0.1664,0.1609
22734,33.91691800520262,35.75523557177268,2026-10-11,0.1468,0.1508,0.1566,0.1508
53413,33.90458411536697,35.99975345597233,2026-10-05,0.2147,0.2338,0.2521,0.2541
53413,33.90458411536697,35.99975345597233,2026-10-06,0.1681,0.183,0.1774,0.183
53413,33.90458411536697,35.99975345597233,2026-10-07,0.1494,0.1728,0.1587,0.1627
53413,33.90458411536697,35.99975345597233,2026-10-08,0.1494,0.1728,0.2147,0.1728
53413,33.90458411536697,35.99975345597233,2026-10-09,0.1494,0.1627,0.1774,0.1627
53413,33.90458411536697,35.99975345597233,2026-10-10,0.14,0.1525,0.1587,0.1627
53413,33.90458411536697,35.99975345597233,2026-10-11,0.14,0.1525,0.1494,0.1525
53443,33.909833926809476,36.122399458628955,2026-10-05,0.1981,0.238,0.2326,0.2587
53443,33.909833926809476,36.122399458628955,2026-10-06,0.1551,0.1862,0.1637,0.1862
53443,33.909833926809476,36.122399458628955,2026-10-07,0.1378,0.1759,0.1465,0.1655
53443,33.909833926809476,36.122399458628955,2026-10-08,0.1378,0.1759,0.1981,0.1759
53443,33.909833926809476,36.122399458628955,2026-10-09,0.1378,0.1655,0.1637,0.1655
53443,33.909833926809476,36.122399458628955,2026-10-10,0.1292,0.1552,0.1465,0.1655
53443,33.909833926809476,36.122399458628955,2026-10-11,0.1292,0.1552,0.1378,0.1552
22555,33.911140369471525,35.64918387531519,2026-10-05,0.2027,0.2368,0.238,0.2574
22555,33.911140369471525,35.64918387531519,2026-10-06,0.1587,0.1853,0.1675,0.1853
22555,33.911140369471525,35.64918387531519,2026-10-07,0.141,0.175,0.1498,0.1647
22555,33.911140369471525,35.64918387531519,2026-10-08,0.141,0.175,0.2027,0.175
22555,33.911140369471525,35.64918387531519,2026-10-09,0.141,0.1647,0.1675,0.1647
22555,33.911140369471525,35.64918387531519,2026-10-10,0.1322,0.1544,0.1498,0.1647
22555,33.911140369471525,35.64918387531519,2026-10-11,0.1322,0.1544,0.141,0.1544
22727,33.91193057156669,35.72700568710304,2026-10-05,0.2287,0.2303,0.2685,0.2503
22727,33.91193057156669,35.72700568710304,2026-10-06,0.179,0.1802,0.189,0.1802
22727,33.91193057156669,35.72700568710304,2026-10-07,0.1591,0.1702,0.1691,0.1602
22727,33.91193057156669,35.72700568710304,2026-10-08,0.1591,0.1702,0.2287,0.1702
22727,33.91193057156669,35.72700568710304,2026-10-09,0.1591,0.1602,0.189,0.1602
22727,33.91193057156669,35.72700568710304,2026-10-10,0.1492,0.1502,0.1691,0.1602
22727,33.91193057156669,35.72700568710304,2026-10-11,0.1492,0.1502,0.1591,0.1502
53445,33.886597995994734,36.101659940586096,2026-10-05,0.1829,0.2418,0.2147,0.2628
53445,33.886597995994734,36.101659940586096,2026-10-06,0.1431,0.1892,0.1511,0.1892
53445,33.886597995994734,36.101659940586096,2026-10-07,0.1272,0.1787,0.1352,0.1682
53445,33.886597995994734,36.101659940586096,2026-10-08,0.1272,0.1787,0.1829,0.1787
53445,33.886597995994734,36.101659940586096,2026-10-09,0.1272,0.1682,0.1511,0.1682
53445,33.886597995994734,36.101659940586096,2026-10-10,0.1193,0.1577,0.1352,0.1682
53445,33.886597995994734,36.101659940586096,2026-10-11,0.1193,0.1577,0.1272,0.1577
22733,33.91049773928022,35.75807828773117,2026-10-05,0.198,0.238,0.2325,0.2587
22733,33.91049773928022,35.75807828773117,2026-10-06,0.155,0.1863,0.1636,0.1863
22733,33.91049773928022,35.75807828773117,2026-10-07,0.1378,0.1759,0.1464,0.1656
22733,33.91049773928022,35.75807828773117,2026-10-08,0.1378,0.1759,0.198,0.1759
22733,33.91049773928022,35.75807828773117,2026-10-09,0.1378,0.1656,0.1636,0.1656
22733,33.91049773928022,35.75807828773117,2026-10-10,0.1292,0.1552,0.1464,0.1656
22733,33.91049773928022,35.75807828773117,2026-10-11,0.1292,0.1552,0.1378,0.1552
22319,33.909057448150286,35.59644518560327,2026-10-05,0.2004,0.2374,0.2352,0.258
22319,33.909057448150286,35.59644518560327,2026-10-06,0.1568,0.1858,0.1655,0.1858
22319,33.909057448150286,35.59644518560327,2026-10-07,0.1394,0.1755,0.1481,0.1651
22319,33.909057448150286,35.59644518560327,2026-10-08,0.1394,0.1755,0.2004,0.1755
22319,33.909057448150286,35.59644518560327,2026-10-09,0.1394,0.1651,0.1655,0.1651
22319,33.909057448150286,35.59644518560327,2026-10-10,0.1307,0.1548,0.1481,0.1651
22319,33.909057448150286,35.59644518560327,2026-10-11,0.1307,0.1548,0.1394,0.1548
22443,33.90535522546843,35.624616061296166,2026-10-05,0.2445,0.2264,0.287,0.2461
22443,33.90535522546843,35.624616061296166,2026-10-06,0.1914,0.1772,0.202,0.1772
22443,33.90535522546843,35.624616061296166,2026-10-07,0.1701,0.1673,0.1807,0.1575
22443,33.90535522546843,35.624616061296166,2026-10-08,0.1701,0.1673,0.2445,0.1673
22443,33.90535522546843,35.624616061296166,2026-10-09,0.1701,0.1575,0.202,0.1575
22443,33.90535522546843,35.624616061296166,2026-10-10,0.1595,0.1476,0.1807,0.1575
22443,33.90535522546843,35.624616061296166,2026-10-11,0.1595,0.1476,0.1701,0.1476
22327,33.9057080696116,35.58253415894664,2026-10-05,0.2117,0.2346,0.2486,0.255
22327,33.9057080696116,35.58253415894664,2026-10-06,0.1657,0.1836,0.1749,0.1836
22327,33.9057080696116,35.58253415894664,2026-10-07,0.1473,0.1734,0.1565,0.1632
22327,33.9057080696116,35.58253415894664,2026-10-08,0.1473,0.1734,0.2117,0.1734
22327,33.9057080696116,35.58253415894664,2026-10-09,0.1473,0.1632,0.1749,0.1632
22327,33.9057080696116,35.58253415894664,2026-10-10,0.1381,0.153,0.1565,0.1632
22327,33.9057080696116,35.58253415894664,2026-10-11,0.1381,0.153,0.1473,0.153
51177,33.89442600068913,35.960123038486934,2026-10-05,0.2295,0.2301,0.2695,0.2501
51177,33.89442600068913,35.960123038486934,2026-10-06,0.1796,0.1801,0.1896,0.1801
51177,33.89442600068913,35.960123038486934,2026-10-07,0.1597,0.1701,0.1697,0.1601
51177,33.89442600068913,35.960123038486934,2026-10-08,0.1597,0.1701,0.2295,0.1701
51177,33.89442600068913,35.960123038486934,2026-10-09,0.1597,0.1601,0.1896,0.1601
51177,33.89442600068913,35.960123038486934,2026-10-10,0.1497,0.1501,0.1697,0.1601
51177,33.89442600068913,35.960123038486934,2026-10-11,0.1497,0.1501,0.1597,0.1501
22731,33.90827774501305,35.735887311023774,2026-10-05,0.273,0.2192,0.3205,0.2383
22731,33.90827774501305,35.735887311023774,2026-10-06,0.2137,0.1716,0.2256,0.1716
22731,33.90827774501305,35.735887311023774,2026-10-07,0.1899,0.162,0.2018,0.1525
22731,33.90827774501305,35.735887311023774,2026-10-08,0.1899,0.162,0.273,0.162
22731,33.90827774501305,35.735887311023774,2026-10-09,0.1899,0.1525,0.2256,0.1525
22731,33.90827774501305,35.735887311023774,2026-10-10,0.1781,0.143,0.2018,0.1525
22731,33.90827774501305,35.735887311023774,2026-10-11,0.1781,0.143,0.1899,0.143
10610,33.90212077900375,35.526841445439196,2026-10-05,0.2596,0.2226,0.3047,0.242
10610,33.90212077900375,35.526841445439196,2026-10-06,0.2031,0.1742,0.2144,0.1742
10610,33.90212077900375,35.526841445439196,2026-10-07,0.1806,0.1645,0.1919,0.1549
10610,33.90212077900375,35.526841445439196,2026-10-08,0.1806,0.1645,0.2596,0.1645
10610,33.90212077900375,35.526841445439196,2026-10-09,0.1806,0.1549,0.2144,0.1549
10610,33.90212077900375,35.526841445439196,2026-10-10,0.1693,0.1452,0.1919,0.1549
10610,33.90212077900375,35.526841445439196,2026-10-11,0.1693,0.1452,0.1806,0.1452
53437,33.88482591349424,36.06893371283656,2026-10-05,0.2191,0.2327,0.2572,0.253
53437,33.88482591349424,36.06893371283656,2026-10-06,0.1715,0.1821,0.181,0.1821
53437,33.88482591349424,36.06893371283656,2026-10-07,0.1524,0.172,0.162,0.1619
53437,33.88482591349424,36.06893371283656,2026-10-08,0.1524,0.172,0.2191,0.172
53437,33.88482591349424,36.06893371283656,2026-10-09,0.1524,0.1619,0.181,0.1619
53437,33.88482591349424,36.06893371283656,2026-10-10,0.1429,0.1518,0.162,0.1619
53437,33.88482591349424,36.06893371283656,2026-10-11,0.1429,0.1518,0.1524,0.1518
22761,33.90172390566401,35.69888523151405,2026-10-05,0.272,0.2195,0.3193,0.2386
22761,33.90172390566401,35.69888523151405,2026-10-06,0.2129,0.1718,0.2247,0.1718
22761,33.90172390566401,35.69888523151405,2026-10-07,0.1892,0.1622,0.201,0.1527
22761,33.90172390566401,35.69888523151405,2026-10-08,0.1892,0.1622,0.272,0.1622
22761,33.90172390566401,35.69888523151405,2026-10-09,0.1892,0.1527,0.2247,0.1527
22761,33.90172390566401,35.69888523151405,2026-10-10,0.1774,0.1432,0.201,0.1527
22761,33.90172390566401,35.69888523151405,2026-10-11,0.1774,0.1432,0.1892,0.1432
22751,33.896436245391875,35.79495857816616,2026-10-05,0.1928,0.2393,0.2264,0.2601
22751,33.896436245391875,35.79495857816616,2026-10-06,0.1509,0.1873,0.1593,0.1873
22751,33.896436245391875,35.79495857816616,2026-10-07,0.1341,0.1769,0.1425,0.1665
22751,33.896436245391875,35.79495857816616,2026-10-08,0.1341,0.1769,0.1928,0.1769
22751,33.896436245391875,35.79495857816616,2026-10-09,0.1341,0.1665,0.1593,0.1665
22751,33.896436245391875,35.79495857816616,2026-10-10,0.1258,0.1561,0.1425,0.1665
22751,33.896436245391875,35.79495857816616,2026-10-11,0.1258,0.1561,0.1341,0.1561
22439,33.90005818684649,35.60454949708913,2026-10-05,0.2475,0.2256,0.2906,0.2452
22439,33.90005818684649,35.60454949708913,2026-10-06,0.1937,0.1766,0.2045,0.1766
22439,33.90005818684649,35.60454949708913,2026-10-07,0.1722,0.1668,0.1829,0.157
22439,33.90005818684649,35.60454949708913,2026-10-08,0.1722,0.1668,0.2475,0.1668
22439,33.90005818684649,35.60454949708913,2026-10-09,0.1722,0.157,0.2045,0.157
22439,33.90005818684649,35.60454949708913,2026-10-10,0.1614,0.1471,0.1829,0.157
22439,33.90005818684649,35.60454949708913,2026-10-11,0.1614,0.1471,0.1722,0.1471
22784,33.89826301290506,35.68876377524761,2026-10-05,0.2663,0.2209,0.3126,0.2401
22784,33.89826301290506,35.68876377524761,2026-10-06,0.2084,0.1729,0.22,0.1729
22784,33.89826301290506,35.68876377524761,2026-10-07,0.1852,0.1633,0.1968,0.1537
22784,33.89826301290506,35.68876377524761,2026-10-08,0.1852,0.1633,0.2663,0.1633
22784,33.89826301290506,35.68876377524761,2026-10-09,0.1852,0.1537,0.22,0.1537
22784,33.89826301290506,35.68876377524761,2026-10-10,0.1737,0.1441,0.1968,0.1537
22784,33.89826301290506,35.68876377524761,2026-10-11,0.1737,0.1441,0.1852,0.1441
22767,33.904922256461354,35.703680925840224,2026-10-05,0.241,0.2273,0.2829,0.247
22767,33.904922256461354,35.703680925840224,2026-10-06,0.1886,0.1779,0.199,0.1779
22767,33.904922256461354,35.703680925840224,2026-10-07,0.1676,0.168,0.1781,0.1581
22767,33.904922256461354,35.703680925840224,2026-10-08,0.1676,0.168,0.241,0.168
22767,33.904922256461354,35.703680925840224,2026-10-09,0.1676,0.1581,0.199,0.1581
22767,33.904922256461354,35.703680925840224,2026-10-10,0.1571,0.1482,0.1781,0.1581
22767,33.904922256461354,35.703680925840224,2026-10-11,0.1571,0.1482,0.1676,0.1482
22343,33.901535169553256,35.56788853489897,2026-10-05,0.2093,0.2352,0.2457,0.2556
22343,33.901535169553256,35.56788853489897,2026-10-06,0.1638,0.184,0.1729,0.184
22343,33.901535169553256,35.56788853489897,2026-10-07,0.1456,0.1738,0.1547,0.1636
22343,33.901535169553256,35.56788853489897,2026-10-08,0.1456,0.1738,0.2093,0.1738
22343,33.901535169553256,35.56788853489897,2026-10-09,0.1456,0.1636,0.1729,0.1636
22343,33.901535169553256,35.56788853489897,2026-10-10,0.1365,0.1534,0.1547,0.1636
22343,33.901535169553256,35.56788853489897,2026-10-11,0.1365,0.1534,0.1456,0.1534
22675,33.900337103873134,35.6620752026702,2026-10-05,0.2535,0.2241,0.2975,0.2436
22675,33.900337103873134,35.6620752026702,2026-10-06,0.1984,0.1754,0.2094,0.1754
22675,33.900337103873134,35.6620752026702,2026-10-07,0.1763,0.1657,0.1873,0.1559
22675,33.900337103873134,35.6620752026702,2026-10-08,0.1763,0.1657,0.2535,0.1657
22675,33.900337103873134,35.6620752026702,2026-10-09,0.1763,0.1559,0.2094,0.1559
22675,33.900337103873134,35.6620752026702,2026-10-10,0.1653,0.1462,0.1873,0.1559
22675,33.900337103873134,35.6620752026702,2026-10-11,0.1653,0.1462,0.1763,0.1462
10250,33.900249822143245,35.49578408417753,2026-10-05,0.2653,0.2212,0.3114,0.2404
10250,33.900249822143245,35.49578408417753,2026-10-06,0.2076,0.1731,0.2191,0.1731
10250,33.900249822143245,35.49578408417753,2026-10-07,0.1845,0.1635,0.1961,0.1539
10250,33.900249822143245,35.49578408417753,2026-10-08,0.1845,0.1635,0.2653,0.1635
10250,33.900249822143245,35.49578408417753,2026-10-09,0.1845,0.1539,0.2191,0.1539
10250,33.900249822143245,35.49578408417753,2026-10-10,0.173,0.1442,0.1961,0.1539
10250,33.900249822143245,35.49578408417753,2026-10-11,0.173,0.1442,0.1845,0.1442
22431,33.90218381692712,35.58777978476575,2026-10-05,0.2159,0.2335,0.2535,0.2538
22431,33.90218381692712,35.58777978476575,2026-10-06,0.169,0.1827,0.1784,0.1827
22431,33.90218381692712,35.58777978476575,2026-10-07,0.1502,0.1726,0.1596,0.1624
22431,33.90218381692712,35.58777978476575,2026-10-08,0.1502,0.1726,0.2159,0.1726
22431,33.90218381692712,35.58777978476575,2026-10-09,0.1502,0.1624,0.1784,0.1624
22431,33.90218381692712,35.58777978476575,2026-10-10,0.1408,0.1523,0.1596,0.1624
22431,33.90218381692712,35.58777978476575,2026-10-11,0.1408,0.1523,0.1502,0.1523
22659,33.893411036226595,35.674054391856615,2026-10-05,0.2291,0.2302,0.2689,0.2502
22659,33.893411036226595,35.674054391856615,2026-10-06,0.1793,0.1802,0.1893,0.1802
22659,33.893411036226595,35.674054391856615,2026-10-07,0.1594,0.1702,0.1693,0.1602
22659,33.893411036226595,35.674054391856615,2026-10-08,0.1594,0.1702,0.2291,0.1702
22659,33.893411036226595,35.674054391856615,2026-10-09,0.1594,0.1602,0.1893,0.1602
22659,33.893411036226595,35.674054391856615,2026-10-10,0.1494,0.1501,0.1693,0.1602
22659,33.893411036226595,35.674054391856615,2026-10-11,0.1494,0.1501,0.1594,0.1501
22714,33.90552532789995,35.74034742115657,2026-10-05,0.202,0.237,0.2371,0.2576
22714,33.90552532789995,35.74034742115657,2026-10-06,0.1581,0.1855,0.1669,0.1855
22714,33.90552532789995,35.74034742115657,2026-10-07,0.1405,0.1752,0.1493,0.1649
22714,33.90552532789995,35.74034742115657,2026-10-08,0.1405,0.1752,0.202,0.1752
22714,33.90552532789995,35.74034742115657,2026-10-09,0.1405,0.1649,0.1669,0.1649
22714,33.90552532789995,35.74034742115657,2026-10-10,0.1317,0.1546,0.1493,0.1649
22714,33.90552532789995,35.74034742115657,2026-10-11,0.1317,0.1546,0.1405,0.1546
22351,33.89977509494402,35.57479465908223,2026-10-05,0.2768,0.2183,0.3249,0.2373
22351,33.89977509494402,35.57479465908223,2026-10-06,0.2166,0.1709,0.2286,0.1709
22351,33.89977509494402,35.57479465908223,2026-10-07,0.1925,0.1614,0.2046,0.1519
22351,33.89977509494402,35.57479465908223,2026-10-08,0.1925,0.1614,0.2768,0.1614
22351,33.89977509494402,35.57479465908223,2026-10-09,0.1925,0.1519,0.2286,0.1519
22351,33.89977509494402,35.57479465908223,2026-10-10,0.1805,0.1424,0.2046,0.1519
22351,33.89977509494402,35.57479465908223,2026-10-11,0.1805,0.1424,0.1925,0.1424
10450,33.89976156807177,35.510650041792765,2026-10-05,0.2119,0.2345,0.2488,0.2549
10450,33.89976156807177,35.510650041792765,2026-10-06,0.1659,0.1835,0.1751,0.1835
10450,33.89976156807177,35.510650041792765,2026-10-07,0.1474,0.1733,0.1567,0.1631
10450,33.89976156807177,35.510650041792765,2026-10-08,0.1474,0.1733,0.2119,0.1733
10450,33.89976156807177,35.510650041792765,2026-10-09,0.1474,0.1631,0.1751,0.1631
10450,33.89976156807177,35.510650041792765,2026-10-10,0.1382,0.1529,0.1567,0.1631
10450,33.89976156807177,35.510650041792765,2026-10-11,0.1382,0.1529,0.1474,0.1529
10110,33.899236266513554,35.475116247722646,2026-10-05,0.2707,0.2198,0.3178,0.2389
10110,33.899236266513554,35.475116247722646,2026-10-06,0.2119,0.172,0.2236,0.172
10110,33.899236266513554,35.475116247722646,2026-10-07,0.1883,0.1625,0.2001,0.1529
10110,33.899236266513554,35.475116247722646,2026-10-08,0.1883,0.1625,0.2707,0.1625
10110,33.899236266513554,35.475116247722646,2026-10-09,0.1883,0.1529,0.2236,0.1529
10110,33.899236266513554,35.475116247722646,2026-10-10,0.1765,0.1434,0.2001,0.1529
10110,33.899236266513554,35.475116247722646,2026-10-11,0.1765,0.1434,0.1883,0.1434
22111,33.89342015803847,35.54336903595574,2026-10-05,0.2801,0.2175,0.3288,0.2364
22111,33.89342015803847,35.54336903595574,2026-10-06,0.2192,0.1702,0.2314,0.1702
22111,33.89342015803847,35.54336903595574,2026-10-07,0.1949,0.1607,0.207,0.1513
22111,33.89342015803847,35.54336903595574,2026-10-08,0.1949,0.1607,0.2801,0.1607
22111,33.89342015803847,35.54336903595574,2026-10-09,0.1949,0.1513,0.2314,0.1513
22111,33.89342015803847,35.54336903595574,2026-10-10,0.1827,0.1418,0.207,0.1513
22111,33.89342015803847,35.54336903595574,2026-10-11,0.1827,0.1418,0.1949,0.1418
22737,33.9020897634459,35.72788591573011,2026-10-05,0.2637,0.2216,0.3096,0.2408
22737,33.9020897634459,35.72788591573011,2026-10-06,0.2064,0.1734,0.2179,0.1734
22737,33.9020897634459,35.72788591573011,2026-10-07,0.1835,0.1638,0.1949,0.1541
22737,33.9020897634459,35.72788591573011,2026-10-08,0.1835,0.1638,0.2637,0.1638
22737,33.9020897634459,35.72788591573011,2026-10-09,0.1835,0.1541,0.2179,0.1541
22737,33.9020897634459,35.72788591573011,2026-10-10,0.172,0.1445,0.1949,0.1541
22737,33.9020897634459,35.72788591573011,2026-10-11,0.172,0.1445,0.1835,0.1445
22724,33.90129851239352,35.73443047463694,2026-10-05,0.2198,0.2326,0.258,0.2528
22724,33.90129851239352,35.73443047463694,2026-10-06,0.172,0.182,0.1815,0.182
22724,33.90129851239352,35.73443047463694,2026-10-07,0.1529,0.1719,0.1624,0.1618
22724,33.90129851239352,35.73443047463694,2026-10-08,0.1529,0.1719,0.2198,0.1719
22724,33.90129851239352,35.73443047463694,2026-10-09,0.1529,0.1618,0.1815,0.1618
22724,33.90129851239352,35.73443047463694,2026-10-10,0.1433,0.1517,0.1624,0.1618
22724,33.90129851239352,35.73443047463694,2026-10-11,0.1433,0.1517,0.1529,0.1517
22651,33.894336975162936,35.64385030413252,2026-10-05,0.2703,0.2199,0.3173,0.2391
22651,33.894336975162936,35.64385030413252,2026-10-06,0.2115,0.1721,0.2233,0.1721
22651,33.894336975162936,35.64385030413252,2026-10-07,0.188,0.1626,0.1998,0.153
22651,33.894336975162936,35.64385030413252,2026-10-08,0.188,0.1626,0.2703,0.1626
22651,33.894336975162936,35.64385030413252,2026-10-09,0.188,0.153,0.2233,0.153
22651,33.894336975162936,35.64385030413252,2026-10-10,0.1763,0.1434,0.1998,0.153
22651,33.894336975162936,35.64385030413252,2026-10-11,0.1763,0.1434,0.188,0.1434
22619,33.89517626001114,35.63348650140366,2026-10-05,0.2577,0.2231,0.3026,0.2425
22619,33.89517626001114,35.63348650140366,2026-10-06,0.2017,0.1746,0.2129,0.1746
22619,33.89517626001114,35.63348650140366,2026-10-07,0.1793,0.1649,0.1905,0.1552
22619,33.89517626001114,35.63348650140366,2026-10-08,0.1793,0.1649,0.2577,0.1649
22619,33.89517626001114,35.63348650140366,2026-10-09,0.1793,0.1552,0.2129,0.1552
22619,33.89517626001114,35.63348650140366,2026-10-10,0.1681,0.1455,0.1905,0.1552
22619,33.89517626001114,35.63348650140366,2026-10-11,0.1681,0.1455,0.1793,0.1455
22744,33.893902335585324,35.712774656246154,2026-10-05,0.2435,0.2266,0.2859,0.2463
22744,33.893902335585324,35.712774656246154,2026-10-06,0.1906,0.1774,0.2012,0.1774
22744,33.893902335585324,35.712774656246154,2026-10-07,0.1694,0.1675,0.18,0.1576
22744,33.893902335585324,35.712774656246154,2026-10-08,0.1694,0.1675,0.2435,0.1675
22744,33.893902335585324,35.712774656246154,2026-10-09,0.1694,0.1576,0.2012,0.1576
22744,33.893902335585324,35.712774656246154,2026-10-10,0.1588,0.1478,0.18,0.1576
22744,33.893902335585324,35.712774656246154,2026-10-11,0.1588,0.1478,0.1694,0.1478
22741,33.898102175909905,35.70595166561646,2026-10-05,0.2582,0.223,0.3031,0.2423
22741,33.898102175909905,35.70595166561646,2026-10-06,0.2021,0.1745,0.2133,0.1745
22741,33.898102175909905,35.70595166561646,2026-10-07,0.1796,0.1648,0.1908,0.1551
22741,33.898102175909905,35.70595166561646,2026-10-08,0.1796,0.1648,0.2582,0.1648
22741,33.898102175909905,35.70595166561646,2026-10-09,0.1796,0.1551,0.2133,0.1551
22741,33.898102175909905,35.70595166561646,2026-10-10,0.1684,0.1454,0.1908,0.1551
22741,33.898102175909905,35.70595166561646,2026-10-11,0.1684,0.1454,0.1796,0.1454
22228,33.884078517212664,35.56104718416686,2026-10-05,0.2151,0.2337,0.2525,0.2541
22228,33.884078517212664,35.56104718416686,2026-10-06,0.1683,0.1829,0.1777,0.1829
22228,33.884078517212664,35.56104718416686,2026-10-07,0.1496,0.1728,0.159,0.1626
22228,33.884078517212664,35.56104718416686,2026-10-08,0.1496,0.1728,0.2151,0.1728
22228,33.884078517212664,35.56104718416686,2026-10-09,0.1496,0.1626,0.1777,0.1626
22228,33.884078517212664,35.56104718416686,2026-10-10,0.1403,0.1524,0.159,0.1626
22228,33.884078517212664,35.56104718416686,2026-10-11,0.1403,0.1524,0.1496,0.1524
10150,33.890128605099704,35.47600506849082,2026-10-05,0.2696,0.2201,0.3165,0.2392
10150,33.890128605099704,35.47600506849082,2026-10-06,0.211,0.1723,0.2227,0.1723
10150,33.890128605099704,35.47600506849082,2026-10-07,0.1876,0.1627,0.1993,0.1531
10150,33.890128605099704,35.47600506849082,2026-10-08,0.1876,0.1627,0.2696,0.1627
10150,33.890128605099704,35.47600506849082,2026-10-09,0.1876,0.1531,0.2227,0.1531
10150,33.890128605099704,35.47600506849082,2026-10-10,0.1758,0.1435,0.1993,0.1531
10150,33.890128605099704,35.47600506849082,2026-10-11,0.1758,0.1435,0.1876,0.1435
22722,33.8948401487984,35.72481250589029,2026-10-05,0.1944,0.2389,0.2282,0.2597
22722,33.8948401487984,35.72481250589029,2026-10-06,0.1521,0.187,0.1606,0.187
22722,33.8948401487984,35.72481250589029,2026-10-07,0.1352,0.1766,0.1437,0.1662
22722,33.8948401487984,35.72481250589029,2026-10-08,0.1352,0.1766,0.1944,0.1766
22722,33.8948401487984,35.72481250589029,2026-10-09,0.1352,0.1662,0.1606,0.1662
22722,33.8948401487984,35.72481250589029,2026-10-10,0.1268,0.1558,0.1437,0.1662
22722,33.8948401487984,35.72481250589029,2026-10-11,0.1268,0.1558,0.1352,0.1558
10410,33.893186476850424,35.4980673259427,2026-10-05,0.2011,0.2372,0.2361,0.2579
10410,33.893186476850424,35.4980673259427,2026-10-06,0.1574,0.1857,0.1661,0.1857
10410,33.893186476850424,35.4980673259427,2026-10-07,0.1399,0.1753,0.1486,0.165
10410,33.893186476850424,35.4980673259427,2026-10-08,0.1399,0.1753,0.2011,0.1753
10410,33.893186476850424,35.4980673259427,2026-10-09,0.1399,0.165,0.1661,0.165
10410,33.893186476850424,35.4980673259427,2026-10-10,0.1311,0.1547,0.1486,0.165
10410,33.893186476850424,35.4980673259427,2026-10-11,0.1311,0.1547,0.1399,0.1547
22359,33.89522413460215,35.58627722291721,2026-10-05,0.2236,0.2316,0.2625,0.2517
22359,33.89522413460215,35.58627722291721,2026-10-06,0.175,0.1813,0.1847,0.1813
22359,33.89522413460215,35.58627722291721,2026-10-07,0.1555,0.1712,0.1653,0.1611
22359,33.89522413460215,35.58627722291721,2026-10-08,0.1555,0.1712,0.2236,0.1712
22359,33.89522413460215,35.58627722291721,2026-10-09,0.1555,0.1611,0.1847,0.1611
22359,33.89522413460215,35.58627722291721,2026-10-10,0.1458,0.151,0.1653,0.1611
22359,33.89522413460215,35.58627722291721,2026-10-11,0.1458,0.151,0.1555,0.151
10510,33.89327971687731,35.508255847387076,2026-10-05,0.2714,0.2196,0.3186,0.2387
10510,33.89327971687731,35.508255847387076,2026-10-06,0.2124,0.1719,0.2242,0.1719
10510,33.89327971687731,35.508255847387076,2026-10-07,0.1888,0.1623,0.2006,0.1528
10510,33.89327971687731,35.508255847387076,2026-10-08,0.1888,0.1623,0.2714,0.1623
10510,33.89327971687731,35.508255847387076,2026-10-09,0.1888,0.1528,0.2242,0.1528
10510,33.89327971687731,35.508255847387076,2026-10-10,0.177,0.1432,0.2006,0.1528
10510,33.89327971687731,35.508255847387076,2026-10-11,0.177,0.1432,0.1888,0.1432
53455,33.881452304699636,36.15990576788416,2026-10-05,0.2385,0.2279,0.28,0.2477
53455,33.881452304699636,36.15990576788416,2026-10-06,0.1867,0.1783,0.1971,0.1783
53455,33.881452304699636,36.15990576788416,2026-10-07,0.1659,0.1684,0.1763,0.1585
53455,33.881452304699636,36.15990576788416,2026-10-08,0.1659,0.1684,0.2385,0.1684
53455,33.881452304699636,36.15990576788416,2026-10-09,0.1659,0.1585,0.1971,0.1585
53455,33.881452304699636,36.15990576788416,2026-10-10,0.1556,0.1486,0.1763,0.1585
53455,33.881452304699636,36.15990576788416,2026-10-11,0.1556,0.1486,0.1659,0.1486
10550,33.894115862223934,35.52120502339501,2026-10-05,0.2003,0.2374,0.2351,0.2581
10550,33.894115862223934,35.52120502339501,2026-10-06,0.1568,0.1858,0.1655,0.1858
10550,33.894115862223934,35.52120502339501,2026-10-07,0.1393,0.1755,0.148,0.1652
10550,33.894115862223934,35.52120502339501,2026-10-08,0.1393,0.1755,0.2003,0.1755
10550,33.894115862223934,35.52120502339501,2026-10-09,0.1393,0.1652,0.1655,0.1652
10550,33.894115862223934,35.52120502339501,2026-10-10,0.1306,0.1548,0.148,0.1652
10550,33.894115862223934,35.52120502339501,2026-10-11,0.1306,0.1548,0.1393,0.1548
22774,33.892652312919544,35.820700147779284,2026-10-05,0.1962,0.2384,0.2304,0.2592
22774,33.892652312919544,35.820700147779284,2026-10-06,0.1536,0.1866,0.1621,0.1866
22774,33.892652312919544,35.820700147779284,2026-10-07,0.1365,0.1762,0.145,0.1659
22774,33.892652312919544,35.820700147779284,2026-10-08,0.1365,0.1762,0.1962,0.1762
22774,33.892652312919544,35.820700147779284,2026-10-09,0.1365,0.1659,0.1621,0.1659
22774,33.892652312919544,35.820700147779284,2026-10-10,0.128,0.1555,0.145,0.1659
22774,33.892652312919544,35.820700147779284,2026-10-11,0.128,0.1555,0.1365,0.1555
22211,33.8885058822912,35.57202029098467,2026-10-05,0.2365,0.2284,0.2776,0.2482
22211,33.8885058822912,35.57202029098467,2026-10-06,0.1851,0.1787,0.1953,0.1787
22211,33.8885058822912,35.57202029098467,2026-10-07,0.1645,0.1688,0.1748,0.1589
22211,33.8885058822912,35.57202029098467,2026-10-08,0.1645,0.1688,0.2365,0.1688
22211,33.8885058822912,35.57202029098467,2026-10-09,0.1645,0.1589,0.1953,0.1589
22211,33.8885058822912,35.57202029098467,2026-10-10,0.1542,0.1489,0.1748,0.1589
22211,33.8885058822912,35.57202029098467,2026-10-11,0.1542,0.1489,0.1645,0.1489
10210,33.884023714109695,35.48936567762688,2026-10-05,0.2058,0.236,0.2416,0.2566
10210,33.884023714109695,35.48936567762688,2026-10-06,0.1611,0.1847,0.17,0.1847
10210,33.884023714109695,35.48936567762688,2026-10-07,0.1432,0.1745,0.1521,0.1642
10210,33.884023714109695,35.48936567762688,2026-10-08,0.1432,0.1745,0.2058,0.1745
10210,33.884023714109695,35.48936567762688,2026-10-09,0.1432,0.1642,0.17,0.1642
10210,33.884023714109695,35.48936567762688,2026-10-10,0.1342,0.1539,0.1521,0.1642
10210,33.884023714109695,35.48936567762688,2026-10-11,0.1342,0.1539,0.1432,0.1539
22643,33.892189775075565,35.61757614159609,2026-10-05,0.242,0.227,0.2841,0.2467
22643,33.892189775075565,35.61757614159609,2026-10-06,0.1894,0.1777,0.1999,0.1777
22643,33.892189775075565,35.61757614159609,2026-10-07,0.1683,0.1678,0.1789,0.1579
22643,33.892189775075565,35.61757614159609,2026-10-08,0.1683,0.1678,0.242,0.1678
22643,33.892189775075565,35.61757614159609,2026-10-09,0.1683,0.1579,0.1999,0.1579
22643,33.892189775075565,35.61757614159609,2026-10-10,0.1578,0.148,0.1789,0.1579
22643,33.892189775075565,35.61757614159609,2026-10-11,0.1578,0.148,0.1683,0.148
51139,33.86364627488291,35.94945174843268,2026-10-05,0.224,0.2315,0.2629,0.2516
51139,33.86364627488291,35.94945174843268,2026-10-06,0.1753,0.1812,0.185,0.1812
51139,33.86364627488291,35.94945174843268,2026-10-07,0.1558,0.1711,0.1655,0.1611
51139,33.86364627488291,35.94945174843268,2026-10-08,0.1558,0.1711,0.224,0.1711
51139,33.86364627488291,35.94945174843268,2026-10-09,0.1558,0.1611,0.185,0.1611
51139,33.86364627488291,35.94945174843268,2026-10-10,0.1461,0.151,0.1655,0.1611
51139,33.86364627488291,35.94945174843268,2026-10-11,0.1461,0.151,0.1558,0.151
10350,33.89039985207936,35.503875981693675,2026-10-05,0.2097,0.2351,0.2461,0.2555
10350,33.89039985207936,35.503875981693675,2026-10-06,0.1641,0.184,0.1732,0.184
10350,33.89039985207936,35.503875981693675,2026-10-07,0.1459,0.1738,0.155,0.1635
10350,33.89039985207936,35.503875981693675,2026-10-08,0.1459,0.1738,0.2097,0.1738
10350,33.89039985207936,35.503875981693675,2026-10-09,0.1459,0.1635,0.1732,0.1635
10350,33.89039985207936,35.503875981693675,2026-10-10,0.1367,0.1533,0.155,0.1635
10350,33.89039985207936,35.503875981693675,2026-10-11,0.1367,0.1533,0.1459,0.1533
0,33.89038172315002,36.285445606587544,2026-10-05,0.2044,0.2364,0.2399,0.257
0,33.89038172315002,36.285445606587544,2026-10-06,0.16,0.185,0.1688,0.185
0,33.89038172315002,36.285445606587544,2026-10-07,0.1422,0.1747,0.1511,0.1645
0,33.89038172315002,36.285445606587544,2026-10-08,0.1422,0.1747,0.2044,0.1747
0,33.89038172315002,36.285445606587544,2026-10-09,0.1422,0.1645,0.1688,0.1645
0,33.89038172315002,36.285445606587544,2026-10-10,0.1333,0.1542,0.1511,0.1645
0,33.89038172315002,36.285445606587544,2026-10-11,0.1333,0.1542,0.1422,0.1542
22427,33.88374243525896,35.602439553960615,2026-10-05,0.2563,0.2234,0.3008,0.2429
22427,33.88374243525896,35.602439553960615,2026-10-06,0.2006,0.1749,0.2117,0.1749
22427,33.88374243525896,35.602439553960615,2026-10-07,0.1783,0.1651,0.1894,0.1554
22427,33.88374243525896,35.602439553960615,2026-10-08,0.1783,0.1651,0.2563,0.1651
22427,33.88374243525896,35.602439553960615,2026-10-09,0.1783,0.1554,0.2117,0.1554
22427,33.88374243525896,35.602439553960615,2026-10-10,0.1671,0.1457,0.1894,0.1554
22427,33.88374243525896,35.602439553960615,2026-10-11,0.1671,0.1457,0.1783,0.1457
10650,33.885179913428495,35.520297692284224,2026-10-05,0.2265,0.2309,0.2659,0.2509
10650,33.885179913428495,35.520297692284224,2026-10-06,0.1773,0.1807,0.1871,0.1807
10650,33.885179913428495,35.520297692284224,2026-10-07,0.1576,0.1706,0.1674,0.1606
10650,33.885179913428495,35.520297692284224,2026-10-08,0.1576,0.1706,0.2265,0.1706
10650,33.885179913428495,35.520297692284224,2026-10-09,0.1576,0.1606,0.1871,0.1606
10650,33.885179913428495,35.520297692284224,2026-10-10,0.1477,0.1506,0.1674,0.1606
10650,33.885179913428495,35.520297692284224,2026-10-11,0.1477,0.1506,0.1576,0.1506
51151,33.887080694607675,35.95169933730895,2026-10-05,0.1849,0.2413,0.2171,0.2622
51151,33.887080694607675,35.95169933730895,2026-10-06,0.1447,0.1888,0.1528,0.1888
51151,33.887080694607675,35.95169933730895,2026-10-07,0.1287,0.1783,0.1367,0.1678
51151,33.887080694607675,35.95169933730895,2026-10-08,0.1287,0.1783,0.1849,0.1783
51151,33.887080694607675,35.95169933730895,2026-10-09,0.1287,0.1678,0.1528,0.1678
51151,33.887080694607675,35.95169933730895,2026-10-10,0.1206,0.1573,0.1367,0.1678
51151,33.887080694607675,35.95169933730895,2026-10-11,0.1206,0.1573,0.1287,0.1573
22155,33.8763640334764,35.53472293362985,2026-10-05,0.2417,0.2271,0.2838,0.2468
22155,33.8763640334764,35.53472293362985,2026-10-06,0.1892,0.1777,0.1997,0.1777
22155,33.8763640334764,35.53472293362985,2026-10-07,0.1682,0.1678,0.1787,0.158
22155,33.8763640334764,35.53472293362985,2026-10-08,0.1682,0.1678,0.2417,0.1678
22155,33.8763640334764,35.53472293362985,2026-10-09,0.1682,0.158,0.1997,0.158
22155,33.8763640334764,35.53472293362985,2026-10-10,0.1577,0.1481,0.1787,0.158
22155,33.8763640334764,35.53472293362985,2026-10-11,0.1577,0.1481,0.1682,0.1481
22611,33.88148133415613,35.63021158610935,2026-10-05,0.2738,0.2191,0.3214,0.2381
22611,33.88148133415613,35.63021158610935,2026-10-06,0.2143,0.1714,0.2262,0.1714
22611,33.88148133415613,35.63021158610935,2026-10-07,0.1905,0.1619,0.2024,0.1524
22611,33.88148133415613,35.63021158610935,2026-10-08,0.1905,0.1619,0.2738,0.1619
22611,33.88148133415613,35.63021158610935,2026-10-09,0.1905,0.1524,0.2262,0.1524
22611,33.88148133415613,35.63021158610935,2026-10-10,0.1786,0.1429,0.2024,0.1524
22611,33.88148133415613,35.63021158610935,2026-10-11,0.1786,0.1429,0.1905,0.1429
51157,33.87006682532958,35.87076368989186,2026-10-05,0.2369,0.2283,0.278,0.2481
51157,33.87006682532958,35.87076368989186,2026-10-06,0.1854,0.1787,0.1957,0.1787
51157,33.87006682532958,35.87076368989186,2026-10-07,0.1648,0.1687,0.1751,0.1588
51157,33.87006682532958,35.87076368989186,2026-10-08,0.1648,0.1687,0.2369,0.1687
51157,33.87006682532958,35.87076368989186,2026-10-09,0.1648,0.1588,0.1957,0.1588
51157,33.87006682532958,35.87076368989186,2026-10-10,0.1545,0.1489,0.1751,0.1588
51157,33.87006682532958,35.87076368989186,2026-10-11,0.1545,0.1489,0.1648,0.1489
53425,33.88176501263864,36.00396688969461,2026-10-05,0.2141,0.234,0.2513,0.2543
53425,33.88176501263864,36.00396688969461,2026-10-06,0.1676,0.1831,0.1769,0.1831
53425,33.88176501263864,36.00396688969461,2026-10-07,0.1489,0.1729,0.1582,0.1628
53425,33.88176501263864,36.00396688969461,2026-10-08,0.1489,0.1729,0.2141,0.1729
53425,33.88176501263864,36.00396688969461,2026-10-09,0.1489,0.1628,0.1769,0.1628
53425,33.88176501263864,36.00396688969461,2026-10-10,0.1396,0.1526,0.1582,0.1628
53425,33.88176501263864,36.00396688969461,2026-10-11,0.1396,0.1526,0.1489,0.1526
22691,33.88563381215894,35.70566717029656,2026-10-05,0.2254,0.2311,0.2646,0.2512
22691,33.88563381215894,35.70566717029656,2026-10-06,0.1764,0.1809,0.1862,0.1809
22691,33.88563381215894,35.70566717029656,2026-10-07,0.1568,0.1708,0.1666,0.1608
22691,33.88563381215894,35.70566717029656,2026-10-08,0.1568,0.1708,0.2254,0.1708
22691,33.88563381215894,35.70566717029656,2026-10-09,0.1568,0.1608,0.1862,0.1608
22691,33.88563381215894,35.70566717029656,2026-10-10,0.147,0.1507,0.1666,0.1608
22691,33.88563381215894,35.70566717029656,2026-10-11,0.147,0.1507,0.1568,0.1507
51145,33.856311250573974,35.84516773700386,2026-10-05,0.2603,0.2224,0.3056,0.2418
51145,33.856311250573974,35.84516773700386,2026-10-06,0.2037,0.1741,0.215,0.1741
51145,33.856311250573974,35.84516773700386,2026-10-07,0.1811,0.1644,0.1924,0.1547
51145,33.856311250573974,35.84516773700386,2026-10-08,0.1811,0.1644,0.2603,0.1644
51145,33.856311250573974,35.84516773700386,2026-10-09,0.1811,0.1547,0.215,0.1547
51145,33.856311250573974,35.84516773700386,2026-10-10,0.1698,0.1451,0.1924,0.1547
51145,33.856311250573974,35.84516773700386,2026-10-11,0.1698,0.1451,0.1811,0.1451
22262,33.87843360209003,35.54617835484036,2026-10-05,0.2151,0.2337,0.2525,0.2541
22262,33.87843360209003,35.54617835484036,2026-10-06,0.1683,0.1829,0.1777,0.1829
22262,33.87843360209003,35.54617835484036,2026-10-07,0.1496,0.1728,0.159,0.1626
22262,33.87843360209003,35.54617835484036,2026-10-08,0.1496,0.1728,0.2151,0.1728
22262,33.87843360209003,35.54617835484036,2026-10-09,0.1496,0.1626,0.1777,0.1626
22262,33.87843360209003,35.54617835484036,2026-10-10,0.1403,0.1524,0.159,0.1626
22262,33.87843360209003,35.54617835484036,2026-10-11,0.1403,0.1524,0.1496,0.1524
10310,33.87353733108685,35.50656976023872,2026-10-05,0.2543,0.2239,0.2985,0.2434
10310,33.87353733108685,35.50656976023872,2026-10-06,0.199,0.1752,0.2101,0.1752
10310,33.87353733108685,35.50656976023872,2026-10-07,0.1769,0.1655,0.188,0.1558
10310,33.87353733108685,35.50656976023872,2026-10-08,0.1769,0.1655,0.2543,0.1655
10310,33.87353733108685,35.50656976023872,2026-10-09,0.1769,0.1558,0.2101,0.1558
10310,33.87353733108685,35.50656976023872,2026-10-10,0.1659,0.146,0.188,0.1558
10310,33.87353733108685,35.50656976023872,2026-10-11,0.1659,0.146,0.1769,0.146
22419,33.87877746925267,35.57170732543374,2026-10-05,0.2774,0.2181,0.3257,0.2371
22419,33.87877746925267,35.57170732543374,2026-10-06,0.2171,0.1707,0.2292,0.1707
22419,33.87877746925267,35.57170732543374,2026-10-07,0.193,0.1612,0.205,0.1518
22419,33.87877746925267,35.57170732543374,2026-10-08,0.193,0.1612,0.2774,0.1612
22419,33.87877746925267,35.57170732543374,2026-10-09,0.193,0.1518,0.2292,0.1518
22419,33.87877746925267,35.57170732543374,2026-10-10,0.1809,0.1423,0.205,0.1518
22419,33.87877746925267,35.57170732543374,2026-10-11,0.1809,0.1423,0.193,0.1423
51189,33.86996584246736,35.907783986572454,2026-10-05,0.1911,0.2397,0.2243,0.2606
51189,33.86996584246736,35.907783986572454,2026-10-06,0.1495,0.1876,0.1578,0.1876
51189,33.86996584246736,35.907783986572454,2026-10-07,0.1329,0.1772,0.1412,0.1668
51189,33.86996584246736,35.907783986572454,2026-10-08,0.1329,0.1772,0.1911,0.1772
51189,33.86996584246736,35.907783986572454,2026-10-09,0.1329,0.1668,0.1578,0.1668
51189,33.86996584246736,35.907783986572454,2026-10-10,0.1246,0.1563,0.1412,0.1668
51189,33.86996584246736,35.907783986572454,2026-10-11,0.1246,0.1563,0.1329,0.1563
22423,33.86888758735473,35.58353226658879,2026-10-05,0.2457,0.2261,0.2885,0.2457
22423,33.86888758735473,35.58353226658879,2026-10-06,0.1923,0.1769,0.203,0.1769
22423,33.86888758735473,35.58353226658879,2026-10-07,0.171,0.1671,0.1816,0.1573
22423,33.86888758735473,35.58353226658879,2026-10-08,0.171,0.1671,0.2457,0.1671
22423,33.86888758735473,35.58353226658879,2026-10-09,0.171,0.1573,0.203,0.1573
22423,33.86888758735473,35.58353226658879,2026-10-10,0.1603,0.1474,0.1816,0.1573
22423,33.86888758735473,35.58353226658879,2026-10-11,0.1603,0.1474,0.171,0.1474
21466,33.87327012807188,35.73224991292654,2026-10-05,0.2358,0.2285,0.2768,0.2484
21466,33.87327012807188,35.73224991292654,2026-10-06,0.1845,0.1789,0.1948,0.1789
21466,33.87327012807188,35.73224991292654,2026-10-07,0.164,0.1689,0.1743,0.159
21466,33.87327012807188,35.73224991292654,2026-10-08,0.164,0.1689,0.2358,0.1689
21466,33.87327012807188,35.73224991292654,2026-10-09,0.164,0.159,0.1948,0.159
21466,33.87327012807188,35.73224991292654,2026-10-10,0.1538,0.1491,0.1743,0.159
21466,33.87327012807188,35.73224991292654,2026-10-11,0.1538,0.1491,0.164,0.1491
21391,33.87883048108228,35.689819907693106,2026-10-05,0.2146,0.2338,0.252,0.2542
21391,33.87883048108228,35.689819907693106,2026-10-06,0.168,0.183,0.1773,0.183
21391,33.87883048108228,35.689819907693106,2026-10-07,0.1493,0.1728,0.1587,0.1627
21391,33.87883048108228,35.689819907693106,2026-10-08,0.1493,0.1728,0.2146,0.1728
21391,33.87883048108228,35.689819907693106,2026-10-09,0.1493,0.1627,0.1773,0.1627
21391,33.87883048108228,35.689819907693106,2026-10-10,0.14,0.1525,0.1587,0.1627
21391,33.87883048108228,35.689819907693106,2026-10-11,0.14,0.1525,0.1493,0.1525
21394,33.87213669277977,35.6989533569305,2026-10-05,0.2177,0.2331,0.2555,0.2533
21394,33.87213669277977,35.6989533569305,2026-10-06,0.1704,0.1824,0.1798,0.1824
21394,33.87213669277977,35.6989533569305,2026-10-07,0.1514,0.1723,0.1609,0.1621
21394,33.87213669277977,35.6989533569305,2026-10-08,0.1514,0.1723,0.2177,0.1723
21394,33.87213669277977,35.6989533569305,2026-10-09,0.1514,0.1621,0.1798,0.1621
21394,33.87213669277977,35.6989533569305,2026-10-10,0.142,0.152,0.1609,0.1621
21394,33.87213669277977,35.6989533569305,2026-10-11,0.142,0.152,0.1514,0.152
21397,33.87587759045461,35.72137836404802,2026-10-05,0.2239,0.2315,0.2629,0.2516
21397,33.87587759045461,35.72137836404802,2026-10-06,0.1753,0.1812,0.185,0.1812
21397,33.87587759045461,35.72137836404802,2026-10-07,0.1558,0.1711,0.1655,0.1611
21397,33.87587759045461,35.72137836404802,2026-10-08,0.1558,0.1711,0.2239,0.1711
21397,33.87587759045461,35.72137836404802,2026-10-09,0.1558,0.1611,0.185,0.1611
21397,33.87587759045461,35.72137836404802,2026-10-10,0.146,0.151,0.1655,0.1611
21397,33.87587759045461,35.72137836404802,2026-10-11,0.146,0.151,0.1558,0.151
21381,33.87321340924937,35.67590774327796,2026-10-05,0.2191,0.2327,0.2572,0.253
21381,33.87321340924937,35.67590774327796,2026-10-06,0.1715,0.1821,0.181,0.1821
21381,33.87321340924937,35.67590774327796,2026-10-07,0.1524,0.172,0.162,0.1619
21381,33.87321340924937,35.67590774327796,2026-10-08,0.1524,0.172,0.2191,0.172
21381,33.87321340924937,35.67590774327796,2026-10-09,0.1524,0.1619,0.181,0.1619
21381,33.87321340924937,35.67590774327796,2026-10-10,0.1429,0.1518,0.162,0.1619
21381,33.87321340924937,35.67590774327796,2026-10-11,0.1429,0.1518,0.1524,0.1518
22245,33.868437433386866,35.560060868683,2026-10-05,0.2247,0.2313,0.2637,0.2514
22245,33.868437433386866,35.560060868683,2026-10-06,0.1758,0.181,0.1856,0.181
22245,33.868437433386866,35.560060868683,2026-10-07,0.1563,0.171,0.1661,0.1609
22245,33.868437433386866,35.560060868683,2026-10-08,0.1563,0.171,0.2247,0.171
22245,33.868437433386866,35.560060868683,2026-10-09,0.1563,0.1609,0.1856,0.1609
22245,33.868437433386866,35.560060868683,2026-10-10,0.1465,0.1509,0.1661,0.1609
22245,33.868437433386866,35.560060868683,2026-10-11,0.1465,0.1509,0.1563,0.1509
21133,33.871740851106644,35.52611101095362,2026-10-05,0.2011,0.2372,0.2361,0.2579
21133,33.871740851106644,35.52611101095362,2026-10-06,0.1574,0.1857,0.1661,0.1857
21133,33.871740851106644,35.52611101095362,2026-10-07,0.1399,0.1753,0.1486,0.165
21133,33.871740851106644,35.52611101095362,2026-10-08,0.1399,0.1753,0.2011,0.1753
21133,33.871740851106644,35.52611101095362,2026-10-09,0.1399,0.165,0.1661,0.165
21133,33.871740851106644,35.52611101095362,2026-10-10,0.1312,0.1547,0.1486,0.165
21133,33.871740851106644,35.52611101095362,2026-10-11,0.1312,0.1547,0.1399,0.1547
51329,33.87303506013454,36.03145458601114,2026-10-05,0.1909,0.2398,0.2241,0.2606
51329,33.87303506013454,36.03145458601114,2026-10-06,0.1494,0.1877,0.1577,0.1877
51329,33.87303506013454,36.03145458601114,2026-10-07,0.1328,0.1772,0.1411,0.1668
51329,33.87303506013454,36.03145458601114,2026-10-08,0.1328,0.1772,0.1909,0.1772
51329,33.87303506013454,36.03145458601114,2026-10-09,0.1328,0.1668,0.1577,0.1668
51329,33.87303506013454,36.03145458601114,2026-10-10,0.1245,0.1564,0.1411,0.1668
51329,33.87303506013454,36.03145458601114,2026-10-11,0.1245,0.1564,0.1328,0.1564
21476,33.8568533801853,35.7777861392225,2026-10-05,0.2142,0.2339,0.2515,0.2543
21476,33.8568533801853,35.7777861392225,2026-10-06,0.1677,0.1831,0.177,0.1831
21476,33.8568533801853,35.7777861392225,2026-10-07,0.149,0.1729,0.1584,0.1627
21476,33.8568533801853,35.7777861392225,2026-10-08,0.149,0.1729,0.2142,0.1729
21476,33.8568533801853,35.7777861392225,2026-10-09,0.149,0.1627,0.177,0.1627
21476,33.8568533801853,35.7777861392225,2026-10-10,0.1397,0.1526,0.1584,0.1627
21476,33.8568533801853,35.7777861392225,2026-10-11,0.1397,0.1526,0.149,0.1526
51151,33.87002667314146,35.98560132987293,2026-10-05,0.1833,0.2417,0.2152,0.2627
51151,33.87002667314146,35.98560132987293,2026-10-06,0.1435,0.1891,0.1515,0.1891
51151,33.87002667314146,35.98560132987293,2026-10-07,0.1275,0.1786,0.1355,0.1681
51151,33.87002667314146,35.98560132987293,2026-10-08,0.1275,0.1786,0.1833,0.1786
51151,33.87002667314146,35.98560132987293,2026-10-09,0.1275,0.1681,0.1515,0.1681
51151,33.87002667314146,35.98560132987293,2026-10-10,0.1196,0.1576,0.1355,0.1681
51151,33.87002667314146,35.98560132987293,2026-10-11,0.1196,0.1576,0.1275,0.1576
21111,33.85654856191568,35.503471230554275,2026-10-05,0.2745,0.2189,0.3223,0.2379
21111,33.85654856191568,35.503471230554275,2026-10-06,0.2148,0.1713,0.2268,0.1713
21111,33.85654856191568,35.503471230554275,2026-10-07,0.191,0.1618,0.2029,0.1523
21111,33.85654856191568,35.503471230554275,2026-10-08,0.191,0.1618,0.2745,0.1618
21111,33.85654856191568,35.503471230554275,2026-10-09,0.191,0.1523,0.2268,0.1523
21111,33.85654856191568,35.503471230554275,2026-10-10,0.179,0.1427,0.2029,0.1523
21111,33.85654856191568,35.503471230554275,2026-10-11,0.179,0.1427,0.191,0.1427
51163,33.86854955692476,35.968972686527515,2026-10-05,0.2343,0.2289,0.2751,0.2488
51163,33.86854955692476,35.968972686527515,2026-10-06,0.1834,0.1792,0.1936,0.1792
51163,33.86854955692476,35.968972686527515,2026-10-07,0.163,0.1692,0.1732,0.1592
51163,33.86854955692476,35.968972686527515,2026-10-08,0.163,0.1692,0.2343,0.1692
51163,33.86854955692476,35.968972686527515,2026-10-09,0.163,0.1592,0.1936,0.1592
51163,33.86854955692476,35.968972686527515,2026-10-10,0.1528,0.1493,0.1732,0.1592
51163,33.86854955692476,35.968972686527515,2026-10-11,0.1528,0.1493,0.163,0.1493
22667,33.857180701218645,35.595456379722656,2026-10-05,0.2273,0.2307,0.2668,0.2507
22667,33.857180701218645,35.595456379722656,2026-10-06,0.1779,0.1805,0.1878,0.1805
22667,33.857180701218645,35.595456379722656,2026-10-07,0.1581,0.1705,0.168,0.1605
22667,33.857180701218645,35.595456379722656,2026-10-08,0.1581,0.1705,0.2273,0.1705
22667,33.857180701218645,35.595456379722656,2026-10-09,0.1581,0.1605,0.1878,0.1605
22667,33.857180701218645,35.595456379722656,2026-10-10,0.1482,0.1504,0.168,0.1605
22667,33.857180701218645,35.595456379722656,2026-10-11,0.1482,0.1504,0.1581,0.1504
21377,33.863479673301036,35.664060293901045,2026-10-05,0.2237,0.2316,0.2626,0.2517
21377,33.863479673301036,35.664060293901045,2026-10-06,0.1751,0.1812,0.1848,0.1812
21377,33.863479673301036,35.664060293901045,2026-10-07,0.1556,0.1712,0.1654,0.1611
21377,33.863479673301036,35.664060293901045,2026-10-08,0.1556,0.1712,0.2237,0.1712
21377,33.863479673301036,35.664060293901045,2026-10-09,0.1556,0.1611,0.1848,0.1611
21377,33.863479673301036,35.664060293901045,2026-10-10,0.1459,0.151,0.1654,0.1611
21377,33.863479673301036,35.664060293901045,2026-10-11,0.1459,0.151,0.1556,0.151
21461,33.862175949086385,35.75647955299492,2026-10-05,0.2002,0.2374,0.2351,0.2581
21461,33.862175949086385,35.75647955299492,2026-10-06,0.1567,0.1858,0.1654,0.1858
21461,33.862175949086385,35.75647955299492,2026-10-07,0.1393,0.1755,0.148,0.1652
21461,33.862175949086385,35.75647955299492,2026-10-08,0.1393,0.1755,0.2002,0.1755
21461,33.862175949086385,35.75647955299492,2026-10-09,0.1393,0.1652,0.1654,0.1652
21461,33.862175949086385,35.75647955299492,2026-10-10,0.1306,0.1549,0.148,0.1652
21461,33.862175949086385,35.75647955299492,2026-10-11,0.1306,0.1549,0.1393,0.1549
21364,33.86370742152263,35.64857200698842,2026-10-05,0.2643,0.2214,0.3103,0.2407
21364,33.86370742152263,35.64857200698842,2026-10-06,0.2069,0.1733,0.2184,0.1733
21364,33.86370742152263,35.64857200698842,2026-10-07,0.1839,0.1637,0.1954,0.154
21364,33.86370742152263,35.64857200698842,2026-10-08,0.1839,0.1637,0.2643,0.1637
21364,33.86370742152263,35.64857200698842,2026-10-09,0.1839,0.154,0.2184,0.154
21364,33.86370742152263,35.64857200698842,2026-10-10,0.1724,0.1444,0.1954,0.154
21364,33.86370742152263,35.64857200698842,2026-10-11,0.1724,0.1444,0.1839,0.1444
21374,33.86532470494503,35.63715424313752,2026-10-05,0.2611,0.2222,0.3065,0.2415
21374,33.86532470494503,35.63715424313752,2026-10-06,0.2043,0.1739,0.2157,0.1739
21374,33.86532470494503,35.63715424313752,2026-10-07,0.1816,0.1643,0.193,0.1546
21374,33.86532470494503,35.63715424313752,2026-10-08,0.1816,0.1643,0.2611,0.1643
21374,33.86532470494503,35.63715424313752,2026-10-09,0.1816,0.1546,0.2157,0.1546
21374,33.86532470494503,35.63715424313752,2026-10-10,0.1703,0.1449,0.193,0.1546
21374,33.86532470494503,35.63715424313752,2026-10-11,0.1703,0.1449,0.1816,0.1449
51125,33.83628933340411,35.93146885009681,2026-10-05,0.2575,0.2231,0.3023,0.2425
51125,33.83628933340411,35.93146885009681,2026-10-06,0.2015,0.1746,0.2127,0.1746
51125,33.83628933340411,35.93146885009681,2026-10-07,0.1791,0.1649,0.1903,0.1552
51125,33.83628933340411,35.93146885009681,2026-10-08,0.1791,0.1649,0.2575,0.1649
51125,33.83628933340411,35.93146885009681,2026-10-09,0.1791,0.1552,0.2127,0.1552
51125,33.83628933340411,35.93146885009681,2026-10-10,0.1679,0.1455,0.1903,0.1552
51125,33.83628933340411,35.93146885009681,2026-10-11,0.1679,0.1455,0.1791,0.1455
21456,33.85776528108413,35.72793143258666,2026-10-05,0.223,0.2317,0.2618,0.2519
21456,33.85776528108413,35.72793143258666,2026-10-06,0.1745,0.1814,0.1842,0.1814
21456,33.85776528108413,35.72793143258666,2026-10-07,0.1551,0.1713,0.1648,0.1612
21456,33.85776528108413,35.72793143258666,2026-10-08,0.1551,0.1713,0.223,0.1713
21456,33.85776528108413,35.72793143258666,2026-10-09,0.1551,0.1612,0.1842,0.1612
21456,33.85776528108413,35.72793143258666,2026-10-10,0.1454,0.1511,0.1648,0.1612
21456,33.85776528108413,35.72793143258666,2026-10-11,0.1454,0.1511,0.1551,0.1511
22279,33.86031709411749,35.55360962651711,2026-10-05,0.2584,0.2229,0.3034,0.2423
22279,33.86031709411749,35.55360962651711,2026-10-06,0.2022,0.1744,0.2135,0.1744
22279,33.86031709411749,35.55360962651711,2026-10-07,0.1798,0.1647,0.191,0.1551
22279,33.86031709411749,35.55360962651711,2026-10-08,0.1798,0.1647,0.2584,0.1647
22279,33.86031709411749,35.55360962651711,2026-10-09,0.1798,0.1551,0.2135,0.1551
22279,33.86031709411749,35.55360962651711,2026-10-10,0.1685,0.1454,0.191,0.1551
22279,33.86031709411749,35.55360962651711,2026-10-11,0.1685,0.1454,0.1798,0.1454
53449,33.85295876606387,36.12607865745941,2026-10-05,0.1947,0.2388,0.2285,0.2596
53449,33.85295876606387,36.12607865745941,2026-10-06,0.1523,0.1869,0.1608,0.1869
53449,33.85295876606387,36.12607865745941,2026-10-07,0.1354,0.1765,0.1439,0.1661
53449,33.85295876606387,36.12607865745941,2026-10-08,0.1354,0.1765,0.1947,0.1765
53449,33.85295876606387,36.12607865745941,2026-10-09,0.1354,0.1661,0.1608,0.1661
53449,33.85295876606387,36.12607865745941,2026-10-10,0.127,0.1558,0.1439,0.1661
53449,33.85295876606387,36.12607865745941,2026-10-11,0.127,0.1558,0.1354,0.1558
21361,33.860813777673805,35.625886347767235,2026-10-05,0.2698,0.2201,0.3167,0.2392
21361,33.860813777673805,35.625886347767235,2026-10-06,0.2111,0.1722,0.2229,0.1722
21361,33.860813777673805,35.625886347767235,2026-10-07,0.1877,0.1627,0.1994,0.1531
21361,33.860813777673805,35.625886347767235,2026-10-08,0.1877,0.1627,0.2698,0.1627
21361,33.860813777673805,35.625886347767235,2026-10-09,0.1877,0.1531,0.2229,0.1531
21361,33.860813777673805,35.625886347767235,2026-10-10,0.1759,0.1435,0.1994,0.1531
21361,33.860813777673805,35.625886347767235,2026-10-11,0.1759,0.1435,0.1877,0.1435
21211,33.84502084677411,35.54432383454509,2026-10-05,0.2102,0.235,0.2467,0.2554
21211,33.84502084677411,35.54432383454509,2026-10-06,0.1645,0.1839,0.1736,0.1839
21211,33.84502084677411,35.54432383454509,2026-10-07,0.1462,0.1737,0.1553,0.1635
21211,33.84502084677411,35.54432383454509,2026-10-08,0.1462,0.1737,0.2102,0.1737
21211,33.84502084677411,35.54432383454509,2026-10-09,0.1462,0.1635,0.1736,0.1635
21211,33.84502084677411,35.54432383454509,2026-10-10,0.1371,0.1532,0.1553,0.1635
21211,33.84502084677411,35.54432383454509,2026-10-11,0.1371,0.1532,0.1462,0.1532
51323,33.86146632441531,36.02735245526298,2026-10-05,0.2463,0.2259,0.2891,0.2456
51323,33.86146632441531,36.02735245526298,2026-10-06,0.1928,0.1768,0.2035,0.1768
51323,33.86146632441531,36.02735245526298,2026-10-07,0.1713,0.167,0.1821,0.1572
51323,33.86146632441531,36.02735245526298,2026-10-08,0.1713,0.167,0.2463,0.167
51323,33.86146632441531,36.02735245526298,2026-10-09,0.1713,0.1572,0.2035,0.1572
51323,33.86146632441531,36.02735245526298,2026-10-10,0.1606,0.1473,0.1821,0.1572
51323,33.86146632441531,36.02735245526298,2026-10-11,0.1606,0.1473,0.1713,0.1473
21471,33.85722161033853,35.69338996927026,2026-10-05,0.2256,0.2311,0.2649,0.2512
21471,33.85722161033853,35.69338996927026,2026-10-06,0.1766,0.1809,0.1864,0.1809
21471,33.85722161033853,35.69338996927026,2026-10-07,0.157,0.1708,0.1668,0.1608
21471,33.85722161033853,35.69338996927026,2026-10-08,0.157,0.1708,0.2256,0.1708
21471,33.85722161033853,35.69338996927026,2026-10-09,0.157,0.1608,0.1864,0.1608
21471,33.85722161033853,35.69338996927026,2026-10-10,0.1471,0.1507,0.1668,0.1608
21471,33.85722161033853,35.69338996927026,2026-10-11,0.1471,0.1507,0.157,0.1507
51133,33.8484427636147,35.88304464716836,2026-10-05,0.224,0.2315,0.2629,0.2516
51133,33.8484427636147,35.88304464716836,2026-10-06,0.1753,0.1812,0.185,0.1812
51133,33.8484427636147,35.88304464716836,2026-10-07,0.1558,0.1711,0.1656,0.161
51133,33.8484427636147,35.88304464716836,2026-10-08,0.1558,0.1711,0.224,0.1711
51133,33.8484427636147,35.88304464716836,2026-10-09,0.1558,0.161,0.185,0.161
51133,33.8484427636147,35.88304464716836,2026-10-10,0.1461,0.151,0.1656,0.161
51133,33.8484427636147,35.88304464716836,2026-10-11,0.1461,0.151,0.1558,0.151
21351,33.84657593162873,35.65693390293668,2026-10-05,0.2597,0.2226,0.3049,0.2419
21351,33.84657593162873,35.65693390293668,2026-10-06,0.2033,0.1742,0.2146,0.1742
21351,33.84657593162873,35.65693390293668,2026-10-07,0.1807,0.1645,0.192,0.1548
21351,33.84657593162873,35.65693390293668,2026-10-08,0.1807,0.1645,0.2597,0.1645
21351,33.84657593162873,35.65693390293668,2026-10-09,0.1807,0.1548,0.2146,0.1548
21351,33.84657593162873,35.65693390293668,2026-10-10,0.1694,0.1452,0.192,0.1548
21351,33.84657593162873,35.65693390293668,2026-10-11,0.1694,0.1452,0.1807,0.1452
22411,33.85429014995868,35.567469901369996,2026-10-05,0.2161,0.2335,0.2537,0.2538
22411,33.85429014995868,35.567469901369996,2026-10-06,0.1691,0.1827,0.1785,0.1827
22411,33.85429014995868,35.567469901369996,2026-10-07,0.1503,0.1726,0.1597,0.1624
22411,33.85429014995868,35.567469901369996,2026-10-08,0.1503,0.1726,0.2161,0.1726
22411,33.85429014995868,35.567469901369996,2026-10-09,0.1503,0.1624,0.1785,0.1624
22411,33.85429014995868,35.567469901369996,2026-10-10,0.1409,0.1523,0.1597,0.1624
22411,33.85429014995868,35.567469901369996,2026-10-11,0.1409,0.1523,0.1503,0.1523
21144,33.85235597674309,35.51148596873269,2026-10-05,0.2458,0.2261,0.2885,0.2457
21144,33.85235597674309,35.51148596873269,2026-10-06,0.1924,0.1769,0.203,0.1769
21144,33.85235597674309,35.51148596873269,2026-10-07,0.171,0.1671,0.1817,0.1573
21144,33.85235597674309,35.51148596873269,2026-10-08,0.171,0.1671,0.2458,0.1671
21144,33.85235597674309,35.51148596873269,2026-10-09,0.171,0.1573,0.203,0.1573
21144,33.85235597674309,35.51148596873269,2026-10-10,0.1603,0.1474,0.1817,0.1573
21144,33.85235597674309,35.51148596873269,2026-10-11,0.1603,0.1474,0.171,0.1474
51311,33.85231440649934,36.01588013349577,2026-10-05,0.2439,0.2265,0.2863,0.2462
51311,33.85231440649934,36.01588013349577,2026-10-06,0.1909,0.1773,0.2015,0.1773
51311,33.85231440649934,36.01588013349577,2026-10-07,0.1697,0.1674,0.1803,0.1576
51311,33.85231440649934,36.01588013349577,2026-10-08,0.1697,0.1674,0.2439,0.1674
51311,33.85231440649934,36.01588013349577,2026-10-09,0.1697,0.1576,0.2015,0.1576
51311,33.85231440649934,36.01588013349577,2026-10-10,0.1591,0.1477,0.1803,0.1576
51311,33.85231440649934,36.01588013349577,2026-10-11,0.1591,0.1477,0.1697,0.1477
21219,33.83948897556426,35.526180897283396,2026-10-05,0.2576,0.2231,0.3024,0.2425
21219,33.83948897556426,35.526180897283396,2026-10-06,0.2016,0.1746,0.2128,0.1746
21219,33.83948897556426,35.526180897283396,2026-10-07,0.1792,0.1649,0.1904,0.1552
21219,33.83948897556426,35.526180897283396,2026-10-08,0.1792,0.1649,0.2576,0.1649
21219,33.83948897556426,35.526180897283396,2026-10-09,0.1792,0.1552,0.2128,0.1552
21219,33.83948897556426,35.526180897283396,2026-10-10,0.168,0.1455,0.1904,0.1552
21219,33.83948897556426,35.526180897283396,2026-10-11,0.168,0.1455,0.1792,0.1455
21367,33.850815875107344,35.6871147457064,2026-10-05,0.2059,0.236,0.2417,0.2566
21367,33.850815875107344,35.6871147457064,2026-10-06,0.1611,0.1847,0.1701,0.1847
21367,33.850815875107344,35.6871147457064,2026-10-07,0.1432,0.1745,0.1522,0.1642
21367,33.850815875107344,35.6871147457064,2026-10-08,0.1432,0.1745,0.2059,0.1745
21367,33.850815875107344,35.6871147457064,2026-10-09,0.1432,0.1642,0.1701,0.1642
21367,33.850815875107344,35.6871147457064,2026-10-10,0.1343,0.1539,0.1522,0.1642
21367,33.850815875107344,35.6871147457064,2026-10-11,0.1343,0.1539,0.1432,0.1539
21487,33.851974120153166,35.71097094026138,2026-10-05,0.2162,0.2334,0.2538,0.2537
21487,33.851974120153166,35.71097094026138,2026-10-06,0.1692,0.1827,0.1786,0.1827
21487,33.851974120153166,35.71097094026138,2026-10-07,0.1504,0.1725,0.1598,0.1624
21487,33.851974120153166,35.71097094026138,2026-10-08,0.1504,0.1725,0.2162,0.1725
21487,33.851974120153166,35.71097094026138,2026-10-09,0.1504,0.1624,0.1786,0.1624
21487,33.851974120153166,35.71097094026138,2026-10-10,0.141,0.1522,0.1598,0.1624
21487,33.851974120153166,35.71097094026138,2026-10-11,0.141,0.1522,0.1504,0.1522
51317,33.84888080394143,35.99506560302732,2026-10-05,0.2594,0.2226,0.3046,0.242
51317,33.84888080394143,35.99506560302732,2026-10-06,0.203,0.1742,0.2143,0.1742
51317,33.84888080394143,35.99506560302732,2026-10-07,0.1805,0.1646,0.1918,0.1549
51317,33.84888080394143,35.99506560302732,2026-10-08,0.1805,0.1646,0.2594,0.1646
51317,33.84888080394143,35.99506560302732,2026-10-09,0.1805,0.1549,0.2143,0.1549
51317,33.84888080394143,35.99506560302732,2026-10-10,0.1692,0.1452,0.1918,0.1549
51317,33.84888080394143,35.99506560302732,2026-10-11,0.1692,0.1452,0.1805,0.1452
22415,33.84614233529769,35.5755753938515,2026-10-05,0.2623,0.2219,0.3079,0.2412
22415,33.84614233529769,35.5755753938515,2026-10-06,0.2053,0.1737,0.2167,0.1737
22415,33.84614233529769,35.5755753938515,2026-10-07,0.1825,0.164,0.1939,0.1544
22415,33.84614233529769,35.5755753938515,2026-10-08,0.1825,0.164,0.2623,0.164
22415,33.84614233529769,35.5755753938515,2026-10-09,0.1825,0.1544,0.2167,0.1544
22415,33.84614233529769,35.5755753938515,2026-10-10,0.1711,0.1447,0.1939,0.1544
22415,33.84614233529769,35.5755753938515,2026-10-11,0.1711,0.1447,0.1825,0.1447
51371,33.84823287070475,36.05489193769882,2026-10-05,0.2198,0.2326,0.258,0.2528
51371,33.84823287070475,36.05489193769882,2026-10-06,0.172,0.182,0.1815,0.182
51371,33.84823287070475,36.05489193769882,2026-10-07,0.1529,0.1719,0.1624,0.1618
51371,33.84823287070475,36.05489193769882,2026-10-08,0.1529,0.1719,0.2198,0.1719
51371,33.84823287070475,36.05489193769882,2026-10-09,0.1529,0.1618,0.1815,0.1618
51371,33.84823287070475,36.05489193769882,2026-10-10,0.1433,0.1517,0.1624,0.1618
51371,33.84823287070475,36.05489193769882,2026-10-11,0.1433,0.1517,0.1529,0.1517
51119,33.852053333114654,35.8968310029249,2026-10-05,0.236,0.2285,0.277,0.2484
51119,33.852053333114654,35.8968310029249,2026-10-06,0.1847,0.1788,0.1949,0.1788
51119,33.852053333114654,35.8968310029249,2026-10-07,0.1641,0.1689,0.1744,0.159
51119,33.852053333114654,35.8968310029249,2026-10-08,0.1641,0.1689,0.236,0.1689
51119,33.852053333114654,35.8968310029249,2026-10-09,0.1641,0.159,0.1949,0.159
51119,33.852053333114654,35.8968310029249,2026-10-10,0.1539,0.149,0.1744,0.159
51119,33.852053333114654,35.8968310029249,2026-10-11,0.1539,0.149,0.1641,0.149
0,33.84559026759314,36.167452498259955,2026-10-05,0.2069,0.2358,0.2428,0.2563
0,33.84559026759314,36.167452498259955,2026-10-06,0.1619,0.1845,0.1709,0.1845
0,33.84559026759314,36.167452498259955,2026-10-07,0.1439,0.1743,0.1529,0.164
0,33.84559026759314,36.167452498259955,2026-10-08,0.1439,0.1743,0.2069,0.1743
0,33.84559026759314,36.167452498259955,2026-10-09,0.1439,0.164,0.1709,0.164
0,33.84559026759314,36.167452498259955,2026-10-10,0.1349,0.1538,0.1529,0.164
0,33.84559026759314,36.167452498259955,2026-10-11,0.1349,0.1538,0.1439,0.1538
21177,33.841016059313624,35.50904127443126,2026-10-05,0.2752,0.2187,0.323,0.2377
21177,33.841016059313624,35.50904127443126,2026-10-06,0.2153,0.1712,0.2273,0.1712
21177,33.841016059313624,35.50904127443126,2026-10-07,0.1914,0.1617,0.2034,0.1521
21177,33.841016059313624,35.50904127443126,2026-10-08,0.1914,0.1617,0.2752,0.1617
21177,33.841016059313624,35.50904127443126,2026-10-09,0.1914,0.1521,0.2273,0.1521
21177,33.841016059313624,35.50904127443126,2026-10-10,0.1795,0.1426,0.2034,0.1521
21177,33.841016059313624,35.50904127443126,2026-10-11,0.1795,0.1426,0.1914,0.1426
51117,33.8537255736329,35.89478491299097,2026-10-05,0.1875,0.2406,0.2202,0.2615
51117,33.8537255736329,35.89478491299097,2026-10-06,0.1468,0.1883,0.1549,0.1883
51117,33.8537255736329,35.89478491299097,2026-10-07,0.1305,0.1778,0.1386,0.1674
51117,33.8537255736329,35.89478491299097,2026-10-08,0.1305,0.1778,0.1875,0.1778
51117,33.8537255736329,35.89478491299097,2026-10-09,0.1305,0.1674,0.1549,0.1674
51117,33.8537255736329,35.89478491299097,2026-10-10,0.1223,0.1569,0.1386,0.1674
51117,33.8537255736329,35.89478491299097,2026-10-11,0.1223,0.1569,0.1305,0.1569
51185,33.83479440869284,35.81728655227569,2026-10-05,0.2327,0.2293,0.2732,0.2493
51185,33.83479440869284,35.81728655227569,2026-10-06,0.1821,0.1795,0.1922,0.1795
51185,33.83479440869284,35.81728655227569,2026-10-07,0.1619,0.1695,0.172,0.1595
51185,33.83479440869284,35.81728655227569,2026-10-08,0.1619,0.1695,0.2327,0.1695
51185,33.83479440869284,35.81728655227569,2026-10-09,0.1619,0.1595,0.1922,0.1595
51185,33.83479440869284,35.81728655227569,2026-10-10,0.1518,0.1496,0.172,0.1595
51185,33.83479440869284,35.81728655227569,2026-10-11,0.1518,0.1496,0.1619,0.1496
51117,33.84915238532754,35.8943817494617,2026-10-05,0.1874,0.2406,0.22,0.2616
51117,33.84915238532754,35.8943817494617,2026-10-06,0.1467,0.1883,0.1548,0.1883
51117,33.84915238532754,35.8943817494617,2026-10-07,0.1304,0.1779,0.1385,0.1674
51117,33.84915238532754,35.8943817494617,2026-10-08,0.1304,0.1779,0.1874,0.1779
51117,33.84915238532754,35.8943817494617,2026-10-09,0.1304,0.1674,0.1548,0.1674
51117,33.84915238532754,35.8943817494617,2026-10-10,0.1222,0.1569,0.1385,0.1674
51117,33.84915238532754,35.8943817494617,2026-10-11,0.1222,0.1569,0.1304,0.1569
21341,33.828073418526955,35.6240003785659,2026-10-05,0.2543,0.2239,0.2985,0.2434
21341,33.828073418526955,35.6240003785659,2026-10-06,0.199,0.1752,0.2101,0.1752
21341,33.828073418526955,35.6240003785659,2026-10-07,0.1769,0.1655,0.188,0.1558
21341,33.828073418526955,35.6240003785659,2026-10-08,0.1769,0.1655,0.2543,0.1655
21341,33.828073418526955,35.6240003785659,2026-10-09,0.1769,0.1558,0.2101,0.1558
21341,33.828073418526955,35.6240003785659,2026-10-10,0.1658,0.146,0.188,0.1558
21341,33.828073418526955,35.6240003785659,2026-10-11,0.1658,0.146,0.1769,0.146
0,33.85282525184242,36.388348114792755,2026-10-05,0.2,0.2375,0.2347,0.2582
0,33.85282525184242,36.388348114792755,2026-10-06,0.1565,0.1859,0.1652,0.1859
0,33.85282525184242,36.388348114792755,2026-10-07,0.1391,0.1756,0.1478,0.1652
0,33.85282525184242,36.388348114792755,2026-10-08,0.1391,0.1756,0.2,0.1756
0,33.85282525184242,36.388348114792755,2026-10-09,0.1391,0.1652,0.1652,0.1652
0,33.85282525184242,36.388348114792755,2026-10-10,0.1304,0.1549,0.1478,0.1652
0,33.85282525184242,36.388348114792755,2026-10-11,0.1304,0.1549,0.1391,0.1549
21441,33.84016563033195,35.71398941635474,2026-10-05,0.2583,0.2229,0.3033,0.2423
21441,33.84016563033195,35.71398941635474,2026-10-06,0.2022,0.1745,0.2134,0.1745
21441,33.84016563033195,35.71398941635474,2026-10-07,0.1797,0.1648,0.1909,0.1551
21441,33.84016563033195,35.71398941635474,2026-10-08,0.1797,0.1648,0.2583,0.1648
21441,33.84016563033195,35.71398941635474,2026-10-09,0.1797,0.1551,0.2134,0.1551
21441,33.84016563033195,35.71398941635474,2026-10-10,0.1685,0.1454,0.1909,0.1551
21441,33.84016563033195,35.71398941635474,2026-10-11,0.1685,0.1454,0.1797,0.1454
21446,33.829712627867885,35.75998226849845,2026-10-05,0.1888,0.2403,0.2217,0.2612
21446,33.829712627867885,35.75998226849845,2026-10-06,0.1478,0.1881,0.156,0.1881
21446,33.829712627867885,35.75998226849845,2026-10-07,0.1314,0.1776,0.1396,0.1672
21446,33.829712627867885,35.75998226849845,2026-10-08,0.1314,0.1776,0.1888,0.1776
21446,33.829712627867885,35.75998226849845,2026-10-09,0.1314,0.1672,0.156,0.1672
21446,33.829712627867885,35.75998226849845,2026-10-10,0.1232,0.1567,0.1396,0.1672
21446,33.829712627867885,35.75998226849845,2026-10-11,0.1232,0.1567,0.1314,0.1567
21243,33.83861605951396,35.56828178654083,2026-10-05,0.2616,0.2221,0.3072,0.2414
21243,33.83861605951396,35.56828178654083,2026-10-06,0.2048,0.1738,0.2161,0.1738
21243,33.83861605951396,35.56828178654083,2026-10-07,0.182,0.1642,0.1934,0.1545
21243,33.83861605951396,35.56828178654083,2026-10-08,0.182,0.1642,0.2616,0.1642
21243,33.83861605951396,35.56828178654083,2026-10-09,0.182,0.1545,0.2161,0.1545
21243,33.83861605951396,35.56828178654083,2026-10-10,0.1706,0.1448,0.1934,0.1545
21243,33.83861605951396,35.56828178654083,2026-10-11,0.1706,0.1448,0.182,0.1448
51111,33.84810480869942,35.90338122241757,2026-10-05,0.2331,0.2292,0.2736,0.2492
51111,33.84810480869942,35.90338122241757,2026-10-06,0.1824,0.1794,0.1926,0.1794
51111,33.84810480869942,35.90338122241757,2026-10-07,0.1621,0.1694,0.1723,0.1595
51111,33.84810480869942,35.90338122241757,2026-10-08,0.1621,0.1694,0.2331,0.1694
51111,33.84810480869942,35.90338122241757,2026-10-09,0.1621,0.1595,0.1926,0.1595
51111,33.84810480869942,35.90338122241757,2026-10-10,0.152,0.1495,0.1723,0.1595
51111,33.84810480869942,35.90338122241757,2026-10-11,0.152,0.1495,0.1621,0.1495
51121,33.84459162333863,35.915566751948276,2026-10-05,0.2386,0.2278,0.2801,0.2477
51121,33.84459162333863,35.915566751948276,2026-10-06,0.1867,0.1783,0.1971,0.1783
51121,33.84459162333863,35.915566751948276,2026-10-07,0.166,0.1684,0.1764,0.1585
51121,33.84459162333863,35.915566751948276,2026-10-08,0.166,0.1684,0.2386,0.1684
51121,33.84459162333863,35.915566751948276,2026-10-09,0.166,0.1585,0.1971,0.1585
51121,33.84459162333863,35.915566751948276,2026-10-10,0.1556,0.1486,0.1764,0.1585
51121,33.84459162333863,35.915566751948276,2026-10-11,0.1556,0.1486,0.166,0.1486
51359,33.839734522373725,36.03508003926391,2026-10-05,0.2133,0.2342,0.2504,0.2545
51359,33.839734522373725,36.03508003926391,2026-10-06,0.1669,0.1833,0.1762,0.1833
51359,33.839734522373725,36.03508003926391,2026-10-07,0.1484,0.1731,0.1576,0.1629
51359,33.839734522373725,36.03508003926391,2026-10-08,0.1484,0.1731,0.2133,0.1731
51359,33.839734522373725,36.03508003926391,2026-10-09,0.1484,0.1629,0.1762,0.1629
51359,33.839734522373725,36.03508003926391,2026-10-10,0.1391,0.1527,0.1576,0.1629
51359,33.839734522373725,36.03508003926391,2026-10-11,0.1391,0.1527,0.1484,0.1527
51113,33.84419117799231,35.90975301233424,2026-10-05,0.2089,0.2353,0.2453,0.2557
51113,33.84419117799231,35.90975301233424,2026-10-06,0.1635,0.1841,0.1726,0.1841
51113,33.84419117799231,35.90975301233424,2026-10-07,0.1454,0.1739,0.1544,0.1637
51113,33.84419117799231,35.90975301233424,2026-10-08,0.1454,0.1739,0.2089,0.1739
51113,33.84419117799231,35.90975301233424,2026-10-09,0.1454,0.1637,0.1726,0.1637
51113,33.84419117799231,35.90975301233424,2026-10-10,0.1363,0.1534,0.1544,0.1637
51113,33.84419117799231,35.90975301233424,2026-10-11,0.1363,0.1534,0.1454,0.1534
51123,33.84809287866027,35.89810884362904,2026-10-05,0.229,0.2303,0.2688,0.2503
51123,33.84809287866027,35.89810884362904,2026-10-06,0.1792,0.1802,0.1891,0.1802
51123,33.84809287866027,35.89810884362904,2026-10-07,0.1593,0.1702,0.1692,0.1602
51123,33.84809287866027,35.89810884362904,2026-10-08,0.1593,0.1702,0.229,0.1702
51123,33.84809287866027,35.89810884362904,2026-10-09,0.1593,0.1602,0.1891,0.1602
51123,33.84809287866027,35.89810884362904,2026-10-10,0.1493,0.1502,0.1692,0.1602
51123,33.84809287866027,35.89810884362904,2026-10-11,0.1493,0.1502,0.1593,0.1502
21416,33.83914303057741,35.727289200386664,2026-10-05,0.2077,0.2356,0.2439,0.256
21416,33.83914303057741,35.727289200386664,2026-10-06,0.1626,0.1844,0.1716,0.1844
21416,33.83914303057741,35.727289200386664,2026-10-07,0.1445,0.1741,0.1535,0.1639
21416,33.83914303057741,35.727289200386664,2026-10-08,0.1445,0.1741,0.2077,0.1741
21416,33.83914303057741,35.727289200386664,2026-10-09,0.1445,0.1639,0.1716,0.1639
21416,33.83914303057741,35.727289200386664,2026-10-10,0.1355,0.1536,0.1535,0.1639
21416,33.83914303057741,35.727289200386664,2026-10-11,0.1355,0.1536,0.1445,0.1536
51129,33.846165203597664,35.89461691993529,2026-10-05,0.2364,0.2284,0.2775,0.2483
51129,33.846165203597664,35.89461691993529,2026-10-06,0.185,0.1787,0.1953,0.1787
51129,33.846165203597664,35.89461691993529,2026-10-07,0.1645,0.1688,0.1748,0.1589
51129,33.846165203597664,35.89461691993529,2026-10-08,0.1645,0.1688,0.2364,0.1688
51129,33.846165203597664,35.89461691993529,2026-10-09,0.1645,0.1589,0.1953,0.1589
51129,33.846165203597664,35.89461691993529,2026-10-10,0.1542,0.149,0.1748,0.1589
51129,33.846165203597664,35.89461691993529,2026-10-11,0.1542,0.149,0.1645,0.149
51115,33.84464597224717,35.90244670056736,2026-10-05,0.2032,0.2367,0.2385,0.2573
51115,33.84464597224717,35.90244670056736,2026-10-06,0.159,0.1852,0.1679,0.1852
51115,33.84464597224717,35.90244670056736,2026-10-07,0.1414,0.175,0.1502,0.1647
51115,33.84464597224717,35.90244670056736,2026-10-08,0.1414,0.175,0.2032,0.175
51115,33.84464597224717,35.90244670056736,2026-10-09,0.1414,0.1647,0.1679,0.1647
51115,33.84464597224717,35.90244670056736,2026-10-10,0.1325,0.1544,0.1502,0.1647
51115,33.84464597224717,35.90244670056736,2026-10-11,0.1325,0.1544,0.1414,0.1544
51135,33.844742158219354,35.896647644544494,2026-10-05,0.2474,0.2256,0.2904,0.2453
51135,33.844742158219354,35.896647644544494,2026-10-06,0.1936,0.1766,0.2044,0.1766
51135,33.844742158219354,35.896647644544494,2026-10-07,0.1721,0.1668,0.1829,0.157
51135,33.844742158219354,35.896647644544494,2026-10-08,0.1721,0.1668,0.2474,0.1668
51135,33.844742158219354,35.896647644544494,2026-10-09,0.1721,0.157,0.2044,0.157
51135,33.844742158219354,35.896647644544494,2026-10-10,0.1614,0.1472,0.1829,0.157
51135,33.844742158219354,35.896647644544494,2026-10-11,0.1614,0.1472,0.1721,0.1472
21451,33.836723688977244,35.69597617314185,2026-10-05,0.2036,0.2366,0.239,0.2572
21451,33.836723688977244,35.69597617314185,2026-10-06,0.1593,0.1852,0.1682,0.1852
21451,33.836723688977244,35.69597617314185,2026-10-07,0.1416,0.1749,0.1505,0.1646
21451,33.836723688977244,35.69597617314185,2026-10-08,0.1416,0.1749,0.2036,0.1749
21451,33.836723688977244,35.69597617314185,2026-10-09,0.1416,0.1646,0.1682,0.1646
21451,33.836723688977244,35.69597617314185,2026-10-10,0.1328,0.1543,0.1505,0.1646
21451,33.836723688977244,35.69597617314185,2026-10-11,0.1328,0.1543,0.1416,0.1543
21354,33.83091081507136,35.60304510951732,2026-10-05,0.2259,0.231,0.2652,0.2511
21354,33.83091081507136,35.60304510951732,2026-10-06,0.1768,0.1808,0.1866,0.1808
21354,33.83091081507136,35.60304510951732,2026-10-07,0.1571,0.1708,0.167,0.1607
21354,33.83091081507136,35.60304510951732,2026-10-08,0.1571,0.1708,0.2259,0.1708
21354,33.83091081507136,35.60304510951732,2026-10-09,0.1571,0.1607,0.1866,0.1607
21354,33.83091081507136,35.60304510951732,2026-10-10,0.1473,0.1507,0.167,0.1607
21354,33.83091081507136,35.60304510951732,2026-10-11,0.1473,0.1507,0.1571,0.1507
21371,33.83179056871781,35.58635993985527,2026-10-05,0.2098,0.235,0.2463,0.2555
21371,33.83179056871781,35.58635993985527,2026-10-06,0.1642,0.1839,0.1734,0.1839
21371,33.83179056871781,35.58635993985527,2026-10-07,0.146,0.1737,0.1551,0.1635
21371,33.83179056871781,35.58635993985527,2026-10-08,0.146,0.1737,0.2098,0.1737
21371,33.83179056871781,35.58635993985527,2026-10-09,0.146,0.1635,0.1734,0.1635
21371,33.83179056871781,35.58635993985527,2026-10-10,0.1369,0.1533,0.1551,0.1635
21371,33.83179056871781,35.58635993985527,2026-10-11,0.1369,0.1533,0.146,0.1533
21421,33.84002891694622,35.734255708494636,2026-10-05,0.2357,0.2286,0.2767,0.2485
21421,33.84002891694622,35.734255708494636,2026-10-06,0.1845,0.1789,0.1947,0.1789
21421,33.84002891694622,35.734255708494636,2026-10-07,0.164,0.1689,0.1742,0.159
21421,33.84002891694622,35.734255708494636,2026-10-08,0.164,0.1689,0.2357,0.1689
21421,33.84002891694622,35.734255708494636,2026-10-09,0.164,0.159,0.1947,0.159
21421,33.84002891694622,35.734255708494636,2026-10-10,0.1537,0.1491,0.1742,0.159
21421,33.84002891694622,35.734255708494636,2026-10-11,0.1537,0.1491,0.164,0.1491
0,33.838872510675436,36.296752013878894,2026-10-05,0.2025,0.2369,0.2377,0.2575
0,33.838872510675436,36.296752013878894,2026-10-06,0.1585,0.1854,0.1673,0.1854
0,33.838872510675436,36.296752013878894,2026-10-07,0.1409,0.1751,0.1497,0.1648
0,33.838872510675436,36.296752013878894,2026-10-08,0.1409,0.1751,0.2025,0.1751
0,33.838872510675436,36.296752013878894,2026-10-09,0.1409,0.1648,0.1673,0.1648
0,33.838872510675436,36.296752013878894,2026-10-10,0.1321,0.1545,0.1497,0.1648
0,33.838872510675436,36.296752013878894,2026-10-11,0.1321,0.1545,0.1409,0.1545
51131,33.83374931513179,35.909758855732235,2026-10-05,0.2233,0.2317,0.2621,0.2518
51131,33.83374931513179,35.909758855732235,2026-10-06,0.1748,0.1813,0.1845,0.1813
51131,33.83374931513179,35.909758855732235,2026-10-07,0.1553,0.1712,0.1651,0.1612
51131,33.83374931513179,35.909758855732235,2026-10-08,0.1553,0.1712,0.2233,0.1712
51131,33.83374931513179,35.909758855732235,2026-10-09,0.1553,0.1612,0.1845,0.1612
51131,33.83374931513179,35.909758855732235,2026-10-10,0.1456,0.1511,0.1651,0.1612
51131,33.83374931513179,35.909758855732235,2026-10-11,0.1456,0.1511,0.1553,0.1511
0,33.8401402509849,36.227364870920084,2026-10-05,0.2048,0.2363,0.2404,0.2569
0,33.8401402509849,36.227364870920084,2026-10-06,0.1603,0.1849,0.1692,0.1849
0,33.8401402509849,36.227364870920084,2026-10-07,0.1424,0.1747,0.1513,0.1644
0,33.8401402509849,36.227364870920084,2026-10-08,0.1424,0.1747,0.2048,0.1747
0,33.8401402509849,36.227364870920084,2026-10-09,0.1424,0.1644,0.1692,0.1644
0,33.8401402509849,36.227364870920084,2026-10-10,0.1335,0.1541,0.1513,0.1644
0,33.8401402509849,36.227364870920084,2026-10-11,0.1335,0.1541,0.1424,0.1541
21188,33.82957121684515,35.497338790678434,2026-10-05,0.2736,0.2191,0.3212,0.2381
21188,33.82957121684515,35.497338790678434,2026-10-06,0.2141,0.1715,0.226,0.1715
21188,33.82957121684515,35.497338790678434,2026-10-07,0.1904,0.1619,0.2022,0.1524
21188,33.82957121684515,35.497338790678434,2026-10-08,0.1904,0.1619,0.2736,0.1619
21188,33.82957121684515,35.497338790678434,2026-10-09,0.1904,0.1524,0.226,0.1524
21188,33.82957121684515,35.497338790678434,2026-10-10,0.1785,0.1429,0.2022,0.1524
21188,33.82957121684515,35.497338790678434,2026-10-11,0.1785,0.1429,0.1904,0.1429
21166,33.8319312616636,35.51302285712149,2026-10-05,0.2634,0.2216,0.3092,0.2409
21166,33.8319312616636,35.51302285712149,2026-10-06,0.2062,0.1735,0.2176,0.1735
21166,33.8319312616636,35.51302285712149,2026-10-07,0.1833,0.1638,0.1947,0.1542
21166,33.8319312616636,35.51302285712149,2026-10-08,0.1833,0.1638,0.2634,0.1638
21166,33.8319312616636,35.51302285712149,2026-10-09,0.1833,0.1542,0.2176,0.1542
21166,33.8319312616636,35.51302285712149,2026-10-10,0.1718,0.1445,0.1947,0.1542
21166,33.8319312616636,35.51302285712149,2026-10-11,0.1718,0.1445,0.1833,0.1445
21324,33.83135248740124,35.63786880771644,2026-10-05,0.2437,0.2266,0.286,0.2463
21324,33.83135248740124,35.63786880771644,2026-10-06,0.1907,0.1773,0.2013,0.1773
21324,33.83135248740124,35.63786880771644,2026-10-07,0.1695,0.1675,0.1801,0.1576
21324,33.83135248740124,35.63786880771644,2026-10-08,0.1695,0.1675,0.2437,0.1675
21324,33.83135248740124,35.63786880771644,2026-10-09,0.1695,0.1576,0.2013,0.1576
21324,33.83135248740124,35.63786880771644,2026-10-10,0.1589,0.1478,0.1801,0.1576
21324,33.83135248740124,35.63786880771644,2026-10-11,0.1589,0.1478,0.1695,0.1478
51365,33.81550398276329,35.98026052413375,2026-10-05,0.2294,0.2301,0.2694,0.2502
51365,33.81550398276329,35.98026052413375,2026-10-06,0.1796,0.1801,0.1895,0.1801
51365,33.81550398276329,35.98026052413375,2026-10-07,0.1596,0.1701,0.1696,0.1601
51365,33.81550398276329,35.98026052413375,2026-10-08,0.1596,0.1701,0.2294,0.1701
51365,33.81550398276329,35.98026052413375,2026-10-09,0.1596,0.1601,0.1895,0.1601
51365,33.81550398276329,35.98026052413375,2026-10-10,0.1496,0.1501,0.1696,0.1601
51365,33.81550398276329,35.98026052413375,2026-10-11,0.1496,0.1501,0.1596,0.1501
51347,33.825950018094666,36.04415945486874,2026-10-05,0.1827,0.2418,0.2145,0.2629
51347,33.825950018094666,36.04415945486874,2026-10-06,0.143,0.1893,0.1509,0.1893
51347,33.825950018094666,36.04415945486874,2026-10-07,0.1271,0.1787,0.135,0.1682
51347,33.825950018094666,36.04415945486874,2026-10-08,0.1271,0.1787,0.1827,0.1787
51347,33.825950018094666,36.04415945486874,2026-10-09,0.1271,0.1682,0.1509,0.1682
51347,33.825950018094666,36.04415945486874,2026-10-10,0.1192,0.1577,0.135,0.1682
51347,33.825950018094666,36.04415945486874,2026-10-11,0.1192,0.1577,0.1271,0.1577
0,33.83624956432633,36.12284222264257,2026-10-05,0.208,0.2355,0.2442,0.256
0,33.83624956432633,36.12284222264257,2026-10-06,0.1628,0.1843,0.1718,0.1843
0,33.83624956432633,36.12284222264257,2026-10-07,0.1447,0.1741,0.1537,0.1638
0,33.83624956432633,36.12284222264257,2026-10-08,0.1447,0.1741,0.208,0.1741
0,33.83624956432633,36.12284222264257,2026-10-09,0.1447,0.1638,0.1718,0.1638
0,33.83624956432633,36.12284222264257,2026-10-10,0.1357,0.1536,0.1537,0.1638
0,33.83624956432633,36.12284222264257,2026-10-11,0.1357,0.1536,0.1447,0.1536
21317,33.82704869578391,35.650764849745016,2026-10-05,0.239,0.2278,0.2805,0.2476
21317,33.82704869578391,35.650764849745016,2026-10-06,0.187,0.1782,0.1974,0.1782
21317,33.82704869578391,35.650764849745016,2026-10-07,0.1662,0.1683,0.1766,0.1584
21317,33.82704869578391,35.650764849745016,2026-10-08,0.1662,0.1683,0.239,0.1683
21317,33.82704869578391,35.650764849745016,2026-10-09,0.1662,0.1584,0.1974,0.1584
21317,33.82704869578391,35.650764849745016,2026-10-10,0.1559,0.1485,0.1766,0.1584
21317,33.82704869578391,35.650764849745016,2026-10-11,0.1559,0.1485,0.1662,0.1485
51353,33.805878212815266,36.042004605256096,2026-10-05,0.194,0.239,0.2278,0.2598
51353,33.805878212815266,36.042004605256096,2026-10-06,0.1518,0.187,0.1603,0.187
51353,33.805878212815266,36.042004605256096,2026-10-07,0.135,0.1766,0.1434,0.1663
51353,33.805878212815266,36.042004605256096,2026-10-08,0.135,0.1766,0.194,0.1766
51353,33.805878212815266,36.042004605256096,2026-10-09,0.135,0.1663,0.1603,0.1663
51353,33.805878212815266,36.042004605256096,2026-10-10,0.1265,0.1559,0.1434,0.1663
51353,33.805878212815266,36.042004605256096,2026-10-11,0.1265,0.1559,0.135,0.1559
21259,33.823559938842635,35.55373681577261,2026-10-05,0.2737,0.2191,0.3214,0.2381
21259,33.823559938842635,35.55373681577261,2026-10-06,0.2142,0.1714,0.2261,0.1714
21259,33.823559938842635,35.55373681577261,2026-10-07,0.1904,0.1619,0.2023,0.1524
21259,33.823559938842635,35.55373681577261,2026-10-08,0.1904,0.1619,0.2737,0.1619
21259,33.823559938842635,35.55373681577261,2026-10-09,0.1904,0.1524,0.2261,0.1524
21259,33.823559938842635,35.55373681577261,2026-10-10,0.1785,0.1429,0.2023,0.1524
21259,33.823559938842635,35.55373681577261,2026-10-11,0.1785,0.1429,0.1904,0.1429
21275,33.826013477564636,35.565430270861555,2026-10-05,0.2167,0.2333,0.2544,0.2536
21275,33.826013477564636,35.565430270861555,2026-10-06,0.1696,0.1826,0.179,0.1826
21275,33.826013477564636,35.565430270861555,2026-10-07,0.1508,0.1725,0.1602,0.1623
21275,33.826013477564636,35.565430270861555,2026-10-08,0.1508,0.1725,0.2167,0.1725
21275,33.826013477564636,35.565430270861555,2026-10-09,0.1508,0.1623,0.179,0.1623
21275,33.826013477564636,35.565430270861555,2026-10-10,0.1413,0.1522,0.1602,0.1623
21275,33.826013477564636,35.565430270861555,2026-10-11,0.1413,0.1522,0.1508,0.1522
21436,33.82892953950728,35.706293810084475,2026-10-05,0.2431,0.2267,0.2854,0.2464
21436,33.82892953950728,35.706293810084475,2026-10-06,0.1903,0.1774,0.2008,0.1774
21436,33.82892953950728,35.706293810084475,2026-10-07,0.1691,0.1676,0.1797,0.1577
21436,33.82892953950728,35.706293810084475,2026-10-08,0.1691,0.1676,0.2431,0.1676
21436,33.82892953950728,35.706293810084475,2026-10-09,0.1691,0.1577,0.2008,0.1577
21436,33.82892953950728,35.706293810084475,2026-10-10,0.1586,0.1479,0.1797,0.1577
21436,33.82892953950728,35.706293810084475,2026-10-11,0.1586,0.1479,0.1691,0.1479
51224,33.81311159405563,35.84803091501772,2026-10-05,0.2027,0.2368,0.2379,0.2574
51224,33.81311159405563,35.84803091501772,2026-10-06,0.1586,0.1853,0.1674,0.1853
51224,33.81311159405563,35.84803091501772,2026-10-07,0.141,0.175,0.1498,0.1648
51224,33.81311159405563,35.84803091501772,2026-10-08,0.141,0.175,0.2027,0.175
51224,33.81311159405563,35.84803091501772,2026-10-09,0.141,0.1648,0.1674,0.1648
51224,33.81311159405563,35.84803091501772,2026-10-10,0.1322,0.1545,0.1498,0.1648
51224,33.81311159405563,35.84803091501772,2026-10-11,0.1322,0.1545,0.141,0.1545
51127,33.81012236490781,35.902928357757716,2026-10-05,0.2612,0.2222,0.3066,0.2415
51127,33.81012236490781,35.902928357757716,2026-10-06,0.2044,0.1739,0.2157,0.1739
51127,33.81012236490781,35.902928357757716,2026-10-07,0.1817,0.1642,0.193,0.1546
51127,33.81012236490781,35.902928357757716,2026-10-08,0.1817,0.1642,0.2612,0.1642
51127,33.81012236490781,35.902928357757716,2026-10-09,0.1817,0.1546,0.2157,0.1546
51127,33.81012236490781,35.902928357757716,2026-10-10,0.1703,0.1449,0.193,0.1546
51127,33.81012236490781,35.902928357757716,2026-10-11,0.1703,0.1449,0.1817,0.1449
24111,33.8181558432469,35.50785392975095,2026-10-05,0.2304,0.2299,0.2704,0.2499
24111,33.8181558432469,35.50785392975095,2026-10-06,0.1803,0.1799,0.1903,0.1799
24111,33.8181558432469,35.50785392975095,2026-10-07,0.1602,0.1699,0.1703,0.1599
24111,33.8181558432469,35.50785392975095,2026-10-08,0.1602,0.1699,0.2304,0.1699
24111,33.8181558432469,35.50785392975095,2026-10-09,0.1602,0.1599,0.1903,0.1599
24111,33.8181558432469,35.50785392975095,2026-10-10,0.1502,0.1499,0.1703,0.1599
24111,33.8181558432469,35.50785392975095,2026-10-11,0.1502,0.1499,0.1602,0.1499
21411,33.816900504161055,35.73685726849096,2026-10-05,0.2597,0.2226,0.3049,0.2419
21411,33.816900504161055,35.73685726849096,2026-10-06,0.2033,0.1742,0.2145,0.1742
21411,33.816900504161055,35.73685726849096,2026-10-07,0.1807,0.1645,0.192,0.1548
21411,33.816900504161055,35.73685726849096,2026-10-08,0.1807,0.1645,0.2597,0.1645
21411,33.816900504161055,35.73685726849096,2026-10-09,0.1807,0.1548,0.2145,0.1548
21411,33.816900504161055,35.73685726849096,2026-10-10,0.1694,0.1452,0.192,0.1548
21411,33.816900504161055,35.73685726849096,2026-10-11,0.1694,0.1452,0.1807,0.1452
21227,33.82600835426159,35.543080659352526,2026-10-05,0.2137,0.2341,0.2509,0.2544
21227,33.82600835426159,35.543080659352526,2026-10-06,0.1672,0.1832,0.1765,0.1832
21227,33.82600835426159,35.543080659352526,2026-10-07,0.1487,0.173,0.158,0.1628
21227,33.82600835426159,35.543080659352526,2026-10-08,0.1487,0.173,0.2137,0.173
21227,33.82600835426159,35.543080659352526,2026-10-09,0.1487,0.1628,0.1765,0.1628
21227,33.82600835426159,35.543080659352526,2026-10-10,0.1394,0.1527,0.158,0.1628
21227,33.82600835426159,35.543080659352526,2026-10-11,0.1394,0.1527,0.1487,0.1527
24313,33.82079381330863,35.58634491596706,2026-10-05,0.1962,0.2384,0.2303,0.2592
24313,33.82079381330863,35.58634491596706,2026-10-06,0.1536,0.1866,0.1621,0.1866
24313,33.82079381330863,35.58634491596706,2026-10-07,0.1365,0.1762,0.145,0.1659
24313,33.82079381330863,35.58634491596706,2026-10-08,0.1365,0.1762,0.1962,0.1762
24313,33.82079381330863,35.58634491596706,2026-10-09,0.1365,0.1659,0.1621,0.1659
24313,33.82079381330863,35.58634491596706,2026-10-10,0.128,0.1555,0.145,0.1659
24313,33.82079381330863,35.58634491596706,2026-10-11,0.128,0.1555,0.1365,0.1555
21327,33.82089466242925,35.661758773210614,2026-10-05,0.2204,0.2324,0.2587,0.2526
21327,33.82089466242925,35.661758773210614,2026-10-06,0.1725,0.1819,0.182,0.1819
21327,33.82089466242925,35.661758773210614,2026-10-07,0.1533,0.1718,0.1629,0.1617
21327,33.82089466242925,35.661758773210614,2026-10-08,0.1533,0.1718,0.2204,0.1718
21327,33.82089466242925,35.661758773210614,2026-10-09,0.1533,0.1617,0.182,0.1617
21327,33.82089466242925,35.661758773210614,2026-10-10,0.1437,0.1516,0.1629,0.1617
21327,33.82089466242925,35.661758773210614,2026-10-11,0.1437,0.1516,0.1533,0.1516
51231,33.816816527611024,35.891496611207174,2026-10-05,0.2161,0.2335,0.2537,0.2538
51231,33.816816527611024,35.891496611207174,2026-10-06,0.1691,0.1827,0.1785,0.1827
51231,33.816816527611024,35.891496611207174,2026-10-07,0.1503,0.1726,0.1597,0.1624
51231,33.816816527611024,35.891496611207174,2026-10-08,0.1503,0.1726,0.2161,0.1726
51231,33.816816527611024,35.891496611207174,2026-10-09,0.1503,0.1624,0.1785,0.1624
51231,33.816816527611024,35.891496611207174,2026-10-10,0.1409,0.1523,0.1597,0.1624
51231,33.816816527611024,35.891496611207174,2026-10-11,0.1409,0.1523,0.1503,0.1523
24155,33.81172254160718,35.502080079436325,2026-10-05,0.213,0.2342,0.2501,0.2546
24155,33.81172254160718,35.502080079436325,2026-10-06,0.1667,0.1833,0.176,0.1833
24155,33.81172254160718,35.502080079436325,2026-10-07,0.1482,0.1731,0.1574,0.163
24155,33.81172254160718,35.502080079436325,2026-10-08,0.1482,0.1731,0.213,0.1731
24155,33.81172254160718,35.502080079436325,2026-10-09,0.1482,0.163,0.176,0.163
24155,33.81172254160718,35.502080079436325,2026-10-10,0.1389,0.1528,0.1574,0.163
24155,33.81172254160718,35.502080079436325,2026-10-11,0.1389,0.1528,0.1482,0.1528
51383,33.81869084342269,35.95776754093474,2026-10-05,0.2421,0.227,0.2842,0.2467
51383,33.81869084342269,35.95776754093474,2026-10-06,0.1894,0.1776,0.2,0.1776
51383,33.81869084342269,35.95776754093474,2026-10-07,0.1684,0.1678,0.1789,0.1579
51383,33.81869084342269,35.95776754093474,2026-10-08,0.1684,0.1678,0.2421,0.1678
51383,33.81869084342269,35.95776754093474,2026-10-09,0.1684,0.1579,0.2,0.1579
51383,33.81869084342269,35.95776754093474,2026-10-10,0.1579,0.148,0.1789,0.1579
51383,33.81869084342269,35.95776754093474,2026-10-11,0.1579,0.148,0.1684,0.148
21431,33.822933327689015,35.71687786132943,2026-10-05,0.214,0.234,0.2512,0.2543
21431,33.822933327689015,35.71687786132943,2026-10-06,0.1675,0.1831,0.1768,0.1831
21431,33.822933327689015,35.71687786132943,2026-10-07,0.1489,0.173,0.1582,0.1628
21431,33.822933327689015,35.71687786132943,2026-10-08,0.1489,0.173,0.214,0.173
21431,33.822933327689015,35.71687786132943,2026-10-09,0.1489,0.1628,0.1768,0.1628
21431,33.822933327689015,35.71687786132943,2026-10-10,0.1396,0.1526,0.1582,0.1628
21431,33.822933327689015,35.71687786132943,2026-10-11,0.1396,0.1526,0.1489,0.1526
21331,33.82073914586011,35.67674637215315,2026-10-05,0.2212,0.2322,0.2597,0.2524
21331,33.82073914586011,35.67674637215315,2026-10-06,0.1731,0.1817,0.1828,0.1817
21331,33.82073914586011,35.67674637215315,2026-10-07,0.1539,0.1716,0.1635,0.1615
21331,33.82073914586011,35.67674637215315,2026-10-08,0.1539,0.1716,0.2212,0.1716
21331,33.82073914586011,35.67674637215315,2026-10-09,0.1539,0.1615,0.1828,0.1615
21331,33.82073914586011,35.67674637215315,2026-10-10,0.1443,0.1514,0.1635,0.1615
21331,33.82073914586011,35.67674637215315,2026-10-11,0.1443,0.1514,0.1539,0.1514
21426,33.81599473051033,35.70893755373111,2026-10-05,0.2288,0.2303,0.2686,0.2503
21426,33.81599473051033,35.70893755373111,2026-10-06,0.1791,0.1802,0.189,0.1802
21426,33.81599473051033,35.70893755373111,2026-10-07,0.1592,0.1702,0.1691,0.1602
21426,33.81599473051033,35.70893755373111,2026-10-08,0.1592,0.1702,0.2288,0.1702
21426,33.81599473051033,35.70893755373111,2026-10-09,0.1592,0.1602,0.189,0.1602
21426,33.81599473051033,35.70893755373111,2026-10-10,0.1492,0.1502,0.1691,0.1602
21426,33.81599473051033,35.70893755373111,2026-10-11,0.1492,0.1502,0.1592,0.1502
21235,33.823234351481624,35.54126997475143,2026-10-05,0.2377,0.2281,0.279,0.2479
21235,33.823234351481624,35.54126997475143,2026-10-06,0.186,0.1785,0.1964,0.1785
21235,33.823234351481624,35.54126997475143,2026-10-07,0.1653,0.1686,0.1757,0.1587
21235,33.823234351481624,35.54126997475143,2026-10-08,0.1653,0.1686,0.2377,0.1686
21235,33.823234351481624,35.54126997475143,2026-10-09,0.1653,0.1587,0.1964,0.1587
21235,33.823234351481624,35.54126997475143,2026-10-10,0.155,0.1487,0.1757,0.1587
21235,33.823234351481624,35.54126997475143,2026-10-11,0.155,0.1487,0.1653,0.1487
51184,33.826998528627485,35.8911138708419,2026-10-05,0.2051,0.2362,0.2408,0.2568
51184,33.826998528627485,35.8911138708419,2026-10-06,0.1605,0.1849,0.1694,0.1849
51184,33.826998528627485,35.8911138708419,2026-10-07,0.1427,0.1746,0.1516,0.1643
51184,33.826998528627485,35.8911138708419,2026-10-08,0.1427,0.1746,0.2051,0.1746
51184,33.826998528627485,35.8911138708419,2026-10-09,0.1427,0.1643,0.1694,0.1643
51184,33.826998528627485,35.8911138708419,2026-10-10,0.1338,0.1541,0.1516,0.1643
51184,33.826998528627485,35.8911138708419,2026-10-11,0.1338,0.1541,0.1427,0.1541
0,33.822032810550745,36.10412857786543,2026-10-05,0.2082,0.2355,0.2444,0.2559
0,33.822032810550745,36.10412857786543,2026-10-06,0.1629,0.1843,0.172,0.1843
0,33.822032810550745,36.10412857786543,2026-10-07,0.1448,0.174,0.1539,0.1638
0,33.822032810550745,36.10412857786543,2026-10-08,0.1448,0.174,0.2082,0.174
0,33.822032810550745,36.10412857786543,2026-10-09,0.1448,0.1638,0.172,0.1638
0,33.822032810550745,36.10412857786543,2026-10-10,0.1358,0.1536,0.1539,0.1638
0,33.822032810550745,36.10412857786543,2026-10-11,0.1358,0.1536,0.1448,0.1536
24311,33.80896095030769,35.60248237820998,2026-10-05,0.1947,0.2388,0.2285,0.2596
24311,33.80896095030769,35.60248237820998,2026-10-06,0.1523,0.1869,0.1608,0.1869
24311,33.80896095030769,35.60248237820998,2026-10-07,0.1354,0.1765,0.1439,0.1661
24311,33.80896095030769,35.60248237820998,2026-10-08,0.1354,0.1765,0.1947,0.1765
24311,33.80896095030769,35.60248237820998,2026-10-09,0.1354,0.1661,0.1608,0.1661
24311,33.80896095030769,35.60248237820998,2026-10-10,0.127,0.1558,0.1439,0.1661
24311,33.80896095030769,35.60248237820998,2026-10-11,0.127,0.1558,0.1354,0.1558
21251,33.81468987775128,35.53607165818532,2026-10-05,0.2132,0.2342,0.2503,0.2546
21251,33.81468987775128,35.53607165818532,2026-10-06,0.1669,0.1833,0.1761,0.1833
21251,33.81468987775128,35.53607165818532,2026-10-07,0.1483,0.1731,0.1576,0.1629
21251,33.81468987775128,35.53607165818532,2026-10-08,0.1483,0.1731,0.2132,0.1731
21251,33.81468987775128,35.53607165818532,2026-10-09,0.1483,0.1629,0.1761,0.1629
21251,33.81468987775128,35.53607165818532,2026-10-10,0.1391,0.1527,0.1576,0.1629
21251,33.81468987775128,35.53607165818532,2026-10-11,0.1391,0.1527,0.1483,0.1527
51221,33.81404581882549,35.8706094619843,2026-10-05,0.2611,0.2222,0.3065,0.2415
51221,33.81404581882549,35.8706094619843,2026-10-06,0.2044,0.1739,0.2157,0.1739
51221,33.81404581882549,35.8706094619843,2026-10-07,0.1816,0.1642,0.193,0.1546
51221,33.81404581882549,35.8706094619843,2026-10-08,0.1816,0.1642,0.2611,0.1642
51221,33.81404581882549,35.8706094619843,2026-10-09,0.1816,0.1546,0.2157,0.1546
51221,33.81404581882549,35.8706094619843,2026-10-10,0.1703,0.1449,0.193,0.1546
51221,33.81404581882549,35.8706094619843,2026-10-11,0.1703,0.1449,0.1816,0.1449
21311,33.81611417225976,35.64197695993504,2026-10-05,0.2628,0.2218,0.3085,0.2411
21311,33.81611417225976,35.64197695993504,2026-10-06,0.2057,0.1736,0.2171,0.1736
21311,33.81611417225976,35.64197695993504,2026-10-07,0.1828,0.1639,0.1942,0.1543
21311,33.81611417225976,35.64197695993504,2026-10-08,0.1828,0.1639,0.2628,0.1639
21311,33.81611417225976,35.64197695993504,2026-10-09,0.1828,0.1543,0.2171,0.1543
21311,33.81611417225976,35.64197695993504,2026-10-10,0.1714,0.1447,0.1942,0.1543
21311,33.81611417225976,35.64197695993504,2026-10-11,0.1714,0.1447,0.1828,0.1447
21267,33.818169050956506,35.565196877936074,2026-10-05,0.2336,0.2291,0.2742,0.249
21267,33.818169050956506,35.565196877936074,2026-10-06,0.1828,0.1793,0.193,0.1793
21267,33.818169050956506,35.565196877936074,2026-10-07,0.1625,0.1693,0.1726,0.1594
21267,33.818169050956506,35.565196877936074,2026-10-08,0.1625,0.1693,0.2336,0.1693
21267,33.818169050956506,35.565196877936074,2026-10-09,0.1625,0.1594,0.193,0.1594
21267,33.818169050956506,35.565196877936074,2026-10-10,0.1523,0.1494,0.1726,0.1594
21267,33.818169050956506,35.565196877936074,2026-10-11,0.1523,0.1494,0.1625,0.1494
24291,33.81241117142357,35.578997517605764,2026-10-05,0.2552,0.2237,0.2995,0.2432
24291,33.81241117142357,35.578997517605764,2026-10-06,0.1997,0.1751,0.2108,0.1751
24291,33.81241117142357,35.578997517605764,2026-10-07,0.1775,0.1654,0.1886,0.1556
24291,33.81241117142357,35.578997517605764,2026-10-08,0.1775,0.1654,0.2552,0.1654
24291,33.81241117142357,35.578997517605764,2026-10-09,0.1775,0.1556,0.2108,0.1556
24291,33.81241117142357,35.578997517605764,2026-10-10,0.1664,0.1459,0.1886,0.1556
24291,33.81241117142357,35.578997517605764,2026-10-11,0.1664,0.1459,0.1775,0.1459
51244,33.81614786056275,35.81044671794761,2026-10-05,0.2479,0.2255,0.2911,0.2451
51244,33.81614786056275,35.81044671794761,2026-10-06,0.194,0.1765,0.2048,0.1765
51244,33.81614786056275,35.81044671794761,2026-10-07,0.1725,0.1667,0.1833,0.1569
51244,33.81614786056275,35.81044671794761,2026-10-08,0.1725,0.1667,0.2479,0.1667
51244,33.81614786056275,35.81044671794761,2026-10-09,0.1725,0.1569,0.2048,0.1569
51244,33.81614786056275,35.81044671794761,2026-10-10,0.1617,0.1471,0.1833,0.1569
51244,33.81614786056275,35.81044671794761,2026-10-11,0.1617,0.1471,0.1725,0.1471
21314,33.82161397816657,35.652456261881014,2026-10-05,0.2548,0.2238,0.2991,0.2433
21314,33.82161397816657,35.652456261881014,2026-10-06,0.1994,0.1751,0.2105,0.1751
21314,33.82161397816657,35.652456261881014,2026-10-07,0.1772,0.1654,0.1883,0.1557
21314,33.82161397816657,35.652456261881014,2026-10-08,0.1772,0.1654,0.2548,0.1654
21314,33.82161397816657,35.652456261881014,2026-10-09,0.1772,0.1557,0.2105,0.1557
21314,33.82161397816657,35.652456261881014,2026-10-10,0.1662,0.146,0.1883,0.1557
21314,33.82161397816657,35.652456261881014,2026-10-11,0.1662,0.146,0.1772,0.146
51241,33.81022323821179,35.80548562088504,2026-10-05,0.223,0.2317,0.2618,0.2519
51241,33.81022323821179,35.80548562088504,2026-10-06,0.1745,0.1814,0.1842,0.1814
51241,33.81022323821179,35.80548562088504,2026-10-07,0.1551,0.1713,0.1648,0.1612
51241,33.81022323821179,35.80548562088504,2026-10-08,0.1551,0.1713,0.223,0.1713
51241,33.81022323821179,35.80548562088504,2026-10-09,0.1551,0.1612,0.1842,0.1612
51241,33.81022323821179,35.80548562088504,2026-10-10,0.1454,0.1511,0.1648,0.1612
51241,33.81022323821179,35.80548562088504,2026-10-11,0.1454,0.1511,0.1551,0.1511
21357,33.81281875062507,35.69268854561902,2026-10-05,0.2272,0.2307,0.2667,0.2508
21357,33.81281875062507,35.69268854561902,2026-10-06,0.1778,0.1805,0.1877,0.1805
21357,33.81281875062507,35.69268854561902,2026-10-07,0.1581,0.1705,0.1679,0.1605
21357,33.81281875062507,35.69268854561902,2026-10-08,0.1581,0.1705,0.2272,0.1705
21357,33.81281875062507,35.69268854561902,2026-10-09,0.1581,0.1605,0.1877,0.1605
21357,33.81281875062507,35.69268854561902,2026-10-10,0.1482,0.1505,0.1679,0.1605
21357,33.81281875062507,35.69268854561902,2026-10-11,0.1482,0.1505,0.1581,0.1505
51211,33.81532483432964,35.855852914385174,2026-10-05,0.2085,0.2354,0.2447,0.2558
51211,33.81532483432964,35.855852914385174,2026-10-06,0.1632,0.1842,0.1722,0.1842
51211,33.81532483432964,35.855852914385174,2026-10-07,0.145,0.174,0.1541,0.1637
51211,33.81532483432964,35.855852914385174,2026-10-08,0.145,0.174,0.2085,0.174
51211,33.81532483432964,35.855852914385174,2026-10-09,0.145,0.1637,0.1722,0.1637
51211,33.81532483432964,35.855852914385174,2026-10-10,0.136,0.1535,0.1541,0.1637
51211,33.81532483432964,35.855852914385174,2026-10-11,0.136,0.1535,0.145,0.1535
21334,33.81458870302895,35.67301717703724,2026-10-05,0.2367,0.2283,0.2778,0.2482
21334,33.81458870302895,35.67301717703724,2026-10-06,0.1852,0.1787,0.1955,0.1787
21334,33.81458870302895,35.67301717703724,2026-10-07,0.1646,0.1688,0.1749,0.1588
21334,33.81458870302895,35.67301717703724,2026-10-08,0.1646,0.1688,0.2367,0.1688
21334,33.81458870302895,35.67301717703724,2026-10-09,0.1646,0.1588,0.1955,0.1588
21334,33.81458870302895,35.67301717703724,2026-10-10,0.1543,0.1489,0.1749,0.1588
21334,33.81458870302895,35.67301717703724,2026-10-11,0.1543,0.1489,0.1646,0.1489
24275,33.81131195590196,35.556250680244,2026-10-05,0.2094,0.2352,0.2458,0.2556
24275,33.81131195590196,35.556250680244,2026-10-06,0.1638,0.184,0.173,0.184
24275,33.81131195590196,35.556250680244,2026-10-07,0.1456,0.1738,0.1547,0.1636
24275,33.81131195590196,35.556250680244,2026-10-08,0.1456,0.1738,0.2094,0.1738
24275,33.81131195590196,35.556250680244,2026-10-09,0.1456,0.1636,0.173,0.1636
24275,33.81131195590196,35.556250680244,2026-10-10,0.1365,0.1534,0.1547,0.1636
24275,33.81131195590196,35.556250680244,2026-10-11,0.1365,0.1534,0.1456,0.1534
24283,33.8083609403577,35.5671324884759,2026-10-05,0.2022,0.2369,0.2374,0.2575
24283,33.8083609403577,35.5671324884759,2026-10-06,0.1583,0.1854,0.1671,0.1854
24283,33.8083609403577,35.5671324884759,2026-10-07,0.1407,0.1751,0.1495,0.1648
24283,33.8083609403577,35.5671324884759,2026-10-08,0.1407,0.1751,0.2022,0.1751
24283,33.8083609403577,35.5671324884759,2026-10-09,0.1407,0.1648,0.1671,0.1648
24283,33.8083609403577,35.5671324884759,2026-10-10,0.1319,0.1545,0.1495,0.1648
24283,33.8083609403577,35.5671324884759,2026-10-11,0.1319,0.1545,0.1407,0.1545
24267,33.80999243757548,35.547634111785186,2026-10-05,0.2358,0.2286,0.2768,0.2484
24267,33.80999243757548,35.547634111785186,2026-10-06,0.1845,0.1789,0.1948,0.1789
24267,33.80999243757548,35.547634111785186,2026-10-07,0.164,0.1689,0.1743,0.159
24267,33.80999243757548,35.547634111785186,2026-10-08,0.164,0.1689,0.2358,0.1689
24267,33.80999243757548,35.547634111785186,2026-10-09,0.164,0.159,0.1948,0.159
24267,33.80999243757548,35.547634111785186,2026-10-10,0.1538,0.1491,0.1743,0.159
24267,33.80999243757548,35.547634111785186,2026-10-11,0.1538,0.1491,0.164,0.1491
24133,33.78488024056362,35.48147740709727,2026-10-05,0.2642,0.2215,0.3101,0.2407
24133,33.78488024056362,35.48147740709727,2026-10-06,0.2067,0.1733,0.2182,0.1733
24133,33.78488024056362,35.48147740709727,2026-10-07,0.1838,0.1637,0.1953,0.1541
24133,33.78488024056362,35.48147740709727,2026-10-08,0.1838,0.1637,0.2642,0.1637
24133,33.78488024056362,35.48147740709727,2026-10-09,0.1838,0.1541,0.2182,0.1541
24133,33.78488024056362,35.48147740709727,2026-10-10,0.1723,0.1444,0.1953,0.1541
24133,33.78488024056362,35.48147740709727,2026-10-11,0.1723,0.1444,0.1838,0.1444
51217,33.80307454153085,35.84038175830922,2026-10-05,0.2528,0.2243,0.2968,0.2438
51217,33.80307454153085,35.84038175830922,2026-10-06,0.1978,0.1755,0.2088,0.1755
51217,33.80307454153085,35.84038175830922,2026-10-07,0.1759,0.1658,0.1869,0.156
51217,33.80307454153085,35.84038175830922,2026-10-08,0.1759,0.1658,0.2528,0.1658
51217,33.80307454153085,35.84038175830922,2026-10-09,0.1759,0.156,0.2088,0.156
51217,33.80307454153085,35.84038175830922,2026-10-10,0.1649,0.1463,0.1869,0.156
51217,33.80307454153085,35.84038175830922,2026-10-11,0.1649,0.1463,0.1759,0.1463
24325,33.80773296172103,35.62856457812335,2026-10-05,0.2458,0.226,0.2886,0.2457
24325,33.80773296172103,35.62856457812335,2026-10-06,0.1924,0.1769,0.2031,0.1769
24325,33.80773296172103,35.62856457812335,2026-10-07,0.171,0.1671,0.1817,0.1573
24325,33.80773296172103,35.62856457812335,2026-10-08,0.171,0.1671,0.2458,0.1671
24325,33.80773296172103,35.62856457812335,2026-10-09,0.171,0.1573,0.2031,0.1573
24325,33.80773296172103,35.62856457812335,2026-10-10,0.1603,0.1474,0.1817,0.1573
24325,33.80773296172103,35.62856457812335,2026-10-11,0.1603,0.1474,0.171,0.1474
24411,33.80619991971539,35.65962331015226,2026-10-05,0.2423,0.2269,0.2844,0.2467
24411,33.80619991971539,35.65962331015226,2026-10-06,0.1896,0.1776,0.2002,0.1776
24411,33.80619991971539,35.65962331015226,2026-10-07,0.1686,0.1677,0.1791,0.1579
24411,33.80619991971539,35.65962331015226,2026-10-08,0.1686,0.1677,0.2423,0.1677
24411,33.80619991971539,35.65962331015226,2026-10-09,0.1686,0.1579,0.2002,0.1579
24411,33.80619991971539,35.65962331015226,2026-10-10,0.158,0.148,0.1791,0.1579
24411,33.80619991971539,35.65962331015226,2026-10-11,0.158,0.148,0.1686,0.148
21283,33.80393315109214,35.53675109426222,2026-10-05,0.2209,0.2323,0.2593,0.2525
21283,33.80393315109214,35.53675109426222,2026-10-06,0.1729,0.1818,0.1825,0.1818
21283,33.80393315109214,35.53675109426222,2026-10-07,0.1537,0.1717,0.1633,0.1616
21283,33.80393315109214,35.53675109426222,2026-10-08,0.1537,0.1717,0.2209,0.1717
21283,33.80393315109214,35.53675109426222,2026-10-09,0.1537,0.1616,0.1825,0.1616
21283,33.80393315109214,35.53675109426222,2026-10-10,0.1441,0.1515,0.1633,0.1616
21283,33.80393315109214,35.53675109426222,2026-10-11,0.1441,0.1515,0.1537,0.1515
21344,33.80794039816096,35.67640020667891,2026-10-05,0.2576,0.2231,0.3024,0.2425
21344,33.80794039816096,35.67640020667891,2026-10-06,0.2016,0.1746,0.2128,0.1746
21344,33.80794039816096,35.67640020667891,2026-10-07,0.1792,0.1649,0.1904,0.1552
21344,33.80794039816096,35.67640020667891,2026-10-08,0.1792,0.1649,0.2576,0.1649
21344,33.80794039816096,35.67640020667891,2026-10-09,0.1792,0.1552,0.2128,0.1552
21344,33.80794039816096,35.67640020667891,2026-10-10,0.168,0.1455,0.1904,0.1552
21344,33.80794039816096,35.67640020667891,2026-10-11,0.168,0.1455,0.1792,0.1455
24317,33.805179414121454,35.58650672971544,2026-10-05,0.2543,0.2239,0.2986,0.2434
24317,33.805179414121454,35.58650672971544,2026-10-06,0.199,0.1752,0.2101,0.1752
24317,33.805179414121454,35.58650672971544,2026-10-07,0.1769,0.1655,0.188,0.1558
24317,33.805179414121454,35.58650672971544,2026-10-08,0.1769,0.1655,0.2543,0.1655
24317,33.805179414121454,35.58650672971544,2026-10-09,0.1769,0.1558,0.2101,0.1558
24317,33.805179414121454,35.58650672971544,2026-10-10,0.1659,0.146,0.188,0.1558
24317,33.805179414121454,35.58650672971544,2026-10-11,0.1659,0.146,0.1769,0.146
24414,33.79883317395994,35.647237397287704,2026-10-05,0.1984,0.2379,0.2329,0.2586
24414,33.79883317395994,35.647237397287704,2026-10-06,0.1553,0.1862,0.1639,0.1862
24414,33.79883317395994,35.647237397287704,2026-10-07,0.138,0.1758,0.1467,0.1655
24414,33.79883317395994,35.647237397287704,2026-10-08,0.138,0.1758,0.1984,0.1758
24414,33.79883317395994,35.647237397287704,2026-10-09,0.138,0.1655,0.1639,0.1655
24414,33.79883317395994,35.647237397287704,2026-10-10,0.1294,0.1551,0.1467,0.1655
24414,33.79883317395994,35.647237397287704,2026-10-11,0.1294,0.1551,0.138,0.1551
24477,33.78253434143916,35.759092070728194,2026-10-05,0.2044,0.2364,0.2399,0.257
24477,33.78253434143916,35.759092070728194,2026-10-06,0.16,0.185,0.1688,0.185
24477,33.78253434143916,35.759092070728194,2026-10-07,0.1422,0.1747,0.1511,0.1645
24477,33.78253434143916,35.759092070728194,2026-10-08,0.1422,0.1747,0.2044,0.1747
24477,33.78253434143916,35.759092070728194,2026-10-09,0.1422,0.1645,0.1688,0.1645
24477,33.78253434143916,35.759092070728194,2026-10-10,0.1333,0.1542,0.1511,0.1645
24477,33.78253434143916,35.759092070728194,2026-10-11,0.1333,0.1542,0.1422,0.1542
24259,33.79437652053432,35.53618662571672,2026-10-05,0.2528,0.2243,0.2967,0.2438
24259,33.79437652053432,35.53618662571672,2026-10-06,0.1978,0.1755,0.2088,0.1755
24259,33.79437652053432,35.53618662571672,2026-10-07,0.1758,0.1658,0.1868,0.156
24259,33.79437652053432,35.53618662571672,2026-10-08,0.1758,0.1658,0.2528,0.1658
24259,33.79437652053432,35.53618662571672,2026-10-09,0.1758,0.156,0.2088,0.156
24259,33.79437652053432,35.53618662571672,2026-10-10,0.1648,0.1463,0.1868,0.156
24259,33.79437652053432,35.53618662571672,2026-10-11,0.1648,0.1463,0.1758,0.1463
24315,33.802664027718855,35.576417385830204,2026-10-05,0.2675,0.2206,0.314,0.2398
24315,33.802664027718855,35.576417385830204,2026-10-06,0.2093,0.1727,0.221,0.1727
24315,33.802664027718855,35.576417385830204,2026-10-07,0.1861,0.1631,0.1977,0.1535
24315,33.802664027718855,35.576417385830204,2026-10-08,0.1861,0.1631,0.2675,0.1631
24315,33.802664027718855,35.576417385830204,2026-10-09,0.1861,0.1535,0.221,0.1535
24315,33.802664027718855,35.576417385830204,2026-10-10,0.1744,0.1439,0.1977,0.1535
24315,33.802664027718855,35.576417385830204,2026-10-11,0.1744,0.1439,0.1861,0.1439
24427,33.801698687570095,35.69448097092045,2026-10-05,0.2298,0.23,0.2698,0.2501
24427,33.801698687570095,35.69448097092045,2026-10-06,0.1798,0.18,0.1898,0.18
24427,33.801698687570095,35.69448097092045,2026-10-07,0.1599,0.17,0.1699,0.16
24427,33.801698687570095,35.69448097092045,2026-10-08,0.1599,0.17,0.2298,0.17
24427,33.801698687570095,35.69448097092045,2026-10-09,0.1599,0.16,0.1898,0.16
24427,33.801698687570095,35.69448097092045,2026-10-10,0.1499,0.15,0.1699,0.16
24427,33.801698687570095,35.69448097092045,2026-10-11,0.1499,0.15,0.1599,0.15
24329,33.79473461847054,35.5554827779369,2026-10-05,0.2649,0.2213,0.311,0.2405
24329,33.79473461847054,35.5554827779369,2026-10-06,0.2073,0.1732,0.2188,0.1732
24329,33.79473461847054,35.5554827779369,2026-10-07,0.1843,0.1635,0.1958,0.1539
24329,33.79473461847054,35.5554827779369,2026-10-08,0.1843,0.1635,0.2649,0.1635
24329,33.79473461847054,35.5554827779369,2026-10-09,0.1843,0.1539,0.2188,0.1539
24329,33.79473461847054,35.5554827779369,2026-10-10,0.1728,0.1443,0.1958,0.1539
24329,33.79473461847054,35.5554827779369,2026-10-11,0.1728,0.1443,0.1843,0.1443
24319,33.79922789290475,35.56802103652948,2026-10-05,0.2473,0.2257,0.2903,0.2453
24319,33.79922789290475,35.56802103652948,2026-10-06,0.1936,0.1766,0.2043,0.1766
24319,33.79922789290475,35.56802103652948,2026-10-07,0.172,0.1668,0.1828,0.157
24319,33.79922789290475,35.56802103652948,2026-10-08,0.172,0.1668,0.2473,0.1668
24319,33.79922789290475,35.56802103652948,2026-10-09,0.172,0.157,0.2043,0.157
24319,33.79922789290475,35.56802103652948,2026-10-10,0.1613,0.1472,0.1828,0.157
24319,33.79922789290475,35.56802103652948,2026-10-11,0.1613,0.1472,0.172,0.1472
24321,33.80033709937069,35.619088134793635,2026-10-05,0.2254,0.2311,0.2646,0.2512
24321,33.80033709937069,35.619088134793635,2026-10-06,0.1764,0.1809,0.1862,0.1809
24321,33.80033709937069,35.619088134793635,2026-10-07,0.1568,0.1708,0.1666,0.1608
24321,33.80033709937069,35.619088134793635,2026-10-08,0.1568,0.1708,0.2254,0.1708
24321,33.80033709937069,35.619088134793635,2026-10-09,0.1568,0.1608,0.1862,0.1608
24321,33.80033709937069,35.619088134793635,2026-10-10,0.147,0.1507,0.1666,0.1608
24321,33.80033709937069,35.619088134793635,2026-10-11,0.147,0.1507,0.1568,0.1507
24177,33.79307097120153,35.516888901046144,2026-10-05,0.2202,0.2324,0.2585,0.2527
24177,33.79307097120153,35.516888901046144,2026-10-06,0.1723,0.1819,0.1819,0.1819
24177,33.79307097120153,35.516888901046144,2026-10-07,0.1532,0.1718,0.1628,0.1617
24177,33.79307097120153,35.516888901046144,2026-10-08,0.1532,0.1718,0.2202,0.1718
24177,33.79307097120153,35.516888901046144,2026-10-09,0.1532,0.1617,0.1819,0.1617
24177,33.79307097120153,35.516888901046144,2026-10-10,0.1436,0.1516,0.1628,0.1617
24177,33.79307097120153,35.516888901046144,2026-10-11,0.1436,0.1516,0.1532,0.1516
51234,33.78032587398674,35.82898074134002,2026-10-05,0.2417,0.2271,0.2837,0.2468
51234,33.78032587398674,35.82898074134002,2026-10-06,0.1891,0.1777,0.1996,0.1777
51234,33.78032587398674,35.82898074134002,2026-10-07,0.1681,0.1678,0.1786,0.158
51234,33.78032587398674,35.82898074134002,2026-10-08,0.1681,0.1678,0.2417,0.1678
51234,33.78032587398674,35.82898074134002,2026-10-09,0.1681,0.158,0.1996,0.158
51234,33.78032587398674,35.82898074134002,2026-10-10,0.1576,0.1481,0.1786,0.158
51234,33.78032587398674,35.82898074134002,2026-10-11,0.1576,0.1481,0.1681,0.1481
51267,33.77375218173526,35.920920888838324,2026-10-05,0.2297,0.2301,0.2697,0.2501
51267,33.77375218173526,35.920920888838324,2026-10-06,0.1798,0.1801,0.1898,0.1801
51267,33.77375218173526,35.920920888838324,2026-10-07,0.1598,0.17,0.1698,0.16
51267,33.77375218173526,35.920920888838324,2026-10-08,0.1598,0.17,0.2297,0.17
51267,33.77375218173526,35.920920888838324,2026-10-09,0.1598,0.16,0.1898,0.16
51267,33.77375218173526,35.920920888838324,2026-10-10,0.1498,0.15,0.1698,0.16
51267,33.77375218173526,35.920920888838324,2026-10-11,0.1498,0.15,0.1598,0.15
24444,33.77836210477672,35.69331034879546,2026-10-05,0.2378,0.2281,0.2791,0.2479
24444,33.77836210477672,35.69331034879546,2026-10-06,0.1861,0.1785,0.1964,0.1785
24444,33.77836210477672,35.69331034879546,2026-10-07,0.1654,0.1686,0.1757,0.1586
24444,33.77836210477672,35.69331034879546,2026-10-08,0.1654,0.1686,0.2378,0.1686
24444,33.77836210477672,35.69331034879546,2026-10-09,0.1654,0.1586,0.1964,0.1586
24444,33.77836210477672,35.69331034879546,2026-10-10,0.1551,0.1487,0.1757,0.1586
24444,33.77836210477672,35.69331034879546,2026-10-11,0.1551,0.1487,0.1654,0.1487
51377,33.78994238566905,36.01322849079977,2026-10-05,0.1828,0.2418,0.2145,0.2628
51377,33.78994238566905,36.01322849079977,2026-10-06,0.143,0.1892,0.151,0.1892
51377,33.78994238566905,36.01322849079977,2026-10-07,0.1271,0.1787,0.1351,0.1682
51377,33.78994238566905,36.01322849079977,2026-10-08,0.1271,0.1787,0.1828,0.1787
51377,33.78994238566905,36.01322849079977,2026-10-09,0.1271,0.1682,0.151,0.1682
51377,33.78994238566905,36.01322849079977,2026-10-10,0.1192,0.1577,0.1351,0.1682
51377,33.78994238566905,36.01322849079977,2026-10-11,0.1192,0.1577,0.1271,0.1577
24243,33.7849395726643,35.51637220959181,2026-10-05,0.248,0.2255,0.2911,0.2451
24243,33.7849395726643,35.51637220959181,2026-10-06,0.1941,0.1765,0.2049,0.1765
24243,33.7849395726643,35.51637220959181,2026-10-07,0.1725,0.1667,0.1833,0.1569
24243,33.7849395726643,35.51637220959181,2026-10-08,0.1725,0.1667,0.248,0.1667
24243,33.7849395726643,35.51637220959181,2026-10-09,0.1725,0.1569,0.2049,0.1569
24243,33.7849395726643,35.51637220959181,2026-10-10,0.1617,0.1471,0.1833,0.1569
24243,33.7849395726643,35.51637220959181,2026-10-11,0.1617,0.1471,0.1725,0.1471
24424,33.78315354891372,35.67155751170135,2026-10-05,0.2556,0.2236,0.3001,0.243
24424,33.78315354891372,35.67155751170135,2026-10-06,0.2001,0.175,0.2112,0.175
24424,33.78315354891372,35.67155751170135,2026-10-07,0.1778,0.1653,0.189,0.1555
24424,33.78315354891372,35.67155751170135,2026-10-08,0.1778,0.1653,0.2556,0.1653
24424,33.78315354891372,35.67155751170135,2026-10-09,0.1778,0.1555,0.2112,0.1555
24424,33.78315354891372,35.67155751170135,2026-10-10,0.1667,0.1458,0.189,0.1555
24424,33.78315354891372,35.67155751170135,2026-10-11,0.1667,0.1458,0.1778,0.1458
51227,33.7909174754295,35.87663899456012,2026-10-05,0.2249,0.2313,0.264,0.2514
51227,33.7909174754295,35.87663899456012,2026-10-06,0.176,0.181,0.1858,0.181
51227,33.7909174754295,35.87663899456012,2026-10-07,0.1564,0.1709,0.1662,0.1609
51227,33.7909174754295,35.87663899456012,2026-10-08,0.1564,0.1709,0.2249,0.1709
51227,33.7909174754295,35.87663899456012,2026-10-09,0.1564,0.1609,0.1858,0.1609
51227,33.7909174754295,35.87663899456012,2026-10-10,0.1467,0.1508,0.1662,0.1609
51227,33.7909174754295,35.87663899456012,2026-10-11,0.1467,0.1508,0.1564,0.1508
24417,33.7876638981218,35.65872241910856,2026-10-05,0.2302,0.2299,0.2703,0.2499
24417,33.7876638981218,35.65872241910856,2026-10-06,0.1802,0.18,0.1902,0.18
24417,33.7876638981218,35.65872241910856,2026-10-07,0.1602,0.17,0.1702,0.16
24417,33.7876638981218,35.65872241910856,2026-10-08,0.1602,0.17,0.2302,0.17
24417,33.7876638981218,35.65872241910856,2026-10-09,0.1602,0.16,0.1902,0.16
24417,33.7876638981218,35.65872241910856,2026-10-10,0.1502,0.15,0.1702,0.16
24417,33.7876638981218,35.65872241910856,2026-10-11,0.1502,0.15,0.1602,0.15
24421,33.79037761662024,35.63258351378197,2026-10-05,0.2255,0.2311,0.2648,0.2512
24421,33.79037761662024,35.63258351378197,2026-10-06,0.1765,0.1809,0.1863,0.1809
24421,33.79037761662024,35.63258351378197,2026-10-07,0.1569,0.1708,0.1667,0.1608
24421,33.79037761662024,35.63258351378197,2026-10-08,0.1569,0.1708,0.2255,0.1708
24421,33.79037761662024,35.63258351378197,2026-10-09,0.1569,0.1608,0.1863,0.1608
24421,33.79037761662024,35.63258351378197,2026-10-10,0.1471,0.1507,0.1667,0.1608
24421,33.79037761662024,35.63258351378197,2026-10-11,0.1471,0.1507,0.1569,0.1507
24331,33.79137438177651,35.57002054299443,2026-10-05,0.2493,0.2252,0.2927,0.2448
24331,33.79137438177651,35.57002054299443,2026-10-06,0.1951,0.1762,0.206,0.1762
24331,33.79137438177651,35.57002054299443,2026-10-07,0.1734,0.1664,0.1843,0.1566
24331,33.79137438177651,35.57002054299443,2026-10-08,0.1734,0.1664,0.2493,0.1664
24331,33.79137438177651,35.57002054299443,2026-10-09,0.1734,0.1566,0.206,0.1566
24331,33.79137438177651,35.57002054299443,2026-10-10,0.1626,0.1469,0.1843,0.1566
24331,33.79137438177651,35.57002054299443,2026-10-11,0.1626,0.1469,0.1734,0.1469
24434,33.77851500747397,35.68089831400664,2026-10-05,0.2386,0.2279,0.2801,0.2477
24434,33.77851500747397,35.68089831400664,2026-10-06,0.1867,0.1783,0.1971,0.1783
24434,33.77851500747397,35.68089831400664,2026-10-07,0.166,0.1684,0.1763,0.1585
24434,33.77851500747397,35.68089831400664,2026-10-08,0.166,0.1684,0.2386,0.1684
24434,33.77851500747397,35.68089831400664,2026-10-09,0.166,0.1585,0.1971,0.1585
24434,33.77851500747397,35.68089831400664,2026-10-10,0.1556,0.1486,0.1763,0.1585
24434,33.77851500747397,35.68089831400664,2026-10-11,0.1556,0.1486,0.166,0.1486
24327,33.78995277059405,35.59721808899215,2026-10-05,0.2437,0.2266,0.2861,0.2463
24327,33.78995277059405,35.59721808899215,2026-10-06,0.1907,0.1773,0.2013,0.1773
24327,33.78995277059405,35.59721808899215,2026-10-07,0.1695,0.1675,0.1801,0.1576
24327,33.78995277059405,35.59721808899215,2026-10-08,0.1695,0.1675,0.2437,0.1675
24327,33.78995277059405,35.59721808899215,2026-10-09,0.1695,0.1576,0.2013,0.1576
24327,33.78995277059405,35.59721808899215,2026-10-10,0.1589,0.1478,0.1801,0.1576
24327,33.78995277059405,35.59721808899215,2026-10-11,0.1589,0.1478,0.1695,0.1478
24454,33.78064773644265,35.71050740489665,2026-10-05,0.2117,0.2346,0.2485,0.255
24454,33.78064773644265,35.71050740489665,2026-10-06,0.1657,0.1836,0.1749,0.1836
24454,33.78064773644265,35.71050740489665,2026-10-07,0.1473,0.1734,0.1565,0.1632
24454,33.78064773644265,35.71050740489665,2026-10-08,0.1473,0.1734,0.2117,0.1734
24454,33.78064773644265,35.71050740489665,2026-10-09,0.1473,0.1632,0.1749,0.1632
24454,33.78064773644265,35.71050740489665,2026-10-10,0.1381,0.153,0.1565,0.1632
24454,33.78064773644265,35.71050740489665,2026-10-11,0.1381,0.153,0.1473,0.153
51389,33.76718635999858,35.978283405288195,2026-10-05,0.2368,0.2283,0.278,0.2482
51389,33.76718635999858,35.978283405288195,2026-10-06,0.1853,0.1787,0.1956,0.1787
51389,33.76718635999858,35.978283405288195,2026-10-07,0.1647,0.1687,0.175,0.1588
51389,33.76718635999858,35.978283405288195,2026-10-08,0.1647,0.1687,0.2368,0.1687
51389,33.76718635999858,35.978283405288195,2026-10-09,0.1647,0.1588,0.1956,0.1588
51389,33.76718635999858,35.978283405288195,2026-10-10,0.1544,0.1489,0.175,0.1588
51389,33.76718635999858,35.978283405288195,2026-10-11,0.1544,0.1489,0.1647,0.1489
24339,33.77926528942504,35.5476249191279,2026-10-05,0.2405,0.2274,0.2823,0.2471
24339,33.77926528942504,35.5476249191279,2026-10-06,0.1882,0.1779,0.1987,0.1779
24339,33.77926528942504,35.5476249191279,2026-10-07,0.1673,0.1681,0.1778,0.1582
24339,33.77926528942504,35.5476249191279,2026-10-08,0.1673,0.1681,0.2405,0.1681
24339,33.77926528942504,35.5476249191279,2026-10-09,0.1673,0.1582,0.1987,0.1582
24339,33.77926528942504,35.5476249191279,2026-10-10,0.1568,0.1483,0.1778,0.1582
24339,33.77926528942504,35.5476249191279,2026-10-11,0.1568,0.1483,0.1673,0.1483
24211,33.76250045590594,35.49871651578421,2026-10-05,0.2209,0.2323,0.2594,0.2525
24211,33.76250045590594,35.49871651578421,2026-10-06,0.1729,0.1818,0.1825,0.1818
24211,33.76250045590594,35.49871651578421,2026-10-07,0.1537,0.1717,0.1633,0.1616
24211,33.76250045590594,35.49871651578421,2026-10-08,0.1537,0.1717,0.2209,0.1717
24211,33.76250045590594,35.49871651578421,2026-10-09,0.1537,0.1616,0.1825,0.1616
24211,33.76250045590594,35.49871651578421,2026-10-10,0.1441,0.1515,0.1633,0.1616
24211,33.76250045590594,35.49871651578421,2026-10-11,0.1441,0.1515,0.1537,0.1515
24337,33.78085161362558,35.56703789396689,2026-10-05,0.2098,0.235,0.2463,0.2555
24337,33.78085161362558,35.56703789396689,2026-10-06,0.1642,0.184,0.1733,0.184
24337,33.78085161362558,35.56703789396689,2026-10-07,0.1459,0.1737,0.1551,0.1635
24337,33.78085161362558,35.56703789396689,2026-10-08,0.1459,0.1737,0.2098,0.1737
24337,33.78085161362558,35.56703789396689,2026-10-09,0.1459,0.1635,0.1733,0.1635
24337,33.78085161362558,35.56703789396689,2026-10-10,0.1368,0.1533,0.1551,0.1635
24337,33.78085161362558,35.56703789396689,2026-10-11,0.1368,0.1533,0.1459,0.1533
24441,33.78044735096919,35.6220840407547,2026-10-05,0.2292,0.2302,0.269,0.2502
24441,33.78044735096919,35.6220840407547,2026-10-06,0.1794,0.1802,0.1893,0.1802
24441,33.78044735096919,35.6220840407547,2026-10-07,0.1594,0.1702,0.1694,0.1601
24441,33.78044735096919,35.6220840407547,2026-10-08,0.1594,0.1702,0.2292,0.1702
24441,33.78044735096919,35.6220840407547,2026-10-09,0.1594,0.1601,0.1893,0.1601
24441,33.78044735096919,35.6220840407547,2026-10-10,0.1495,0.1501,0.1694,0.1601
24441,33.78044735096919,35.6220840407547,2026-10-11,0.1495,0.1501,0.1594,0.1501
24343,33.76893352108419,35.5686983018747,2026-10-05,0.1966,0.2384,0.2308,0.2591
24343,33.76893352108419,35.5686983018747,2026-10-06,0.1538,0.1865,0.1624,0.1865
24343,33.76893352108419,35.5686983018747,2026-10-07,0.1367,0.1762,0.1453,0.1658
24343,33.76893352108419,35.5686983018747,2026-10-08,0.1367,0.1762,0.1966,0.1762
24343,33.76893352108419,35.5686983018747,2026-10-09,0.1367,0.1658,0.1624,0.1658
24343,33.76893352108419,35.5686983018747,2026-10-10,0.1282,0.1554,0.1453,0.1658
24343,33.76893352108419,35.5686983018747,2026-10-11,0.1282,0.1554,0.1367,0.1554
24447,33.76876147175872,35.62689259420942,2026-10-05,0.2586,0.2228,0.3036,0.2422
24447,33.76876147175872,35.62689259420942,2026-10-06,0.2024,0.1744,0.2137,0.1744
24447,33.76876147175872,35.62689259420942,2026-10-07,0.1799,0.1647,0.1912,0.155
24447,33.76876147175872,35.62689259420942,2026-10-08,0.1799,0.1647,0.2586,0.1647
24447,33.76876147175872,35.62689259420942,2026-10-09,0.1799,0.155,0.2137,0.155
24447,33.76876147175872,35.62689259420942,2026-10-10,0.1687,0.1453,0.1912,0.155
24447,33.76876147175872,35.62689259420942,2026-10-11,0.1687,0.1453,0.1799,0.1453
51247,33.78035306145315,35.86818623947308,2026-10-05,0.1973,0.2382,0.2316,0.2589
51247,33.78035306145315,35.86818623947308,2026-10-06,0.1544,0.1864,0.163,0.1864
51247,33.78035306145315,35.86818623947308,2026-10-07,0.1372,0.176,0.1458,0.1657
51247,33.78035306145315,35.86818623947308,2026-10-08,0.1372,0.176,0.1973,0.176
51247,33.78035306145315,35.86818623947308,2026-10-09,0.1372,0.1657,0.163,0.1657
51247,33.78035306145315,35.86818623947308,2026-10-10,0.1287,0.1553,0.1458,0.1657
51247,33.78035306145315,35.86818623947308,2026-10-11,0.1287,0.1553,0.1372,0.1553
24227,33.76780701120191,35.53012094213665,2026-10-05,0.2283,0.2304,0.268,0.2505
24227,33.76780701120191,35.53012094213665,2026-10-06,0.1787,0.1803,0.1886,0.1803
24227,33.76780701120191,35.53012094213665,2026-10-07,0.1588,0.1703,0.1687,0.1603
24227,33.76780701120191,35.53012094213665,2026-10-08,0.1588,0.1703,0.2283,0.1703
24227,33.76780701120191,35.53012094213665,2026-10-09,0.1588,0.1603,0.1886,0.1603
24227,33.76780701120191,35.53012094213665,2026-10-10,0.1489,0.1503,0.1687,0.1603
24227,33.76780701120191,35.53012094213665,2026-10-11,0.1489,0.1503,0.1588,0.1503
24351,33.76497270301496,35.54392432402879,2026-10-05,0.2403,0.2274,0.2821,0.2472
24351,33.76497270301496,35.54392432402879,2026-10-06,0.188,0.178,0.1985,0.178
24351,33.76497270301496,35.54392432402879,2026-10-07,0.1672,0.1681,0.1776,0.1582
24351,33.76497270301496,35.54392432402879,2026-10-08,0.1672,0.1681,0.2403,0.1681
24351,33.76497270301496,35.54392432402879,2026-10-09,0.1672,0.1582,0.1985,0.1582
24351,33.76497270301496,35.54392432402879,2026-10-10,0.1567,0.1483,0.1776,0.1582
24351,33.76497270301496,35.54392432402879,2026-10-11,0.1567,0.1483,0.1672,0.1483
52277,33.75865960670375,35.87723831210996,2026-10-05,0.2604,0.2224,0.3057,0.2417
52277,33.75865960670375,35.87723831210996,2026-10-06,0.2038,0.174,0.2151,0.174
52277,33.75865960670375,35.87723831210996,2026-10-07,0.1812,0.1644,0.1925,0.1547
52277,33.75865960670375,35.87723831210996,2026-10-08,0.1812,0.1644,0.2604,0.1644
52277,33.75865960670375,35.87723831210996,2026-10-09,0.1812,0.1547,0.2151,0.1547
52277,33.75865960670375,35.87723831210996,2026-10-10,0.1699,0.145,0.1925,0.1547
52277,33.75865960670375,35.87723831210996,2026-10-11,0.1699,0.145,0.1812,0.145
24353,33.75654634621102,35.585053938291004,2026-10-05,0.2267,0.2308,0.2661,0.2509
24353,33.75654634621102,35.585053938291004,2026-10-06,0.1774,0.1806,0.1873,0.1806
24353,33.75654634621102,35.585053938291004,2026-10-07,0.1577,0.1706,0.1675,0.1606
24353,33.75654634621102,35.585053938291004,2026-10-08,0.1577,0.1706,0.2267,0.1706
24353,33.75654634621102,35.585053938291004,2026-10-09,0.1577,0.1606,0.1873,0.1606
24353,33.75654634621102,35.585053938291004,2026-10-10,0.1478,0.1505,0.1675,0.1606
24353,33.75654634621102,35.585053938291004,2026-10-11,0.1478,0.1505,0.1577,0.1505
24484,33.75969703372628,35.74865393718793,2026-10-05,0.2443,0.2264,0.2868,0.2461
24484,33.75969703372628,35.74865393718793,2026-10-06,0.1912,0.1772,0.2019,0.1772
24484,33.75969703372628,35.74865393718793,2026-10-07,0.17,0.1673,0.1806,0.1575
24484,33.75969703372628,35.74865393718793,2026-10-08,0.17,0.1673,0.2443,0.1673
24484,33.75969703372628,35.74865393718793,2026-10-09,0.17,0.1575,0.2019,0.1575
24484,33.75969703372628,35.74865393718793,2026-10-10,0.1594,0.1477,0.1806,0.1575
24484,33.75969703372628,35.74865393718793,2026-10-11,0.1594,0.1477,0.17,0.1477
24457,33.76233656121364,35.6556832648287,2026-10-05,0.2692,0.2202,0.316,0.2394
24457,33.76233656121364,35.6556832648287,2026-10-06,0.2107,0.1723,0.2224,0.1723
24457,33.76233656121364,35.6556832648287,2026-10-07,0.1873,0.1628,0.199,0.1532
24457,33.76233656121364,35.6556832648287,2026-10-08,0.1873,0.1628,0.2692,0.1628
24457,33.76233656121364,35.6556832648287,2026-10-09,0.1873,0.1532,0.2224,0.1532
24457,33.76233656121364,35.6556832648287,2026-10-10,0.1756,0.1436,0.199,0.1532
24457,33.76233656121364,35.6556832648287,2026-10-11,0.1756,0.1436,0.1873,0.1436
24434,33.7662233418584,35.64844774062791,2026-10-05,0.2393,0.2277,0.2809,0.2475
24434,33.7662233418584,35.64844774062791,2026-10-06,0.1872,0.1782,0.1976,0.1782
24434,33.7662233418584,35.64844774062791,2026-10-07,0.1664,0.1683,0.1768,0.1584
24434,33.7662233418584,35.64844774062791,2026-10-08,0.1664,0.1683,0.2393,0.1683
24434,33.7662233418584,35.64844774062791,2026-10-09,0.1664,0.1584,0.1976,0.1584
24434,33.7662233418584,35.64844774062791,2026-10-10,0.156,0.1485,0.1768,0.1584
24434,33.7662233418584,35.64844774062791,2026-10-11,0.156,0.1485,0.1664,0.1485
24349,33.76058451049676,35.57231631132348,2026-10-05,0.2558,0.2235,0.3003,0.243
24349,33.76058451049676,35.57231631132348,2026-10-06,0.2002,0.1749,0.2114,0.1749
24349,33.76058451049676,35.57231631132348,2026-10-07,0.178,0.1652,0.1891,0.1555
24349,33.76058451049676,35.57231631132348,2026-10-08,0.178,0.1652,0.2558,0.1652
24349,33.76058451049676,35.57231631132348,2026-10-09,0.178,0.1555,0.2114,0.1555
24349,33.76058451049676,35.57231631132348,2026-10-10,0.1669,0.1458,0.1891,0.1555
24349,33.76058451049676,35.57231631132348,2026-10-11,0.1669,0.1458,0.178,0.1458
23141,33.744684821279996,35.46356408456904,2026-10-05,0.2695,0.2201,0.3164,0.2393
23141,33.744684821279996,35.46356408456904,2026-10-06,0.2109,0.1723,0.2227,0.1723
23141,33.744684821279996,35.46356408456904,2026-10-07,0.1875,0.1627,0.1992,0.1531
23141,33.744684821279996,35.46356408456904,2026-10-08,0.1875,0.1627,0.2695,0.1627
23141,33.744684821279996,35.46356408456904,2026-10-09,0.1875,0.1531,0.2227,0.1531
23141,33.744684821279996,35.46356408456904,2026-10-10,0.1758,0.1436,0.1992,0.1531
23141,33.744684821279996,35.46356408456904,2026-10-11,0.1758,0.1436,0.1875,0.1436
24365,33.75438122445636,35.526594049218005,2026-10-05,0.1974,0.2382,0.2317,0.2589
24365,33.75438122445636,35.526594049218005,2026-10-06,0.1544,0.1864,0.163,0.1864
24365,33.75438122445636,35.526594049218005,2026-10-07,0.1373,0.176,0.1459,0.1657
24365,33.75438122445636,35.526594049218005,2026-10-08,0.1373,0.176,0.1974,0.176
24365,33.75438122445636,35.526594049218005,2026-10-09,0.1373,0.1657,0.163,0.1657
24365,33.75438122445636,35.526594049218005,2026-10-10,0.1287,0.1553,0.1459,0.1657
24365,33.75438122445636,35.526594049218005,2026-10-11,0.1287,0.1553,0.1373,0.1553
0,33.72146722642931,35.9744420019193,2026-10-05,0.2094,0.2352,0.2458,0.2556
0,33.72146722642931,35.9744420019193,2026-10-06,0.1638,0.184,0.173,0.184
0,33.72146722642931,35.9744420019193,2026-10-07,0.1456,0.1738,0.1547,0.1636
0,33.72146722642931,35.9744420019193,2026-10-08,0.1456,0.1738,0.2094,0.1738
0,33.72146722642931,35.9744420019193,2026-10-09,0.1456,0.1636,0.173,0.1636
0,33.72146722642931,35.9744420019193,2026-10-10,0.1365,0.1534,0.1547,0.1636
0,33.72146722642931,35.9744420019193,2026-10-11,0.1365,0.1534,0.1456,0.1534
51287,33.754156946144626,35.84991216590787,2026-10-05,0.2482,0.2255,0.2913,0.2451
51287,33.754156946144626,35.84991216590787,2026-10-06,0.1942,0.1764,0.205,0.1764
51287,33.754156946144626,35.84991216590787,2026-10-07,0.1726,0.1666,0.1834,0.1568
51287,33.754156946144626,35.84991216590787,2026-10-08,0.1726,0.1666,0.2482,0.1666
51287,33.754156946144626,35.84991216590787,2026-10-09,0.1726,0.1568,0.205,0.1568
51287,33.754156946144626,35.84991216590787,2026-10-10,0.1619,0.147,0.1834,0.1568
51287,33.754156946144626,35.84991216590787,2026-10-11,0.1619,0.147,0.1726,0.147
24367,33.74907999303281,35.55205126093117,2026-10-05,0.2717,0.2196,0.319,0.2387
24367,33.74907999303281,35.55205126093117,2026-10-06,0.2127,0.1718,0.2245,0.1718
24367,33.74907999303281,35.55205126093117,2026-10-07,0.189,0.1623,0.2009,0.1527
24367,33.74907999303281,35.55205126093117,2026-10-08,0.189,0.1623,0.2717,0.1623
24367,33.74907999303281,35.55205126093117,2026-10-09,0.189,0.1527,0.2245,0.1527
24367,33.74907999303281,35.55205126093117,2026-10-10,0.1772,0.1432,0.2009,0.1527
24367,33.74907999303281,35.55205126093117,2026-10-11,0.1772,0.1432,0.189,0.1432
24357,33.75048208034832,35.55664735841502,2026-10-05,0.2538,0.2241,0.2979,0.2435
24357,33.75048208034832,35.55664735841502,2026-10-06,0.1986,0.1753,0.2096,0.1753
24357,33.75048208034832,35.55664735841502,2026-10-07,0.1765,0.1656,0.1876,0.1559
24357,33.75048208034832,35.55664735841502,2026-10-08,0.1765,0.1656,0.2538,0.1656
24357,33.75048208034832,35.55664735841502,2026-10-09,0.1765,0.1559,0.2096,0.1559
24357,33.75048208034832,35.55664735841502,2026-10-10,0.1655,0.1461,0.1876,0.1559
24357,33.75048208034832,35.55664735841502,2026-10-11,0.1655,0.1461,0.1765,0.1461
52295,33.75087220678815,35.893080336168,2026-10-05,0.2549,0.2238,0.2992,0.2432
52295,33.75087220678815,35.893080336168,2026-10-06,0.1995,0.1751,0.2105,0.1751
52295,33.75087220678815,35.893080336168,2026-10-07,0.1773,0.1654,0.1884,0.1557
52295,33.75087220678815,35.893080336168,2026-10-08,0.1773,0.1654,0.2549,0.1654
52295,33.75087220678815,35.893080336168,2026-10-09,0.1773,0.1557,0.2105,0.1557
52295,33.75087220678815,35.893080336168,2026-10-10,0.1662,0.1459,0.1884,0.1557
52295,33.75087220678815,35.893080336168,2026-10-11,0.1662,0.1459,0.1773,0.1459
51281,33.74017174420355,35.92621574594938,2026-10-05,0.1821,0.242,0.2138,0.263
51281,33.74017174420355,35.92621574594938,2026-10-06,0.1425,0.1894,0.1505,0.1894
51281,33.74017174420355,35.92621574594938,2026-10-07,0.1267,0.1788,0.1346,0.1683
51281,33.74017174420355,35.92621574594938,2026-10-08,0.1267,0.1788,0.1821,0.1788
51281,33.74017174420355,35.92621574594938,2026-10-09,0.1267,0.1683,0.1505,0.1683
51281,33.74017174420355,35.92621574594938,2026-10-10,0.1188,0.1578,0.1346,0.1683
51281,33.74017174420355,35.92621574594938,2026-10-11,0.1188,0.1578,0.1267,0.1578
24371,33.74729790495651,35.534670981496255,2026-10-05,0.2315,0.2296,0.2718,0.2496
24371,33.74729790495651,35.534670981496255,2026-10-06,0.1812,0.1797,0.1912,0.1797
24371,33.74729790495651,35.534670981496255,2026-10-07,0.161,0.1697,0.1711,0.1597
24371,33.74729790495651,35.534670981496255,2026-10-08,0.161,0.1697,0.2315,0.1697
24371,33.74729790495651,35.534670981496255,2026-10-09,0.161,0.1597,0.1912,0.1597
24371,33.74729790495651,35.534670981496255,2026-10-10,0.151,0.1498,0.1711,0.1597
24371,33.74729790495651,35.534670981496255,2026-10-11,0.151,0.1498,0.161,0.1498
23469,33.73308539351599,35.71668521808232,2026-10-05,0.1947,0.2388,0.2286,0.2596
23469,33.73308539351599,35.71668521808232,2026-10-06,0.1524,0.1869,0.1609,0.1869
23469,33.73308539351599,35.71668521808232,2026-10-07,0.1355,0.1765,0.1439,0.1661
23469,33.73308539351599,35.71668521808232,2026-10-08,0.1355,0.1765,0.1947,0.1765
23469,33.73308539351599,35.71668521808232,2026-10-09,0.1355,0.1661,0.1609,0.1661
23469,33.73308539351599,35.71668521808232,2026-10-10,0.127,0.1557,0.1439,0.1661
23469,33.73308539351599,35.71668521808232,2026-10-11,0.127,0.1557,0.1355,0.1557
24359,33.74187548299325,35.60884395220965,2026-10-05,0.2626,0.2219,0.3082,0.2411
24359,33.74187548299325,35.60884395220965,2026-10-06,0.2055,0.1736,0.2169,0.1736
24359,33.74187548299325,35.60884395220965,2026-10-07,0.1827,0.164,0.1941,0.1543
24359,33.74187548299325,35.60884395220965,2026-10-08,0.1827,0.164,0.2626,0.164
24359,33.74187548299325,35.60884395220965,2026-10-09,0.1827,0.1543,0.2169,0.1543
24359,33.74187548299325,35.60884395220965,2026-10-10,0.1712,0.1447,0.1941,0.1543
24359,33.74187548299325,35.60884395220965,2026-10-11,0.1712,0.1447,0.1827,0.1447
24235,33.73963778158965,35.48303111105841,2026-10-05,0.228,0.2305,0.2676,0.2506
24235,33.73963778158965,35.48303111105841,2026-10-06,0.1784,0.1804,0.1883,0.1804
24235,33.73963778158965,35.48303111105841,2026-10-07,0.1586,0.1704,0.1685,0.1604
24235,33.73963778158965,35.48303111105841,2026-10-08,0.1586,0.1704,0.228,0.1704
24235,33.73963778158965,35.48303111105841,2026-10-09,0.1586,0.1604,0.1883,0.1604
24235,33.73963778158965,35.48303111105841,2026-10-10,0.1487,0.1503,0.1685,0.1604
24235,33.73963778158965,35.48303111105841,2026-10-11,0.1487,0.1503,0.1586,0.1503
24481,33.7447691383529,35.673273541505,2026-10-05,0.1989,0.2378,0.2335,0.2584
24481,33.7447691383529,35.673273541505,2026-10-06,0.1557,0.1861,0.1643,0.1861
24481,33.7447691383529,35.673273541505,2026-10-07,0.1384,0.1757,0.147,0.1654
24481,33.7447691383529,35.673273541505,2026-10-08,0.1384,0.1757,0.1989,0.1757
24481,33.7447691383529,35.673273541505,2026-10-09,0.1384,0.1654,0.1643,0.1654
24481,33.7447691383529,35.673273541505,2026-10-10,0.1297,0.1551,0.147,0.1654
24481,33.7447691383529,35.673273541505,2026-10-11,0.1297,0.1551,0.1384,0.1551
24375,33.74023760785695,35.52211763322755,2026-10-05,0.2061,0.236,0.2419,0.2565
24375,33.74023760785695,35.52211763322755,2026-10-06,0.1613,0.1847,0.1702,0.1847
24375,33.74023760785695,35.52211763322755,2026-10-07,0.1433,0.1744,0.1523,0.1642
24375,33.74023760785695,35.52211763322755,2026-10-08,0.1433,0.1744,0.2061,0.1744
24375,33.74023760785695,35.52211763322755,2026-10-09,0.1433,0.1642,0.1702,0.1642
24375,33.74023760785695,35.52211763322755,2026-10-10,0.1344,0.1539,0.1523,0.1642
24375,33.74023760785695,35.52211763322755,2026-10-11,0.1344,0.1539,0.1433,0.1539
52176,33.730539888231085,35.790278522339605,2026-10-05,0.2394,0.2277,0.281,0.2474
52176,33.730539888231085,35.790278522339605,2026-10-06,0.1873,0.1782,0.1978,0.1782
52176,33.730539888231085,35.790278522339605,2026-10-07,0.1665,0.1683,0.1769,0.1584
52176,33.730539888231085,35.790278522339605,2026-10-08,0.1665,0.1683,0.2394,0.1683
52176,33.730539888231085,35.790278522339605,2026-10-09,0.1665,0.1584,0.1978,0.1584
52176,33.730539888231085,35.790278522339605,2026-10-10,0.1561,0.1485,0.1769,0.1584
52176,33.730539888231085,35.790278522339605,2026-10-11,0.1561,0.1485,0.1665,0.1485
24369,33.73156466130262,35.55081984852004,2026-10-05,0.2191,0.2327,0.2572,0.253
24369,33.73156466130262,35.55081984852004,2026-10-06,0.1715,0.1821,0.181,0.1821
24369,33.73156466130262,35.55081984852004,2026-10-07,0.1524,0.172,0.1619,0.1619
24369,33.73156466130262,35.55081984852004,2026-10-08,0.1524,0.172,0.2191,0.172
24369,33.73156466130262,35.55081984852004,2026-10-09,0.1524,0.1619,0.181,0.1619
24369,33.73156466130262,35.55081984852004,2026-10-10,0.1429,0.1518,0.1619,0.1619
24369,33.73156466130262,35.55081984852004,2026-10-11,0.1429,0.1518,0.1524,0.1518
23455,33.73538523905504,35.648492734380746,2026-10-05,0.2396,0.2276,0.2813,0.2474
23455,33.73538523905504,35.648492734380746,2026-10-06,0.1875,0.1781,0.198,0.1781
23455,33.73538523905504,35.648492734380746,2026-10-07,0.1667,0.1682,0.1771,0.1583
23455,33.73538523905504,35.648492734380746,2026-10-08,0.1667,0.1682,0.2396,0.1682
23455,33.73538523905504,35.648492734380746,2026-10-09,0.1667,0.1583,0.198,0.1583
23455,33.73538523905504,35.648492734380746,2026-10-10,0.1563,0.1484,0.1771,0.1583
23455,33.73538523905504,35.648492734380746,2026-10-11,0.1563,0.1484,0.1667,0.1484
24363,33.73434323757808,35.569338087662345,2026-10-05,0.2424,0.2269,0.2845,0.2466
24363,33.73434323757808,35.569338087662345,2026-10-06,0.1897,0.1776,0.2002,0.1776
24363,33.73434323757808,35.569338087662345,2026-10-07,0.1686,0.1677,0.1791,0.1579
24363,33.73434323757808,35.569338087662345,2026-10-08,0.1686,0.1677,0.2424,0.1677
24363,33.73434323757808,35.569338087662345,2026-10-09,0.1686,0.1579,0.2002,0.1579
24363,33.73434323757808,35.569338087662345,2026-10-10,0.1581,0.148,0.1791,0.1579
24363,33.73434323757808,35.569338087662345,2026-10-11,0.1581,0.148,0.1686,0.148
23259,33.6790305153557,35.46990655303138,2026-10-05,0.1979,0.238,0.2323,0.2587
23259,33.6790305153557,35.46990655303138,2026-10-06,0.1549,0.1863,0.1635,0.1863
23259,33.6790305153557,35.46990655303138,2026-10-07,0.1377,0.1759,0.1463,0.1656
23259,33.6790305153557,35.46990655303138,2026-10-08,0.1377,0.1759,0.1979,0.1759
23259,33.6790305153557,35.46990655303138,2026-10-09,0.1377,0.1656,0.1635,0.1656
23259,33.6790305153557,35.46990655303138,2026-10-10,0.1291,0.1552,0.1463,0.1656
23259,33.6790305153557,35.46990655303138,2026-10-11,0.1291,0.1552,0.1377,0.1552
23421,33.69720069081081,35.59929479248618,2026-10-05,0.2407,0.2273,0.2826,0.2471
23421,33.69720069081081,35.59929479248618,2026-10-06,0.1884,0.1779,0.1988,0.1779
23421,33.69720069081081,35.59929479248618,2026-10-07,0.1674,0.168,0.1779,0.1581
23421,33.69720069081081,35.59929479248618,2026-10-08,0.1674,0.168,0.2407,0.168
23421,33.69720069081081,35.59929479248618,2026-10-09,0.1674,0.1581,0.1988,0.1581
23421,33.69720069081081,35.59929479248618,2026-10-10,0.157,0.1483,0.1779,0.1581
23421,33.69720069081081,35.59929479248618,2026-10-11,0.157,0.1483,0.1674,0.1483
23447,33.69373960403601,35.50086027727298,2026-10-05,0.2563,0.2234,0.3009,0.2428
23447,33.69373960403601,35.50086027727298,2026-10-06,0.2006,0.1748,0.2118,0.1748
23447,33.69373960403601,35.50086027727298,2026-10-07,0.1783,0.1651,0.1895,0.1554
23447,33.69373960403601,35.50086027727298,2026-10-08,0.1783,0.1651,0.2563,0.1651
23447,33.69373960403601,35.50086027727298,2026-10-09,0.1783,0.1554,0.2118,0.1554
23447,33.69373960403601,35.50086027727298,2026-10-10,0.1672,0.1457,0.1895,0.1554
23447,33.69373960403601,35.50086027727298,2026-10-11,0.1672,0.1457,0.1783,0.1457
23411,33.693731991191335,35.57966523231996,2026-10-05,0.2417,0.2271,0.2837,0.2468
23411,33.693731991191335,35.57966523231996,2026-10-06,0.1892,0.1777,0.1997,0.1777
23411,33.693731991191335,35.57966523231996,2026-10-07,0.1681,0.1678,0.1786,0.158
23411,33.693731991191335,35.57966523231996,2026-10-08,0.1681,0.1678,0.2417,0.1678
23411,33.693731991191335,35.57966523231996,2026-10-09,0.1681,0.158,0.1997,0.158
23411,33.693731991191335,35.57966523231996,2026-10-10,0.1576,0.1481,0.1786,0.158
23411,33.693731991191335,35.57966523231996,2026-10-11,0.1576,0.1481,0.1681,0.1481
52161,33.68380046002109,35.7760784146136,2026-10-05,0.1881,0.2405,0.2208,0.2614
52161,33.68380046002109,35.7760784146136,2026-10-06,0.1472,0.1882,0.1554,0.1882
52161,33.68380046002109,35.7760784146136,2026-10-07,0.1308,0.1777,0.139,0.1673
52161,33.68380046002109,35.7760784146136,2026-10-08,0.1308,0.1777,0.1881,0.1777
52161,33.68380046002109,35.7760784146136,2026-10-09,0.1308,0.1673,0.1554,0.1673
52161,33.68380046002109,35.7760784146136,2026-10-10,0.1226,0.1568,0.139,0.1673
52161,33.68380046002109,35.7760784146136,2026-10-11,0.1226,0.1568,0.1308,0.1568
23461,33.696707911680896,35.48459369562941,2026-10-05,0.2737,0.2191,0.3212,0.2381
23461,33.696707911680896,35.48459369562941,2026-10-06,0.2142,0.1715,0.2261,0.1715
23461,33.696707911680896,35.48459369562941,2026-10-07,0.1904,0.1619,0.2023,0.1524
23461,33.696707911680896,35.48459369562941,2026-10-08,0.1904,0.1619,0.2737,0.1619
23461,33.696707911680896,35.48459369562941,2026-10-09,0.1904,0.1524,0.2261,0.1524
23461,33.696707911680896,35.48459369562941,2026-10-10,0.1785,0.1429,0.2023,0.1524
23461,33.696707911680896,35.48459369562941,2026-10-11,0.1785,0.1429,0.1904,0.1429
52264,33.685931452331424,35.91444070303141,2026-10-05,0.2468,0.2258,0.2897,0.2454
52264,33.685931452331424,35.91444070303141,2026-10-06,0.1931,0.1767,0.2038,0.1767
52264,33.685931452331424,35.91444070303141,2026-10-07,0.1717,0.1669,0.1824,0.1571
52264,33.685931452331424,35.91444070303141,2026-10-08,0.1717,0.1669,0.2468,0.1669
52264,33.685931452331424,35.91444070303141,2026-10-09,0.1717,0.1571,0.2038,0.1571
52264,33.685931452331424,35.91444070303141,2026-10-10,0.1609,0.1473,0.1824,0.1571
52264,33.685931452331424,35.91444070303141,2026-10-11,0.1609,0.1473,0.1717,0.1473
52227,33.67893420458353,35.82361597008333,2026-10-05,0.2434,0.2267,0.2857,0.2464
52227,33.67893420458353,35.82361597008333,2026-10-06,0.1905,0.1774,0.201,0.1774
52227,33.67893420458353,35.82361597008333,2026-10-07,0.1693,0.1675,0.1799,0.1577
52227,33.67893420458353,35.82361597008333,2026-10-08,0.1693,0.1675,0.2434,0.1675
52227,33.67893420458353,35.82361597008333,2026-10-09,0.1693,0.1577,0.201,0.1577
52227,33.67893420458353,35.82361597008333,2026-10-10,0.1587,0.1478,0.1799,0.1577
52227,33.67893420458353,35.82361597008333,2026-10-11,0.1587,0.1478,0.1693,0.1478
52171,33.68406923743246,35.809084187787434,2026-10-05,0.1946,0.2388,0.2284,0.2596
52171,33.68406923743246,35.809084187787434,2026-10-06,0.1523,0.1869,0.1608,0.1869
52171,33.68406923743246,35.809084187787434,2026-10-07,0.1354,0.1765,0.1438,0.1662
52171,33.68406923743246,35.809084187787434,2026-10-08,0.1354,0.1765,0.1946,0.1765
52171,33.68406923743246,35.809084187787434,2026-10-09,0.1354,0.1662,0.1608,0.1662
52171,33.68406923743246,35.809084187787434,2026-10-10,0.1269,0.1558,0.1438,0.1662
52171,33.68406923743246,35.809084187787434,2026-10-11,0.1269,0.1558,0.1354,0.1558
23439,33.68871484517378,35.52465904746138,2026-10-05,0.2651,0.2212,0.3112,0.2405
23439,33.68871484517378,35.52465904746138,2026-10-06,0.2075,0.1731,0.219,0.1731
23439,33.68871484517378,35.52465904746138,2026-10-07,0.1844,0.1635,0.196,0.1539
23439,33.68871484517378,35.52465904746138,2026-10-08,0.1844,0.1635,0.2651,0.1635
23439,33.68871484517378,35.52465904746138,2026-10-09,0.1844,0.1539,0.219,0.1539
23439,33.68871484517378,35.52465904746138,2026-10-10,0.1729,0.1443,0.196,0.1539
23439,33.68871484517378,35.52465904746138,2026-10-11,0.1729,0.1443,0.1844,0.1443
23267,33.66474733813322,35.419871857589115,2026-10-05,0.2372,0.2282,0.2784,0.248
23267,33.66474733813322,35.419871857589115,2026-10-06,0.1856,0.1786,0.1959,0.1786
23267,33.66474733813322,35.419871857589115,2026-10-07,0.165,0.1687,0.1753,0.1588
23267,33.66474733813322,35.419871857589115,2026-10-08,0.165,0.1687,0.2372,0.1687
23267,33.66474733813322,35.419871857589115,2026-10-09,0.165,0.1588,0.1959,0.1588
23267,33.66474733813322,35.419871857589115,2026-10-10,0.1547,0.1488,0.1753,0.1588
23267,33.66474733813322,35.419871857589115,2026-10-11,0.1547,0.1488,0.165,0.1488
23437,33.68603239199731,35.506890766842986,2026-10-05,0.2442,0.2265,0.2866,0.2461
23437,33.68603239199731,35.506890766842986,2026-10-06,0.1911,0.1772,0.2017,0.1772
23437,33.68603239199731,35.506890766842986,2026-10-07,0.1699,0.1674,0.1805,0.1575
23437,33.68603239199731,35.506890766842986,2026-10-08,0.1699,0.1674,0.2442,0.1674
23437,33.68603239199731,35.506890766842986,2026-10-09,0.1699,0.1575,0.2017,0.1575
23437,33.68603239199731,35.506890766842986,2026-10-10,0.1592,0.1477,0.1805,0.1575
23437,33.68603239199731,35.506890766842986,2026-10-11,0.1592,0.1477,0.1699,0.1477
23279,33.68059726720963,35.44554399591818,2026-10-05,0.2072,0.2357,0.2432,0.2562
23279,33.68059726720963,35.44554399591818,2026-10-06,0.1622,0.1845,0.1712,0.1845
23279,33.68059726720963,35.44554399591818,2026-10-07,0.1441,0.1742,0.1531,0.164
23279,33.68059726720963,35.44554399591818,2026-10-08,0.1441,0.1742,0.2072,0.1742
23279,33.68059726720963,35.44554399591818,2026-10-09,0.1441,0.164,0.1712,0.164
23279,33.68059726720963,35.44554399591818,2026-10-10,0.1351,0.1537,0.1531,0.164
23279,33.68059726720963,35.44554399591818,2026-10-11,0.1351,0.1537,0.1441,0.1537
23417,33.677289332210336,35.58906306230016,2026-10-05,0.1988,0.2378,0.2333,0.2585
23417,33.677289332210336,35.58906306230016,2026-10-06,0.1555,0.1861,0.1642,0.1861
23417,33.677289332210336,35.58906306230016,2026-10-07,0.1383,0.1758,0.1469,0.1654
23417,33.677289332210336,35.58906306230016,2026-10-08,0.1383,0.1758,0.1988,0.1758
23417,33.677289332210336,35.58906306230016,2026-10-09,0.1383,0.1654,0.1642,0.1654
23417,33.677289332210336,35.58906306230016,2026-10-10,0.1296,0.1551,0.1469,0.1654
23417,33.677289332210336,35.58906306230016,2026-10-11,0.1296,0.1551,0.1383,0.1551
23441,33.6850796285808,35.52774630857222,2026-10-05,0.2253,0.2312,0.2645,0.2513
23441,33.6850796285808,35.52774630857222,2026-10-06,0.1764,0.1809,0.1862,0.1809
23441,33.6850796285808,35.52774630857222,2026-10-07,0.1568,0.1709,0.1666,0.1608
23441,33.6850796285808,35.52774630857222,2026-10-08,0.1568,0.1709,0.2253,0.1709
23441,33.6850796285808,35.52774630857222,2026-10-09,0.1568,0.1608,0.1862,0.1608
23441,33.6850796285808,35.52774630857222,2026-10-10,0.147,0.1508,0.1666,0.1608
23441,33.6850796285808,35.52774630857222,2026-10-11,0.147,0.1508,0.1568,0.1508
23511,33.67054641876755,35.548456031693576,2026-10-05,0.2133,0.2342,0.2504,0.2545
23511,33.67054641876755,35.548456031693576,2026-10-06,0.167,0.1833,0.1762,0.1833
23511,33.67054641876755,35.548456031693576,2026-10-07,0.1484,0.1731,0.1577,0.1629
23511,33.67054641876755,35.548456031693576,2026-10-08,0.1484,0.1731,0.2133,0.1731
23511,33.67054641876755,35.548456031693576,2026-10-09,0.1484,0.1629,0.1762,0.1629
23511,33.67054641876755,35.548456031693576,2026-10-10,0.1391,0.1527,0.1577,0.1629
23511,33.67054641876755,35.548456031693576,2026-10-11,0.1391,0.1527,0.1484,0.1527
23627,33.67833243209908,35.62291375175854,2026-10-05,0.2635,0.2216,0.3093,0.2409
23627,33.67833243209908,35.62291375175854,2026-10-06,0.2062,0.1734,0.2177,0.1734
23627,33.67833243209908,35.62291375175854,2026-10-07,0.1833,0.1638,0.1947,0.1542
23627,33.67833243209908,35.62291375175854,2026-10-08,0.1833,0.1638,0.2635,0.1638
23627,33.67833243209908,35.62291375175854,2026-10-09,0.1833,0.1542,0.2177,0.1542
23627,33.67833243209908,35.62291375175854,2026-10-10,0.1718,0.1445,0.1947,0.1542
23627,33.67833243209908,35.62291375175854,2026-10-11,0.1718,0.1445,0.1833,0.1445
23522,33.67580170614021,35.53045601607185,2026-10-05,0.2661,0.221,0.3124,0.2402
23522,33.67580170614021,35.53045601607185,2026-10-06,0.2083,0.1729,0.2199,0.1729
23522,33.67580170614021,35.53045601607185,2026-10-07,0.1851,0.1633,0.1967,0.1537
23522,33.67580170614021,35.53045601607185,2026-10-08,0.1851,0.1633,0.2661,0.1633
23522,33.67580170614021,35.53045601607185,2026-10-09,0.1851,0.1537,0.2199,0.1537
23522,33.67580170614021,35.53045601607185,2026-10-10,0.1736,0.1441,0.1967,0.1537
23522,33.67580170614021,35.53045601607185,2026-10-11,0.1736,0.1441,0.1851,0.1441
23667,33.66359383965487,35.67812286842918,2026-10-05,0.223,0.2317,0.2618,0.2519
23667,33.66359383965487,35.67812286842918,2026-10-06,0.1745,0.1814,0.1842,0.1814
23667,33.66359383965487,35.67812286842918,2026-10-07,0.1552,0.1713,0.1648,0.1612
23667,33.66359383965487,35.67812286842918,2026-10-08,0.1552,0.1713,0.223,0.1713
23667,33.66359383965487,35.67812286842918,2026-10-09,0.1552,0.1612,0.1842,0.1612
23667,33.66359383965487,35.67812286842918,2026-10-10,0.1455,0.1511,0.1648,0.1612
23667,33.66359383965487,35.67812286842918,2026-10-11,0.1455,0.1511,0.1552,0.1511
23615,33.671389959471895,35.63650451803962,2026-10-05,0.2181,0.233,0.256,0.2532
23615,33.671389959471895,35.63650451803962,2026-10-06,0.1707,0.1823,0.1802,0.1823
23615,33.671389959471895,35.63650451803962,2026-10-07,0.1517,0.1722,0.1612,0.1621
23615,33.671389959471895,35.63650451803962,2026-10-08,0.1517,0.1722,0.2181,0.1722
23615,33.671389959471895,35.63650451803962,2026-10-09,0.1517,0.1621,0.1802,0.1621
23615,33.671389959471895,35.63650451803962,2026-10-10,0.1422,0.1519,0.1612,0.1621
23615,33.671389959471895,35.63650451803962,2026-10-11,0.1422,0.1519,0.1517,0.1519
52156,33.65884867171555,35.74091958333945,2026-10-05,0.2196,0.2326,0.2577,0.2528
52156,33.65884867171555,35.74091958333945,2026-10-06,0.1718,0.182,0.1814,0.182
52156,33.65884867171555,35.74091958333945,2026-10-07,0.1527,0.1719,0.1623,0.1618
52156,33.65884867171555,35.74091958333945,2026-10-08,0.1527,0.1719,0.2196,0.1719
52156,33.65884867171555,35.74091958333945,2026-10-09,0.1527,0.1618,0.1814,0.1618
52156,33.65884867171555,35.74091958333945,2026-10-10,0.1432,0.1517,0.1623,0.1618
52156,33.65884867171555,35.74091958333945,2026-10-11,0.1432,0.1517,0.1527,0.1517
23263,33.67644742271496,35.51285613420142,2026-10-05,0.2694,0.2202,0.3162,0.2393
23263,33.67644742271496,35.51285613420142,2026-10-06,0.2108,0.1723,0.2225,0.1723
23263,33.67644742271496,35.51285613420142,2026-10-07,0.1874,0.1627,0.1991,0.1532
23263,33.67644742271496,35.51285613420142,2026-10-08,0.1874,0.1627,0.2694,0.1627
23263,33.67644742271496,35.51285613420142,2026-10-09,0.1874,0.1532,0.2225,0.1532
23263,33.67644742271496,35.51285613420142,2026-10-10,0.1757,0.1436,0.1991,0.1532
23263,33.67644742271496,35.51285613420142,2026-10-11,0.1757,0.1436,0.1874,0.1436
55194,33.64526065552111,35.906164926585994,2026-10-05,0.2079,0.2355,0.2441,0.256
55194,33.64526065552111,35.906164926585994,2026-10-06,0.1627,0.1843,0.1717,0.1843
55194,33.64526065552111,35.906164926585994,2026-10-07,0.1446,0.1741,0.1537,0.1638
55194,33.64526065552111,35.906164926585994,2026-10-08,0.1446,0.1741,0.2079,0.1741
55194,33.64526065552111,35.906164926585994,2026-10-09,0.1446,0.1638,0.1717,0.1638
55194,33.64526065552111,35.906164926585994,2026-10-10,0.1356,0.1536,0.1537,0.1638
55194,33.64526065552111,35.906164926585994,2026-10-11,0.1356,0.1536,0.1446,0.1536
23623,33.66719846358756,35.60237388252755,2026-10-05,0.1906,0.2399,0.2237,0.2607
23623,33.66719846358756,35.60237388252755,2026-10-06,0.1491,0.1877,0.1574,0.1877
23623,33.66719846358756,35.60237388252755,2026-10-07,0.1326,0.1773,0.1409,0.1669
23623,33.66719846358756,35.60237388252755,2026-10-08,0.1326,0.1773,0.1906,0.1773
23623,33.66719846358756,35.60237388252755,2026-10-09,0.1326,0.1669,0.1574,0.1669
23623,33.66719846358756,35.60237388252755,2026-10-10,0.1243,0.1564,0.1409,0.1669
23623,33.66719846358756,35.60237388252755,2026-10-11,0.1243,0.1564,0.1326,0.1564
23255,33.65899220063756,35.44837798855492,2026-10-05,0.2092,0.2352,0.2456,0.2556
23255,33.65899220063756,35.44837798855492,2026-10-06,0.1638,0.1841,0.1728,0.1841
23255,33.65899220063756,35.44837798855492,2026-10-07,0.1456,0.1738,0.1547,0.1636
23255,33.65899220063756,35.44837798855492,2026-10-08,0.1456,0.1738,0.2092,0.1738
23255,33.65899220063756,35.44837798855492,2026-10-09,0.1456,0.1636,0.1728,0.1636
23255,33.65899220063756,35.44837798855492,2026-10-10,0.1365,0.1534,0.1547,0.1636
23255,33.65899220063756,35.44837798855492,2026-10-11,0.1365,0.1534,0.1456,0.1534
52241,33.67351879785376,35.87043586941625,2026-10-05,0.2257,0.2311,0.265,0.2512
52241,33.67351879785376,35.87043586941625,2026-10-06,0.1767,0.1808,0.1865,0.1808
52241,33.67351879785376,35.87043586941625,2026-10-07,0.157,0.1708,0.1669,0.1607
52241,33.67351879785376,35.87043586941625,2026-10-08,0.157,0.1708,0.2257,0.1708
52241,33.67351879785376,35.87043586941625,2026-10-09,0.157,0.1607,0.1865,0.1607
52241,33.67351879785376,35.87043586941625,2026-10-10,0.1472,0.1507,0.1669,0.1607
52241,33.67351879785376,35.87043586941625,2026-10-11,0.1472,0.1507,0.157,0.1507
23577,33.663459537828714,35.51169646028235,2026-10-05,0.1998,0.2375,0.2346,0.2582
23577,33.663459537828714,35.51169646028235,2026-10-06,0.1564,0.1859,0.1651,0.1859
23577,33.663459537828714,35.51169646028235,2026-10-07,0.139,0.1756,0.1477,0.1652
23577,33.663459537828714,35.51169646028235,2026-10-08,0.139,0.1756,0.1998,0.1756
23577,33.663459537828714,35.51169646028235,2026-10-09,0.139,0.1652,0.1651,0.1652
23577,33.663459537828714,35.51169646028235,2026-10-10,0.1303,0.1549,0.1477,0.1652
23577,33.663459537828714,35.51169646028235,2026-10-11,0.1303,0.1549,0.139,0.1549
23544,33.66094326157077,35.574855587896714,2026-10-05,0.2615,0.2221,0.307,0.2414
23544,33.66094326157077,35.574855587896714,2026-10-06,0.2047,0.1738,0.2161,0.1738
23544,33.66094326157077,35.574855587896714,2026-10-07,0.1819,0.1642,0.1933,0.1545
23544,33.66094326157077,35.574855587896714,2026-10-08,0.1819,0.1642,0.2615,0.1642
23544,33.66094326157077,35.574855587896714,2026-10-09,0.1819,0.1545,0.2161,0.1545
23544,33.66094326157077,35.574855587896714,2026-10-10,0.1706,0.1449,0.1933,0.1545
23544,33.66094326157077,35.574855587896714,2026-10-11,0.1706,0.1449,0.1819,0.1449
52231,33.65526631025542,35.84732235061264,2026-10-05,0.25,0.225,0.2934,0.2446
52231,33.65526631025542,35.84732235061264,2026-10-06,0.1956,0.1761,0.2065,0.1761
52231,33.65526631025542,35.84732235061264,2026-10-07,0.1739,0.1663,0.1848,0.1565
52231,33.65526631025542,35.84732235061264,2026-10-08,0.1739,0.1663,0.25,0.1663
52231,33.65526631025542,35.84732235061264,2026-10-09,0.1739,0.1565,0.2065,0.1565
52231,33.65526631025542,35.84732235061264,2026-10-10,0.163,0.1467,0.1848,0.1565
52231,33.65526631025542,35.84732235061264,2026-10-11,0.163,0.1467,0.1739,0.1467
23533,33.65647071001838,35.55476308396372,2026-10-05,0.2719,0.2195,0.3191,0.2386
23533,33.65647071001838,35.55476308396372,2026-10-06,0.2128,0.1718,0.2246,0.1718
23533,33.65647071001838,35.55476308396372,2026-10-07,0.1891,0.1623,0.2009,0.1527
23533,33.65647071001838,35.55476308396372,2026-10-08,0.1891,0.1623,0.2719,0.1623
23533,33.65647071001838,35.55476308396372,2026-10-09,0.1891,0.1527,0.2246,0.1527
23533,33.65647071001838,35.55476308396372,2026-10-10,0.1773,0.1432,0.2009,0.1527
23533,33.65647071001838,35.55476308396372,2026-10-11,0.1773,0.1432,0.1891,0.1432
52244,33.660024013515226,35.89234003816395,2026-10-05,0.2228,0.2318,0.2615,0.252
52244,33.660024013515226,35.89234003816395,2026-10-06,0.1743,0.1814,0.184,0.1814
52244,33.660024013515226,35.89234003816395,2026-10-07,0.155,0.1713,0.1646,0.1613
52244,33.660024013515226,35.89234003816395,2026-10-08,0.155,0.1713,0.2228,0.1713
52244,33.660024013515226,35.89234003816395,2026-10-09,0.155,0.1613,0.184,0.1613
52244,33.660024013515226,35.89234003816395,2026-10-10,0.1453,0.1512,0.1646,0.1613
52244,33.660024013515226,35.89234003816395,2026-10-11,0.1453,0.1512,0.155,0.1512
52151,33.638028347480216,35.731635028855784,2026-10-05,0.2385,0.2279,0.28,0.2477
52151,33.638028347480216,35.731635028855784,2026-10-06,0.1867,0.1783,0.197,0.1783
52151,33.638028347480216,35.731635028855784,2026-10-07,0.1659,0.1684,0.1763,0.1585
52151,33.638028347480216,35.731635028855784,2026-10-08,0.1659,0.1684,0.2385,0.1684
52151,33.638028347480216,35.731635028855784,2026-10-09,0.1659,0.1585,0.197,0.1585
52151,33.638028347480216,35.731635028855784,2026-10-10,0.1555,0.1486,0.1763,0.1585
52151,33.638028347480216,35.731635028855784,2026-10-11,0.1555,0.1486,0.1659,0.1486
23247,33.65352915286783,35.47607306391882,2026-10-05,0.2637,0.2216,0.3096,0.2408
23247,33.65352915286783,35.47607306391882,2026-10-06,0.2064,0.1734,0.2179,0.1734
23247,33.65352915286783,35.47607306391882,2026-10-07,0.1835,0.1638,0.1949,0.1541
23247,33.65352915286783,35.47607306391882,2026-10-08,0.1835,0.1638,0.2637,0.1638
23247,33.65352915286783,35.47607306391882,2026-10-09,0.1835,0.1541,0.2179,0.1541
23247,33.65352915286783,35.47607306391882,2026-10-10,0.172,0.1445,0.1949,0.1541
23247,33.65352915286783,35.47607306391882,2026-10-11,0.172,0.1445,0.1835,0.1445
23611,33.65814447993342,35.62209710808745,2026-10-05,0.2082,0.2355,0.2444,0.2559
23611,33.65814447993342,35.62209710808745,2026-10-06,0.1629,0.1843,0.172,0.1843
23611,33.65814447993342,35.62209710808745,2026-10-07,0.1448,0.174,0.1539,0.1638
23611,33.65814447993342,35.62209710808745,2026-10-08,0.1448,0.174,0.2082,0.174
23611,33.65814447993342,35.62209710808745,2026-10-09,0.1448,0.1638,0.172,0.1638
23611,33.65814447993342,35.62209710808745,2026-10-10,0.1358,0.1536,0.1539,0.1638
23611,33.65814447993342,35.62209710808745,2026-10-11,0.1358,0.1536,0.1448,0.1536
52211,33.63441315150147,35.78984101065511,2026-10-05,0.2386,0.2279,0.2801,0.2477
52211,33.63441315150147,35.78984101065511,2026-10-06,0.1867,0.1783,0.1971,0.1783
52211,33.63441315150147,35.78984101065511,2026-10-07,0.166,0.1684,0.1763,0.1585
52211,33.63441315150147,35.78984101065511,2026-10-08,0.166,0.1684,0.2386,0.1684
52211,33.63441315150147,35.78984101065511,2026-10-09,0.166,0.1585,0.1971,0.1585
52211,33.63441315150147,35.78984101065511,2026-10-10,0.1556,0.1486,0.1763,0.1585
52211,33.63441315150147,35.78984101065511,2026-10-11,0.1556,0.1486,0.166,0.1486
23227,33.64802466959234,35.50576046848653,2026-10-05,0.2099,0.235,0.2464,0.2555
23227,33.64802466959234,35.50576046848653,2026-10-06,0.1643,0.1839,0.1734,0.1839
23227,33.64802466959234,35.50576046848653,2026-10-07,0.146,0.1737,0.1551,0.1635
23227,33.64802466959234,35.50576046848653,2026-10-08,0.146,0.1737,0.2099,0.1737
23227,33.64802466959234,35.50576046848653,2026-10-09,0.146,0.1635,0.1734,0.1635
23227,33.64802466959234,35.50576046848653,2026-10-10,0.1369,0.1533,0.1551,0.1635
23227,33.64802466959234,35.50576046848653,2026-10-11,0.1369,0.1533,0.146,0.1533
23259,33.65471739742201,35.49695769020269,2026-10-05,0.1963,0.2384,0.2305,0.2592
23259,33.65471739742201,35.49695769020269,2026-10-06,0.1536,0.1866,0.1622,0.1866
23259,33.65471739742201,35.49695769020269,2026-10-07,0.1366,0.1762,0.1451,0.1659
23259,33.65471739742201,35.49695769020269,2026-10-08,0.1366,0.1762,0.1963,0.1762
23259,33.65471739742201,35.49695769020269,2026-10-09,0.1366,0.1659,0.1622,0.1659
23259,33.65471739742201,35.49695769020269,2026-10-10,0.128,0.1555,0.1451,0.1659
23259,33.65471739742201,35.49695769020269,2026-10-11,0.128,0.1555,0.1366,0.1555
23643,33.651069453161455,35.5877591354572,2026-10-05,0.2595,0.2226,0.3046,0.242
23643,33.651069453161455,35.5877591354572,2026-10-06,0.2031,0.1742,0.2144,0.1742
23643,33.651069453161455,35.5877591354572,2026-10-07,0.1805,0.1645,0.1918,0.1549
23643,33.651069453161455,35.5877591354572,2026-10-08,0.1805,0.1645,0.2595,0.1645
23643,33.651069453161455,35.5877591354572,2026-10-09,0.1805,0.1549,0.2144,0.1549
23643,33.651069453161455,35.5877591354572,2026-10-10,0.1692,0.1452,0.1918,0.1549
23643,33.651069453161455,35.5877591354572,2026-10-11,0.1692,0.1452,0.1805,0.1452
23251,33.64628235100198,35.44083650529394,2026-10-05,0.2163,0.2334,0.2539,0.2537
23251,33.64628235100198,35.44083650529394,2026-10-06,0.1693,0.1827,0.1787,0.1827
23251,33.64628235100198,35.44083650529394,2026-10-07,0.1505,0.1725,0.1599,0.1624
23251,33.64628235100198,35.44083650529394,2026-10-08,0.1505,0.1725,0.2163,0.1725
23251,33.64628235100198,35.44083650529394,2026-10-09,0.1505,0.1624,0.1787,0.1624
23251,33.64628235100198,35.44083650529394,2026-10-10,0.1411,0.1522,0.1599,0.1624
23251,33.64628235100198,35.44083650529394,2026-10-11,0.1411,0.1522,0.1505,0.1522
23635,33.64486533300988,35.64688800297704,2026-10-05,0.2448,0.2263,0.2874,0.246
23635,33.64486533300988,35.64688800297704,2026-10-06,0.1916,0.1771,0.2022,0.1771
23635,33.64486533300988,35.64688800297704,2026-10-07,0.1703,0.1673,0.1809,0.1574
23635,33.64486533300988,35.64688800297704,2026-10-08,0.1703,0.1673,0.2448,0.1673
23635,33.64486533300988,35.64688800297704,2026-10-09,0.1703,0.1574,0.2022,0.1574
23635,33.64486533300988,35.64688800297704,2026-10-10,0.1596,0.1476,0.1809,0.1574
23635,33.64486533300988,35.64688800297704,2026-10-11,0.1596,0.1476,0.1703,0.1476
23619,33.64694275801757,35.61220318133705,2026-10-05,0.206,0.236,0.2419,0.2565
23619,33.64694275801757,35.61220318133705,2026-10-06,0.1612,0.1847,0.1702,0.1847
23619,33.64694275801757,35.61220318133705,2026-10-07,0.1433,0.1744,0.1523,0.1642
23619,33.64694275801757,35.61220318133705,2026-10-08,0.1433,0.1744,0.206,0.1744
23619,33.64694275801757,35.61220318133705,2026-10-09,0.1433,0.1642,0.1702,0.1642
23619,33.64694275801757,35.61220318133705,2026-10-10,0.1344,0.1539,0.1523,0.1642
23619,33.64694275801757,35.61220318133705,2026-10-11,0.1344,0.1539,0.1433,0.1539
23651,33.61752071590791,35.57242321289581,2026-10-05,0.1899,0.24,0.223,0.2609
23651,33.61752071590791,35.57242321289581,2026-10-06,0.1486,0.1878,0.1569,0.1878
23651,33.61752071590791,35.57242321289581,2026-10-07,0.1321,0.1774,0.1404,0.167
23651,33.61752071590791,35.57242321289581,2026-10-08,0.1321,0.1774,0.1899,0.1774
23651,33.61752071590791,35.57242321289581,2026-10-09,0.1321,0.167,0.1569,0.167
23651,33.61752071590791,35.57242321289581,2026-10-10,0.1239,0.1565,0.1404,0.167
23651,33.61752071590791,35.57242321289581,2026-10-11,0.1239,0.1565,0.1321,0.1565
23566,33.631271640458415,35.548595075220305,2026-10-05,0.2006,0.2373,0.2355,0.258
23566,33.631271640458415,35.548595075220305,2026-10-06,0.157,0.1857,0.1657,0.1857
23566,33.631271640458415,35.548595075220305,2026-10-07,0.1396,0.1754,0.1483,0.1651
23566,33.631271640458415,35.548595075220305,2026-10-08,0.1396,0.1754,0.2006,0.1754
23566,33.631271640458415,35.548595075220305,2026-10-09,0.1396,0.1651,0.1657,0.1651
23566,33.631271640458415,35.548595075220305,2026-10-10,0.1308,0.1548,0.1483,0.1651
23566,33.631271640458415,35.548595075220305,2026-10-11,0.1308,0.1548,0.1396,0.1548
23631,33.63120164556778,35.62838140956778,2026-10-05,0.2486,0.2253,0.2918,0.2449
23631,33.63120164556778,35.62838140956778,2026-10-06,0.1946,0.1764,0.2054,0.1764
23631,33.63120164556778,35.62838140956778,2026-10-07,0.1729,0.1666,0.1838,0.1568
23631,33.63120164556778,35.62838140956778,2026-10-08,0.1729,0.1666,0.2486,0.1666
23631,33.63120164556778,35.62838140956778,2026-10-09,0.1729,0.1568,0.2054,0.1568
23631,33.63120164556778,35.62838140956778,2026-10-10,0.1621,0.147,0.1838,0.1568
23631,33.63120164556778,35.62838140956778,2026-10-11,0.1621,0.147,0.1729,0.147
52217,33.62032185556,35.81796477789122,2026-10-05,0.2131,0.2342,0.2501,0.2546
52217,33.62032185556,35.81796477789122,2026-10-06,0.1667,0.1833,0.176,0.1833
52217,33.62032185556,35.81796477789122,2026-10-07,0.1482,0.1731,0.1575,0.1629
52217,33.62032185556,35.81796477789122,2026-10-08,0.1482,0.1731,0.2131,0.1731
52217,33.62032185556,35.81796477789122,2026-10-09,0.1482,0.1629,0.176,0.1629
52217,33.62032185556,35.81796477789122,2026-10-10,0.139,0.1528,0.1575,0.1629
52217,33.62032185556,35.81796477789122,2026-10-11,0.139,0.1528,0.1482,0.1528
23211,33.628085125278766,35.48418462188321,2026-10-05,0.1957,0.2386,0.2297,0.2593
23211,33.628085125278766,35.48418462188321,2026-10-06,0.1532,0.1867,0.1617,0.1867
23211,33.628085125278766,35.48418462188321,2026-10-07,0.1361,0.1763,0.1447,0.166
23211,33.628085125278766,35.48418462188321,2026-10-08,0.1361,0.1763,0.1957,0.1763
23211,33.628085125278766,35.48418462188321,2026-10-09,0.1361,0.166,0.1617,0.166
23211,33.628085125278766,35.48418462188321,2026-10-10,0.1276,0.1556,0.1447,0.166
23211,33.628085125278766,35.48418462188321,2026-10-11,0.1276,0.1556,0.1361,0.1556
23639,33.61081731426064,35.594065951588085,2026-10-05,0.2512,0.2247,0.2949,0.2442
23639,33.61081731426064,35.594065951588085,2026-10-06,0.1966,0.1759,0.2075,0.1759
23639,33.61081731426064,35.594065951588085,2026-10-07,0.1748,0.1661,0.1857,0.1563
23639,33.61081731426064,35.594065951588085,2026-10-08,0.1748,0.1661,0.2512,0.1661
23639,33.61081731426064,35.594065951588085,2026-10-09,0.1748,0.1563,0.2075,0.1563
23639,33.61081731426064,35.594065951588085,2026-10-10,0.1638,0.1465,0.1857,0.1563
23639,33.61081731426064,35.594065951588085,2026-10-11,0.1638,0.1465,0.1748,0.1465
23271,33.63532600771768,35.40901806423075,2026-10-05,0.2233,0.2317,0.2621,0.2518
23271,33.63532600771768,35.40901806423075,2026-10-06,0.1747,0.1813,0.1845,0.1813
23271,33.63532600771768,35.40901806423075,2026-10-07,0.1553,0.1712,0.165,0.1612
23271,33.63532600771768,35.40901806423075,2026-10-08,0.1553,0.1712,0.2233,0.1712
23271,33.63532600771768,35.40901806423075,2026-10-09,0.1553,0.1612,0.1845,0.1612
23271,33.63532600771768,35.40901806423075,2026-10-10,0.1456,0.1511,0.165,0.1612
23271,33.63532600771768,35.40901806423075,2026-10-11,0.1456,0.1511,0.1553,0.1511
23239,33.624886547392755,35.50991636128899,2026-10-05,0.2037,0.2366,0.2391,0.2572
23239,33.624886547392755,35.50991636128899,2026-10-06,0.1594,0.1852,0.1682,0.1852
23239,33.624886547392755,35.50991636128899,2026-10-07,0.1417,0.1749,0.1505,0.1646
23239,33.624886547392755,35.50991636128899,2026-10-08,0.1417,0.1749,0.2037,0.1749
23239,33.624886547392755,35.50991636128899,2026-10-09,0.1417,0.1646,0.1682,0.1646
23239,33.624886547392755,35.50991636128899,2026-10-10,0.1328,0.1543,0.1505,0.1646
23239,33.624886547392755,35.50991636128899,2026-10-11,0.1328,0.1543,0.1417,0.1543
23588,33.62642647498922,35.534130105830734,2026-10-05,0.249,0.2252,0.2923,0.2448
23588,33.62642647498922,35.534130105830734,2026-10-06,0.1949,0.1763,0.2057,0.1763
23588,33.62642647498922,35.534130105830734,2026-10-07,0.1732,0.1665,0.1841,0.1567
23588,33.62642647498922,35.534130105830734,2026-10-08,0.1732,0.1665,0.249,0.1665
23588,33.62642647498922,35.534130105830734,2026-10-09,0.1732,0.1567,0.2057,0.1567
23588,33.62642647498922,35.534130105830734,2026-10-10,0.1624,0.1469,0.1841,0.1567
23588,33.62642647498922,35.534130105830734,2026-10-11,0.1624,0.1469,0.1732,0.1469
23243,33.62409303700755,35.42235187950863,2026-10-05,0.2443,0.2264,0.2867,0.2461
23243,33.62409303700755,35.42235187950863,2026-10-06,0.1912,0.1772,0.2018,0.1772
23243,33.62409303700755,35.42235187950863,2026-10-07,0.1699,0.1674,0.1805,0.1575
23243,33.62409303700755,35.42235187950863,2026-10-08,0.1699,0.1674,0.2443,0.1674
23243,33.62409303700755,35.42235187950863,2026-10-09,0.1699,0.1575,0.2018,0.1575
23243,33.62409303700755,35.42235187950863,2026-10-10,0.1593,0.1477,0.1805,0.1575
23243,33.62409303700755,35.42235187950863,2026-10-11,0.1593,0.1477,0.1699,0.1477
52146,33.6272912121223,35.699475863048654,2026-10-05,0.2236,0.2316,0.2624,0.2517
52146,33.6272912121223,35.699475863048654,2026-10-06,0.175,0.1813,0.1847,0.1813
52146,33.6272912121223,35.699475863048654,2026-10-07,0.1555,0.1712,0.1652,0.1611
52146,33.6272912121223,35.699475863048654,2026-10-08,0.1555,0.1712,0.2236,0.1712
52146,33.6272912121223,35.699475863048654,2026-10-09,0.1555,0.1611,0.1847,0.1611
52146,33.6272912121223,35.699475863048654,2026-10-10,0.1458,0.151,0.1652,0.1611
52146,33.6272912121223,35.699475863048654,2026-10-11,0.1458,0.151,0.1555,0.151
23219,33.62639223096433,35.46021522368433,2026-10-05,0.2072,0.2357,0.2433,0.2562
23219,33.62639223096433,35.46021522368433,2026-10-06,0.1622,0.1845,0.1712,0.1845
23219,33.62639223096433,35.46021522368433,2026-10-07,0.1442,0.1742,0.1532,0.164
23219,33.62639223096433,35.46021522368433,2026-10-08,0.1442,0.1742,0.2072,0.1742
23219,33.62639223096433,35.46021522368433,2026-10-09,0.1442,0.164,0.1712,0.164
23219,33.62639223096433,35.46021522368433,2026-10-10,0.1352,0.1537,0.1532,0.164
23219,33.62639223096433,35.46021522368433,2026-10-11,0.1352,0.1537,0.1442,0.1537
23659,33.621282385152156,35.654645511106345,2026-10-05,0.223,0.2318,0.2618,0.2519
23659,33.621282385152156,35.654645511106345,2026-10-06,0.1745,0.1814,0.1842,0.1814
23659,33.621282385152156,35.654645511106345,2026-10-07,0.1551,0.1713,0.1648,0.1612
23659,33.621282385152156,35.654645511106345,2026-10-08,0.1551,0.1713,0.223,0.1713
23659,33.621282385152156,35.654645511106345,2026-10-09,0.1551,0.1612,0.1842,0.1612
23659,33.621282385152156,35.654645511106345,2026-10-10,0.1454,0.1511,0.1648,0.1612
23659,33.621282385152156,35.654645511106345,2026-10-11,0.1454,0.1511,0.1551,0.1511
55184,33.60107728911488,35.9583445467682,2026-10-05,0.1775,0.2431,0.2084,0.2643
55184,33.60107728911488,35.9583445467682,2026-10-06,0.1389,0.1903,0.1466,0.1903
55184,33.60107728911488,35.9583445467682,2026-10-07,0.1235,0.1797,0.1312,0.1691
55184,33.60107728911488,35.9583445467682,2026-10-08,0.1235,0.1797,0.1775,0.1797
55184,33.60107728911488,35.9583445467682,2026-10-09,0.1235,0.1691,0.1466,0.1691
55184,33.60107728911488,35.9583445467682,2026-10-10,0.1158,0.1586,0.1312,0.1691
55184,33.60107728911488,35.9583445467682,2026-10-11,0.1158,0.1586,0.1235,0.1586
23647,33.62063244589198,35.61130706367651,2026-10-05,0.2683,0.2204,0.3149,0.2396
23647,33.62063244589198,35.61130706367651,2026-10-06,0.21,0.1725,0.2216,0.1725
23647,33.62063244589198,35.61130706367651,2026-10-07,0.1866,0.1629,0.1983,0.1533
23647,33.62063244589198,35.61130706367651,2026-10-08,0.1866,0.1629,0.2683,0.1629
23647,33.62063244589198,35.61130706367651,2026-10-09,0.1866,0.1533,0.2216,0.1533
23647,33.62063244589198,35.61130706367651,2026-10-10,0.175,0.1438,0.1983,0.1533
23647,33.62063244589198,35.61130706367651,2026-10-11,0.175,0.1438,0.1866,0.1438
52136,33.606808006231184,35.70035892988962,2026-10-05,0.1877,0.2406,0.2203,0.2615
52136,33.606808006231184,35.70035892988962,2026-10-06,0.1469,0.1883,0.155,0.1883
52136,33.606808006231184,35.70035892988962,2026-10-07,0.1306,0.1778,0.1387,0.1674
52136,33.606808006231184,35.70035892988962,2026-10-08,0.1306,0.1778,0.1877,0.1778
52136,33.606808006231184,35.70035892988962,2026-10-09,0.1306,0.1674,0.155,0.1674
52136,33.606808006231184,35.70035892988962,2026-10-10,0.1224,0.1569,0.1387,0.1674
52136,33.606808006231184,35.70035892988962,2026-10-11,0.1224,0.1569,0.1306,0.1569
52214,33.61434868522336,35.76539591578636,2026-10-05,0.2304,0.2299,0.2705,0.2499
52214,33.61434868522336,35.76539591578636,2026-10-06,0.1803,0.1799,0.1904,0.1799
52214,33.61434868522336,35.76539591578636,2026-10-07,0.1603,0.1699,0.1703,0.1599
52214,33.61434868522336,35.76539591578636,2026-10-08,0.1603,0.1699,0.2304,0.1699
52214,33.61434868522336,35.76539591578636,2026-10-09,0.1603,0.1599,0.1904,0.1599
52214,33.61434868522336,35.76539591578636,2026-10-10,0.1503,0.1499,0.1703,0.1599
52214,33.61434868522336,35.76539591578636,2026-10-11,0.1503,0.1499,0.1603,0.1499
55164,33.60257809808112,35.832790098420645,2026-10-05,0.2461,0.226,0.289,0.2456
55164,33.60257809808112,35.832790098420645,2026-10-06,0.1926,0.1768,0.2033,0.1768
55164,33.60257809808112,35.832790098420645,2026-10-07,0.1712,0.167,0.1819,0.1572
55164,33.60257809808112,35.832790098420645,2026-10-08,0.1712,0.167,0.2461,0.167
55164,33.60257809808112,35.832790098420645,2026-10-09,0.1712,0.1572,0.2033,0.1572
55164,33.60257809808112,35.832790098420645,2026-10-10,0.1605,0.1474,0.1819,0.1572
55164,33.60257809808112,35.832790098420645,2026-10-11,0.1605,0.1474,0.1712,0.1474
23231,33.615418955612924,35.45038010933113,2026-10-05,0.2131,0.2342,0.2501,0.2546
23231,33.615418955612924,35.45038010933113,2026-10-06,0.1667,0.1833,0.176,0.1833
23231,33.615418955612924,35.45038010933113,2026-10-07,0.1482,0.1731,0.1575,0.1629
23231,33.615418955612924,35.45038010933113,2026-10-08,0.1482,0.1731,0.2131,0.1731
23231,33.615418955612924,35.45038010933113,2026-10-09,0.1482,0.1629,0.176,0.1629
23231,33.615418955612924,35.45038010933113,2026-10-10,0.1389,0.1528,0.1575,0.1629
23231,33.615418955612924,35.45038010933113,2026-10-11,0.1389,0.1528,0.1482,0.1528
55181,33.61028701771057,35.88913044108063,2026-10-05,0.1878,0.2405,0.2205,0.2615
55181,33.61028701771057,35.88913044108063,2026-10-06,0.147,0.1883,0.1552,0.1883
55181,33.61028701771057,35.88913044108063,2026-10-07,0.1307,0.1778,0.1388,0.1673
55181,33.61028701771057,35.88913044108063,2026-10-08,0.1307,0.1778,0.1878,0.1778
55181,33.61028701771057,35.88913044108063,2026-10-09,0.1307,0.1673,0.1552,0.1673
55181,33.61028701771057,35.88913044108063,2026-10-10,0.1225,0.1569,0.1388,0.1673
55181,33.61028701771057,35.88913044108063,2026-10-11,0.1225,0.1569,0.1307,0.1569
23331,33.61150422308582,35.42521599531664,2026-10-05,0.2385,0.2279,0.28,0.2477
23331,33.61150422308582,35.42521599531664,2026-10-06,0.1867,0.1783,0.197,0.1783
23331,33.61150422308582,35.42521599531664,2026-10-07,0.1659,0.1684,0.1763,0.1585
23331,33.61150422308582,35.42521599531664,2026-10-08,0.1659,0.1684,0.2385,0.1684
23331,33.61150422308582,35.42521599531664,2026-10-09,0.1659,0.1585,0.197,0.1585
23331,33.61150422308582,35.42521599531664,2026-10-10,0.1555,0.1486,0.1763,0.1585
23331,33.61150422308582,35.42521599531664,2026-10-11,0.1555,0.1486,0.1659,0.1486
23687,33.61433535237027,35.579462126890675,2026-10-05,0.2282,0.2304,0.2679,0.2505
23687,33.61433535237027,35.579462126890675,2026-10-06,0.1786,0.1803,0.1885,0.1803
23687,33.61433535237027,35.579462126890675,2026-10-07,0.1588,0.1703,0.1687,0.1603
23687,33.61433535237027,35.579462126890675,2026-10-08,0.1588,0.1703,0.2282,0.1703
23687,33.61433535237027,35.579462126890675,2026-10-09,0.1588,0.1603,0.1885,0.1603
23687,33.61433535237027,35.579462126890675,2026-10-10,0.1489,0.1503,0.1687,0.1603
23687,33.61433535237027,35.579462126890675,2026-10-11,0.1489,0.1503,0.1588,0.1503
23215,33.61014026432609,35.47728920891588,2026-10-05,0.2398,0.2276,0.2815,0.2473
23215,33.61014026432609,35.47728920891588,2026-10-06,0.1877,0.1781,0.1981,0.1781
23215,33.61014026432609,35.47728920891588,2026-10-07,0.1668,0.1682,0.1772,0.1583
23215,33.61014026432609,35.47728920891588,2026-10-08,0.1668,0.1682,0.2398,0.1682
23215,33.61014026432609,35.47728920891588,2026-10-09,0.1668,0.1583,0.1981,0.1583
23215,33.61014026432609,35.47728920891588,2026-10-10,0.1564,0.1484,0.1772,0.1583
23215,33.61014026432609,35.47728920891588,2026-10-11,0.1564,0.1484,0.1668,0.1484
23321,33.60509878937799,35.40371936557908,2026-10-05,0.2372,0.2282,0.2784,0.2481
23321,33.60509878937799,35.40371936557908,2026-10-06,0.1856,0.1786,0.1959,0.1786
23321,33.60509878937799,35.40371936557908,2026-10-07,0.165,0.1687,0.1753,0.1588
23321,33.60509878937799,35.40371936557908,2026-10-08,0.165,0.1687,0.2372,0.1687
23321,33.60509878937799,35.40371936557908,2026-10-09,0.165,0.1588,0.1959,0.1588
23321,33.60509878937799,35.40371936557908,2026-10-10,0.1547,0.1488,0.1753,0.1588
23321,33.60509878937799,35.40371936557908,2026-10-11,0.1547,0.1488,0.165,0.1488
23381,33.608021923695105,35.51325747021225,2026-10-05,0.2141,0.234,0.2513,0.2543
23381,33.608021923695105,35.51325747021225,2026-10-06,0.1675,0.1831,0.1768,0.1831
23381,33.608021923695105,35.51325747021225,2026-10-07,0.1489,0.1729,0.1582,0.1628
23381,33.608021923695105,35.51325747021225,2026-10-08,0.1489,0.1729,0.2141,0.1729
23381,33.608021923695105,35.51325747021225,2026-10-09,0.1489,0.1628,0.1768,0.1628
23381,33.608021923695105,35.51325747021225,2026-10-10,0.1396,0.1526,0.1582,0.1628
23381,33.608021923695105,35.51325747021225,2026-10-11,0.1396,0.1526,0.1489,0.1526
55177,33.600213524859,35.92343639576992,2026-10-05,0.1909,0.2398,0.2241,0.2606
55177,33.600213524859,35.92343639576992,2026-10-06,0.1494,0.1877,0.1577,0.1877
55177,33.600213524859,35.92343639576992,2026-10-07,0.1328,0.1772,0.1411,0.1668
55177,33.600213524859,35.92343639576992,2026-10-08,0.1328,0.1772,0.1909,0.1772
55177,33.600213524859,35.92343639576992,2026-10-09,0.1328,0.1668,0.1577,0.1668
55177,33.600213524859,35.92343639576992,2026-10-10,0.1245,0.1564,0.1411,0.1668
55177,33.600213524859,35.92343639576992,2026-10-11,0.1245,0.1564,0.1328,0.1564
23386,33.60441129743954,35.55355255363688,2026-10-05,0.2562,0.2235,0.3007,0.2429
23386,33.60441129743954,35.55355255363688,2026-10-06,0.2005,0.1749,0.2116,0.1749
23386,33.60441129743954,35.55355255363688,2026-10-07,0.1782,0.1652,0.1893,0.1555
23386,33.60441129743954,35.55355255363688,2026-10-08,0.1782,0.1652,0.2562,0.1652
23386,33.60441129743954,35.55355255363688,2026-10-09,0.1782,0.1555,0.2116,0.1555
23386,33.60441129743954,35.55355255363688,2026-10-10,0.1671,0.1457,0.1893,0.1555
23386,33.60441129743954,35.55355255363688,2026-10-11,0.1671,0.1457,0.1782,0.1457
23365,33.608286149426725,35.54084532087635,2026-10-05,0.2319,0.2295,0.2722,0.2495
23365,33.608286149426725,35.54084532087635,2026-10-06,0.1815,0.1796,0.1915,0.1796
23365,33.608286149426725,35.54084532087635,2026-10-07,0.1613,0.1697,0.1714,0.1597
23365,33.608286149426725,35.54084532087635,2026-10-08,0.1613,0.1697,0.2319,0.1697
23365,33.608286149426725,35.54084532087635,2026-10-09,0.1613,0.1597,0.1915,0.1597
23365,33.608286149426725,35.54084532087635,2026-10-10,0.1512,0.1497,0.1714,0.1597
23365,33.608286149426725,35.54084532087635,2026-10-11,0.1512,0.1497,0.1613,0.1497
23341,33.60189342935999,35.45881412924472,2026-10-05,0.2287,0.2303,0.2684,0.2504
23341,33.60189342935999,35.45881412924472,2026-10-06,0.179,0.1803,0.1889,0.1803
23341,33.60189342935999,35.45881412924472,2026-10-07,0.1591,0.1702,0.169,0.1602
23341,33.60189342935999,35.45881412924472,2026-10-08,0.1591,0.1702,0.2287,0.1702
23341,33.60189342935999,35.45881412924472,2026-10-09,0.1591,0.1602,0.1889,0.1602
23341,33.60189342935999,35.45881412924472,2026-10-10,0.1491,0.1502,0.169,0.1602
23341,33.60189342935999,35.45881412924472,2026-10-11,0.1491,0.1502,0.1591,0.1502
55184,33.604288603223324,35.91196573860088,2026-10-05,0.1791,0.2427,0.2102,0.2638
55184,33.604288603223324,35.91196573860088,2026-10-06,0.1402,0.19,0.1479,0.19
55184,33.604288603223324,35.91196573860088,2026-10-07,0.1246,0.1794,0.1324,0.1689
55184,33.604288603223324,35.91196573860088,2026-10-08,0.1246,0.1794,0.1791,0.1794
55184,33.604288603223324,35.91196573860088,2026-10-09,0.1246,0.1689,0.1479,0.1689
55184,33.604288603223324,35.91196573860088,2026-10-10,0.1168,0.1583,0.1324,0.1689
55184,33.604288603223324,35.91196573860088,2026-10-11,0.1168,0.1583,0.1246,0.1583
23675,33.594571855960076,35.60393064538274,2026-10-05,0.2581,0.223,0.303,0.2424
23675,33.594571855960076,35.60393064538274,2026-10-06,0.202,0.1745,0.2132,0.1745
23675,33.594571855960076,35.60393064538274,2026-10-07,0.1796,0.1648,0.1908,0.1551
23675,33.594571855960076,35.60393064538274,2026-10-08,0.1796,0.1648,0.2581,0.1648
23675,33.594571855960076,35.60393064538274,2026-10-09,0.1796,0.1551,0.2132,0.1551
23675,33.594571855960076,35.60393064538274,2026-10-10,0.1683,0.1454,0.1908,0.1551
23675,33.594571855960076,35.60393064538274,2026-10-11,0.1683,0.1454,0.1796,0.1454
52224,33.58660369299291,35.751300190525534,2026-10-05,0.2517,0.2246,0.2955,0.2441
52224,33.58660369299291,35.751300190525534,2026-10-06,0.197,0.1757,0.208,0.1757
52224,33.58660369299291,35.751300190525534,2026-10-07,0.1751,0.166,0.1861,0.1562
52224,33.58660369299291,35.751300190525534,2026-10-08,0.1751,0.166,0.2517,0.166
52224,33.58660369299291,35.751300190525534,2026-10-09,0.1751,0.1562,0.208,0.1562
52224,33.58660369299291,35.751300190525534,2026-10-10,0.1642,0.1465,0.1861,0.1562
52224,33.58660369299291,35.751300190525534,2026-10-11,0.1642,0.1465,0.1751,0.1465
23311,33.59127226813832,35.4108579454341,2026-10-05,0.1946,0.2389,0.2284,0.2596
23311,33.59127226813832,35.4108579454341,2026-10-06,0.1523,0.1869,0.1607,0.1869
23311,33.59127226813832,35.4108579454341,2026-10-07,0.1354,0.1765,0.1438,0.1662
23311,33.59127226813832,35.4108579454341,2026-10-08,0.1354,0.1765,0.1946,0.1765
23311,33.59127226813832,35.4108579454341,2026-10-09,0.1354,0.1662,0.1607,0.1662
23311,33.59127226813832,35.4108579454341,2026-10-10,0.1269,0.1558,0.1438,0.1662
23311,33.59127226813832,35.4108579454341,2026-10-11,0.1269,0.1558,0.1354,0.1558
23351,33.59961581484724,35.49298097524032,2026-10-05,0.1925,0.2394,0.226,0.2602
23351,33.59961581484724,35.49298097524032,2026-10-06,0.1507,0.1873,0.159,0.1873
23351,33.59961581484724,35.49298097524032,2026-10-07,0.1339,0.1769,0.1423,0.1665
23351,33.59961581484724,35.49298097524032,2026-10-08,0.1339,0.1769,0.1925,0.1769
23351,33.59961581484724,35.49298097524032,2026-10-09,0.1339,0.1665,0.159,0.1665
23351,33.59961581484724,35.49298097524032,2026-10-10,0.1255,0.1561,0.1423,0.1665
23351,33.59961581484724,35.49298097524032,2026-10-11,0.1255,0.1561,0.1339,0.1561
23366,33.59354480750109,35.52922009297927,2026-10-05,0.2348,0.2288,0.2757,0.2487
23366,33.59354480750109,35.52922009297927,2026-10-06,0.1838,0.1791,0.194,0.1791
23366,33.59354480750109,35.52922009297927,2026-10-07,0.1634,0.1691,0.1736,0.1592
23366,33.59354480750109,35.52922009297927,2026-10-08,0.1634,0.1691,0.2348,0.1691
23366,33.59354480750109,35.52922009297927,2026-10-09,0.1634,0.1592,0.194,0.1592
23366,33.59354480750109,35.52922009297927,2026-10-10,0.1532,0.1492,0.1736,0.1592
23366,33.59354480750109,35.52922009297927,2026-10-11,0.1532,0.1492,0.1634,0.1492
23625,33.55252808313749,35.625014019129296,2026-10-05,0.204,0.2365,0.2394,0.2571
23625,33.55252808313749,35.625014019129296,2026-10-06,0.1596,0.1851,0.1685,0.1851
23625,33.55252808313749,35.625014019129296,2026-10-07,0.1419,0.1748,0.1507,0.1645
23625,33.55252808313749,35.625014019129296,2026-10-08,0.1419,0.1748,0.204,0.1748
23625,33.55252808313749,35.625014019129296,2026-10-09,0.1419,0.1645,0.1685,0.1645
23625,33.55252808313749,35.625014019129296,2026-10-10,0.133,0.1542,0.1507,0.1645
23625,33.55252808313749,35.625014019129296,2026-10-11,0.133,0.1542,0.1419,0.1542
23361,33.59439177468563,35.507623111505175,2026-10-05,0.2108,0.2348,0.2475,0.2552
23361,33.59439177468563,35.507623111505175,2026-10-06,0.165,0.1838,0.1741,0.1838
23361,33.59439177468563,35.507623111505175,2026-10-07,0.1466,0.1735,0.1558,0.1633
23361,33.59439177468563,35.507623111505175,2026-10-08,0.1466,0.1735,0.2108,0.1735
23361,33.59439177468563,35.507623111505175,2026-10-09,0.1466,0.1633,0.1741,0.1633
23361,33.59439177468563,35.507623111505175,2026-10-10,0.1375,0.1531,0.1558,0.1633
23361,33.59439177468563,35.507623111505175,2026-10-11,0.1375,0.1531,0.1466,0.1531
55151,33.57747377100517,35.84473831354433,2026-10-05,0.2135,0.2341,0.2507,0.2545
55151,33.57747377100517,35.84473831354433,2026-10-06,0.1671,0.1832,0.1764,0.1832
55151,33.57747377100517,35.84473831354433,2026-10-07,0.1485,0.173,0.1578,0.1629
55151,33.57747377100517,35.84473831354433,2026-10-08,0.1485,0.173,0.2135,0.173
55151,33.57747377100517,35.84473831354433,2026-10-09,0.1485,0.1629,0.1764,0.1629
55151,33.57747377100517,35.84473831354433,2026-10-10,0.1393,0.1527,0.1578,0.1629
55151,33.57747377100517,35.84473831354433,2026-10-11,0.1393,0.1527,0.1485,0.1527
23336,33.57838629863078,35.44925082141689,2026-10-05,0.2384,0.2279,0.2799,0.2477
23336,33.57838629863078,35.44925082141689,2026-10-06,0.1866,0.1784,0.1969,0.1784
23336,33.57838629863078,35.44925082141689,2026-10-07,0.1658,0.1684,0.1762,0.1585
23336,33.57838629863078,35.44925082141689,2026-10-08,0.1658,0.1684,0.2384,0.1684
23336,33.57838629863078,35.44925082141689,2026-10-09,0.1658,0.1585,0.1969,0.1585
23336,33.57838629863078,35.44925082141689,2026-10-10,0.1555,0.1486,0.1762,0.1585
23336,33.57838629863078,35.44925082141689,2026-10-11,0.1555,0.1486,0.1658,0.1486
55167,33.57913641507329,35.88649866679726,2026-10-05,0.2103,0.2349,0.2468,0.2554
55167,33.57913641507329,35.88649866679726,2026-10-06,0.1646,0.1839,0.1737,0.1839
55167,33.57913641507329,35.88649866679726,2026-10-07,0.1463,0.1736,0.1554,0.1634
55167,33.57913641507329,35.88649866679726,2026-10-08,0.1463,0.1736,0.2103,0.1736
55167,33.57913641507329,35.88649866679726,2026-10-09,0.1463,0.1634,0.1737,0.1634
55167,33.57913641507329,35.88649866679726,2026-10-10,0.1371,0.1532,0.1554,0.1634
55167,33.57913641507329,35.88649866679726,2026-10-11,0.1371,0.1532,0.1463,0.1532
63171,33.57999465975552,35.55577837882467,2026-10-05,0.2279,0.2305,0.2676,0.2506
63171,33.57999465975552,35.55577837882467,2026-10-06,0.1784,0.1804,0.1883,0.1804
63171,33.57999465975552,35.55577837882467,2026-10-07,0.1586,0.1704,0.1685,0.1604
63171,33.57999465975552,35.55577837882467,2026-10-08,0.1586,0.1704,0.2279,0.1704
63171,33.57999465975552,35.55577837882467,2026-10-09,0.1586,0.1604,0.1883,0.1604
63171,33.57999465975552,35.55577837882467,2026-10-10,0.1487,0.1503,0.1685,0.1604
63171,33.57999465975552,35.55577837882467,2026-10-11,0.1487,0.1503,0.1586,0.1503
55157,33.5737523886913,35.81127897650933,2026-10-05,0.2014,0.2371,0.2364,0.2578
55157,33.5737523886913,35.81127897650933,2026-10-06,0.1576,0.1856,0.1664,0.1856
55157,33.5737523886913,35.81127897650933,2026-10-07,0.1401,0.1753,0.1489,0.165
55157,33.5737523886913,35.81127897650933,2026-10-08,0.1401,0.1753,0.2014,0.1753
55157,33.5737523886913,35.81127897650933,2026-10-09,0.1401,0.165,0.1664,0.165
55157,33.5737523886913,35.81127897650933,2026-10-10,0.1314,0.1547,0.1489,0.165
55157,33.5737523886913,35.81127897650933,2026-10-11,0.1314,0.1547,0.1401,0.1547
61111,33.57984375236412,35.385190045784704,2026-10-05,0.2518,0.2245,0.2956,0.2441
61111,33.57984375236412,35.385190045784704,2026-10-06,0.1971,0.1757,0.208,0.1757
61111,33.57984375236412,35.385190045784704,2026-10-07,0.1752,0.166,0.1861,0.1562
61111,33.57984375236412,35.385190045784704,2026-10-08,0.1752,0.166,0.2518,0.166
61111,33.57984375236412,35.385190045784704,2026-10-09,0.1752,0.1562,0.208,0.1562
61111,33.57984375236412,35.385190045784704,2026-10-10,0.1642,0.1464,0.1861,0.1562
61111,33.57984375236412,35.385190045784704,2026-10-11,0.1642,0.1464,0.1752,0.1464
61266,33.57439865601622,35.415836156209195,2026-10-05,0.2011,0.2372,0.2361,0.2578
61266,33.57439865601622,35.415836156209195,2026-10-06,0.1574,0.1856,0.1662,0.1856
61266,33.57439865601622,35.415836156209195,2026-10-07,0.1399,0.1753,0.1487,0.165
61266,33.57439865601622,35.415836156209195,2026-10-08,0.1399,0.1753,0.2011,0.1753
61266,33.57439865601622,35.415836156209195,2026-10-09,0.1399,0.165,0.1662,0.165
61266,33.57439865601622,35.415836156209195,2026-10-10,0.1312,0.1547,0.1487,0.165
61266,33.57439865601622,35.415836156209195,2026-10-11,0.1312,0.1547,0.1399,0.1547
52237,33.56334715971898,35.72430203986085,2026-10-05,0.2469,0.2258,0.2898,0.2454
52237,33.56334715971898,35.72430203986085,2026-10-06,0.1932,0.1767,0.204,0.1767
52237,33.56334715971898,35.72430203986085,2026-10-07,0.1718,0.1669,0.1825,0.1571
52237,33.56334715971898,35.72430203986085,2026-10-08,0.1718,0.1669,0.2469,0.1669
52237,33.56334715971898,35.72430203986085,2026-10-09,0.1718,0.1571,0.204,0.1571
52237,33.56334715971898,35.72430203986085,2026-10-10,0.161,0.1472,0.1825,0.1571
52237,33.56334715971898,35.72430203986085,2026-10-11,0.161,0.1472,0.1718,0.1472
63191,33.57574897504406,35.53732298463712,2026-10-05,0.2156,0.2336,0.2531,0.2539
63191,33.57574897504406,35.53732298463712,2026-10-06,0.1687,0.1828,0.1781,0.1828
63191,33.57574897504406,35.53732298463712,2026-10-07,0.15,0.1727,0.1593,0.1625
63191,33.57574897504406,35.53732298463712,2026-10-08,0.15,0.1727,0.2156,0.1727
63191,33.57574897504406,35.53732298463712,2026-10-09,0.15,0.1625,0.1781,0.1625
63191,33.57574897504406,35.53732298463712,2026-10-10,0.1406,0.1523,0.1593,0.1625
63191,33.57574897504406,35.53732298463712,2026-10-11,0.1406,0.1523,0.15,0.1523
63297,33.57856722347489,35.51999750913721,2026-10-05,0.2266,0.2309,0.266,0.2509
63297,33.57856722347489,35.51999750913721,2026-10-06,0.1773,0.1807,0.1872,0.1807
63297,33.57856722347489,35.51999750913721,2026-10-07,0.1576,0.1706,0.1675,0.1606
63297,33.57856722347489,35.51999750913721,2026-10-08,0.1576,0.1706,0.2266,0.1706
63297,33.57856722347489,35.51999750913721,2026-10-09,0.1576,0.1606,0.1872,0.1606
63297,33.57856722347489,35.51999750913721,2026-10-10,0.1478,0.1506,0.1675,0.1606
63297,33.57856722347489,35.51999750913721,2026-10-11,0.1478,0.1506,0.1576,0.1506
52121,33.55965929802347,35.671957641936785,2026-10-05,0.1859,0.241,0.2182,0.262
52121,33.55965929802347,35.671957641936785,2026-10-06,0.1455,0.1886,0.1536,0.1886
52121,33.55965929802347,35.671957641936785,2026-10-07,0.1293,0.1782,0.1374,0.1677
52121,33.55965929802347,35.671957641936785,2026-10-08,0.1293,0.1782,0.1859,0.1782
52121,33.55965929802347,35.671957641936785,2026-10-09,0.1293,0.1677,0.1536,0.1677
52121,33.55965929802347,35.671957641936785,2026-10-10,0.1212,0.1572,0.1374,0.1677
52121,33.55965929802347,35.671957641936785,2026-10-11,0.1212,0.1572,0.1293,0.1572
63144,33.57578007902937,35.57915734385681,2026-10-05,0.1922,0.2395,0.2256,0.2603
63144,33.57578007902937,35.57915734385681,2026-10-06,0.1504,0.1874,0.1588,0.1874
63144,33.57578007902937,35.57915734385681,2026-10-07,0.1337,0.177,0.142,0.1666
63144,33.57578007902937,35.57915734385681,2026-10-08,0.1337,0.177,0.1922,0.177
63144,33.57578007902937,35.57915734385681,2026-10-09,0.1337,0.1666,0.1588,0.1666
63144,33.57578007902937,35.57915734385681,2026-10-10,0.1253,0.1562,0.142,0.1666
63144,33.57578007902937,35.57915734385681,2026-10-11,0.1253,0.1562,0.1337,0.1562
61123,33.572878426807556,35.392813899189214,2026-10-05,0.2006,0.2374,0.2354,0.258
61123,33.572878426807556,35.392813899189214,2026-10-06,0.157,0.1858,0.1657,0.1858
61123,33.572878426807556,35.392813899189214,2026-10-07,0.1395,0.1754,0.1482,0.1651
61123,33.572878426807556,35.392813899189214,2026-10-08,0.1395,0.1754,0.2006,0.1754
61123,33.572878426807556,35.392813899189214,2026-10-09,0.1395,0.1651,0.1657,0.1651
61123,33.572878426807556,35.392813899189214,2026-10-10,0.1308,0.1548,0.1482,0.1651
61123,33.572878426807556,35.392813899189214,2026-10-11,0.1308,0.1548,0.1395,0.1548
55134,33.546737753633494,35.91212648307865,2026-10-05,0.2224,0.2319,0.2611,0.2521
55134,33.546737753633494,35.91212648307865,2026-10-06,0.1741,0.1815,0.1837,0.1815
55134,33.546737753633494,35.91212648307865,2026-10-07,0.1547,0.1714,0.1644,0.1613
55134,33.546737753633494,35.91212648307865,2026-10-08,0.1547,0.1714,0.2224,0.1714
55134,33.546737753633494,35.91212648307865,2026-10-09,0.1547,0.1613,0.1837,0.1613
55134,33.546737753633494,35.91212648307865,2026-10-10,0.145,0.1512,0.1644,0.1613
55134,33.546737753633494,35.91212648307865,2026-10-11,0.145,0.1512,0.1547,0.1512
63151,33.5666802875988,35.551038465037394,2026-10-05,0.235,0.2288,0.2758,0.2486
63151,33.5666802875988,35.551038465037394,2026-10-06,0.1839,0.179,0.1941,0.179
63151,33.5666802875988,35.551038465037394,2026-10-07,0.1635,0.1691,0.1737,0.1591
63151,33.5666802875988,35.551038465037394,2026-10-08,0.1635,0.1691,0.235,0.1691
63151,33.5666802875988,35.551038465037394,2026-10-09,0.1635,0.1591,0.1941,0.1591
63151,33.5666802875988,35.551038465037394,2026-10-10,0.1532,0.1492,0.1737,0.1591
63151,33.5666802875988,35.551038465037394,2026-10-11,0.1532,0.1492,0.1635,0.1492
63291,33.5730612537193,35.505470145490875,2026-10-05,0.2003,0.2374,0.2352,0.2581
63291,33.5730612537193,35.505470145490875,2026-10-06,0.1568,0.1858,0.1655,0.1858
63291,33.5730612537193,35.505470145490875,2026-10-07,0.1394,0.1755,0.1481,0.1652
63291,33.5730612537193,35.505470145490875,2026-10-08,0.1394,0.1755,0.2003,0.1755
63291,33.5730612537193,35.505470145490875,2026-10-09,0.1394,0.1652,0.1655,0.1652
63291,33.5730612537193,35.505470145490875,2026-10-10,0.1306,0.1548,0.1481,0.1652
63291,33.5730612537193,35.505470145490875,2026-10-11,0.1306,0.1548,0.1394,0.1548
61244,33.5662215811671,35.40617451948606,2026-10-05,0.2217,0.2321,0.2602,0.2523
61244,33.5662215811671,35.40617451948606,2026-10-06,0.1735,0.1816,0.1831,0.1816
61244,33.5662215811671,35.40617451948606,2026-10-07,0.1542,0.1715,0.1638,0.1615
61244,33.5662215811671,35.40617451948606,2026-10-08,0.1542,0.1715,0.2217,0.1715
61244,33.5662215811671,35.40617451948606,2026-10-09,0.1542,0.1615,0.1831,0.1615
61244,33.5662215811671,35.40617451948606,2026-10-10,0.1446,0.1514,0.1638,0.1615
61244,33.5662215811671,35.40617451948606,2026-10-11,0.1446,0.1514,0.1542,0.1514
63131,33.566099273598354,35.593076460571496,2026-10-05,0.2371,0.2282,0.2784,0.2481
63131,33.566099273598354,35.593076460571496,2026-10-06,0.1856,0.1786,0.1959,0.1786
63131,33.566099273598354,35.593076460571496,2026-10-07,0.165,0.1687,0.1753,0.1588
63131,33.566099273598354,35.593076460571496,2026-10-08,0.165,0.1687,0.2371,0.1687
63131,33.566099273598354,35.593076460571496,2026-10-09,0.165,0.1588,0.1959,0.1588
63131,33.566099273598354,35.593076460571496,2026-10-10,0.1546,0.1488,0.1753,0.1588
63131,33.566099273598354,35.593076460571496,2026-10-11,0.1546,0.1488,0.165,0.1488
63124,33.56284472765988,35.57655533558249,2026-10-05,0.1913,0.2397,0.2245,0.2605
63124,33.56284472765988,35.57655533558249,2026-10-06,0.1497,0.1876,0.158,0.1876
63124,33.56284472765988,35.57655533558249,2026-10-07,0.1331,0.1772,0.1414,0.1667
63124,33.56284472765988,35.57655533558249,2026-10-08,0.1331,0.1772,0.1913,0.1772
63124,33.56284472765988,35.57655533558249,2026-10-09,0.1331,0.1667,0.158,0.1667
63124,33.56284472765988,35.57655533558249,2026-10-10,0.1247,0.1563,0.1414,0.1667
63124,33.56284472765988,35.57655533558249,2026-10-11,0.1247,0.1563,0.1331,0.1563
63274,33.56820911533846,35.48380146474798,2026-10-05,0.2663,0.2209,0.3127,0.2401
63274,33.56820911533846,35.48380146474798,2026-10-06,0.2084,0.1729,0.22,0.1729
63274,33.56820911533846,35.48380146474798,2026-10-07,0.1853,0.1633,0.1969,0.1537
63274,33.56820911533846,35.48380146474798,2026-10-08,0.1853,0.1633,0.2663,0.1633
63274,33.56820911533846,35.48380146474798,2026-10-09,0.1853,0.1537,0.22,0.1537
63274,33.56820911533846,35.48380146474798,2026-10-10,0.1737,0.1441,0.1969,0.1537
63274,33.56820911533846,35.48380146474798,2026-10-11,0.1737,0.1441,0.1853,0.1441
55187,33.56370485786285,36.004170056510674,2026-10-05,0.1805,0.2424,0.2119,0.2634
55187,33.56370485786285,36.004170056510674,2026-10-06,0.1413,0.1897,0.1491,0.1897
55187,33.56370485786285,36.004170056510674,2026-10-07,0.1256,0.1791,0.1334,0.1686
55187,33.56370485786285,36.004170056510674,2026-10-08,0.1256,0.1791,0.1805,0.1791
55187,33.56370485786285,36.004170056510674,2026-10-09,0.1256,0.1686,0.1491,0.1686
55187,33.56370485786285,36.004170056510674,2026-10-10,0.1177,0.1581,0.1334,0.1686
55187,33.56370485786285,36.004170056510674,2026-10-11,0.1177,0.1581,0.1256,0.1581
61147,33.56610336813593,35.392543657560495,2026-10-05,0.1998,0.2375,0.2346,0.2582
61147,33.56610336813593,35.392543657560495,2026-10-06,0.1564,0.1859,0.1651,0.1859
61147,33.56610336813593,35.392543657560495,2026-10-07,0.139,0.1756,0.1477,0.1653
61147,33.56610336813593,35.392543657560495,2026-10-08,0.139,0.1756,0.1998,0.1756
61147,33.56610336813593,35.392543657560495,2026-10-09,0.139,0.1653,0.1651,0.1653
61147,33.56610336813593,35.392543657560495,2026-10-10,0.1303,0.1549,0.1477,0.1653
61147,33.56610336813593,35.392543657560495,2026-10-11,0.1303,0.1549,0.139,0.1549
63274,33.564787009066976,35.508457448233585,2026-10-05,0.2654,0.2211,0.3116,0.2404
63274,33.564787009066976,35.508457448233585,2026-10-06,0.2077,0.1731,0.2193,0.1731
63274,33.564787009066976,35.508457448233585,2026-10-07,0.1847,0.1635,0.1962,0.1538
63274,33.564787009066976,35.508457448233585,2026-10-08,0.1847,0.1635,0.2654,0.1635
63274,33.564787009066976,35.508457448233585,2026-10-09,0.1847,0.1538,0.2193,0.1538
63274,33.564787009066976,35.508457448233585,2026-10-10,0.1731,0.1442,0.1962,0.1538
63274,33.564787009066976,35.508457448233585,2026-10-11,0.1731,0.1442,0.1847,0.1442
63184,33.5612998496092,35.535891685216335,2026-10-05,0.2421,0.227,0.2842,0.2467
63184,33.5612998496092,35.535891685216335,2026-10-06,0.1894,0.1776,0.2,0.1776
63184,33.5612998496092,35.535891685216335,2026-10-07,0.1684,0.1678,0.1789,0.1579
63184,33.5612998496092,35.535891685216335,2026-10-08,0.1684,0.1678,0.2421,0.1678
63184,33.5612998496092,35.535891685216335,2026-10-09,0.1684,0.1579,0.2,0.1579
63184,33.5612998496092,35.535891685216335,2026-10-10,0.1579,0.148,0.1789,0.1579
63184,33.5612998496092,35.535891685216335,2026-10-11,0.1579,0.148,0.1684,0.148
63134,33.56787943894137,35.565509893895054,2026-10-05,0.2495,0.2251,0.2929,0.2447
63134,33.56787943894137,35.565509893895054,2026-10-06,0.1952,0.1762,0.2061,0.1762
63134,33.56787943894137,35.565509893895054,2026-10-07,0.1735,0.1664,0.1844,0.1566
63134,33.56787943894137,35.565509893895054,2026-10-08,0.1735,0.1664,0.2495,0.1664
63134,33.56787943894137,35.565509893895054,2026-10-09,0.1735,0.1566,0.2061,0.1566
63134,33.56787943894137,35.565509893895054,2026-10-10,0.1627,0.1468,0.1844,0.1566
63134,33.56787943894137,35.565509893895054,2026-10-11,0.1627,0.1468,0.1735,0.1468
61119,33.55577070648049,35.373545952945975,2026-10-05,0.2479,0.2255,0.291,0.2451
61119,33.55577070648049,35.373545952945975,2026-10-06,0.194,0.1765,0.2048,0.1765
61119,33.55577070648049,35.373545952945975,2026-10-07,0.1725,0.1667,0.1832,0.1569
61119,33.55577070648049,35.373545952945975,2026-10-08,0.1725,0.1667,0.2479,0.1667
61119,33.55577070648049,35.373545952945975,2026-10-09,0.1725,0.1569,0.2048,0.1569
61119,33.55577070648049,35.373545952945975,2026-10-10,0.1617,0.1471,0.1832,0.1569
61119,33.55577070648049,35.373545952945975,2026-10-11,0.1617,0.1471,0.1725,0.1471
61115,33.56477512190837,35.36832737550727,2026-10-05,0.2186,0.2328,0.2566,0.2531
61115,33.56477512190837,35.36832737550727,2026-10-06,0.1711,0.1822,0.1806,0.1822
61115,33.56477512190837,35.36832737550727,2026-10-07,0.1521,0.1721,0.1616,0.162
61115,33.56477512190837,35.36832737550727,2026-10-08,0.1521,0.1721,0.2186,0.1721
61115,33.56477512190837,35.36832737550727,2026-10-09,0.1521,0.162,0.1806,0.162
61115,33.56477512190837,35.36832737550727,2026-10-10,0.1426,0.1519,0.1616,0.162
61115,33.56477512190837,35.36832737550727,2026-10-11,0.1426,0.1519,0.1521,0.1519
63277,33.55261301319759,35.51895951063368,2026-10-05,0.2494,0.2251,0.2928,0.2447
63277,33.55261301319759,35.51895951063368,2026-10-06,0.1952,0.1762,0.2061,0.1762
63277,33.55261301319759,35.51895951063368,2026-10-07,0.1735,0.1664,0.1844,0.1566
63277,33.55261301319759,35.51895951063368,2026-10-08,0.1735,0.1664,0.2494,0.1664
63277,33.55261301319759,35.51895951063368,2026-10-09,0.1735,0.1566,0.2061,0.1566
63277,33.55261301319759,35.51895951063368,2026-10-10,0.1627,0.1468,0.1844,0.1566
63277,33.55261301319759,35.51895951063368,2026-10-11,0.1627,0.1468,0.1735,0.1468
63237,33.55387689084759,35.491730469679325,2026-10-05,0.1922,0.2395,0.2256,0.2603
63237,33.55387689084759,35.491730469679325,2026-10-06,0.1504,0.1874,0.1587,0.1874
63237,33.55387689084759,35.491730469679325,2026-10-07,0.1337,0.177,0.142,0.1666
63237,33.55387689084759,35.491730469679325,2026-10-08,0.1337,0.177,0.1922,0.177
63237,33.55387689084759,35.491730469679325,2026-10-09,0.1337,0.1666,0.1587,0.1666
63237,33.55387689084759,35.491730469679325,2026-10-10,0.1253,0.1562,0.142,0.1666
63237,33.55387689084759,35.491730469679325,2026-10-11,0.1253,0.1562,0.1337,0.1562
61211,33.559298743050945,35.42475202200768,2026-10-05,0.24,0.2275,0.2818,0.2473
61211,33.559298743050945,35.42475202200768,2026-10-06,0.1878,0.178,0.1983,0.178
61211,33.559298743050945,35.42475202200768,2026-10-07,0.167,0.1681,0.1774,0.1583
61211,33.559298743050945,35.42475202200768,2026-10-08,0.167,0.1681,0.24,0.1681
61211,33.559298743050945,35.42475202200768,2026-10-09,0.167,0.1583,0.1983,0.1583
61211,33.559298743050945,35.42475202200768,2026-10-10,0.1565,0.1484,0.1774,0.1583
61211,33.559298743050945,35.42475202200768,2026-10-11,0.1565,0.1484,0.167,0.1484
63111,33.53112249774115,35.58456691913637,2026-10-05,0.2563,0.2234,0.3008,0.2429
63111,33.53112249774115,35.58456691913637,2026-10-06,0.2006,0.1749,0.2117,0.1749
63111,33.53112249774115,35.58456691913637,2026-10-07,0.1783,0.1651,0.1894,0.1554
63111,33.53112249774115,35.58456691913637,2026-10-08,0.1783,0.1651,0.2563,0.1651
63111,33.53112249774115,35.58456691913637,2026-10-09,0.1783,0.1554,0.2117,0.1554
63111,33.53112249774115,35.58456691913637,2026-10-10,0.1671,0.1457,0.1894,0.1554
63111,33.53112249774115,35.58456691913637,2026-10-11,0.1671,0.1457,0.1783,0.1457
61159,33.55672164275425,35.396902127516675,2026-10-05,0.2598,0.2226,0.305,0.2419
61159,33.55672164275425,35.396902127516675,2026-10-06,0.2033,0.1742,0.2146,0.1742
61159,33.55672164275425,35.396902127516675,2026-10-07,0.1807,0.1645,0.192,0.1548
61159,33.55672164275425,35.396902127516675,2026-10-08,0.1807,0.1645,0.2598,0.1645
61159,33.55672164275425,35.396902127516675,2026-10-09,0.1807,0.1548,0.2146,0.1548
61159,33.55672164275425,35.396902127516675,2026-10-10,0.1694,0.1451,0.192,0.1548
61159,33.55672164275425,35.396902127516675,2026-10-11,0.1694,0.1451,0.1807,0.1451
61233,33.5545755247924,35.41381303623883,2026-10-05,0.2701,0.22,0.3171,0.2391
61233,33.5545755247924,35.41381303623883,2026-10-06,0.2114,0.1721,0.2232,0.1721
61233,33.5545755247924,35.41381303623883,2026-10-07,0.1879,0.1626,0.1997,0.153
61233,33.5545755247924,35.41381303623883,2026-10-08,0.1879,0.1626,0.2701,0.1626
61233,33.5545755247924,35.41381303623883,2026-10-09,0.1879,0.153,0.2232,0.153
61233,33.5545755247924,35.41381303623883,2026-10-10,0.1762,0.1435,0.1997,0.153
61233,33.5545755247924,35.41381303623883,2026-10-11,0.1762,0.1435,0.1879,0.1435
61222,33.55665956185555,35.434753505012,2026-10-05,0.2221,0.232,0.2607,0.2521
61222,33.55665956185555,35.434753505012,2026-10-06,0.1738,0.1815,0.1835,0.1815
61222,33.55665956185555,35.434753505012,2026-10-07,0.1545,0.1715,0.1642,0.1614
61222,33.55665956185555,35.434753505012,2026-10-08,0.1545,0.1715,0.2221,0.1715
61222,33.55665956185555,35.434753505012,2026-10-09,0.1545,0.1614,0.1835,0.1614
61222,33.55665956185555,35.434753505012,2026-10-10,0.1449,0.1513,0.1642,0.1614
61222,33.55665956185555,35.434753505012,2026-10-11,0.1449,0.1513,0.1545,0.1513
63227,33.55006171598886,35.45104692519917,2026-10-05,0.2051,0.2362,0.2408,0.2568
63227,33.55006171598886,35.45104692519917,2026-10-06,0.1605,0.1849,0.1694,0.1849
63227,33.55006171598886,35.45104692519917,2026-10-07,0.1427,0.1746,0.1516,0.1643
63227,33.55006171598886,35.45104692519917,2026-10-08,0.1427,0.1746,0.2051,0.1746
63227,33.55006171598886,35.45104692519917,2026-10-09,0.1427,0.1643,0.1694,0.1643
63227,33.55006171598886,35.45104692519917,2026-10-10,0.1338,0.1541,0.1516,0.1643
63227,33.55006171598886,35.45104692519917,2026-10-11,0.1338,0.1541,0.1427,0.1541
55137,33.55063904750648,35.850753284833566,2026-10-05,0.2059,0.236,0.2417,0.2566
55137,33.55063904750648,35.850753284833566,2026-10-06,0.1611,0.1847,0.1701,0.1847
55137,33.55063904750648,35.850753284833566,2026-10-07,0.1432,0.1745,0.1522,0.1642
55137,33.55063904750648,35.850753284833566,2026-10-08,0.1432,0.1745,0.2059,0.1745
55137,33.55063904750648,35.850753284833566,2026-10-09,0.1432,0.1642,0.1701,0.1642
55137,33.55063904750648,35.850753284833566,2026-10-10,0.1343,0.1539,0.1522,0.1642
55137,33.55063904750648,35.850753284833566,2026-10-11,0.1343,0.1539,0.1432,0.1539
63247,33.552234990818526,35.44214309393434,2026-10-05,0.2718,0.2196,0.319,0.2386
63247,33.552234990818526,35.44214309393434,2026-10-06,0.2127,0.1718,0.2245,0.1718
63247,33.552234990818526,35.44214309393434,2026-10-07,0.1891,0.1623,0.2009,0.1527
63247,33.552234990818526,35.44214309393434,2026-10-08,0.1891,0.1623,0.2718,0.1623
63247,33.552234990818526,35.44214309393434,2026-10-09,0.1891,0.1527,0.2245,0.1527
63247,33.552234990818526,35.44214309393434,2026-10-10,0.1772,0.1432,0.2009,0.1527
63247,33.552234990818526,35.44214309393434,2026-10-11,0.1772,0.1432,0.1891,0.1432
63127,33.55032045563433,35.55450300111759,2026-10-05,0.2315,0.2296,0.2718,0.2496
63127,33.55032045563433,35.55450300111759,2026-10-06,0.1812,0.1797,0.1912,0.1797
63127,33.55032045563433,35.55450300111759,2026-10-07,0.161,0.1697,0.1711,0.1597
63127,33.55032045563433,35.55450300111759,2026-10-08,0.161,0.1697,0.2315,0.1697
63127,33.55032045563433,35.55450300111759,2026-10-09,0.161,0.1597,0.1912,0.1597
63127,33.55032045563433,35.55450300111759,2026-10-10,0.151,0.1498,0.1711,0.1597
63127,33.55032045563433,35.55450300111759,2026-10-11,0.151,0.1498,0.161,0.1498
63217,33.549342489961006,35.46039784899906,2026-10-05,0.2183,0.2329,0.2563,0.2532
63217,33.549342489961006,35.46039784899906,2026-10-06,0.1709,0.1823,0.1804,0.1823
63217,33.549342489961006,35.46039784899906,2026-10-07,0.1519,0.1722,0.1614,0.162
63217,33.549342489961006,35.46039784899906,2026-10-08,0.1519,0.1722,0.2183,0.1722
63217,33.549342489961006,35.46039784899906,2026-10-09,0.1519,0.162,0.1804,0.162
63217,33.549342489961006,35.46039784899906,2026-10-10,0.1424,0.1519,0.1614,0.162
63217,33.549342489961006,35.46039784899906,2026-10-11,0.1424,0.1519,0.1519,0.1519
63114,33.55097601621583,35.58085254208532,2026-10-05,0.2058,0.2361,0.2416,0.2566
63114,33.55097601621583,35.58085254208532,2026-10-06,0.1611,0.1847,0.17,0.1847
63114,33.55097601621583,35.58085254208532,2026-10-07,0.1432,0.1745,0.1521,0.1642
63114,33.55097601621583,35.58085254208532,2026-10-08,0.1432,0.1745,0.2058,0.1745
63114,33.55097601621583,35.58085254208532,2026-10-09,0.1432,0.1642,0.17,0.1642
63114,33.55097601621583,35.58085254208532,2026-10-10,0.1342,0.1539,0.1521,0.1642
63114,33.55097601621583,35.58085254208532,2026-10-11,0.1342,0.1539,0.1432,0.1539
52111,33.52489750205732,35.659876952540415,2026-10-05,0.2296,0.2301,0.2695,0.2501
52111,33.52489750205732,35.659876952540415,2026-10-06,0.1797,0.1801,0.1897,0.1801
52111,33.52489750205732,35.659876952540415,2026-10-07,0.1597,0.1701,0.1697,0.1601
52111,33.52489750205732,35.659876952540415,2026-10-08,0.1597,0.1701,0.2296,0.1701
52111,33.52489750205732,35.659876952540415,2026-10-09,0.1597,0.1601,0.1897,0.1601
52111,33.52489750205732,35.659876952540415,2026-10-10,0.1497,0.1501,0.1697,0.1601
52111,33.52489750205732,35.659876952540415,2026-10-11,0.1497,0.1501,0.1597,0.1501
61277,33.54491204330173,35.40537055345987,2026-10-05,0.2084,0.2354,0.2446,0.2559
61277,33.54491204330173,35.40537055345987,2026-10-06,0.1631,0.1842,0.1721,0.1842
61277,33.54491204330173,35.40537055345987,2026-10-07,0.1449,0.174,0.154,0.1638
61277,33.54491204330173,35.40537055345987,2026-10-08,0.1449,0.174,0.2084,0.174
61277,33.54491204330173,35.40537055345987,2026-10-09,0.1449,0.1638,0.1721,0.1638
61277,33.54491204330173,35.40537055345987,2026-10-10,0.1359,0.1535,0.154,0.1638
61277,33.54491204330173,35.40537055345987,2026-10-11,0.1359,0.1535,0.1449,0.1535
61255,33.53953947653425,35.41402556626742,2026-10-05,0.2293,0.2302,0.2691,0.2502
61255,33.53953947653425,35.41402556626742,2026-10-06,0.1794,0.1801,0.1894,0.1801
61255,33.53953947653425,35.41402556626742,2026-10-07,0.1595,0.1701,0.1695,0.1601
61255,33.53953947653425,35.41402556626742,2026-10-08,0.1595,0.1701,0.2293,0.1701
61255,33.53953947653425,35.41402556626742,2026-10-09,0.1595,0.1601,0.1894,0.1601
61255,33.53953947653425,35.41402556626742,2026-10-10,0.1495,0.1501,0.1695,0.1601
61255,33.53953947653425,35.41402556626742,2026-10-11,0.1495,0.1501,0.1595,0.1501
63267,33.54848137154579,35.42974670322028,2026-10-05,0.2229,0.2318,0.2616,0.2519
63267,33.54848137154579,35.42974670322028,2026-10-06,0.1744,0.1814,0.1841,0.1814
63267,33.54848137154579,35.42974670322028,2026-10-07,0.155,0.1713,0.1647,0.1612
63267,33.54848137154579,35.42974670322028,2026-10-08,0.155,0.1713,0.2229,0.1713
63267,33.54848137154579,35.42974670322028,2026-10-09,0.155,0.1612,0.1841,0.1612
63267,33.54848137154579,35.42974670322028,2026-10-10,0.1454,0.1512,0.1647,0.1612
63267,33.54848137154579,35.42974670322028,2026-10-11,0.1454,0.1512,0.155,0.1512
55124,33.53826474685982,35.83678635035395,2026-10-05,0.1818,0.242,0.2134,0.2631
55124,33.53826474685982,35.83678635035395,2026-10-06,0.1423,0.1894,0.1502,0.1894
55124,33.53826474685982,35.83678635035395,2026-10-07,0.1265,0.1789,0.1344,0.1684
55124,33.53826474685982,35.83678635035395,2026-10-08,0.1265,0.1789,0.1818,0.1789
55124,33.53826474685982,35.83678635035395,2026-10-09,0.1265,0.1684,0.1502,0.1684
55124,33.53826474685982,35.83678635035395,2026-10-10,0.1186,0.1579,0.1344,0.1684
55124,33.53826474685982,35.83678635035395,2026-10-11,0.1186,0.1579,0.1265,0.1579
61183,33.54299427587366,35.392773569553725,2026-10-05,0.2346,0.2289,0.2754,0.2488
61183,33.54299427587366,35.392773569553725,2026-10-06,0.1836,0.1791,0.1938,0.1791
61183,33.54299427587366,35.392773569553725,2026-10-07,0.1632,0.1692,0.1734,0.1592
61183,33.54299427587366,35.392773569553725,2026-10-08,0.1632,0.1692,0.2346,0.1692
61183,33.54299427587366,35.392773569553725,2026-10-09,0.1632,0.1592,0.1938,0.1592
61183,33.54299427587366,35.392773569553725,2026-10-10,0.153,0.1493,0.1734,0.1592
61183,33.54299427587366,35.392773569553725,2026-10-11,0.153,0.1493,0.1632,0.1493
63251,33.542516941994705,35.441529933325725,2026-10-05,0.2109,0.2348,0.2476,0.2552
63251,33.542516941994705,35.441529933325725,2026-10-06,0.1651,0.1837,0.1743,0.1837
63251,33.542516941994705,35.441529933325725,2026-10-07,0.1467,0.1735,0.1559,0.1633
63251,33.542516941994705,35.441529933325725,2026-10-08,0.1467,0.1735,0.2109,0.1735
63251,33.542516941994705,35.441529933325725,2026-10-09,0.1467,0.1633,0.1743,0.1633
63251,33.542516941994705,35.441529933325725,2026-10-10,0.1376,0.1531,0.1559,0.1633
63251,33.542516941994705,35.441529933325725,2026-10-11,0.1376,0.1531,0.1467,0.1531
63121,33.53769740407451,35.55019008734991,2026-10-05,0.2152,0.2337,0.2527,0.254
63121,33.53769740407451,35.55019008734991,2026-10-06,0.1684,0.1829,0.1778,0.1829
63121,33.53769740407451,35.55019008734991,2026-10-07,0.1497,0.1727,0.1591,0.1626
63121,33.53769740407451,35.55019008734991,2026-10-08,0.1497,0.1727,0.2152,0.1727
63121,33.53769740407451,35.55019008734991,2026-10-09,0.1497,0.1626,0.1778,0.1626
63121,33.53769740407451,35.55019008734991,2026-10-10,0.1404,0.1524,0.1591,0.1626
63121,33.53769740407451,35.55019008734991,2026-10-11,0.1404,0.1524,0.1497,0.1524
55144,33.53546469899666,35.77675723027363,2026-10-05,0.2349,0.2288,0.2757,0.2487
55144,33.53546469899666,35.77675723027363,2026-10-06,0.1838,0.179,0.194,0.179
55144,33.53546469899666,35.77675723027363,2026-10-07,0.1634,0.1691,0.1736,0.1592
55144,33.53546469899666,35.77675723027363,2026-10-08,0.1634,0.1691,0.2349,0.1691
55144,33.53546469899666,35.77675723027363,2026-10-09,0.1634,0.1592,0.194,0.1592
55144,33.53546469899666,35.77675723027363,2026-10-10,0.1532,0.1492,0.1736,0.1592
55144,33.53546469899666,35.77675723027363,2026-10-11,0.1532,0.1492,0.1634,0.1492
63261,33.53808498012221,35.429043900886874,2026-10-05,0.1957,0.2386,0.2297,0.2593
63261,33.53808498012221,35.429043900886874,2026-10-06,0.1532,0.1867,0.1617,0.1867
63261,33.53808498012221,35.429043900886874,2026-10-07,0.1361,0.1763,0.1447,0.166
63261,33.53808498012221,35.429043900886874,2026-10-08,0.1361,0.1763,0.1957,0.1763
63261,33.53808498012221,35.429043900886874,2026-10-09,0.1361,0.166,0.1617,0.166
63261,33.53808498012221,35.429043900886874,2026-10-10,0.1276,0.1556,0.1447,0.166
63261,33.53808498012221,35.429043900886874,2026-10-11,0.1276,0.1556,0.1361,0.1556
61335,33.53162004155239,35.38199376133699,2026-10-05,0.1992,0.2377,0.2339,0.2584
61335,33.53162004155239,35.38199376133699,2026-10-06,0.1559,0.186,0.1646,0.186
61335,33.53162004155239,35.38199376133699,2026-10-07,0.1386,0.1757,0.1473,0.1654
61335,33.53162004155239,35.38199376133699,2026-10-08,0.1386,0.1757,0.1992,0.1757
61335,33.53162004155239,35.38199376133699,2026-10-09,0.1386,0.1654,0.1646,0.1654
61335,33.53162004155239,35.38199376133699,2026-10-10,0.1299,0.155,0.1473,0.1654
61335,33.53162004155239,35.38199376133699,2026-10-11,0.1299,0.155,0.1386,0.155
63214,33.536079987656414,35.46102184983133,2026-10-05,0.2649,0.2213,0.311,0.2405
63214,33.536079987656414,35.46102184983133,2026-10-06,0.2073,0.1732,0.2189,0.1732
63214,33.536079987656414,35.46102184983133,2026-10-07,0.1843,0.1635,0.1958,0.1539
63214,33.536079987656414,35.46102184983133,2026-10-08,0.1843,0.1635,0.2649,0.1635
63214,33.536079987656414,35.46102184983133,2026-10-09,0.1843,0.1539,0.2189,0.1539
63214,33.536079987656414,35.46102184983133,2026-10-10,0.1728,0.1443,0.1958,0.1539
63214,33.536079987656414,35.46102184983133,2026-10-11,0.1728,0.1443,0.1843,0.1443
0,33.539514939618726,35.98321412139403,2026-10-05,0.2036,0.2366,0.2391,0.2572
0,33.539514939618726,35.98321412139403,2026-10-06,0.1594,0.1852,0.1682,0.1852
0,33.539514939618726,35.98321412139403,2026-10-07,0.1417,0.1749,0.1505,0.1646
0,33.539514939618726,35.98321412139403,2026-10-08,0.1417,0.1749,0.2036,0.1749
0,33.539514939618726,35.98321412139403,2026-10-09,0.1417,0.1646,0.1682,0.1646
0,33.539514939618726,35.98321412139403,2026-10-10,0.1328,0.1543,0.1505,0.1646
0,33.539514939618726,35.98321412139403,2026-10-11,0.1328,0.1543,0.1417,0.1543
63221,33.536947925149114,35.44760372349514,2026-10-05,0.1905,0.2399,0.2236,0.2607
63221,33.536947925149114,35.44760372349514,2026-10-06,0.1491,0.1877,0.1573,0.1877
63221,33.536947925149114,35.44760372349514,2026-10-07,0.1325,0.1773,0.1408,0.1669
63221,33.536947925149114,35.44760372349514,2026-10-08,0.1325,0.1773,0.1905,0.1773
63221,33.536947925149114,35.44760372349514,2026-10-09,0.1325,0.1669,0.1573,0.1669
63221,33.536947925149114,35.44760372349514,2026-10-10,0.1242,0.1564,0.1408,0.1669
63221,33.536947925149114,35.44760372349514,2026-10-11,0.1242,0.1564,0.1325,0.1564
55111,33.495161933332525,35.83089390087618,2026-10-05,0.2001,0.2375,0.235,0.2581
55111,33.495161933332525,35.83089390087618,2026-10-06,0.1566,0.1858,0.1653,0.1858
55111,33.495161933332525,35.83089390087618,2026-10-07,0.1392,0.1755,0.1479,0.1652
55111,33.495161933332525,35.83089390087618,2026-10-08,0.1392,0.1755,0.2001,0.1755
55111,33.495161933332525,35.83089390087618,2026-10-09,0.1392,0.1652,0.1653,0.1652
55111,33.495161933332525,35.83089390087618,2026-10-10,0.1305,0.1549,0.1479,0.1652
55111,33.495161933332525,35.83089390087618,2026-10-11,0.1305,0.1549,0.1392,0.1549
61311,33.50555438890654,35.35556318206447,2026-10-05,0.1937,0.2391,0.2274,0.2599
61311,33.50555438890654,35.35556318206447,2026-10-06,0.1516,0.1871,0.16,0.1871
61311,33.50555438890654,35.35556318206447,2026-10-07,0.1348,0.1767,0.1432,0.1663
61311,33.50555438890654,35.35556318206447,2026-10-08,0.1348,0.1767,0.1937,0.1767
61311,33.50555438890654,35.35556318206447,2026-10-09,0.1348,0.1663,0.16,0.1663
61311,33.50555438890654,35.35556318206447,2026-10-10,0.1263,0.1559,0.1432,0.1663
61311,33.50555438890654,35.35556318206447,2026-10-11,0.1263,0.1559,0.1348,0.1559
61371,33.52839142638141,35.40042864764609,2026-10-05,0.2723,0.2194,0.3196,0.2385
61371,33.52839142638141,35.40042864764609,2026-10-06,0.2131,0.1717,0.2249,0.1717
61371,33.52839142638141,35.40042864764609,2026-10-07,0.1894,0.1622,0.2012,0.1527
61371,33.52839142638141,35.40042864764609,2026-10-08,0.1894,0.1622,0.2723,0.1622
61371,33.52839142638141,35.40042864764609,2026-10-09,0.1894,0.1527,0.2249,0.1527
61371,33.52839142638141,35.40042864764609,2026-10-10,0.1776,0.1431,0.2012,0.1527
61371,33.52839142638141,35.40042864764609,2026-10-11,0.1776,0.1431,0.1894,0.1431
63231,33.528162529824954,35.44159703683546,2026-10-05,0.1906,0.2399,0.2237,0.2607
63231,33.528162529824954,35.44159703683546,2026-10-06,0.1491,0.1877,0.1574,0.1877
63231,33.528162529824954,35.44159703683546,2026-10-07,0.1326,0.1773,0.1409,0.1669
63231,33.528162529824954,35.44159703683546,2026-10-08,0.1326,0.1773,0.1906,0.1773
63231,33.528162529824954,35.44159703683546,2026-10-09,0.1326,0.1669,0.1574,0.1669
63231,33.528162529824954,35.44159703683546,2026-10-10,0.1243,0.1564,0.1409,0.1669
63231,33.528162529824954,35.44159703683546,2026-10-11,0.1243,0.1564,0.1326,0.1564
63254,33.52126467131353,35.4333955514275,2026-10-05,0.2369,0.2283,0.2781,0.2481
63254,33.52126467131353,35.4333955514275,2026-10-06,0.1854,0.1786,0.1957,0.1786
63254,33.52126467131353,35.4333955514275,2026-10-07,0.1648,0.1687,0.1751,0.1588
63254,33.52126467131353,35.4333955514275,2026-10-08,0.1648,0.1687,0.2369,0.1687
63254,33.52126467131353,35.4333955514275,2026-10-09,0.1648,0.1588,0.1957,0.1588
63254,33.52126467131353,35.4333955514275,2026-10-10,0.1545,0.1489,0.1751,0.1588
63254,33.52126467131353,35.4333955514275,2026-10-11,0.1545,0.1489,0.1648,0.1489
61323,33.51736139696781,35.385993275205706,2026-10-05,0.2049,0.2363,0.2406,0.2568
61323,33.51736139696781,35.385993275205706,2026-10-06,0.1604,0.1849,0.1693,0.1849
61323,33.51736139696781,35.385993275205706,2026-10-07,0.1426,0.1746,0.1515,0.1644
61323,33.51736139696781,35.385993275205706,2026-10-08,0.1426,0.1746,0.2049,0.1746
61323,33.51736139696781,35.385993275205706,2026-10-09,0.1426,0.1644,0.1693,0.1644
61323,33.51736139696781,35.385993275205706,2026-10-10,0.1337,0.1541,0.1515,0.1644
61323,33.51736139696781,35.385993275205706,2026-10-11,0.1337,0.1541,0.1426,0.1541
63234,33.52613592214011,35.46527914246881,2026-10-05,0.1931,0.2392,0.2267,0.26
63234,33.52613592214011,35.46527914246881,2026-10-06,0.1511,0.1872,0.1595,0.1872
63234,33.52613592214011,35.46527914246881,2026-10-07,0.1343,0.1768,0.1427,0.1664
63234,33.52613592214011,35.46527914246881,2026-10-08,0.1343,0.1768,0.1931,0.1768
63234,33.52613592214011,35.46527914246881,2026-10-09,0.1343,0.1664,0.1595,0.1664
63234,33.52613592214011,35.46527914246881,2026-10-10,0.1259,0.156,0.1427,0.1664
63234,33.52613592214011,35.46527914246881,2026-10-11,0.1259,0.156,0.1343,0.156
61488,33.51907432234689,35.49228648152926,2026-10-05,0.2242,0.2315,0.2632,0.2516
61488,33.51907432234689,35.49228648152926,2026-10-06,0.1755,0.1811,0.1852,0.1811
61488,33.51907432234689,35.49228648152926,2026-10-07,0.156,0.1711,0.1657,0.161
61488,33.51907432234689,35.49228648152926,2026-10-08,0.156,0.1711,0.2242,0.1711
61488,33.51907432234689,35.49228648152926,2026-10-09,0.156,0.161,0.1852,0.161
61488,33.51907432234689,35.49228648152926,2026-10-10,0.1462,0.1509,0.1657,0.161
61488,33.51907432234689,35.49228648152926,2026-10-11,0.1462,0.1509,0.156,0.1509
55154,33.51322443237213,35.75092458225691,2026-10-05,0.2198,0.2325,0.258,0.2528
55154,33.51322443237213,35.75092458225691,2026-10-06,0.172,0.182,0.1816,0.182
55154,33.51322443237213,35.75092458225691,2026-10-07,0.1529,0.1719,0.1625,0.1618
55154,33.51322443237213,35.75092458225691,2026-10-08,0.1529,0.1719,0.2198,0.1719
55154,33.51322443237213,35.75092458225691,2026-10-09,0.1529,0.1618,0.1816,0.1618
55154,33.51322443237213,35.75092458225691,2026-10-10,0.1434,0.1517,0.1625,0.1618
55154,33.51322443237213,35.75092458225691,2026-10-11,0.1434,0.1517,0.1529,0.1517
61383,33.5207317374247,35.41213321200361,2026-10-05,0.2161,0.2335,0.2536,0.2538
61383,33.5207317374247,35.41213321200361,2026-10-06,0.1691,0.1827,0.1785,0.1827
61383,33.5207317374247,35.41213321200361,2026-10-07,0.1503,0.1726,0.1597,0.1624
61383,33.5207317374247,35.41213321200361,2026-10-08,0.1503,0.1726,0.2161,0.1726
61383,33.5207317374247,35.41213321200361,2026-10-09,0.1503,0.1624,0.1785,0.1624
61383,33.5207317374247,35.41213321200361,2026-10-10,0.1409,0.1523,0.1597,0.1624
61383,33.5207317374247,35.41213321200361,2026-10-11,0.1409,0.1523,0.1503,0.1523
63271,33.51960769356198,35.51137800709037,2026-10-05,0.223,0.2317,0.2618,0.2519
63271,33.51960769356198,35.51137800709037,2026-10-06,0.1746,0.1814,0.1843,0.1814
63271,33.51960769356198,35.51137800709037,2026-10-07,0.1552,0.1713,0.1649,0.1612
63271,33.51960769356198,35.51137800709037,2026-10-08,0.1552,0.1713,0.223,0.1713
63271,33.51960769356198,35.51137800709037,2026-10-09,0.1552,0.1612,0.1843,0.1612
63271,33.51960769356198,35.51137800709037,2026-10-10,0.1455,0.1511,0.1649,0.1612
63271,33.51960769356198,35.51137800709037,2026-10-11,0.1455,0.1511,0.1552,0.1511
52267,33.511279380578415,35.69093913429701,2026-10-05,0.2465,0.2259,0.2894,0.2455
52267,33.511279380578415,35.69093913429701,2026-10-06,0.1929,0.1768,0.2036,0.1768
52267,33.511279380578415,35.69093913429701,2026-10-07,0.1715,0.1669,0.1822,0.1571
52267,33.511279380578415,35.69093913429701,2026-10-08,0.1715,0.1669,0.2465,0.1669
52267,33.511279380578415,35.69093913429701,2026-10-09,0.1715,0.1571,0.2036,0.1571
52267,33.511279380578415,35.69093913429701,2026-10-10,0.1608,0.1473,0.1822,0.1571
52267,33.511279380578415,35.69093913429701,2026-10-11,0.1608,0.1473,0.1715,0.1473
63241,33.52073409638684,35.45624500592033,2026-10-05,0.2188,0.2328,0.2569,0.253
63241,33.52073409638684,35.45624500592033,2026-10-06,0.1713,0.1822,0.1808,0.1822
63241,33.52073409638684,35.45624500592033,2026-10-07,0.1522,0.1721,0.1618,0.1619
63241,33.52073409638684,35.45624500592033,2026-10-08,0.1522,0.1721,0.2188,0.1721
63241,33.52073409638684,35.45624500592033,2026-10-09,0.1522,0.1619,0.1808,0.1619
63241,33.52073409638684,35.45624500592033,2026-10-10,0.1427,0.1518,0.1618,0.1619
63241,33.52073409638684,35.45624500592033,2026-10-11,0.1427,0.1518,0.1522,0.1518
63287,33.51115645002511,35.526309113109406,2026-10-05,0.242,0.227,0.2841,0.2467
63287,33.51115645002511,35.526309113109406,2026-10-06,0.1894,0.1776,0.1999,0.1776
63287,33.51115645002511,35.526309113109406,2026-10-07,0.1684,0.1678,0.1789,0.1579
63287,33.51115645002511,35.526309113109406,2026-10-08,0.1684,0.1678,0.242,0.1678
63287,33.51115645002511,35.526309113109406,2026-10-09,0.1684,0.1579,0.1999,0.1579
63287,33.51115645002511,35.526309113109406,2026-10-10,0.1578,0.148,0.1789,0.1579
63287,33.51115645002511,35.526309113109406,2026-10-11,0.1578,0.148,0.1684,0.148
55114,33.51192151584096,35.80565650456552,2026-10-05,0.228,0.2305,0.2677,0.2505
55114,33.51192151584096,35.80565650456552,2026-10-06,0.1785,0.1804,0.1884,0.1804
55114,33.51192151584096,35.80565650456552,2026-10-07,0.1586,0.1704,0.1685,0.1603
55114,33.51192151584096,35.80565650456552,2026-10-08,0.1586,0.1704,0.228,0.1704
55114,33.51192151584096,35.80565650456552,2026-10-09,0.1586,0.1603,0.1884,0.1603
55114,33.51192151584096,35.80565650456552,2026-10-10,0.1487,0.1503,0.1685,0.1603
55114,33.51192151584096,35.80565650456552,2026-10-11,0.1487,0.1503,0.1586,0.1503
55117,33.49585256761011,35.894333987475264,2026-10-05,0.2368,0.2283,0.278,0.2481
55117,33.49585256761011,35.894333987475264,2026-10-06,0.1854,0.1787,0.1957,0.1787
55117,33.49585256761011,35.894333987475264,2026-10-07,0.1648,0.1687,0.1751,0.1588
55117,33.49585256761011,35.894333987475264,2026-10-08,0.1648,0.1687,0.2368,0.1687
55117,33.49585256761011,35.894333987475264,2026-10-09,0.1648,0.1588,0.1957,0.1588
55117,33.49585256761011,35.894333987475264,2026-10-10,0.1545,0.1489,0.1751,0.1588
55117,33.49585256761011,35.894333987475264,2026-10-11,0.1545,0.1489,0.1648,0.1489
61359,33.504944436861614,35.39453480717604,2026-10-05,0.2602,0.2224,0.3055,0.2418
61359,33.504944436861614,35.39453480717604,2026-10-06,0.2037,0.1741,0.215,0.1741
61359,33.504944436861614,35.39453480717604,2026-10-07,0.181,0.1644,0.1924,0.1547
61359,33.504944436861614,35.39453480717604,2026-10-08,0.181,0.1644,0.2602,0.1644
61359,33.504944436861614,35.39453480717604,2026-10-09,0.181,0.1547,0.215,0.1547
61359,33.504944436861614,35.39453480717604,2026-10-10,0.1697,0.1451,0.1924,0.1547
61359,33.504944436861614,35.39453480717604,2026-10-11,0.1697,0.1451,0.181,0.1451
61489,33.49954413007137,35.42512342456782,2026-10-05,0.1961,0.2385,0.2302,0.2592
61489,33.49954413007137,35.42512342456782,2026-10-06,0.1535,0.1866,0.162,0.1866
61489,33.49954413007137,35.42512342456782,2026-10-07,0.1364,0.1763,0.1449,0.1659
61489,33.49954413007137,35.42512342456782,2026-10-08,0.1364,0.1763,0.1961,0.1763
61489,33.49954413007137,35.42512342456782,2026-10-09,0.1364,0.1659,0.162,0.1659
61489,33.49954413007137,35.42512342456782,2026-10-10,0.1279,0.1555,0.1449,0.1659
61489,33.49954413007137,35.42512342456782,2026-10-11,0.1279,0.1555,0.1364,0.1555
61493,33.50580239711606,35.45417215988229,2026-10-05,0.2708,0.2198,0.3179,0.2389
61493,33.50580239711606,35.45417215988229,2026-10-06,0.2119,0.172,0.2237,0.172
61493,33.50580239711606,35.45417215988229,2026-10-07,0.1884,0.1625,0.2001,0.1529
61493,33.50580239711606,35.45417215988229,2026-10-08,0.1884,0.1625,0.2708,0.1625
61493,33.50580239711606,35.45417215988229,2026-10-09,0.1884,0.1529,0.2237,0.1529
61493,33.50580239711606,35.45417215988229,2026-10-10,0.1766,0.1434,0.2001,0.1529
61493,33.50580239711606,35.45417215988229,2026-10-11,0.1766,0.1434,0.1884,0.1434
61496,33.50500148928272,35.47503148214485,2026-10-05,0.2439,0.2265,0.2863,0.2462
61496,33.50500148928272,35.47503148214485,2026-10-06,0.1908,0.1773,0.2015,0.1773
61496,33.50500148928272,35.47503148214485,2026-10-07,0.1696,0.1674,0.1802,0.1576
61496,33.50500148928272,35.47503148214485,2026-10-08,0.1696,0.1674,0.2439,0.1674
61496,33.50500148928272,35.47503148214485,2026-10-09,0.1696,0.1576,0.2015,0.1576
61496,33.50500148928272,35.47503148214485,2026-10-10,0.159,0.1477,0.1802,0.1576
61496,33.50500148928272,35.47503148214485,2026-10-11,0.159,0.1477,0.1696,0.1477
61347,33.50474280075503,35.37587065640329,2026-10-05,0.2656,0.2211,0.3118,0.2403
61347,33.50474280075503,35.37587065640329,2026-10-06,0.2079,0.173,0.2194,0.173
61347,33.50474280075503,35.37587065640329,2026-10-07,0.1848,0.1634,0.1963,0.1538
61347,33.50474280075503,35.37587065640329,2026-10-08,0.1848,0.1634,0.2656,0.1634
61347,33.50474280075503,35.37587065640329,2026-10-09,0.1848,0.1538,0.2194,0.1538
61347,33.50474280075503,35.37587065640329,2026-10-10,0.1732,0.1442,0.1963,0.1538
61347,33.50474280075503,35.37587065640329,2026-10-11,0.1732,0.1442,0.1848,0.1442
0,33.49013981490221,35.943688620009254,2026-10-05,0.2034,0.2366,0.2388,0.2572
0,33.49013981490221,35.943688620009254,2026-10-06,0.1592,0.1852,0.1681,0.1852
0,33.49013981490221,35.943688620009254,2026-10-07,0.1415,0.1749,0.1504,0.1646
0,33.49013981490221,35.943688620009254,2026-10-08,0.1415,0.1749,0.2034,0.1749
0,33.49013981490221,35.943688620009254,2026-10-09,0.1415,0.1646,0.1681,0.1646
0,33.49013981490221,35.943688620009254,2026-10-10,0.1327,0.1543,0.1504,0.1646
0,33.49013981490221,35.943688620009254,2026-10-11,0.1327,0.1543,0.1415,0.1543
63167,33.488885342479584,35.588254358344365,2026-10-05,0.2602,0.2224,0.3055,0.2418
63167,33.488885342479584,35.588254358344365,2026-10-06,0.2036,0.1741,0.215,0.1741
63167,33.488885342479584,35.588254358344365,2026-10-07,0.181,0.1644,0.1923,0.1547
63167,33.488885342479584,35.588254358344365,2026-10-08,0.181,0.1644,0.2602,0.1644
63167,33.488885342479584,35.588254358344365,2026-10-09,0.181,0.1547,0.215,0.1547
63167,33.488885342479584,35.588254358344365,2026-10-10,0.1697,0.1451,0.1923,0.1547
63167,33.488885342479584,35.588254358344365,2026-10-11,0.1697,0.1451,0.181,0.1451
71211,33.48947155816185,35.526249679008224,2026-10-05,0.2176,0.2331,0.2554,0.2534
71211,33.48947155816185,35.526249679008224,2026-10-06,0.1703,0.1824,0.1797,0.1824
71211,33.48947155816185,35.526249679008224,2026-10-07,0.1513,0.1723,0.1608,0.1622
71211,33.48947155816185,35.526249679008224,2026-10-08,0.1513,0.1723,0.2176,0.1723
71211,33.48947155816185,35.526249679008224,2026-10-09,0.1513,0.1622,0.1797,0.1622
71211,33.48947155816185,35.526249679008224,2026-10-10,0.1419,0.152,0.1608,0.1622
71211,33.48947155816185,35.526249679008224,2026-10-11,0.1419,0.152,0.1513,0.152
55111,33.50743093502262,35.791024114650845,2026-10-05,0.2018,0.2371,0.2369,0.2577
55111,33.50743093502262,35.791024114650845,2026-10-06,0.1579,0.1855,0.1667,0.1855
55111,33.50743093502262,35.791024114650845,2026-10-07,0.1404,0.1752,0.1492,0.1649
55111,33.50743093502262,35.791024114650845,2026-10-08,0.1404,0.1752,0.2018,0.1752
55111,33.50743093502262,35.791024114650845,2026-10-09,0.1404,0.1649,0.1667,0.1649
55111,33.50743093502262,35.791024114650845,2026-10-10,0.1316,0.1546,0.1492,0.1649
55111,33.50743093502262,35.791024114650845,2026-10-11,0.1316,0.1546,0.1404,0.1546
52116,33.49559209538867,35.638489975086415,2026-10-05,0.2377,0.2281,0.279,0.2479
52116,33.49559209538867,35.638489975086415,2026-10-06,0.186,0.1785,0.1964,0.1785
52116,33.49559209538867,35.638489975086415,2026-10-07,0.1653,0.1686,0.1757,0.1587
52116,33.49559209538867,35.638489975086415,2026-10-08,0.1653,0.1686,0.2377,0.1686
52116,33.49559209538867,35.638489975086415,2026-10-09,0.1653,0.1587,0.1964,0.1587
52116,33.49559209538867,35.638489975086415,2026-10-10,0.155,0.1487,0.1757,0.1587
52116,33.49559209538867,35.638489975086415,2026-10-11,0.155,0.1487,0.1653,0.1487
61477,33.49138904160953,35.38375743973901,2026-10-05,0.251,0.2247,0.2947,0.2443
61477,33.49138904160953,35.38375743973901,2026-10-06,0.1965,0.1759,0.2074,0.1759
61477,33.49138904160953,35.38375743973901,2026-10-07,0.1746,0.1661,0.1856,0.1563
61477,33.49138904160953,35.38375743973901,2026-10-08,0.1746,0.1661,0.251,0.1661
61477,33.49138904160953,35.38375743973901,2026-10-09,0.1746,0.1563,0.2074,0.1563
61477,33.49138904160953,35.38375743973901,2026-10-10,0.1637,0.1466,0.1856,0.1563
61477,33.49138904160953,35.38375743973901,2026-10-11,0.1637,0.1466,0.1746,0.1466
61491,33.49850677766534,35.45868431365599,2026-10-05,0.2077,0.2356,0.2438,0.2561
61491,33.49850677766534,35.45868431365599,2026-10-06,0.1626,0.1844,0.1716,0.1844
61491,33.49850677766534,35.45868431365599,2026-10-07,0.1445,0.1741,0.1535,0.1639
61491,33.49850677766534,35.45868431365599,2026-10-08,0.1445,0.1741,0.2077,0.1741
61491,33.49850677766534,35.45868431365599,2026-10-09,0.1445,0.1639,0.1716,0.1639
61491,33.49850677766534,35.45868431365599,2026-10-10,0.1355,0.1536,0.1535,0.1639
61491,33.49850677766534,35.45868431365599,2026-10-11,0.1355,0.1536,0.1445,0.1536
55121,33.48980722983258,35.80026500115612,2026-10-05,0.213,0.2342,0.25,0.2546
55121,33.48980722983258,35.80026500115612,2026-10-06,0.1667,0.1833,0.176,0.1833
55121,33.48980722983258,35.80026500115612,2026-10-07,0.1482,0.1731,0.1574,0.163
55121,33.48980722983258,35.80026500115612,2026-10-08,0.1482,0.1731,0.213,0.1731
55121,33.48980722983258,35.80026500115612,2026-10-09,0.1482,0.163,0.176,0.163
55121,33.48980722983258,35.80026500115612,2026-10-10,0.1389,0.1528,0.1574,0.163
55121,33.48980722983258,35.80026500115612,2026-10-11,0.1389,0.1528,0.1482,0.1528
61476,33.486004709863074,35.3692725504888,2026-10-05,0.2066,0.2359,0.2425,0.2564
61476,33.486004709863074,35.3692725504888,2026-10-06,0.1617,0.1846,0.1707,0.1846
61476,33.486004709863074,35.3692725504888,2026-10-07,0.1437,0.1743,0.1527,0.1641
61476,33.486004709863074,35.3692725504888,2026-10-08,0.1437,0.1743,0.2066,0.1743
61476,33.486004709863074,35.3692725504888,2026-10-09,0.1437,0.1641,0.1707,0.1641
61476,33.486004709863074,35.3692725504888,2026-10-10,0.1347,0.1538,0.1527,0.1641
61476,33.486004709863074,35.3692725504888,2026-10-11,0.1347,0.1538,0.1437,0.1538
52281,33.48013174489854,35.679092075611884,2026-10-05,0.2097,0.2351,0.2462,0.2555
52281,33.48013174489854,35.679092075611884,2026-10-06,0.1641,0.184,0.1732,0.184
52281,33.48013174489854,35.679092075611884,2026-10-07,0.1459,0.1737,0.155,0.1635
52281,33.48013174489854,35.679092075611884,2026-10-08,0.1459,0.1737,0.2097,0.1737
52281,33.48013174489854,35.679092075611884,2026-10-09,0.1459,0.1635,0.1732,0.1635
52281,33.48013174489854,35.679092075611884,2026-10-10,0.1368,0.1533,0.155,0.1635
52281,33.48013174489854,35.679092075611884,2026-10-11,0.1368,0.1533,0.1459,0.1533
61481,33.48472541462717,35.407255436715936,2026-10-05,0.2524,0.2244,0.2963,0.2439
61481,33.48472541462717,35.407255436715936,2026-10-06,0.1975,0.1756,0.2085,0.1756
61481,33.48472541462717,35.407255436715936,2026-10-07,0.1756,0.1659,0.1865,0.1561
61481,33.48472541462717,35.407255436715936,2026-10-08,0.1756,0.1659,0.2524,0.1659
61481,33.48472541462717,35.407255436715936,2026-10-09,0.1756,0.1561,0.2085,0.1561
61481,33.48472541462717,35.407255436715936,2026-10-10,0.1646,0.1464,0.1865,0.1561
61481,33.48472541462717,35.407255436715936,2026-10-11,0.1646,0.1464,0.1756,0.1464
52274,33.475392216457294,35.70327643421111,2026-10-05,0.2555,0.2236,0.3,0.2431
52274,33.475392216457294,35.70327643421111,2026-10-06,0.2,0.175,0.2111,0.175
52274,33.475392216457294,35.70327643421111,2026-10-07,0.1777,0.1653,0.1889,0.1556
52274,33.475392216457294,35.70327643421111,2026-10-08,0.1777,0.1653,0.2555,0.1653
52274,33.475392216457294,35.70327643421111,2026-10-09,0.1777,0.1556,0.2111,0.1556
52274,33.475392216457294,35.70327643421111,2026-10-10,0.1666,0.1458,0.1889,0.1556
52274,33.475392216457294,35.70327643421111,2026-10-11,0.1666,0.1458,0.1777,0.1458
71221,33.477776129484326,35.496683700115746,2026-10-05,0.2609,0.2223,0.3062,0.2416
71221,33.477776129484326,35.496683700115746,2026-10-06,0.2042,0.174,0.2155,0.174
71221,33.477776129484326,35.496683700115746,2026-10-07,0.1815,0.1643,0.1928,0.1546
71221,33.477776129484326,35.496683700115746,2026-10-08,0.1815,0.1643,0.2609,0.1643
71221,33.477776129484326,35.496683700115746,2026-10-09,0.1815,0.1546,0.2155,0.1546
71221,33.477776129484326,35.496683700115746,2026-10-10,0.1701,0.145,0.1928,0.1546
71221,33.477776129484326,35.496683700115746,2026-10-11,0.1701,0.145,0.1815,0.145
61464,33.48265224671442,35.34299469207929,2026-10-05,0.1939,0.239,0.2276,0.2598
61464,33.48265224671442,35.34299469207929,2026-10-06,0.1517,0.1871,0.1602,0.1871
61464,33.48265224671442,35.34299469207929,2026-10-07,0.1349,0.1767,0.1433,0.1663
61464,33.48265224671442,35.34299469207929,2026-10-08,0.1349,0.1767,0.1939,0.1767
61464,33.48265224671442,35.34299469207929,2026-10-09,0.1349,0.1663,0.1602,0.1663
61464,33.48265224671442,35.34299469207929,2026-10-10,0.1264,0.1559,0.1433,0.1663
61464,33.48265224671442,35.34299469207929,2026-10-11,0.1264,0.1559,0.1349,0.1559
55127,33.48630625058455,35.7937903659803,2026-10-05,0.2324,0.2294,0.2729,0.2493
55127,33.48630625058455,35.7937903659803,2026-10-06,0.1819,0.1795,0.192,0.1795
55127,33.48630625058455,35.7937903659803,2026-10-07,0.1617,0.1695,0.1718,0.1596
55127,33.48630625058455,35.7937903659803,2026-10-08,0.1617,0.1695,0.2324,0.1695
55127,33.48630625058455,35.7937903659803,2026-10-09,0.1617,0.1596,0.192,0.1596
55127,33.48630625058455,35.7937903659803,2026-10-10,0.1516,0.1496,0.1718,0.1596
55127,33.48630625058455,35.7937903659803,2026-10-11,0.1516,0.1496,0.1617,0.1496
71236,33.47152453883896,35.46614043701878,2026-10-05,0.2669,0.2208,0.3133,0.24
71236,33.47152453883896,35.46614043701878,2026-10-06,0.2089,0.1728,0.2205,0.1728
71236,33.47152453883896,35.46614043701878,2026-10-07,0.1857,0.1632,0.1973,0.1536
71236,33.47152453883896,35.46614043701878,2026-10-08,0.1857,0.1632,0.2669,0.1632
71236,33.47152453883896,35.46614043701878,2026-10-09,0.1857,0.1536,0.2205,0.1536
71236,33.47152453883896,35.46614043701878,2026-10-10,0.1741,0.144,0.1973,0.1536
71236,33.47152453883896,35.46614043701878,2026-10-11,0.1741,0.144,0.1857,0.144
61469,33.48046906616454,35.35534103061542,2026-10-05,0.2111,0.2347,0.2478,0.2551
61469,33.48046906616454,35.35534103061542,2026-10-06,0.1652,0.1837,0.1744,0.1837
61469,33.48046906616454,35.35534103061542,2026-10-07,0.1468,0.1735,0.156,0.1633
61469,33.48046906616454,35.35534103061542,2026-10-08,0.1468,0.1735,0.2111,0.1735
61469,33.48046906616454,35.35534103061542,2026-10-09,0.1468,0.1633,0.1744,0.1633
61469,33.48046906616454,35.35534103061542,2026-10-10,0.1377,0.1531,0.156,0.1633
61469,33.48046906616454,35.35534103061542,2026-10-11,0.1377,0.1531,0.1468,0.1531
71266,33.47685136722709,35.43189685636764,2026-10-05,0.2198,0.2325,0.2581,0.2528
71266,33.47685136722709,35.43189685636764,2026-10-06,0.172,0.182,0.1816,0.182
71266,33.47685136722709,35.43189685636764,2026-10-07,0.1529,0.1719,0.1625,0.1618
71266,33.47685136722709,35.43189685636764,2026-10-08,0.1529,0.1719,0.2198,0.1719
71266,33.47685136722709,35.43189685636764,2026-10-09,0.1529,0.1618,0.1816,0.1618
71266,33.47685136722709,35.43189685636764,2026-10-10,0.1434,0.1517,0.1625,0.1618
71266,33.47685136722709,35.43189685636764,2026-10-11,0.1434,0.1517,0.1529,0.1517
61466,33.46922366883589,35.33566172757912,2026-10-05,0.1998,0.2375,0.2346,0.2582
61466,33.46922366883589,35.33566172757912,2026-10-06,0.1564,0.1859,0.1651,0.1859
61466,33.46922366883589,35.33566172757912,2026-10-07,0.139,0.1756,0.1477,0.1653
61466,33.46922366883589,35.33566172757912,2026-10-08,0.139,0.1756,0.1998,0.1756
61466,33.46922366883589,35.33566172757912,2026-10-09,0.139,0.1653,0.1651,0.1653
61466,33.46922366883589,35.33566172757912,2026-10-10,0.1303,0.1549,0.1477,0.1653
61466,33.46922366883589,35.33566172757912,2026-10-11,0.1303,0.1549,0.139,0.1549
52141,33.46191662395879,35.64953010398252,2026-10-05,0.2421,0.227,0.2842,0.2467
52141,33.46191662395879,35.64953010398252,2026-10-06,0.1895,0.1776,0.2,0.1776
52141,33.46191662395879,35.64953010398252,2026-10-07,0.1684,0.1678,0.179,0.1579
52141,33.46191662395879,35.64953010398252,2026-10-08,0.1684,0.1678,0.2421,0.1678
52141,33.46191662395879,35.64953010398252,2026-10-09,0.1684,0.1579,0.2,0.1579
52141,33.46191662395879,35.64953010398252,2026-10-10,0.1579,0.148,0.179,0.1579
52141,33.46191662395879,35.64953010398252,2026-10-11,0.1579,0.148,0.1684,0.148
61479,33.47790307665864,35.38935333248058,2026-10-05,0.2127,0.2343,0.2497,0.2547
61479,33.47790307665864,35.38935333248058,2026-10-06,0.1665,0.1834,0.1757,0.1834
61479,33.47790307665864,35.38935333248058,2026-10-07,0.148,0.1732,0.1572,0.163
61479,33.47790307665864,35.38935333248058,2026-10-08,0.148,0.1732,0.2127,0.1732
61479,33.47790307665864,35.38935333248058,2026-10-09,0.148,0.163,0.1757,0.163
61479,33.47790307665864,35.38935333248058,2026-10-10,0.1387,0.1528,0.1572,0.163
61479,33.47790307665864,35.38935333248058,2026-10-11,0.1387,0.1528,0.148,0.1528
63315,33.47618118146974,35.5456349244126,2026-10-05,0.2464,0.2259,0.2893,0.2455
63315,33.47618118146974,35.5456349244126,2026-10-06,0.1928,0.1768,0.2036,0.1768
63315,33.47618118146974,35.5456349244126,2026-10-07,0.1714,0.167,0.1821,0.1571
63315,33.47618118146974,35.5456349244126,2026-10-08,0.1714,0.167,0.2464,0.167
63315,33.47618118146974,35.5456349244126,2026-10-09,0.1714,0.1571,0.2036,0.1571
63315,33.47618118146974,35.5456349244126,2026-10-10,0.1607,0.1473,0.1821,0.1571
63315,33.47618118146974,35.5456349244126,2026-10-11,0.1607,0.1473,0.1714,0.1473
52287,33.46079266630774,35.6288504923008,2026-10-05,0.1946,0.2389,0.2284,0.2596
52287,33.46079266630774,35.6288504923008,2026-10-06,0.1523,0.1869,0.1608,0.1869
52287,33.46079266630774,35.6288504923008,2026-10-07,0.1354,0.1765,0.1438,0.1662
52287,33.46079266630774,35.6288504923008,2026-10-08,0.1354,0.1765,0.1946,0.1765
52287,33.46079266630774,35.6288504923008,2026-10-09,0.1354,0.1662,0.1608,0.1662
52287,33.46079266630774,35.6288504923008,2026-10-10,0.1269,0.1558,0.1438,0.1662
52287,33.46079266630774,35.6288504923008,2026-10-11,0.1269,0.1558,0.1354,0.1558
61471,33.47131642632588,35.382186624387835,2026-10-05,0.2684,0.2204,0.315,0.2396
61471,33.47131642632588,35.382186624387835,2026-10-06,0.21,0.1725,0.2217,0.1725
61471,33.47131642632588,35.382186624387835,2026-10-07,0.1867,0.1629,0.1984,0.1533
61471,33.47131642632588,35.382186624387835,2026-10-08,0.1867,0.1629,0.2684,0.1629
61471,33.47131642632588,35.382186624387835,2026-10-09,0.1867,0.1533,0.2217,0.1533
61471,33.47131642632588,35.382186624387835,2026-10-10,0.175,0.1437,0.1984,0.1533
61471,33.47131642632588,35.382186624387835,2026-10-11,0.175,0.1437,0.1867,0.1437
61453,33.45447699118424,35.32075129709306,2026-10-05,0.2676,0.2206,0.3141,0.2398
61453,33.45447699118424,35.32075129709306,2026-10-06,0.2094,0.1726,0.221,0.1726
61453,33.45447699118424,35.32075129709306,2026-10-07,0.1861,0.1631,0.1978,0.1535
61453,33.45447699118424,35.32075129709306,2026-10-08,0.1861,0.1631,0.2676,0.1631
61453,33.45447699118424,35.32075129709306,2026-10-09,0.1861,0.1535,0.221,0.1535
61453,33.45447699118424,35.32075129709306,2026-10-10,0.1745,0.1439,0.1978,0.1535
61453,33.45447699118424,35.32075129709306,2026-10-11,0.1745,0.1439,0.1861,0.1439
71226,33.468303919801095,35.5030441713658,2026-10-05,0.2456,0.2261,0.2883,0.2458
71226,33.468303919801095,35.5030441713658,2026-10-06,0.1922,0.1769,0.2029,0.1769
71226,33.468303919801095,35.5030441713658,2026-10-07,0.1709,0.1671,0.1815,0.1573
71226,33.468303919801095,35.5030441713658,2026-10-08,0.1709,0.1671,0.2456,0.1671
71226,33.468303919801095,35.5030441713658,2026-10-09,0.1709,0.1573,0.2029,0.1573
71226,33.468303919801095,35.5030441713658,2026-10-10,0.1602,0.1475,0.1815,0.1573
71226,33.468303919801095,35.5030441713658,2026-10-11,0.1602,0.1475,0.1709,0.1475
71216,33.47022608806608,35.52356807219621,2026-10-05,0.1896,0.2401,0.2225,0.261
71216,33.47022608806608,35.52356807219621,2026-10-06,0.1484,0.1879,0.1566,0.1879
71216,33.47022608806608,35.52356807219621,2026-10-07,0.1319,0.1775,0.1401,0.167
71216,33.47022608806608,35.52356807219621,2026-10-08,0.1319,0.1775,0.1896,0.1775
71216,33.47022608806608,35.52356807219621,2026-10-09,0.1319,0.167,0.1566,0.167
71216,33.47022608806608,35.52356807219621,2026-10-10,0.1236,0.1566,0.1401,0.167
71216,33.47022608806608,35.52356807219621,2026-10-11,0.1236,0.1566,0.1319,0.1566
55131,33.470552850766474,35.79722604287543,2026-10-05,0.209,0.2352,0.2454,0.2557
55131,33.470552850766474,35.79722604287543,2026-10-06,0.1636,0.1841,0.1727,0.1841
55131,33.470552850766474,35.79722604287543,2026-10-07,0.1454,0.1739,0.1545,0.1636
55131,33.470552850766474,35.79722604287543,2026-10-08,0.1454,0.1739,0.209,0.1739
55131,33.470552850766474,35.79722604287543,2026-10-09,0.1454,0.1636,0.1727,0.1636
55131,33.470552850766474,35.79722604287543,2026-10-10,0.1363,0.1534,0.1545,0.1636
55131,33.470552850766474,35.79722604287543,2026-10-11,0.1363,0.1534,0.1454,0.1534
55147,33.45896927812303,35.78010263908667,2026-10-05,0.222,0.232,0.2606,0.2522
55147,33.45896927812303,35.78010263908667,2026-10-06,0.1737,0.1816,0.1834,0.1816
55147,33.45896927812303,35.78010263908667,2026-10-07,0.1544,0.1715,0.1641,0.1614
55147,33.45896927812303,35.78010263908667,2026-10-08,0.1544,0.1715,0.222,0.1715
55147,33.45896927812303,35.78010263908667,2026-10-09,0.1544,0.1614,0.1834,0.1614
55147,33.45896927812303,35.78010263908667,2026-10-10,0.1448,0.1513,0.1641,0.1614
55147,33.45896927812303,35.78010263908667,2026-10-11,0.1448,0.1513,0.1544,0.1513
61463,33.453521808794136,35.36967109471533,2026-10-05,0.2385,0.2279,0.2799,0.2477
61463,33.453521808794136,35.36967109471533,2026-10-06,0.1866,0.1783,0.197,0.1783
61463,33.453521808794136,35.36967109471533,2026-10-07,0.1659,0.1684,0.1763,0.1585
61463,33.453521808794136,35.36967109471533,2026-10-08,0.1659,0.1684,0.2385,0.1684
61463,33.453521808794136,35.36967109471533,2026-10-09,0.1659,0.1585,0.197,0.1585
61463,33.453521808794136,35.36967109471533,2026-10-10,0.1555,0.1486,0.1763,0.1585
61463,33.453521808794136,35.36967109471533,2026-10-11,0.1555,0.1486,0.1659,0.1486
61449,33.45423951854334,35.301735623449176,2026-10-05,0.2696,0.2201,0.3165,0.2392
61449,33.45423951854334,35.301735623449176,2026-10-06,0.211,0.1722,0.2227,0.1722
61449,33.45423951854334,35.301735623449176,2026-10-07,0.1876,0.1627,0.1993,0.1531
61449,33.45423951854334,35.301735623449176,2026-10-08,0.1876,0.1627,0.2696,0.1627
61449,33.45423951854334,35.301735623449176,2026-10-09,0.1876,0.1531,0.2227,0.1531
61449,33.45423951854334,35.301735623449176,2026-10-10,0.1758,0.1435,0.1993,0.1531
61449,33.45423951854334,35.301735623449176,2026-10-11,0.1758,0.1435,0.1876,0.1435
63378,33.45992980435221,35.60291044327353,2026-10-05,0.219,0.2327,0.2571,0.253
63378,33.45992980435221,35.60291044327353,2026-10-06,0.1714,0.1821,0.1809,0.1821
63378,33.45992980435221,35.60291044327353,2026-10-07,0.1524,0.172,0.1619,0.1619
63378,33.45992980435221,35.60291044327353,2026-10-08,0.1524,0.172,0.219,0.172
63378,33.45992980435221,35.60291044327353,2026-10-09,0.1524,0.1619,0.1809,0.1619
63378,33.45992980435221,35.60291044327353,2026-10-10,0.1428,0.1518,0.1619,0.1619
63378,33.45992980435221,35.60291044327353,2026-10-11,0.1428,0.1518,0.1524,0.1518
71261,33.4614690037516,35.44509747849007,2026-10-05,0.2672,0.2207,0.3137,0.2399
71261,33.4614690037516,35.44509747849007,2026-10-06,0.2091,0.1727,0.2208,0.1727
71261,33.4614690037516,35.44509747849007,2026-10-07,0.1859,0.1631,0.1975,0.1535
71261,33.4614690037516,35.44509747849007,2026-10-08,0.1859,0.1631,0.2672,0.1631
71261,33.4614690037516,35.44509747849007,2026-10-09,0.1859,0.1535,0.2208,0.1535
71261,33.4614690037516,35.44509747849007,2026-10-10,0.1743,0.1439,0.1975,0.1535
71261,33.4614690037516,35.44509747849007,2026-10-11,0.1743,0.1439,0.1859,0.1439
63311,33.4575775971719,35.577629305854316,2026-10-05,0.2512,0.2247,0.2949,0.2442
63311,33.4575775971719,35.577629305854316,2026-10-06,0.1966,0.1758,0.2075,0.1758
63311,33.4575775971719,35.577629305854316,2026-10-07,0.1748,0.1661,0.1857,0.1563
63311,33.4575775971719,35.577629305854316,2026-10-08,0.1748,0.1661,0.2512,0.1661
63311,33.4575775971719,35.577629305854316,2026-10-09,0.1748,0.1563,0.2075,0.1563
63311,33.4575775971719,35.577629305854316,2026-10-10,0.1638,0.1465,0.1857,0.1563
63311,33.4575775971719,35.577629305854316,2026-10-11,0.1638,0.1465,0.1748,0.1465
61479,33.461572499794016,35.412399951643145,2026-10-05,0.2115,0.2346,0.2483,0.255
61479,33.461572499794016,35.412399951643145,2026-10-06,0.1655,0.1836,0.1747,0.1836
61479,33.461572499794016,35.412399951643145,2026-10-07,0.1471,0.1734,0.1563,0.1632
61479,33.461572499794016,35.412399951643145,2026-10-08,0.1471,0.1734,0.2115,0.1734
61479,33.461572499794016,35.412399951643145,2026-10-09,0.1471,0.1632,0.1747,0.1632
61479,33.461572499794016,35.412399951643145,2026-10-10,0.1379,0.153,0.1563,0.1632
61479,33.461572499794016,35.412399951643145,2026-10-11,0.1379,0.153,0.1471,0.153
74175,33.44125177781474,35.735668766568295,2026-10-05,0.2222,0.232,0.2608,0.2521
74175,33.44125177781474,35.735668766568295,2026-10-06,0.1739,0.1815,0.1835,0.1815
74175,33.44125177781474,35.735668766568295,2026-10-07,0.1546,0.1714,0.1642,0.1614
74175,33.44125177781474,35.735668766568295,2026-10-08,0.1546,0.1714,0.2222,0.1714
74175,33.44125177781474,35.735668766568295,2026-10-09,0.1546,0.1614,0.1835,0.1614
74175,33.44125177781474,35.735668766568295,2026-10-10,0.1449,0.1513,0.1642,0.1614
74175,33.44125177781474,35.735668766568295,2026-10-11,0.1449,0.1513,0.1546,0.1513
74111,33.41713554687964,35.673067202937744,2026-10-05,0.2424,0.2269,0.2846,0.2466
74111,33.41713554687964,35.673067202937744,2026-10-06,0.1897,0.1776,0.2002,0.1776
74111,33.41713554687964,35.673067202937744,2026-10-07,0.1686,0.1677,0.1792,0.1578
74111,33.41713554687964,35.673067202937744,2026-10-08,0.1686,0.1677,0.2424,0.1677
74111,33.41713554687964,35.673067202937744,2026-10-09,0.1686,0.1578,0.2002,0.1578
74111,33.41713554687964,35.673067202937744,2026-10-10,0.1581,0.148,0.1792,0.1578
74111,33.41713554687964,35.673067202937744,2026-10-11,0.1581,0.148,0.1686,0.148
71271,33.44933672118706,35.43747626175229,2026-10-05,0.2486,0.2253,0.2919,0.2449
71271,33.44933672118706,35.43747626175229,2026-10-06,0.1946,0.1764,0.2054,0.1764
71271,33.44933672118706,35.43747626175229,2026-10-07,0.1729,0.1666,0.1838,0.1568
71271,33.44933672118706,35.43747626175229,2026-10-08,0.1729,0.1666,0.2486,0.1666
71271,33.44933672118706,35.43747626175229,2026-10-09,0.1729,0.1568,0.2054,0.1568
71271,33.44933672118706,35.43747626175229,2026-10-10,0.1621,0.147,0.1838,0.1568
71271,33.44933672118706,35.43747626175229,2026-10-11,0.1621,0.147,0.1729,0.147
74128,33.43221970029214,35.7010398102578,2026-10-05,0.1916,0.2396,0.2249,0.2604
74128,33.43221970029214,35.7010398102578,2026-10-06,0.1499,0.1875,0.1583,0.1875
74128,33.43221970029214,35.7010398102578,2026-10-07,0.1333,0.1771,0.1416,0.1667
74128,33.43221970029214,35.7010398102578,2026-10-08,0.1333,0.1771,0.1916,0.1771
74128,33.43221970029214,35.7010398102578,2026-10-09,0.1333,0.1667,0.1583,0.1667
74128,33.43221970029214,35.7010398102578,2026-10-10,0.1249,0.1563,0.1416,0.1667
74128,33.43221970029214,35.7010398102578,2026-10-11,0.1249,0.1563,0.1333,0.1563
71281,33.44386288769291,35.397965394998636,2026-10-05,0.2344,0.2289,0.2751,0.2488
71281,33.44386288769291,35.397965394998636,2026-10-06,0.1834,0.1791,0.1936,0.1791
71281,33.44386288769291,35.397965394998636,2026-10-07,0.163,0.1692,0.1732,0.1592
71281,33.44386288769291,35.397965394998636,2026-10-08,0.163,0.1692,0.2344,0.1692
71281,33.44386288769291,35.397965394998636,2026-10-09,0.163,0.1592,0.1936,0.1592
71281,33.44386288769291,35.397965394998636,2026-10-10,0.1529,0.1493,0.1732,0.1592
71281,33.44386288769291,35.397965394998636,2026-10-11,0.1529,0.1493,0.163,0.1493
55171,33.44219392853559,35.78458436036929,2026-10-05,0.2427,0.2268,0.2849,0.2465
55171,33.44219392853559,35.78458436036929,2026-10-06,0.19,0.1775,0.2005,0.1775
55171,33.44219392853559,35.78458436036929,2026-10-07,0.1689,0.1676,0.1794,0.1578
55171,33.44219392853559,35.78458436036929,2026-10-08,0.1689,0.1676,0.2427,0.1676
55171,33.44219392853559,35.78458436036929,2026-10-09,0.1689,0.1578,0.2005,0.1578
55171,33.44219392853559,35.78458436036929,2026-10-10,0.1583,0.1479,0.1794,0.1578
55171,33.44219392853559,35.78458436036929,2026-10-11,0.1583,0.1479,0.1689,0.1479
71246,33.44007435631086,35.49068757236993,2026-10-05,0.2213,0.2322,0.2598,0.2524
71246,33.44007435631086,35.49068757236993,2026-10-06,0.1732,0.1817,0.1828,0.1817
71246,33.44007435631086,35.49068757236993,2026-10-07,0.154,0.1716,0.1636,0.1615
71246,33.44007435631086,35.49068757236993,2026-10-08,0.154,0.1716,0.2213,0.1716
71246,33.44007435631086,35.49068757236993,2026-10-09,0.154,0.1615,0.1828,0.1615
71246,33.44007435631086,35.49068757236993,2026-10-10,0.1443,0.1514,0.1636,0.1615
71246,33.44007435631086,35.49068757236993,2026-10-11,0.1443,0.1514,0.154,0.1514
61459,33.43672044923176,35.369669889331576,2026-10-05,0.2658,0.2211,0.312,0.2403
61459,33.43672044923176,35.369669889331576,2026-10-06,0.208,0.173,0.2195,0.173
61459,33.43672044923176,35.369669889331576,2026-10-07,0.1849,0.1634,0.1964,0.1538
61459,33.43672044923176,35.369669889331576,2026-10-08,0.1849,0.1634,0.2658,0.1634
61459,33.43672044923176,35.369669889331576,2026-10-09,0.1849,0.1538,0.2195,0.1538
61459,33.43672044923176,35.369669889331576,2026-10-10,0.1733,0.1442,0.1964,0.1538
61459,33.43672044923176,35.369669889331576,2026-10-11,0.1733,0.1442,0.1849,0.1442
61451,33.43707806116085,35.33983116414368,2026-10-05,0.2636,0.2216,0.3095,0.2409
61451,33.43707806116085,35.33983116414368,2026-10-06,0.2063,0.1734,0.2178,0.1734
61451,33.43707806116085,35.33983116414368,2026-10-07,0.1834,0.1638,0.1949,0.1541
61451,33.43707806116085,35.33983116414368,2026-10-08,0.1834,0.1638,0.2636,0.1638
61451,33.43707806116085,35.33983116414368,2026-10-09,0.1834,0.1541,0.2178,0.1541
61451,33.43707806116085,35.33983116414368,2026-10-10,0.1719,0.1445,0.1949,0.1541
61451,33.43707806116085,35.33983116414368,2026-10-11,0.1719,0.1445,0.1834,0.1445
63319,33.43882347354728,35.564964690193904,2026-10-05,0.1914,0.2397,0.2247,0.2605
63319,33.43882347354728,35.564964690193904,2026-10-06,0.1498,0.1876,0.1581,0.1876
63319,33.43882347354728,35.564964690193904,2026-10-07,0.1331,0.1771,0.1415,0.1667
63319,33.43882347354728,35.564964690193904,2026-10-08,0.1331,0.1771,0.1914,0.1771
63319,33.43882347354728,35.564964690193904,2026-10-09,0.1331,0.1667,0.1581,0.1667
63319,33.43882347354728,35.564964690193904,2026-10-10,0.1248,0.1563,0.1415,0.1667
63319,33.43882347354728,35.564964690193904,2026-10-11,0.1248,0.1563,0.1331,0.1563
52291,33.43908877498054,35.66298254855634,2026-10-05,0.1854,0.2412,0.2176,0.2621
52291,33.43908877498054,35.66298254855634,2026-10-06,0.1451,0.1887,0.1531,0.1887
52291,33.43908877498054,35.66298254855634,2026-10-07,0.129,0.1782,0.137,0.1678
52291,33.43908877498054,35.66298254855634,2026-10-08,0.129,0.1782,0.1854,0.1782
52291,33.43908877498054,35.66298254855634,2026-10-09,0.129,0.1678,0.1531,0.1678
52291,33.43908877498054,35.66298254855634,2026-10-10,0.1209,0.1573,0.137,0.1678
52291,33.43908877498054,35.66298254855634,2026-10-11,0.1209,0.1573,0.129,0.1573
0,33.44330272885398,35.905957270913355,2026-10-05,0.2032,0.2367,0.2386,0.2573
0,33.44330272885398,35.905957270913355,2026-10-06,0.1591,0.1852,0.1679,0.1852
0,33.44330272885398,35.905957270913355,2026-10-07,0.1414,0.1749,0.1502,0.1647
0,33.44330272885398,35.905957270913355,2026-10-08,0.1414,0.1749,0.2032,0.1749
0,33.44330272885398,35.905957270913355,2026-10-09,0.1414,0.1647,0.1679,0.1647
0,33.44330272885398,35.905957270913355,2026-10-10,0.1326,0.1544,0.1502,0.1647
0,33.44330272885398,35.905957270913355,2026-10-11,0.1326,0.1544,0.1414,0.1544
61461,33.43615642841313,35.284187628287796,2026-10-05,0.2396,0.2276,0.2812,0.2474
61461,33.43615642841313,35.284187628287796,2026-10-06,0.1875,0.1781,0.1979,0.1781
61461,33.43615642841313,35.284187628287796,2026-10-07,0.1667,0.1682,0.1771,0.1583
61461,33.43615642841313,35.284187628287796,2026-10-08,0.1667,0.1682,0.2396,0.1682
61461,33.43615642841313,35.284187628287796,2026-10-09,0.1667,0.1583,0.1979,0.1583
61461,33.43615642841313,35.284187628287796,2026-10-10,0.1562,0.1484,0.1771,0.1583
61461,33.43615642841313,35.284187628287796,2026-10-11,0.1562,0.1484,0.1667,0.1484
63351,33.433154436048106,35.53371174209128,2026-10-05,0.2436,0.2266,0.286,0.2463
63351,33.433154436048106,35.53371174209128,2026-10-06,0.1906,0.1773,0.2012,0.1773
63351,33.433154436048106,35.53371174209128,2026-10-07,0.1695,0.1675,0.18,0.1576
63351,33.433154436048106,35.53371174209128,2026-10-08,0.1695,0.1675,0.2436,0.1675
63351,33.433154436048106,35.53371174209128,2026-10-09,0.1695,0.1576,0.2012,0.1576
63351,33.433154436048106,35.53371174209128,2026-10-10,0.1589,0.1478,0.18,0.1576
63351,33.433154436048106,35.53371174209128,2026-10-11,0.1589,0.1478,0.1695,0.1478
71311,33.43050470631275,35.44709945330313,2026-10-05,0.1949,0.2388,0.2288,0.2595
71311,33.43050470631275,35.44709945330313,2026-10-06,0.1525,0.1869,0.161,0.1869
71311,33.43050470631275,35.44709945330313,2026-10-07,0.1356,0.1765,0.1441,0.1661
71311,33.43050470631275,35.44709945330313,2026-10-08,0.1356,0.1765,0.1949,0.1765
71311,33.43050470631275,35.44709945330313,2026-10-09,0.1356,0.1661,0.161,0.1661
71311,33.43050470631275,35.44709945330313,2026-10-10,0.1271,0.1557,0.1441,0.1661
71311,33.43050470631275,35.44709945330313,2026-10-11,0.1271,0.1557,0.1356,0.1557
71256,33.42831927769925,35.50666525626132,2026-10-05,0.2285,0.2304,0.2682,0.2504
71256,33.42831927769925,35.50666525626132,2026-10-06,0.1788,0.1803,0.1888,0.1803
71256,33.42831927769925,35.50666525626132,2026-10-07,0.159,0.1703,0.1689,0.1603
71256,33.42831927769925,35.50666525626132,2026-10-08,0.159,0.1703,0.2285,0.1703
71256,33.42831927769925,35.50666525626132,2026-10-09,0.159,0.1603,0.1888,0.1603
71256,33.42831927769925,35.50666525626132,2026-10-10,0.149,0.1502,0.1689,0.1603
71256,33.42831927769925,35.50666525626132,2026-10-11,0.149,0.1502,0.159,0.1502
61439,33.42748079758692,35.28596024343298,2026-10-05,0.2147,0.2338,0.2521,0.2542
61439,33.42748079758692,35.28596024343298,2026-10-06,0.168,0.183,0.1774,0.183
61439,33.42748079758692,35.28596024343298,2026-10-07,0.1494,0.1728,0.1587,0.1627
61439,33.42748079758692,35.28596024343298,2026-10-08,0.1494,0.1728,0.2147,0.1728
61439,33.42748079758692,35.28596024343298,2026-10-09,0.1494,0.1627,0.1774,0.1627
61439,33.42748079758692,35.28596024343298,2026-10-10,0.14,0.1525,0.1587,0.1627
61439,33.42748079758692,35.28596024343298,2026-10-11,0.14,0.1525,0.1494,0.1525
61454,33.41549352456974,35.38677640641432,2026-10-05,0.2267,0.2308,0.2661,0.2509
61454,33.41549352456974,35.38677640641432,2026-10-06,0.1774,0.1806,0.1873,0.1806
61454,33.41549352456974,35.38677640641432,2026-10-07,0.1577,0.1706,0.1675,0.1606
61454,33.41549352456974,35.38677640641432,2026-10-08,0.1577,0.1706,0.2267,0.1706
61454,33.41549352456974,35.38677640641432,2026-10-09,0.1577,0.1606,0.1873,0.1606
61454,33.41549352456974,35.38677640641432,2026-10-10,0.1478,0.1505,0.1675,0.1606
61454,33.41549352456974,35.38677640641432,2026-10-11,0.1478,0.1505,0.1577,0.1505
71327,33.41799170829231,35.408423874200274,2026-10-05,0.2284,0.2304,0.2681,0.2504
71327,33.41799170829231,35.408423874200274,2026-10-06,0.1787,0.1803,0.1887,0.1803
71327,33.41799170829231,35.408423874200274,2026-10-07,0.1589,0.1703,0.1688,0.1603
71327,33.41799170829231,35.408423874200274,2026-10-08,0.1589,0.1703,0.2284,0.1703
71327,33.41799170829231,35.408423874200274,2026-10-09,0.1589,0.1603,0.1887,0.1603
71327,33.41799170829231,35.408423874200274,2026-10-10,0.1489,0.1503,0.1688,0.1603
71327,33.41799170829231,35.408423874200274,2026-10-11,0.1489,0.1503,0.1589,0.1503
61444,33.40971277396355,35.32618923537959,2026-10-05,0.1927,0.2393,0.2262,0.2601
61444,33.40971277396355,35.32618923537959,2026-10-06,0.1508,0.1873,0.1592,0.1873
61444,33.40971277396355,35.32618923537959,2026-10-07,0.1341,0.1769,0.1424,0.1665
61444,33.40971277396355,35.32618923537959,2026-10-08,0.1341,0.1769,0.1927,0.1769
61444,33.40971277396355,35.32618923537959,2026-10-09,0.1341,0.1665,0.1592,0.1665
61444,33.40971277396355,35.32618923537959,2026-10-10,0.1257,0.1561,0.1424,0.1665
61444,33.40971277396355,35.32618923537959,2026-10-11,0.1257,0.1561,0.1341,0.1561
61434,33.39412125193226,35.26542090224856,2026-10-05,0.2651,0.2212,0.3112,0.2405
61434,33.39412125193226,35.26542090224856,2026-10-06,0.2075,0.1731,0.219,0.1731
61434,33.39412125193226,35.26542090224856,2026-10-07,0.1844,0.1635,0.1959,0.1539
61434,33.39412125193226,35.26542090224856,2026-10-08,0.1844,0.1635,0.2651,0.1635
61434,33.39412125193226,35.26542090224856,2026-10-09,0.1844,0.1539,0.219,0.1539
61434,33.39412125193226,35.26542090224856,2026-10-10,0.1729,0.1443,0.1959,0.1539
61434,33.39412125193226,35.26542090224856,2026-10-11,0.1729,0.1443,0.1844,0.1443
61436,33.40744068734268,35.28832230086494,2026-10-05,0.1973,0.2382,0.2316,0.2589
61436,33.40744068734268,35.28832230086494,2026-10-06,0.1544,0.1864,0.163,0.1864
61436,33.40744068734268,35.28832230086494,2026-10-07,0.1373,0.176,0.1458,0.1657
61436,33.40744068734268,35.28832230086494,2026-10-08,0.1373,0.176,0.1973,0.176
61436,33.40744068734268,35.28832230086494,2026-10-09,0.1373,0.1657,0.163,0.1657
61436,33.40744068734268,35.28832230086494,2026-10-10,0.1287,0.1553,0.1458,0.1657
61436,33.40744068734268,35.28832230086494,2026-10-11,0.1287,0.1553,0.1373,0.1553
61447,33.41531764831939,35.355966718336255,2026-10-05,0.2448,0.2263,0.2874,0.246
61447,33.41531764831939,35.355966718336255,2026-10-06,0.1916,0.1771,0.2022,0.1771
61447,33.41531764831939,35.355966718336255,2026-10-07,0.1703,0.1673,0.1809,0.1574
61447,33.41531764831939,35.355966718336255,2026-10-08,0.1703,0.1673,0.2448,0.1673
61447,33.41531764831939,35.355966718336255,2026-10-09,0.1703,0.1574,0.2022,0.1574
61447,33.41531764831939,35.355966718336255,2026-10-10,0.1597,0.1476,0.1809,0.1574
61447,33.41531764831939,35.355966718336255,2026-10-11,0.1597,0.1476,0.1703,0.1476
71133,33.39756561331157,35.51452836007207,2026-10-05,0.2615,0.2221,0.3069,0.2414
71133,33.39756561331157,35.51452836007207,2026-10-06,0.2046,0.1738,0.216,0.1738
71133,33.39756561331157,35.51452836007207,2026-10-07,0.1819,0.1642,0.1933,0.1545
71133,33.39756561331157,35.51452836007207,2026-10-08,0.1819,0.1642,0.2615,0.1642
71133,33.39756561331157,35.51452836007207,2026-10-09,0.1819,0.1545,0.216,0.1545
71133,33.39756561331157,35.51452836007207,2026-10-10,0.1705,0.1449,0.1933,0.1545
71133,33.39756561331157,35.51452836007207,2026-10-11,0.1705,0.1449,0.1819,0.1449
61439,33.41600528393734,35.303163879087776,2026-10-05,0.2138,0.234,0.251,0.2544
61439,33.41600528393734,35.303163879087776,2026-10-06,0.1673,0.1832,0.1766,0.1832
61439,33.41600528393734,35.303163879087776,2026-10-07,0.1487,0.173,0.158,0.1628
61439,33.41600528393734,35.303163879087776,2026-10-08,0.1487,0.173,0.2138,0.173
61439,33.41600528393734,35.303163879087776,2026-10-09,0.1487,0.1628,0.1766,0.1628
61439,33.41600528393734,35.303163879087776,2026-10-10,0.1394,0.1526,0.158,0.1628
61439,33.41600528393734,35.303163879087776,2026-10-11,0.1394,0.1526,0.1487,0.1526
71177,33.40433178776144,35.45050727218978,2026-10-05,0.2577,0.2231,0.3025,0.2425
71177,33.40433178776144,35.45050727218978,2026-10-06,0.2017,0.1746,0.2129,0.1746
71177,33.40433178776144,35.45050727218978,2026-10-07,0.1793,0.1649,0.1905,0.1552
71177,33.40433178776144,35.45050727218978,2026-10-08,0.1793,0.1649,0.2577,0.1649
71177,33.40433178776144,35.45050727218978,2026-10-09,0.1793,0.1552,0.2129,0.1552
71177,33.40433178776144,35.45050727218978,2026-10-10,0.168,0.1455,0.1905,0.1552
71177,33.40433178776144,35.45050727218978,2026-10-11,0.168,0.1455,0.1793,0.1455
71321,33.40496981675365,35.41666209219917,2026-10-05,0.2574,0.2231,0.3022,0.2425
71321,33.40496981675365,35.41666209219917,2026-10-06,0.2015,0.1746,0.2127,0.1746
71321,33.40496981675365,35.41666209219917,2026-10-07,0.1791,0.1649,0.1903,0.1552
71321,33.40496981675365,35.41666209219917,2026-10-08,0.1791,0.1649,0.2574,0.1649
71321,33.40496981675365,35.41666209219917,2026-10-09,0.1791,0.1552,0.2127,0.1552
71321,33.40496981675365,35.41666209219917,2026-10-10,0.1679,0.1455,0.1903,0.1552
71321,33.40496981675365,35.41666209219917,2026-10-11,0.1679,0.1455,0.1791,0.1455
74168,33.40810625050141,35.7506221355108,2026-10-05,0.2242,0.2315,0.2632,0.2516
74168,33.40810625050141,35.7506221355108,2026-10-06,0.1755,0.1811,0.1852,0.1811
74168,33.40810625050141,35.7506221355108,2026-10-07,0.156,0.1711,0.1657,0.161
74168,33.40810625050141,35.7506221355108,2026-10-08,0.156,0.1711,0.2242,0.1711
74168,33.40810625050141,35.7506221355108,2026-10-09,0.156,0.161,0.1852,0.161
74168,33.40810625050141,35.7506221355108,2026-10-10,0.1462,0.1509,0.1657,0.161
74168,33.40810625050141,35.7506221355108,2026-10-11,0.1462,0.1509,0.156,0.1509
71155,33.4051994039188,35.48579099274675,2026-10-05,0.2593,0.2227,0.3043,0.242
71155,33.4051994039188,35.48579099274675,2026-10-06,0.2029,0.1743,0.2142,0.1743
71155,33.4051994039188,35.48579099274675,2026-10-07,0.1804,0.1646,0.1916,0.1549
71155,33.4051994039188,35.48579099274675,2026-10-08,0.1804,0.1646,0.2593,0.1646
71155,33.4051994039188,35.48579099274675,2026-10-09,0.1804,0.1549,0.2142,0.1549
71155,33.4051994039188,35.48579099274675,2026-10-10,0.1691,0.1452,0.1916,0.1549
71155,33.4051994039188,35.48579099274675,2026-10-11,0.1691,0.1452,0.1804,0.1452
61446,33.40070303761606,35.364682416248655,2026-10-05,0.251,0.2247,0.2947,0.2443
61446,33.40070303761606,35.364682416248655,2026-10-06,0.1965,0.1759,0.2074,0.1759
61446,33.40070303761606,35.364682416248655,2026-10-07,0.1746,0.1661,0.1855,0.1563
61446,33.40070303761606,35.364682416248655,2026-10-08,0.1746,0.1661,0.251,0.1661
61446,33.40070303761606,35.364682416248655,2026-10-09,0.1746,0.1563,0.2074,0.1563
61446,33.40070303761606,35.364682416248655,2026-10-10,0.1637,0.1466,0.1855,0.1563
61446,33.40070303761606,35.364682416248655,2026-10-11,0.1637,0.1466,0.1746,0.1466
74133,33.400611407672805,35.63984229355919,2026-10-05,0.1948,0.2388,0.2286,0.2596
74133,33.400611407672805,35.63984229355919,2026-10-06,0.1524,0.1869,0.1609,0.1869
74133,33.400611407672805,35.63984229355919,2026-10-07,0.1355,0.1765,0.144,0.1661
74133,33.400611407672805,35.63984229355919,2026-10-08,0.1355,0.1765,0.1948,0.1765
74133,33.400611407672805,35.63984229355919,2026-10-09,0.1355,0.1661,0.1609,0.1661
74133,33.400611407672805,35.63984229355919,2026-10-10,0.127,0.1557,0.144,0.1661
74133,33.400611407672805,35.63984229355919,2026-10-11,0.127,0.1557,0.1355,0.1557
74126,33.4007652426363,35.702042102430944,2026-10-05,0.2332,0.2292,0.2738,0.2491
74126,33.4007652426363,35.702042102430944,2026-10-06,0.1825,0.1794,0.1927,0.1794
74126,33.4007652426363,35.702042102430944,2026-10-07,0.1622,0.1694,0.1724,0.1594
74126,33.4007652426363,35.702042102430944,2026-10-08,0.1622,0.1694,0.2332,0.1694
74126,33.4007652426363,35.702042102430944,2026-10-09,0.1622,0.1594,0.1927,0.1594
74126,33.4007652426363,35.702042102430944,2026-10-10,0.1521,0.1495,0.1724,0.1594
74126,33.4007652426363,35.702042102430944,2026-10-11,0.1521,0.1495,0.1622,0.1495
61437,33.38994663437734,35.35724343879078,2026-10-05,0.2574,0.2231,0.3022,0.2425
61437,33.38994663437734,35.35724343879078,2026-10-06,0.2015,0.1746,0.2126,0.1746
61437,33.38994663437734,35.35724343879078,2026-10-07,0.1791,0.1649,0.1903,0.1552
61437,33.38994663437734,35.35724343879078,2026-10-08,0.1791,0.1649,0.2574,0.1649
61437,33.38994663437734,35.35724343879078,2026-10-09,0.1791,0.1552,0.2126,0.1552
61437,33.38994663437734,35.35724343879078,2026-10-10,0.1679,0.1455,0.1903,0.1552
61437,33.38994663437734,35.35724343879078,2026-10-11,0.1679,0.1455,0.1791,0.1455
71361,33.37882121750346,35.32849699087036,2026-10-05,0.2586,0.2229,0.3035,0.2422
71361,33.37882121750346,35.32849699087036,2026-10-06,0.2023,0.1744,0.2136,0.1744
71361,33.37882121750346,35.32849699087036,2026-10-07,0.1799,0.1647,0.1911,0.155
71361,33.37882121750346,35.32849699087036,2026-10-08,0.1799,0.1647,0.2586,0.1647
71361,33.37882121750346,35.32849699087036,2026-10-09,0.1799,0.155,0.2136,0.155
71361,33.37882121750346,35.32849699087036,2026-10-10,0.1686,0.1453,0.1911,0.155
71361,33.37882121750346,35.32849699087036,2026-10-11,0.1686,0.1453,0.1799,0.1453
71117,33.39394687711296,35.477758155541835,2026-10-05,0.2112,0.2347,0.2479,0.2551
71117,33.39394687711296,35.477758155541835,2026-10-06,0.1653,0.1837,0.1745,0.1837
71117,33.39394687711296,35.477758155541835,2026-10-07,0.1469,0.1735,0.1561,0.1633
71117,33.39394687711296,35.477758155541835,2026-10-08,0.1469,0.1735,0.2112,0.1735
71117,33.39394687711296,35.477758155541835,2026-10-09,0.1469,0.1633,0.1745,0.1633
71117,33.39394687711296,35.477758155541835,2026-10-10,0.1377,0.1531,0.1561,0.1633
71117,33.39394687711296,35.477758155541835,2026-10-11,0.1377,0.1531,0.1469,0.1531
71334,33.383097787094925,35.41134276936357,2026-10-05,0.2034,0.2366,0.2388,0.2572
71334,33.383097787094925,35.41134276936357,2026-10-06,0.1592,0.1852,0.168,0.1852
71334,33.383097787094925,35.41134276936357,2026-10-07,0.1415,0.1749,0.1503,0.1646
71334,33.383097787094925,35.41134276936357,2026-10-08,0.1415,0.1749,0.2034,0.1749
71334,33.383097787094925,35.41134276936357,2026-10-09,0.1415,0.1646,0.168,0.1646
71334,33.383097787094925,35.41134276936357,2026-10-10,0.1327,0.1543,0.1503,0.1646
71334,33.383097787094925,35.41134276936357,2026-10-11,0.1327,0.1543,0.1415,0.1543
71324,33.392056994369746,35.44528978653706,2026-10-05,0.2647,0.2213,0.3107,0.2406
71324,33.392056994369746,35.44528978653706,2026-10-06,0.2071,0.1732,0.2186,0.1732
71324,33.392056994369746,35.44528978653706,2026-10-07,0.1841,0.1636,0.1956,0.154
71324,33.392056994369746,35.44528978653706,2026-10-08,0.1841,0.1636,0.2647,0.1636
71324,33.392056994369746,35.44528978653706,2026-10-09,0.1841,0.154,0.2186,0.154
71324,33.392056994369746,35.44528978653706,2026-10-10,0.1726,0.1443,0.1956,0.154
71324,33.392056994369746,35.44528978653706,2026-10-11,0.1726,0.1443,0.1841,0.1443
61433,33.38761645011577,35.30891759830583,2026-10-05,0.2586,0.2228,0.3036,0.2422
61433,33.38761645011577,35.30891759830583,2026-10-06,0.2024,0.1744,0.2136,0.1744
61433,33.38761645011577,35.30891759830583,2026-10-07,0.1799,0.1647,0.1912,0.155
61433,33.38761645011577,35.30891759830583,2026-10-08,0.1799,0.1647,0.2586,0.1647
61433,33.38761645011577,35.30891759830583,2026-10-09,0.1799,0.155,0.2136,0.155
61433,33.38761645011577,35.30891759830583,2026-10-10,0.1687,0.1453,0.1912,0.155
61433,33.38761645011577,35.30891759830583,2026-10-11,0.1687,0.1453,0.1799,0.1453
71111,33.38029659386624,35.4823455559352,2026-10-05,0.2316,0.2296,0.2718,0.2496
71111,33.38029659386624,35.4823455559352,2026-10-06,0.1812,0.1797,0.1913,0.1797
71111,33.38029659386624,35.4823455559352,2026-10-07,0.1611,0.1697,0.1712,0.1597
71111,33.38029659386624,35.4823455559352,2026-10-08,0.1611,0.1697,0.2316,0.1697
71111,33.38029659386624,35.4823455559352,2026-10-09,0.1611,0.1597,0.1913,0.1597
71111,33.38029659386624,35.4823455559352,2026-10-10,0.151,0.1497,0.1712,0.1597
71111,33.38029659386624,35.4823455559352,2026-10-11,0.151,0.1497,0.1611,0.1497
71122,33.374511141322,35.461620205527595,2026-10-05,0.2055,0.2361,0.2413,0.2567
71122,33.374511141322,35.461620205527595,2026-10-06,0.1608,0.1848,0.1698,0.1848
71122,33.374511141322,35.461620205527595,2026-10-07,0.143,0.1745,0.1519,0.1643
71122,33.374511141322,35.461620205527595,2026-10-08,0.143,0.1745,0.2055,0.1745
71122,33.374511141322,35.461620205527595,2026-10-09,0.143,0.1643,0.1698,0.1643
71122,33.374511141322,35.461620205527595,2026-10-10,0.134,0.154,0.1519,0.1643
71122,33.374511141322,35.461620205527595,2026-10-11,0.134,0.154,0.143,0.154
71331,33.37021895391297,35.44160876220944,2026-10-05,0.1906,0.2399,0.2237,0.2607
71331,33.37021895391297,35.44160876220944,2026-10-06,0.1491,0.1877,0.1574,0.1877
71331,33.37021895391297,35.44160876220944,2026-10-07,0.1326,0.1773,0.1408,0.1669
71331,33.37021895391297,35.44160876220944,2026-10-08,0.1326,0.1773,0.1906,0.1773
71331,33.37021895391297,35.44160876220944,2026-10-09,0.1326,0.1669,0.1574,0.1669
71331,33.37021895391297,35.44160876220944,2026-10-10,0.1243,0.1564,0.1408,0.1669
71331,33.37021895391297,35.44160876220944,2026-10-11,0.1243,0.1564,0.1326,0.1564
74114,33.38146968281339,35.68162179066591,2026-10-05,0.2188,0.2328,0.2569,0.253
74114,33.38146968281339,35.68162179066591,2026-10-06,0.1713,0.1822,0.1808,0.1822
74114,33.38146968281339,35.68162179066591,2026-10-07,0.1522,0.1721,0.1618,0.1619
74114,33.38146968281339,35.68162179066591,2026-10-08,0.1522,0.1721,0.2188,0.1721
74114,33.38146968281339,35.68162179066591,2026-10-09,0.1522,0.1619,0.1808,0.1619
74114,33.38146968281339,35.68162179066591,2026-10-10,0.1427,0.1518,0.1618,0.1619
74114,33.38146968281339,35.68162179066591,2026-10-11,0.1427,0.1518,0.1522,0.1518
61426,33.37320226935276,35.30142767750808,2026-10-05,0.2303,0.2299,0.2704,0.2499
61426,33.37320226935276,35.30142767750808,2026-10-06,0.1802,0.1799,0.1903,0.1799
61426,33.37320226935276,35.30142767750808,2026-10-07,0.1602,0.1699,0.1702,0.1599
61426,33.37320226935276,35.30142767750808,2026-10-08,0.1602,0.1699,0.2303,0.1699
61426,33.37320226935276,35.30142767750808,2026-10-09,0.1602,0.1599,0.1903,0.1599
61426,33.37320226935276,35.30142767750808,2026-10-10,0.1502,0.1499,0.1702,0.1599
61426,33.37320226935276,35.30142767750808,2026-10-11,0.1502,0.1499,0.1602,0.1499
74122,33.36525194079971,35.691905911545746,2026-10-05,0.1866,0.2408,0.2191,0.2618
74122,33.36525194079971,35.691905911545746,2026-10-06,0.1461,0.1885,0.1542,0.1885
74122,33.36525194079971,35.691905911545746,2026-10-07,0.1298,0.178,0.138,0.1675
74122,33.36525194079971,35.691905911545746,2026-10-08,0.1298,0.178,0.1866,0.178
74122,33.36525194079971,35.691905911545746,2026-10-09,0.1298,0.1675,0.1542,0.1675
74122,33.36525194079971,35.691905911545746,2026-10-10,0.1217,0.1571,0.138,0.1675
74122,33.36525194079971,35.691905911545746,2026-10-11,0.1217,0.1571,0.1298,0.1571
74130,33.359751433648775,35.749609054469545,2026-10-05,0.2185,0.2329,0.2565,0.2531
74130,33.359751433648775,35.749609054469545,2026-10-06,0.171,0.1822,0.1805,0.1822
74130,33.359751433648775,35.749609054469545,2026-10-07,0.152,0.1721,0.1615,0.162
74130,33.359751433648775,35.749609054469545,2026-10-08,0.152,0.1721,0.2185,0.1721
74130,33.359751433648775,35.749609054469545,2026-10-09,0.152,0.162,0.1805,0.162
74130,33.359751433648775,35.749609054469545,2026-10-10,0.1425,0.1519,0.1615,0.162
74130,33.359751433648775,35.749609054469545,2026-10-11,0.1425,0.1519,0.152,0.1519
61412,33.355546879258995,35.250995268202715,2026-10-05,0.2116,0.2346,0.2484,0.255
61412,33.355546879258995,35.250995268202715,2026-10-06,0.1656,0.1836,0.1748,0.1836
61412,33.355546879258995,35.250995268202715,2026-10-07,0.1472,0.1734,0.1564,0.1632
61412,33.355546879258995,35.250995268202715,2026-10-08,0.1472,0.1734,0.2116,0.1734
61412,33.355546879258995,35.250995268202715,2026-10-09,0.1472,0.1632,0.1748,0.1632
61412,33.355546879258995,35.250995268202715,2026-10-10,0.138,0.153,0.1564,0.1632
61412,33.355546879258995,35.250995268202715,2026-10-11,0.138,0.153,0.1472,0.153
71337,33.359016618433046,35.42825312097851,2026-10-05,0.2395,0.2276,0.2812,0.2474
71337,33.359016618433046,35.42825312097851,2026-10-06,0.1875,0.1781,0.1979,0.1781
71337,33.359016618433046,35.42825312097851,2026-10-07,0.1666,0.1682,0.1771,0.1583
71337,33.359016618433046,35.42825312097851,2026-10-08,0.1666,0.1682,0.2395,0.1682
71337,33.359016618433046,35.42825312097851,2026-10-09,0.1666,0.1583,0.1979,0.1583
71337,33.359016618433046,35.42825312097851,2026-10-10,0.1562,0.1484,0.1771,0.1583
71337,33.359016618433046,35.42825312097851,2026-10-11,0.1562,0.1484,0.1666,0.1484
74116,33.368527284481004,35.652358432436955,2026-10-05,0.1998,0.2375,0.2346,0.2582
74116,33.368527284481004,35.652358432436955,2026-10-06,0.1564,0.1859,0.1651,0.1859
74116,33.368527284481004,35.652358432436955,2026-10-07,0.139,0.1756,0.1477,0.1652
74116,33.368527284481004,35.652358432436955,2026-10-08,0.139,0.1756,0.1998,0.1756
74116,33.368527284481004,35.652358432436955,2026-10-09,0.139,0.1652,0.1651,0.1652
74116,33.368527284481004,35.652358432436955,2026-10-10,0.1303,0.1549,0.1477,0.1652
74116,33.368527284481004,35.652358432436955,2026-10-11,0.1303,0.1549,0.139,0.1549
71113,33.357743620396086,35.49237766795728,2026-10-05,0.2334,0.2292,0.2739,0.2491
71113,33.357743620396086,35.49237766795728,2026-10-06,0.1826,0.1793,0.1928,0.1793
71113,33.357743620396086,35.49237766795728,2026-10-07,0.1623,0.1694,0.1725,0.1594
71113,33.357743620396086,35.49237766795728,2026-10-08,0.1623,0.1694,0.2334,0.1694
71113,33.357743620396086,35.49237766795728,2026-10-09,0.1623,0.1594,0.1928,0.1594
71113,33.357743620396086,35.49237766795728,2026-10-10,0.1522,0.1495,0.1725,0.1594
71113,33.357743620396086,35.49237766795728,2026-10-11,0.1522,0.1495,0.1623,0.1495
61421,33.360320154654914,35.27561719850219,2026-10-05,0.195,0.2388,0.2289,0.2595
61421,33.360320154654914,35.27561719850219,2026-10-06,0.1526,0.1869,0.161,0.1869
61421,33.360320154654914,35.27561719850219,2026-10-07,0.1356,0.1765,0.1441,0.1661
61421,33.360320154654914,35.27561719850219,2026-10-08,0.1356,0.1765,0.195,0.1765
61421,33.360320154654914,35.27561719850219,2026-10-09,0.1356,0.1661,0.161,0.1661
61421,33.360320154654914,35.27561719850219,2026-10-10,0.1271,0.1557,0.1441,0.1661
61421,33.360320154654914,35.27561719850219,2026-10-11,0.1271,0.1557,0.1356,0.1557
73127,33.35590031691954,35.625058144824955,2026-10-05,0.2001,0.2375,0.235,0.2581
73127,33.35590031691954,35.625058144824955,2026-10-06,0.1566,0.1858,0.1653,0.1858
73127,33.35590031691954,35.625058144824955,2026-10-07,0.1392,0.1755,0.1479,0.1652
73127,33.35590031691954,35.625058144824955,2026-10-08,0.1392,0.1755,0.2001,0.1755
73127,33.35590031691954,35.625058144824955,2026-10-09,0.1392,0.1652,0.1653,0.1652
73127,33.35590031691954,35.625058144824955,2026-10-10,0.1305,0.1549,0.1479,0.1652
73127,33.35590031691954,35.625058144824955,2026-10-11,0.1305,0.1549,0.1392,0.1549
61419,33.351853329020635,35.293631966967915,2026-10-05,0.1975,0.2381,0.2319,0.2588
61419,33.351853329020635,35.293631966967915,2026-10-06,0.1546,0.1864,0.1632,0.1864
61419,33.351853329020635,35.293631966967915,2026-10-07,0.1374,0.176,0.146,0.1656
61419,33.351853329020635,35.293631966967915,2026-10-08,0.1374,0.176,0.1975,0.176
61419,33.351853329020635,35.293631966967915,2026-10-09,0.1374,0.1656,0.1632,0.1656
61419,33.351853329020635,35.293631966967915,2026-10-10,0.1288,0.1553,0.146,0.1656
61419,33.351853329020635,35.293631966967915,2026-10-11,0.1288,0.1553,0.1374,0.1553
73119,33.36988716758832,35.59262325639393,2026-10-05,0.2049,0.2363,0.2406,0.2568
73119,33.36988716758832,35.59262325639393,2026-10-06,0.1604,0.1849,0.1693,0.1849
73119,33.36988716758832,35.59262325639393,2026-10-07,0.1426,0.1746,0.1515,0.1644
73119,33.36988716758832,35.59262325639393,2026-10-08,0.1426,0.1746,0.2049,0.1746
73119,33.36988716758832,35.59262325639393,2026-10-09,0.1426,0.1644,0.1693,0.1644
73119,33.36988716758832,35.59262325639393,2026-10-10,0.1337,0.1541,0.1515,0.1644
73119,33.36988716758832,35.59262325639393,2026-10-11,0.1337,0.1541,0.1426,0.1541
71351,33.35890890373256,35.39630507401688,2026-10-05,0.2194,0.2327,0.2576,0.2529
71351,33.35890890373256,35.39630507401688,2026-10-06,0.1717,0.1821,0.1812,0.1821
71351,33.35890890373256,35.39630507401688,2026-10-07,0.1526,0.172,0.1622,0.1618
71351,33.35890890373256,35.39630507401688,2026-10-08,0.1526,0.172,0.2194,0.172
71351,33.35890890373256,35.39630507401688,2026-10-09,0.1526,0.1618,0.1812,0.1618
71351,33.35890890373256,35.39630507401688,2026-10-10,0.1431,0.1517,0.1622,0.1618
71351,33.35890890373256,35.39630507401688,2026-10-11,0.1431,0.1517,0.1526,0.1517
71115,33.36574048441157,35.51449132547202,2026-10-05,0.2554,0.2237,0.2998,0.2431
71115,33.36574048441157,35.51449132547202,2026-10-06,0.1999,0.175,0.211,0.175
71115,33.36574048441157,35.51449132547202,2026-10-07,0.1776,0.1653,0.1888,0.1556
71115,33.36574048441157,35.51449132547202,2026-10-08,0.1776,0.1653,0.2554,0.1653
71115,33.36574048441157,35.51449132547202,2026-10-09,0.1776,0.1556,0.211,0.1556
71115,33.36574048441157,35.51449132547202,2026-10-10,0.1665,0.1459,0.1888,0.1556
71115,33.36574048441157,35.51449132547202,2026-10-11,0.1665,0.1459,0.1776,0.1459
61427,33.34403618767126,35.330002289298974,2026-10-05,0.2442,0.2264,0.2867,0.2461
61427,33.34403618767126,35.330002289298974,2026-10-06,0.1911,0.1772,0.2018,0.1772
61427,33.34403618767126,35.330002289298974,2026-10-07,0.1699,0.1674,0.1805,0.1575
61427,33.34403618767126,35.330002289298974,2026-10-08,0.1699,0.1674,0.2442,0.1674
61427,33.34403618767126,35.330002289298974,2026-10-09,0.1699,0.1575,0.2018,0.1575
61427,33.34403618767126,35.330002289298974,2026-10-10,0.1593,0.1477,0.1805,0.1575
61427,33.34403618767126,35.330002289298974,2026-10-11,0.1593,0.1477,0.1699,0.1477
73111,33.35002313292439,35.59195030096737,2026-10-05,0.2265,0.2309,0.2659,0.251
73111,33.35002313292439,35.59195030096737,2026-10-06,0.1772,0.1807,0.1871,0.1807
73111,33.35002313292439,35.59195030096737,2026-10-07,0.1576,0.1707,0.1674,0.1606
73111,33.35002313292439,35.59195030096737,2026-10-08,0.1576,0.1707,0.2265,0.1707
73111,33.35002313292439,35.59195030096737,2026-10-09,0.1576,0.1606,0.1871,0.1606
73111,33.35002313292439,35.59195030096737,2026-10-10,0.1477,0.1506,0.1674,0.1606
73111,33.35002313292439,35.59195030096737,2026-10-11,0.1477,0.1506,0.1576,0.1506
71166,33.34968383157494,35.518417562465046,2026-10-05,0.1916,0.2396,0.225,0.2604
71166,33.34968383157494,35.518417562465046,2026-10-06,0.15,0.1875,0.1583,0.1875
71166,33.34968383157494,35.518417562465046,2026-10-07,0.1333,0.1771,0.1416,0.1667
71166,33.34968383157494,35.518417562465046,2026-10-08,0.1333,0.1771,0.1916,0.1771
71166,33.34968383157494,35.518417562465046,2026-10-09,0.1333,0.1667,0.1583,0.1667
71166,33.34968383157494,35.518417562465046,2026-10-10,0.125,0.1563,0.1416,0.1667
71166,33.34968383157494,35.518417562465046,2026-10-11,0.125,0.1563,0.1333,0.1563
71144,33.35194556380341,35.4587032540274,2026-10-05,0.197,0.2383,0.2312,0.259
71144,33.35194556380341,35.4587032540274,2026-10-06,0.1542,0.1865,0.1627,0.1865
71144,33.35194556380341,35.4587032540274,2026-10-07,0.137,0.1761,0.1456,0.1657
71144,33.35194556380341,35.4587032540274,2026-10-08,0.137,0.1761,0.197,0.1761
71144,33.35194556380341,35.4587032540274,2026-10-09,0.137,0.1657,0.1627,0.1657
71144,33.35194556380341,35.4587032540274,2026-10-10,0.1285,0.1554,0.1456,0.1657
71144,33.35194556380341,35.4587032540274,2026-10-11,0.1285,0.1554,0.137,0.1554
71344,33.344068849932064,35.47497889362784,2026-10-05,0.2492,0.2252,0.2925,0.2448
71344,33.344068849932064,35.47497889362784,2026-10-06,0.195,0.1762,0.2058,0.1762
71344,33.344068849932064,35.47497889362784,2026-10-07,0.1733,0.1665,0.1842,0.1567
71344,33.344068849932064,35.47497889362784,2026-10-08,0.1733,0.1665,0.2492,0.1665
71344,33.344068849932064,35.47497889362784,2026-10-09,0.1733,0.1567,0.2058,0.1567
71344,33.344068849932064,35.47497889362784,2026-10-10,0.1625,0.1469,0.1842,0.1567
71344,33.344068849932064,35.47497889362784,2026-10-11,0.1625,0.1469,0.1733,0.1469
71347,33.346773804007185,35.41416503340235,2026-10-05,0.2647,0.2213,0.3107,0.2406
71347,33.346773804007185,35.41416503340235,2026-10-06,0.2072,0.1732,0.2187,0.1732
71347,33.346773804007185,35.41416503340235,2026-10-07,0.1841,0.1636,0.1956,0.154
71347,33.346773804007185,35.41416503340235,2026-10-08,0.1841,0.1636,0.2647,0.1636
71347,33.346773804007185,35.41416503340235,2026-10-09,0.1841,0.154,0.2187,0.154
71347,33.346773804007185,35.41416503340235,2026-10-10,0.1726,0.1443,0.1956,0.154
71347,33.346773804007185,35.41416503340235,2026-10-11,0.1726,0.1443,0.1841,0.1443
71387,33.34056726264827,35.37575480505541,2026-10-05,0.1934,0.2391,0.2271,0.2599
71387,33.34056726264827,35.37575480505541,2026-10-06,0.1514,0.1872,0.1598,0.1872
71387,33.34056726264827,35.37575480505541,2026-10-07,0.1346,0.1768,0.143,0.1664
71387,33.34056726264827,35.37575480505541,2026-10-08,0.1346,0.1768,0.1934,0.1768
71387,33.34056726264827,35.37575480505541,2026-10-09,0.1346,0.1664,0.1598,0.1664
71387,33.34056726264827,35.37575480505541,2026-10-10,0.1262,0.156,0.143,0.1664
71387,33.34056726264827,35.37575480505541,2026-10-11,0.1262,0.156,0.1346,0.156
71377,33.336517759925684,35.530719364714145,2026-10-05,0.2243,0.2314,0.2633,0.2516
71377,33.336517759925684,35.530719364714145,2026-10-06,0.1755,0.1811,0.1853,0.1811
71377,33.336517759925684,35.530719364714145,2026-10-07,0.156,0.1711,0.1658,0.161
71377,33.336517759925684,35.530719364714145,2026-10-08,0.156,0.1711,0.2243,0.1711
71377,33.336517759925684,35.530719364714145,2026-10-09,0.156,0.161,0.1853,0.161
71377,33.336517759925684,35.530719364714145,2026-10-10,0.1463,0.1509,0.1658,0.161
71377,33.336517759925684,35.530719364714145,2026-10-11,0.1463,0.1509,0.156,0.1509
61417,33.33413805812983,35.298504945468885,2026-10-05,0.2054,0.2361,0.2411,0.2567
61417,33.33413805812983,35.298504945468885,2026-10-06,0.1608,0.1848,0.1697,0.1848
61417,33.33413805812983,35.298504945468885,2026-10-07,0.1429,0.1745,0.1518,0.1643
61417,33.33413805812983,35.298504945468885,2026-10-08,0.1429,0.1745,0.2054,0.1745
61417,33.33413805812983,35.298504945468885,2026-10-09,0.1429,0.1643,0.1697,0.1643
61417,33.33413805812983,35.298504945468885,2026-10-10,0.134,0.154,0.1518,0.1643
61417,33.33413805812983,35.298504945468885,2026-10-11,0.134,0.154,0.1429,0.154
73151,33.32886252359971,35.5667610495414,2026-10-05,0.1869,0.2408,0.2194,0.2617
73151,33.32886252359971,35.5667610495414,2026-10-06,0.1463,0.1884,0.1544,0.1884
73151,33.32886252359971,35.5667610495414,2026-10-07,0.13,0.178,0.1382,0.1675
73151,33.32886252359971,35.5667610495414,2026-10-08,0.13,0.178,0.1869,0.178
73151,33.32886252359971,35.5667610495414,2026-10-09,0.13,0.1675,0.1544,0.1675
73151,33.32886252359971,35.5667610495414,2026-10-10,0.1219,0.157,0.1382,0.1675
73151,33.32886252359971,35.5667610495414,2026-10-11,0.1219,0.157,0.13,0.157
73159,33.31939507369815,35.59876836049384,2026-10-05,0.1804,0.2424,0.2118,0.2635
73159,33.31939507369815,35.59876836049384,2026-10-06,0.1412,0.1897,0.149,0.1897
73159,33.31939507369815,35.59876836049384,2026-10-07,0.1255,0.1792,0.1333,0.1686
73159,33.31939507369815,35.59876836049384,2026-10-08,0.1255,0.1792,0.1804,0.1792
73159,33.31939507369815,35.59876836049384,2026-10-09,0.1255,0.1686,0.149,0.1686
73159,33.31939507369815,35.59876836049384,2026-10-10,0.1177,0.1581,0.1333,0.1686
73159,33.31939507369815,35.59876836049384,2026-10-11,0.1177,0.1581,0.1255,0.1581
71374,33.33675342496161,35.39863134064536,2026-10-05,0.2559,0.2235,0.3004,0.243
71374,33.33675342496161,35.39863134064536,2026-10-06,0.2003,0.1749,0.2114,0.1749
71374,33.33675342496161,35.39863134064536,2026-10-07,0.178,0.1652,0.1892,0.1555
71374,33.33675342496161,35.39863134064536,2026-10-08,0.178,0.1652,0.2559,0.1652
71374,33.33675342496161,35.39863134064536,2026-10-09,0.178,0.1555,0.2114,0.1555
71374,33.33675342496161,35.39863134064536,2026-10-10,0.1669,0.1458,0.1892,0.1555
71374,33.33675342496161,35.39863134064536,2026-10-11,0.1669,0.1458,0.178,0.1458
61415,33.33510712023918,35.27574080609162,2026-10-05,0.2358,0.2286,0.2768,0.2484
61415,33.33510712023918,35.27574080609162,2026-10-06,0.1845,0.1789,0.1948,0.1789
61415,33.33510712023918,35.27574080609162,2026-10-07,0.164,0.1689,0.1743,0.159
61415,33.33510712023918,35.27574080609162,2026-10-08,0.164,0.1689,0.2358,0.1689
61415,33.33510712023918,35.27574080609162,2026-10-09,0.164,0.159,0.1948,0.159
61415,33.33510712023918,35.27574080609162,2026-10-10,0.1538,0.1491,0.1743,0.159
61415,33.33510712023918,35.27574080609162,2026-10-11,0.1538,0.1491,0.164,0.1491
71381,33.32479213087566,35.434379157026726,2026-10-05,0.2073,0.2357,0.2433,0.2562
71381,33.32479213087566,35.434379157026726,2026-10-06,0.1622,0.1844,0.1712,0.1844
71381,33.32479213087566,35.434379157026726,2026-10-07,0.1442,0.1742,0.1532,0.164
71381,33.32479213087566,35.434379157026726,2026-10-08,0.1442,0.1742,0.2073,0.1742
71381,33.32479213087566,35.434379157026726,2026-10-09,0.1442,0.164,0.1712,0.164
71381,33.32479213087566,35.434379157026726,2026-10-10,0.1352,0.1537,0.1532,0.164
71381,33.32479213087566,35.434379157026726,2026-10-11,0.1352,0.1537,0.1442,0.1537
62291,33.32284477012521,35.259434718296795,2026-10-05,0.2449,0.2263,0.2874,0.246
62291,33.32284477012521,35.259434718296795,2026-10-06,0.1916,0.1771,0.2023,0.1771
62291,33.32284477012521,35.259434718296795,2026-10-07,0.1703,0.1673,0.181,0.1574
62291,33.32284477012521,35.259434718296795,2026-10-08,0.1703,0.1673,0.2449,0.1673
62291,33.32284477012521,35.259434718296795,2026-10-09,0.1703,0.1574,0.2023,0.1574
62291,33.32284477012521,35.259434718296795,2026-10-10,0.1597,0.1476,0.181,0.1574
62291,33.32284477012521,35.259434718296795,2026-10-11,0.1597,0.1476,0.1703,0.1476
74160,33.323241589046326,35.68357491441677,2026-10-05,0.2394,0.2277,0.281,0.2475
74160,33.323241589046326,35.68357491441677,2026-10-06,0.1873,0.1782,0.1977,0.1782
74160,33.323241589046326,35.68357491441677,2026-10-07,0.1665,0.1683,0.1769,0.1584
74160,33.323241589046326,35.68357491441677,2026-10-08,0.1665,0.1683,0.2394,0.1683
74160,33.323241589046326,35.68357491441677,2026-10-09,0.1665,0.1584,0.1977,0.1584
74160,33.323241589046326,35.68357491441677,2026-10-10,0.1561,0.1485,0.1769,0.1584
74160,33.323241589046326,35.68357491441677,2026-10-11,0.1561,0.1485,0.1665,0.1485
71364,33.32441544245209,35.45182363736318,2026-10-05,0.1901,0.24,0.2231,0.2609
71364,33.32441544245209,35.45182363736318,2026-10-06,0.1487,0.1878,0.157,0.1878
71364,33.32441544245209,35.45182363736318,2026-10-07,0.1322,0.1774,0.1405,0.1669
71364,33.32441544245209,35.45182363736318,2026-10-08,0.1322,0.1774,0.1901,0.1774
71364,33.32441544245209,35.45182363736318,2026-10-09,0.1322,0.1669,0.157,0.1669
71364,33.32441544245209,35.45182363736318,2026-10-10,0.1239,0.1565,0.1405,0.1669
71364,33.32441544245209,35.45182363736318,2026-10-11,0.1239,0.1565,0.1322,0.1565
74181,33.33310241451432,35.64419857115407,2026-10-05,0.211,0.2347,0.2477,0.2552
74181,33.33310241451432,35.64419857115407,2026-10-06,0.1651,0.1837,0.1743,0.1837
74181,33.33310241451432,35.64419857115407,2026-10-07,0.1468,0.1735,0.156,0.1633
74181,33.33310241451432,35.64419857115407,2026-10-08,0.1468,0.1735,0.211,0.1735
74181,33.33310241451432,35.64419857115407,2026-10-09,0.1468,0.1633,0.1743,0.1633
74181,33.33310241451432,35.64419857115407,2026-10-10,0.1376,0.1531,0.156,0.1633
74181,33.33310241451432,35.64419857115407,2026-10-11,0.1376,0.1531,0.1468,0.1531
71397,33.32273126912695,35.359439776786516,2026-10-05,0.2396,0.2276,0.2813,0.2474
71397,33.32273126912695,35.359439776786516,2026-10-06,0.1875,0.1781,0.198,0.1781
71397,33.32273126912695,35.359439776786516,2026-10-07,0.1667,0.1682,0.1771,0.1583
71397,33.32273126912695,35.359439776786516,2026-10-08,0.1667,0.1682,0.2396,0.1682
71397,33.32273126912695,35.359439776786516,2026-10-09,0.1667,0.1583,0.198,0.1583
71397,33.32273126912695,35.359439776786516,2026-10-10,0.1563,0.1484,0.1771,0.1583
71397,33.32273126912695,35.359439776786516,2026-10-11,0.1563,0.1484,0.1667,0.1484
71367,33.321919452867,35.4733490522519,2026-10-05,0.2309,0.2298,0.2711,0.2498
71367,33.321919452867,35.4733490522519,2026-10-06,0.1807,0.1798,0.1907,0.1798
71367,33.321919452867,35.4733490522519,2026-10-07,0.1606,0.1698,0.1707,0.1598
71367,33.321919452867,35.4733490522519,2026-10-08,0.1606,0.1698,0.2309,0.1698
71367,33.321919452867,35.4733490522519,2026-10-09,0.1606,0.1598,0.1907,0.1598
71367,33.321919452867,35.4733490522519,2026-10-10,0.1506,0.1499,0.1707,0.1598
71367,33.321919452867,35.4733490522519,2026-10-11,0.1506,0.1499,0.1606,0.1499
71391,33.31352984106851,35.397742607877454,2026-10-05,0.2123,0.2344,0.2492,0.2548
71391,33.31352984106851,35.397742607877454,2026-10-06,0.1662,0.1835,0.1754,0.1835
71391,33.31352984106851,35.397742607877454,2026-10-07,0.1477,0.1733,0.1569,0.1631
71391,33.31352984106851,35.397742607877454,2026-10-08,0.1477,0.1733,0.2123,0.1733
71391,33.31352984106851,35.397742607877454,2026-10-09,0.1477,0.1631,0.1754,0.1631
71391,33.31352984106851,35.397742607877454,2026-10-10,0.1385,0.1529,0.1569,0.1631
71391,33.31352984106851,35.397742607877454,2026-10-11,0.1385,0.1529,0.1477,0.1529
71394,33.31380084127671,35.51224715615295,2026-10-05,0.2355,0.2286,0.2765,0.2485
71394,33.31380084127671,35.51224715615295,2026-10-06,0.1843,0.1789,0.1945,0.1789
71394,33.31380084127671,35.51224715615295,2026-10-07,0.1638,0.169,0.1741,0.159
71394,33.31380084127671,35.51224715615295,2026-10-08,0.1638,0.169,0.2355,0.169
71394,33.31380084127671,35.51224715615295,2026-10-09,0.1638,0.159,0.1945,0.159
71394,33.31380084127671,35.51224715615295,2026-10-10,0.1536,0.1491,0.1741,0.159
71394,33.31380084127671,35.51224715615295,2026-10-11,0.1536,0.1491,0.1638,0.1491
62271,33.313477071239014,35.339111296909735,2026-10-05,0.2431,0.2267,0.2853,0.2464
62271,33.313477071239014,35.339111296909735,2026-10-06,0.1902,0.1774,0.2008,0.1774
62271,33.313477071239014,35.339111296909735,2026-10-07,0.1691,0.1676,0.1797,0.1577
62271,33.313477071239014,35.339111296909735,2026-10-08,0.1691,0.1676,0.2431,0.1676
62271,33.313477071239014,35.339111296909735,2026-10-09,0.1691,0.1577,0.2008,0.1577
62271,33.313477071239014,35.339111296909735,2026-10-10,0.1585,0.1479,0.1797,0.1577
62271,33.313477071239014,35.339111296909735,2026-10-11,0.1585,0.1479,0.1691,0.1479
62274,33.31531238776862,35.30007056752062,2026-10-05,0.1987,0.2378,0.2332,0.2585
62274,33.31531238776862,35.30007056752062,2026-10-06,0.1555,0.1861,0.1641,0.1861
62274,33.31531238776862,35.30007056752062,2026-10-07,0.1382,0.1758,0.1468,0.1655
62274,33.31531238776862,35.30007056752062,2026-10-08,0.1382,0.1758,0.1987,0.1758
62274,33.31531238776862,35.30007056752062,2026-10-09,0.1382,0.1655,0.1641,0.1655
62274,33.31531238776862,35.30007056752062,2026-10-10,0.1296,0.1551,0.1468,0.1655
62274,33.31531238776862,35.30007056752062,2026-10-11,0.1296,0.1551,0.1382,0.1551
0,33.28206971875437,35.67594394340397,2026-10-05,0.2058,0.236,0.2416,0.2566
0,33.28206971875437,35.67594394340397,2026-10-06,0.1611,0.1847,0.17,0.1847
0,33.28206971875437,35.67594394340397,2026-10-07,0.1432,0.1745,0.1521,0.1642
0,33.28206971875437,35.67594394340397,2026-10-08,0.1432,0.1745,0.2058,0.1745
0,33.28206971875437,35.67594394340397,2026-10-09,0.1432,0.1642,0.17,0.1642
0,33.28206971875437,35.67594394340397,2026-10-10,0.1342,0.1539,0.1521,0.1642
0,33.28206971875437,35.67594394340397,2026-10-11,0.1342,0.1539,0.1432,0.1539
62245,33.30843888633495,35.239530038343396,2026-10-05,0.261,0.2222,0.3064,0.2416
62245,33.30843888633495,35.239530038343396,2026-10-06,0.2043,0.1739,0.2156,0.1739
62245,33.30843888633495,35.239530038343396,2026-10-07,0.1816,0.1643,0.1929,0.1546
62245,33.30843888633495,35.239530038343396,2026-10-08,0.1816,0.1643,0.261,0.1643
62245,33.30843888633495,35.239530038343396,2026-10-09,0.1816,0.1546,0.2156,0.1546
62245,33.30843888633495,35.239530038343396,2026-10-10,0.1702,0.1449,0.1929,0.1546
62245,33.30843888633495,35.239530038343396,2026-10-11,0.1702,0.1449,0.1816,0.1449
73146,33.31352452656362,35.56671525553788,2026-10-05,0.2553,0.2237,0.2997,0.2431
73146,33.31352452656362,35.56671525553788,2026-10-06,0.1998,0.1751,0.2109,0.1751
73146,33.31352452656362,35.56671525553788,2026-10-07,0.1776,0.1653,0.1887,0.1556
73146,33.31352452656362,35.56671525553788,2026-10-08,0.1776,0.1653,0.2553,0.1653
73146,33.31352452656362,35.56671525553788,2026-10-09,0.1776,0.1556,0.2109,0.1556
73146,33.31352452656362,35.56671525553788,2026-10-10,0.1665,0.1459,0.1887,0.1556
73146,33.31352452656362,35.56671525553788,2026-10-11,0.1665,0.1459,0.1776,0.1459
62269,33.31079752867351,35.32641128749776,2026-10-05,0.2383,0.2279,0.2797,0.2477
62269,33.31079752867351,35.32641128749776,2026-10-06,0.1865,0.1784,0.1969,0.1784
62269,33.31079752867351,35.32641128749776,2026-10-07,0.1658,0.1685,0.1761,0.1586
62269,33.31079752867351,35.32641128749776,2026-10-08,0.1658,0.1685,0.2383,0.1685
62269,33.31079752867351,35.32641128749776,2026-10-09,0.1658,0.1586,0.1969,0.1586
62269,33.31079752867351,35.32641128749776,2026-10-10,0.1554,0.1486,0.1761,0.1586
62269,33.31079752867351,35.32641128749776,2026-10-11,0.1554,0.1486,0.1658,0.1486
62283,33.31120759099432,35.27937249588063,2026-10-05,0.2081,0.2355,0.2442,0.256
62283,33.31120759099432,35.27937249588063,2026-10-06,0.1628,0.1843,0.1719,0.1843
62283,33.31120759099432,35.27937249588063,2026-10-07,0.1447,0.1741,0.1538,0.1638
62283,33.31120759099432,35.27937249588063,2026-10-08,0.1447,0.1741,0.2081,0.1741
62283,33.31120759099432,35.27937249588063,2026-10-09,0.1447,0.1638,0.1719,0.1638
62283,33.31120759099432,35.27937249588063,2026-10-10,0.1357,0.1536,0.1538,0.1638
62283,33.31120759099432,35.27937249588063,2026-10-11,0.1357,0.1536,0.1447,0.1536
62276,33.29222857828527,35.24849654658678,2026-10-05,0.2439,0.2265,0.2863,0.2462
62276,33.29222857828527,35.24849654658678,2026-10-06,0.1909,0.1773,0.2015,0.1773
62276,33.29222857828527,35.24849654658678,2026-10-07,0.1697,0.1674,0.1803,0.1576
62276,33.29222857828527,35.24849654658678,2026-10-08,0.1697,0.1674,0.2439,0.1674
62276,33.29222857828527,35.24849654658678,2026-10-09,0.1697,0.1576,0.2015,0.1576
62276,33.29222857828527,35.24849654658678,2026-10-10,0.1591,0.1477,0.1803,0.1576
62276,33.29222857828527,35.24849654658678,2026-10-11,0.1591,0.1477,0.1697,0.1477
73167,33.30212931018747,35.54192722298547,2026-10-05,0.2617,0.2221,0.3072,0.2414
73167,33.30212931018747,35.54192722298547,2026-10-06,0.2048,0.1738,0.2162,0.1738
73167,33.30212931018747,35.54192722298547,2026-10-07,0.1821,0.1641,0.1934,0.1545
73167,33.30212931018747,35.54192722298547,2026-10-08,0.1821,0.1641,0.2617,0.1641
73167,33.30212931018747,35.54192722298547,2026-10-09,0.1821,0.1545,0.2162,0.1545
73167,33.30212931018747,35.54192722298547,2026-10-10,0.1707,0.1448,0.1934,0.1545
73167,33.30212931018747,35.54192722298547,2026-10-11,0.1707,0.1448,0.1821,0.1448
62263,33.301142464371935,35.30743436554208,2026-10-05,0.2403,0.2274,0.2821,0.2472
62263,33.301142464371935,35.30743436554208,2026-10-06,0.1881,0.178,0.1985,0.178
62263,33.301142464371935,35.30743436554208,2026-10-07,0.1672,0.1681,0.1776,0.1582
62263,33.301142464371935,35.30743436554208,2026-10-08,0.1672,0.1681,0.2403,0.1681
62263,33.301142464371935,35.30743436554208,2026-10-09,0.1672,0.1582,0.1985,0.1582
62263,33.301142464371935,35.30743436554208,2026-10-10,0.1567,0.1483,0.1776,0.1582
62263,33.301142464371935,35.30743436554208,2026-10-11,0.1567,0.1483,0.1672,0.1483
62264,33.29752566830989,35.37466770610828,2026-10-05,0.2674,0.2206,0.3139,0.2398
62264,33.29752566830989,35.37466770610828,2026-10-06,0.2093,0.1727,0.2209,0.1727
62264,33.29752566830989,35.37466770610828,2026-10-07,0.186,0.1631,0.1977,0.1535
62264,33.29752566830989,35.37466770610828,2026-10-08,0.186,0.1631,0.2674,0.1631
62264,33.29752566830989,35.37466770610828,2026-10-09,0.186,0.1535,0.2209,0.1535
62264,33.29752566830989,35.37466770610828,2026-10-10,0.1744,0.1439,0.1977,0.1535
62264,33.29752566830989,35.37466770610828,2026-10-11,0.1744,0.1439,0.186,0.1439
72276,33.296570107946394,35.42471606397104,2026-10-05,0.2409,0.2273,0.2828,0.247
72276,33.296570107946394,35.42471606397104,2026-10-06,0.1885,0.1779,0.199,0.1779
72276,33.296570107946394,35.42471606397104,2026-10-07,0.1676,0.168,0.1781,0.1581
72276,33.296570107946394,35.42471606397104,2026-10-08,0.1676,0.168,0.2409,0.168
72276,33.296570107946394,35.42471606397104,2026-10-09,0.1676,0.1581,0.199,0.1581
72276,33.296570107946394,35.42471606397104,2026-10-10,0.1571,0.1482,0.1781,0.1581
72276,33.296570107946394,35.42471606397104,2026-10-11,0.1571,0.1482,0.1676,0.1482
73175,33.293488435978155,35.601065642508026,2026-10-05,0.1812,0.2422,0.2127,0.2633
73175,33.293488435978155,35.601065642508026,2026-10-06,0.1418,0.1895,0.1497,0.1895
73175,33.293488435978155,35.601065642508026,2026-10-07,0.1261,0.179,0.1339,0.1685
73175,33.293488435978155,35.601065642508026,2026-10-08,0.1261,0.179,0.1812,0.179
73175,33.293488435978155,35.601065642508026,2026-10-09,0.1261,0.1685,0.1497,0.1685
73175,33.293488435978155,35.601065642508026,2026-10-10,0.1182,0.158,0.1339,0.1685
73175,33.293488435978155,35.601065642508026,2026-10-11,0.1182,0.158,0.1261,0.158
62244,33.29688534643589,35.34937229473715,2026-10-05,0.2142,0.2339,0.2515,0.2543
62244,33.29688534643589,35.34937229473715,2026-10-06,0.1677,0.1831,0.177,0.1831
62244,33.29688534643589,35.34937229473715,2026-10-07,0.149,0.1729,0.1584,0.1627
62244,33.29688534643589,35.34937229473715,2026-10-08,0.149,0.1729,0.2142,0.1729
62244,33.29688534643589,35.34937229473715,2026-10-09,0.149,0.1627,0.177,0.1627
62244,33.29688534643589,35.34937229473715,2026-10-10,0.1397,0.1526,0.1584,0.1627
62244,33.29688534643589,35.34937229473715,2026-10-11,0.1397,0.1526,0.149,0.1526
62261,33.292332636028576,35.298687126485284,2026-10-05,0.2272,0.2307,0.2667,0.2508
62261,33.292332636028576,35.298687126485284,2026-10-06,0.1778,0.1806,0.1877,0.1806
62261,33.292332636028576,35.298687126485284,2026-10-07,0.158,0.1705,0.1679,0.1605
62261,33.292332636028576,35.298687126485284,2026-10-08,0.158,0.1705,0.2272,0.1705
62261,33.292332636028576,35.298687126485284,2026-10-09,0.158,0.1605,0.1877,0.1605
62261,33.292332636028576,35.298687126485284,2026-10-10,0.1482,0.1505,0.1679,0.1605
62261,33.292332636028576,35.298687126485284,2026-10-11,0.1482,0.1505,0.158,0.1505
62237,33.28993570611205,35.320062876838804,2026-10-05,0.2628,0.2218,0.3086,0.2411
62237,33.28993570611205,35.320062876838804,2026-10-06,0.2057,0.1736,0.2171,0.1736
62237,33.28993570611205,35.320062876838804,2026-10-07,0.1828,0.1639,0.1943,0.1543
62237,33.28993570611205,35.320062876838804,2026-10-08,0.1828,0.1639,0.2628,0.1639
62237,33.28993570611205,35.320062876838804,2026-10-09,0.1828,0.1543,0.2171,0.1543
62237,33.28993570611205,35.320062876838804,2026-10-10,0.1714,0.1446,0.1943,0.1543
62237,33.28993570611205,35.320062876838804,2026-10-11,0.1714,0.1446,0.1828,0.1446
62234,33.28130549956399,35.33929320725218,2026-10-05,0.258,0.223,0.3029,0.2424
62234,33.28130549956399,35.33929320725218,2026-10-06,0.2019,0.1745,0.2131,0.1745
62234,33.28130549956399,35.33929320725218,2026-10-07,0.1795,0.1648,0.1907,0.1551
62234,33.28130549956399,35.33929320725218,2026-10-08,0.1795,0.1648,0.258,0.1648
62234,33.28130549956399,35.33929320725218,2026-10-09,0.1795,0.1551,0.2131,0.1551
62234,33.28130549956399,35.33929320725218,2026-10-10,0.1683,0.1454,0.1907,0.1551
62234,33.28130549956399,35.33929320725218,2026-10-11,0.1683,0.1454,0.1795,0.1454
73256,33.274901754517856,35.478163570100584,2026-10-05,0.1855,0.2411,0.2177,0.2621
73256,33.274901754517856,35.478163570100584,2026-10-06,0.1452,0.1887,0.1532,0.1887
73256,33.274901754517856,35.478163570100584,2026-10-07,0.129,0.1782,0.1371,0.1677
73256,33.274901754517856,35.478163570100584,2026-10-08,0.129,0.1782,0.1855,0.1782
73256,33.274901754517856,35.478163570100584,2026-10-09,0.129,0.1677,0.1532,0.1677
73256,33.274901754517856,35.478163570100584,2026-10-10,0.121,0.1573,0.1371,0.1677
73256,33.274901754517856,35.478163570100584,2026-10-11,0.121,0.1573,0.129,0.1573
73232,33.28068682715529,35.517721062967354,2026-10-05,0.223,0.2318,0.2618,0.2519
73232,33.28068682715529,35.517721062967354,2026-10-06,0.1745,0.1814,0.1842,0.1814
73232,33.28068682715529,35.517721062967354,2026-10-07,0.1551,0.1713,0.1648,0.1612
73232,33.28068682715529,35.517721062967354,2026-10-08,0.1551,0.1713,0.223,0.1713
73232,33.28068682715529,35.517721062967354,2026-10-09,0.1551,0.1612,0.1842,0.1612
73232,33.28068682715529,35.517721062967354,2026-10-10,0.1454,0.1511,0.1648,0.1612
73232,33.28068682715529,35.517721062967354,2026-10-11,0.1454,0.1511,0.1551,0.1511
62239,33.27996229341235,35.37149586367384,2026-10-05,0.2369,0.2283,0.2781,0.2481
62239,33.27996229341235,35.37149586367384,2026-10-06,0.1854,0.1787,0.1957,0.1787
62239,33.27996229341235,35.37149586367384,2026-10-07,0.1648,0.1687,0.1751,0.1588
62239,33.27996229341235,35.37149586367384,2026-10-08,0.1648,0.1687,0.2369,0.1687
62239,33.27996229341235,35.37149586367384,2026-10-09,0.1648,0.1588,0.1957,0.1588
62239,33.27996229341235,35.37149586367384,2026-10-10,0.1545,0.1489,0.1751,0.1588
62239,33.27996229341235,35.37149586367384,2026-10-11,0.1545,0.1489,0.1648,0.1489
62253,33.27812593247111,35.273737635290246,2026-10-05,0.2208,0.2323,0.2592,0.2525
62253,33.27812593247111,35.273737635290246,2026-10-06,0.1728,0.1818,0.1824,0.1818
62253,33.27812593247111,35.273737635290246,2026-10-07,0.1536,0.1717,0.1632,0.1616
62253,33.27812593247111,35.273737635290246,2026-10-08,0.1536,0.1717,0.2208,0.1717
62253,33.27812593247111,35.273737635290246,2026-10-09,0.1536,0.1616,0.1824,0.1616
62253,33.27812593247111,35.273737635290246,2026-10-10,0.144,0.1515,0.1632,0.1616
62253,33.27812593247111,35.273737635290246,2026-10-11,0.144,0.1515,0.1536,0.1515
72274,33.27651362860431,35.43216885857598,2026-10-05,0.2048,0.2363,0.2404,0.2568
72274,33.27651362860431,35.43216885857598,2026-10-06,0.1603,0.1849,0.1692,0.1849
72274,33.27651362860431,35.43216885857598,2026-10-07,0.1425,0.1747,0.1514,0.1644
72274,33.27651362860431,35.43216885857598,2026-10-08,0.1425,0.1747,0.2048,0.1747
72274,33.27651362860431,35.43216885857598,2026-10-09,0.1425,0.1644,0.1692,0.1644
72274,33.27651362860431,35.43216885857598,2026-10-10,0.1336,0.1541,0.1514,0.1644
72274,33.27651362860431,35.43216885857598,2026-10-11,0.1336,0.1541,0.1425,0.1541
62231,33.27083779884062,35.31368254765897,2026-10-05,0.24,0.2275,0.2817,0.2473
62231,33.27083779884062,35.31368254765897,2026-10-06,0.1878,0.178,0.1983,0.178
62231,33.27083779884062,35.31368254765897,2026-10-07,0.167,0.1682,0.1774,0.1583
62231,33.27083779884062,35.31368254765897,2026-10-08,0.167,0.1682,0.24,0.1682
62231,33.27083779884062,35.31368254765897,2026-10-09,0.167,0.1583,0.1983,0.1583
62231,33.27083779884062,35.31368254765897,2026-10-10,0.1565,0.1484,0.1774,0.1583
62231,33.27083779884062,35.31368254765897,2026-10-11,0.1565,0.1484,0.167,0.1484
74141,33.286109384411404,35.62885586184525,2026-10-05,0.2127,0.2343,0.2497,0.2547
74141,33.286109384411404,35.62885586184525,2026-10-06,0.1665,0.1834,0.1757,0.1834
74141,33.286109384411404,35.62885586184525,2026-10-07,0.148,0.1732,0.1572,0.163
74141,33.286109384411404,35.62885586184525,2026-10-08,0.148,0.1732,0.2127,0.1732
74141,33.286109384411404,35.62885586184525,2026-10-09,0.148,0.163,0.1757,0.163
74141,33.286109384411404,35.62885586184525,2026-10-10,0.1387,0.1528,0.1572,0.163
74141,33.286109384411404,35.62885586184525,2026-10-11,0.1387,0.1528,0.148,0.1528
62266,33.28038872985492,35.397794624540786,2026-10-05,0.2201,0.2325,0.2583,0.2527
62266,33.28038872985492,35.397794624540786,2026-10-06,0.1722,0.1819,0.1818,0.1819
62266,33.28038872985492,35.397794624540786,2026-10-07,0.1531,0.1718,0.1626,0.1617
62266,33.28038872985492,35.397794624540786,2026-10-08,0.1531,0.1718,0.2201,0.1718
62266,33.28038872985492,35.397794624540786,2026-10-09,0.1531,0.1617,0.1818,0.1617
62266,33.28038872985492,35.397794624540786,2026-10-10,0.1435,0.1516,0.1626,0.1617
62266,33.28038872985492,35.397794624540786,2026-10-11,0.1435,0.1516,0.1531,0.1516
73228,33.275984629943004,35.54561268598531,2026-10-05,0.1874,0.2407,0.2199,0.2616
73228,33.275984629943004,35.54561268598531,2026-10-06,0.1466,0.1883,0.1548,0.1883
73228,33.275984629943004,35.54561268598531,2026-10-07,0.1303,0.1779,0.1385,0.1674
73228,33.275984629943004,35.54561268598531,2026-10-08,0.1303,0.1779,0.1874,0.1779
73228,33.275984629943004,35.54561268598531,2026-10-09,0.1303,0.1674,0.1548,0.1674
73228,33.275984629943004,35.54561268598531,2026-10-10,0.1222,0.157,0.1385,0.1674
73228,33.275984629943004,35.54561268598531,2026-10-11,0.1222,0.157,0.1303,0.157
62256,33.282003292099645,35.38039859348334,2026-10-05,0.2333,0.2292,0.2739,0.2491
62256,33.282003292099645,35.38039859348334,2026-10-06,0.1826,0.1794,0.1927,0.1794
62256,33.282003292099645,35.38039859348334,2026-10-07,0.1623,0.1694,0.1724,0.1594
62256,33.282003292099645,35.38039859348334,2026-10-08,0.1623,0.1694,0.2333,0.1694
62256,33.282003292099645,35.38039859348334,2026-10-09,0.1623,0.1594,0.1927,0.1594
62256,33.282003292099645,35.38039859348334,2026-10-10,0.1522,0.1495,0.1724,0.1594
62256,33.282003292099645,35.38039859348334,2026-10-11,0.1522,0.1495,0.1623,0.1495
62128,33.261128745192565,35.23324839033892,2026-10-05,0.2096,0.2351,0.2461,0.2555
62128,33.261128745192565,35.23324839033892,2026-10-06,0.164,0.184,0.1731,0.184
62128,33.261128745192565,35.23324839033892,2026-10-07,0.1458,0.1738,0.1549,0.1635
62128,33.261128745192565,35.23324839033892,2026-10-08,0.1458,0.1738,0.2096,0.1738
62128,33.261128745192565,35.23324839033892,2026-10-09,0.1458,0.1635,0.1731,0.1635
62128,33.261128745192565,35.23324839033892,2026-10-10,0.1367,0.1533,0.1549,0.1635
62128,33.261128745192565,35.23324839033892,2026-10-11,0.1367,0.1533,0.1458,0.1533
73276,33.27343020865997,35.45760777786663,2026-10-05,0.2261,0.231,0.2655,0.251
73276,33.27343020865997,35.45760777786663,2026-10-06,0.177,0.1808,0.1868,0.1808
73276,33.27343020865997,35.45760777786663,2026-10-07,0.1573,0.1707,0.1672,0.1607
73276,33.27343020865997,35.45760777786663,2026-10-08,0.1573,0.1707,0.2261,0.1707
73276,33.27343020865997,35.45760777786663,2026-10-09,0.1573,0.1607,0.1868,0.1607
73276,33.27343020865997,35.45760777786663,2026-10-10,0.1475,0.1506,0.1672,0.1607
73276,33.27343020865997,35.45760777786663,2026-10-11,0.1475,0.1506,0.1573,0.1506
62111,33.26004098531627,35.211300453556085,2026-10-05,0.2614,0.2221,0.3069,0.2415
62111,33.26004098531627,35.211300453556085,2026-10-06,0.2046,0.1739,0.2159,0.1739
62111,33.26004098531627,35.211300453556085,2026-10-07,0.1818,0.1642,0.1932,0.1545
62111,33.26004098531627,35.211300453556085,2026-10-08,0.1818,0.1642,0.2614,0.1642
62111,33.26004098531627,35.211300453556085,2026-10-09,0.1818,0.1545,0.2159,0.1545
62111,33.26004098531627,35.211300453556085,2026-10-10,0.1705,0.1449,0.1932,0.1545
62111,33.26004098531627,35.211300453556085,2026-10-11,0.1705,0.1449,0.1818,0.1449
62224,33.27102731675992,35.34636333796378,2026-10-05,0.251,0.2247,0.2947,0.2443
62224,33.27102731675992,35.34636333796378,2026-10-06,0.1965,0.1759,0.2074,0.1759
62224,33.27102731675992,35.34636333796378,2026-10-07,0.1746,0.1661,0.1856,0.1563
62224,33.27102731675992,35.34636333796378,2026-10-08,0.1746,0.1661,0.251,0.1661
62224,33.27102731675992,35.34636333796378,2026-10-09,0.1746,0.1563,0.2074,0.1563
62224,33.27102731675992,35.34636333796378,2026-10-10,0.1637,0.1466,0.1856,0.1563
62224,33.27102731675992,35.34636333796378,2026-10-11,0.1637,0.1466,0.1746,0.1466
62233,33.269623761992136,35.38638076760717,2026-10-05,0.2596,0.2226,0.3047,0.242
62233,33.269623761992136,35.38638076760717,2026-10-06,0.2031,0.1742,0.2144,0.1742
62233,33.269623761992136,35.38638076760717,2026-10-07,0.1806,0.1645,0.1919,0.1549
62233,33.269623761992136,35.38638076760717,2026-10-08,0.1806,0.1645,0.2596,0.1645
62233,33.269623761992136,35.38638076760717,2026-10-09,0.1806,0.1549,0.2144,0.1549
62233,33.269623761992136,35.38638076760717,2026-10-10,0.1693,0.1452,0.1919,0.1549
62233,33.269623761992136,35.38638076760717,2026-10-11,0.1693,0.1452,0.1806,0.1452
62246,33.25302479620996,35.267094551060296,2026-10-05,0.1912,0.2397,0.2244,0.2605
62246,33.25302479620996,35.267094551060296,2026-10-06,0.1496,0.1876,0.1579,0.1876
62246,33.25302479620996,35.267094551060296,2026-10-07,0.133,0.1772,0.1413,0.1667
62246,33.25302479620996,35.267094551060296,2026-10-08,0.133,0.1772,0.1912,0.1772
62246,33.25302479620996,35.267094551060296,2026-10-09,0.133,0.1667,0.1579,0.1667
62246,33.25302479620996,35.267094551060296,2026-10-10,0.1247,0.1563,0.1413,0.1667
62246,33.25302479620996,35.267094551060296,2026-10-11,0.1247,0.1563,0.133,0.1563
62221,33.263327330539504,35.36379226029998,2026-10-05,0.1878,0.2405,0.2205,0.2615
62221,33.263327330539504,35.36379226029998,2026-10-06,0.147,0.1883,0.1552,0.1883
62221,33.263327330539504,35.36379226029998,2026-10-07,0.1307,0.1778,0.1388,0.1673
62221,33.263327330539504,35.36379226029998,2026-10-08,0.1307,0.1778,0.1878,0.1778
62221,33.263327330539504,35.36379226029998,2026-10-09,0.1307,0.1673,0.1552,0.1673
62221,33.263327330539504,35.36379226029998,2026-10-10,0.1225,0.1569,0.1388,0.1673
62221,33.263327330539504,35.36379226029998,2026-10-11,0.1225,0.1569,0.1307,0.1569
62251,33.255975372164826,35.40320470958828,2026-10-05,0.2432,0.2267,0.2855,0.2464
62251,33.255975372164826,35.40320470958828,2026-10-06,0.1904,0.1774,0.2009,0.1774
62251,33.255975372164826,35.40320470958828,2026-10-07,0.1692,0.1676,0.1798,0.1577
62251,33.255975372164826,35.40320470958828,2026-10-08,0.1692,0.1676,0.2432,0.1676
62251,33.255975372164826,35.40320470958828,2026-10-09,0.1692,0.1577,0.2009,0.1577
62251,33.255975372164826,35.40320470958828,2026-10-10,0.1586,0.1478,0.1798,0.1577
62251,33.255975372164826,35.40320470958828,2026-10-11,0.1586,0.1478,0.1692,0.1478
73262,33.25439716254313,35.46166431039806,2026-10-05,0.2506,0.2249,0.2942,0.2444
73262,33.25439716254313,35.46166431039806,2026-10-06,0.1961,0.176,0.207,0.176
73262,33.25439716254313,35.46166431039806,2026-10-07,0.1743,0.1662,0.1852,0.1564
73262,33.25439716254313,35.46166431039806,2026-10-08,0.1743,0.1662,0.2506,0.1662
73262,33.25439716254313,35.46166431039806,2026-10-09,0.1743,0.1564,0.207,0.1564
73262,33.25439716254313,35.46166431039806,2026-10-10,0.1634,0.1466,0.1852,0.1564
73262,33.25439716254313,35.46166431039806,2026-10-11,0.1634,0.1466,0.1743,0.1466
62219,33.26005050783225,35.303618137349545,2026-10-05,0.2304,0.2299,0.2704,0.2499
62219,33.26005050783225,35.303618137349545,2026-10-06,0.1803,0.1799,0.1903,0.1799
62219,33.26005050783225,35.303618137349545,2026-10-07,0.1603,0.1699,0.1703,0.1599
62219,33.26005050783225,35.303618137349545,2026-10-08,0.1603,0.1699,0.2304,0.1699
62219,33.26005050783225,35.303618137349545,2026-10-09,0.1603,0.1599,0.1903,0.1599
62219,33.26005050783225,35.303618137349545,2026-10-10,0.1502,0.1499,0.1703,0.1599
62219,33.26005050783225,35.303618137349545,2026-10-11,0.1502,0.1499,0.1603,0.1499
62218,33.251695629321006,35.29299313576835,2026-10-05,0.2356,0.2286,0.2766,0.2485
62218,33.251695629321006,35.29299313576835,2026-10-06,0.1844,0.1789,0.1946,0.1789
62218,33.251695629321006,35.29299313576835,2026-10-07,0.1639,0.169,0.1742,0.159
62218,33.251695629321006,35.29299313576835,2026-10-08,0.1639,0.169,0.2356,0.169
62218,33.251695629321006,35.29299313576835,2026-10-09,0.1639,0.159,0.1946,0.159
62218,33.251695629321006,35.29299313576835,2026-10-10,0.1537,0.1491,0.1742,0.159
62218,33.251695629321006,35.29299313576835,2026-10-11,0.1537,0.1491,0.1639,0.1491
73282,33.254255056153674,35.44180879495868,2026-10-05,0.1823,0.2419,0.214,0.263
73282,33.254255056153674,35.44180879495868,2026-10-06,0.1427,0.1893,0.1506,0.1893
73282,33.254255056153674,35.44180879495868,2026-10-07,0.1268,0.1788,0.1347,0.1683
73282,33.254255056153674,35.44180879495868,2026-10-08,0.1268,0.1788,0.1823,0.1788
73282,33.254255056153674,35.44180879495868,2026-10-09,0.1268,0.1683,0.1506,0.1683
73282,33.254255056153674,35.44180879495868,2026-10-10,0.1189,0.1578,0.1347,0.1683
73282,33.254255056153674,35.44180879495868,2026-10-11,0.1189,0.1578,0.1268,0.1578
62227,33.256371701135286,35.386442975928375,2026-10-05,0.1877,0.2406,0.2203,0.2615
62227,33.256371701135286,35.386442975928375,2026-10-06,0.1469,0.1883,0.155,0.1883
62227,33.256371701135286,35.386442975928375,2026-10-07,0.1306,0.1778,0.1387,0.1674
62227,33.256371701135286,35.386442975928375,2026-10-08,0.1306,0.1778,0.1877,0.1778
62227,33.256371701135286,35.386442975928375,2026-10-09,0.1306,0.1674,0.155,0.1674
62227,33.256371701135286,35.386442975928375,2026-10-10,0.1224,0.1569,0.1387,0.1674
62227,33.256371701135286,35.386442975928375,2026-10-11,0.1224,0.1569,0.1306,0.1569
72264,33.26175996800046,35.42323186957719,2026-10-05,0.2439,0.2265,0.2863,0.2462
72264,33.26175996800046,35.42323186957719,2026-10-06,0.1908,0.1773,0.2015,0.1773
72264,33.26175996800046,35.42323186957719,2026-10-07,0.1696,0.1674,0.1802,0.1576
72264,33.26175996800046,35.42323186957719,2026-10-08,0.1696,0.1674,0.2439,0.1674
72264,33.26175996800046,35.42323186957719,2026-10-09,0.1696,0.1576,0.2015,0.1576
72264,33.26175996800046,35.42323186957719,2026-10-10,0.159,0.1477,0.1802,0.1576
72264,33.26175996800046,35.42323186957719,2026-10-11,0.159,0.1477,0.1696,0.1477
62212,33.25294576876824,35.34495696093724,2026-10-05,0.2499,0.225,0.2934,0.2446
62212,33.25294576876824,35.34495696093724,2026-10-06,0.1956,0.1761,0.2064,0.1761
62212,33.25294576876824,35.34495696093724,2026-10-07,0.1738,0.1663,0.1847,0.1565
62212,33.25294576876824,35.34495696093724,2026-10-08,0.1738,0.1663,0.2499,0.1663
62212,33.25294576876824,35.34495696093724,2026-10-09,0.1738,0.1565,0.2064,0.1565
62212,33.25294576876824,35.34495696093724,2026-10-10,0.163,0.1468,0.1847,0.1565
62212,33.25294576876824,35.34495696093724,2026-10-11,0.163,0.1468,0.1738,0.1468
62211,33.2442514135761,35.32907907258055,2026-10-05,0.2617,0.2221,0.3072,0.2414
62211,33.2442514135761,35.32907907258055,2026-10-06,0.2048,0.1738,0.2162,0.1738
62211,33.2442514135761,35.32907907258055,2026-10-07,0.1821,0.1641,0.1934,0.1545
62211,33.2442514135761,35.32907907258055,2026-10-08,0.1821,0.1641,0.2617,0.1641
62211,33.2442514135761,35.32907907258055,2026-10-09,0.1821,0.1545,0.2162,0.1545
62211,33.2442514135761,35.32907907258055,2026-10-10,0.1707,0.1448,0.1934,0.1545
62211,33.2442514135761,35.32907907258055,2026-10-11,0.1707,0.1448,0.1821,0.1448
73211,33.25136210593944,35.53601505912176,2026-10-05,0.2149,0.2338,0.2523,0.2541
73211,33.25136210593944,35.53601505912176,2026-10-06,0.1682,0.183,0.1775,0.183
73211,33.25136210593944,35.53601505912176,2026-10-07,0.1495,0.1728,0.1588,0.1626
73211,33.25136210593944,35.53601505912176,2026-10-08,0.1495,0.1728,0.2149,0.1728
73211,33.25136210593944,35.53601505912176,2026-10-09,0.1495,0.1626,0.1775,0.1626
73211,33.25136210593944,35.53601505912176,2026-10-10,0.1401,0.1525,0.1588,0.1626
73211,33.25136210593944,35.53601505912176,2026-10-11,0.1401,0.1525,0.1495,0.1525
72261,33.251977263888215,35.4160223729468,2026-10-05,0.2548,0.2238,0.2991,0.2433
72261,33.251977263888215,35.4160223729468,2026-10-06,0.1994,0.1752,0.2104,0.1752
72261,33.251977263888215,35.4160223729468,2026-10-07,0.1772,0.1654,0.1883,0.1557
72261,33.251977263888215,35.4160223729468,2026-10-08,0.1772,0.1654,0.2548,0.1654
72261,33.251977263888215,35.4160223729468,2026-10-09,0.1772,0.1557,0.2104,0.1557
72261,33.251977263888215,35.4160223729468,2026-10-10,0.1661,0.146,0.1883,0.1557
72261,33.251977263888215,35.4160223729468,2026-10-11,0.1661,0.146,0.1772,0.146
73226,33.24657522264469,35.484294718374706,2026-10-05,0.2446,0.2263,0.2872,0.246
73226,33.24657522264469,35.484294718374706,2026-10-06,0.1914,0.1771,0.2021,0.1771
73226,33.24657522264469,35.484294718374706,2026-10-07,0.1702,0.1673,0.1808,0.1575
73226,33.24657522264469,35.484294718374706,2026-10-08,0.1702,0.1673,0.2446,0.1673
73226,33.24657522264469,35.484294718374706,2026-10-09,0.1702,0.1575,0.2021,0.1575
73226,33.24657522264469,35.484294718374706,2026-10-10,0.1595,0.1476,0.1808,0.1575
73226,33.24657522264469,35.484294718374706,2026-10-11,0.1595,0.1476,0.1702,0.1476
62254,33.244314069067656,35.37342196047362,2026-10-05,0.2629,0.2218,0.3086,0.2411
62254,33.244314069067656,35.37342196047362,2026-10-06,0.2057,0.1736,0.2171,0.1736
62254,33.244314069067656,35.37342196047362,2026-10-07,0.1829,0.1639,0.1943,0.1543
62254,33.244314069067656,35.37342196047362,2026-10-08,0.1829,0.1639,0.2629,0.1639
62254,33.244314069067656,35.37342196047362,2026-10-09,0.1829,0.1543,0.2171,0.1543
62254,33.244314069067656,35.37342196047362,2026-10-10,0.1714,0.1446,0.1943,0.1543
62254,33.244314069067656,35.37342196047362,2026-10-11,0.1714,0.1446,0.1829,0.1446
62243,33.23902272361962,35.24726469893522,2026-10-05,0.2087,0.2353,0.245,0.2558
62243,33.23902272361962,35.24726469893522,2026-10-06,0.1633,0.1842,0.1724,0.1842
62243,33.23902272361962,35.24726469893522,2026-10-07,0.1452,0.1739,0.1543,0.1637
62243,33.23902272361962,35.24726469893522,2026-10-08,0.1452,0.1739,0.2087,0.1739
62243,33.23902272361962,35.24726469893522,2026-10-09,0.1452,0.1637,0.1724,0.1637
62243,33.23902272361962,35.24726469893522,2026-10-10,0.1361,0.1535,0.1543,0.1637
62243,33.23902272361962,35.24726469893522,2026-10-11,0.1361,0.1535,0.1452,0.1535
72247,33.23053464097343,35.40288802633148,2026-10-05,0.2122,0.2345,0.2491,0.2548
72247,33.23053464097343,35.40288802633148,2026-10-06,0.1661,0.1835,0.1753,0.1835
72247,33.23053464097343,35.40288802633148,2026-10-07,0.1476,0.1733,0.1568,0.1631
72247,33.23053464097343,35.40288802633148,2026-10-08,0.1476,0.1733,0.2122,0.1733
72247,33.23053464097343,35.40288802633148,2026-10-09,0.1476,0.1631,0.1753,0.1631
72247,33.23053464097343,35.40288802633148,2026-10-10,0.1384,0.1529,0.1568,0.1631
72247,33.23053464097343,35.40288802633148,2026-10-11,0.1384,0.1529,0.1476,0.1529
72234,33.23426858682163,35.418652304224544,2026-10-05,0.2316,0.2296,0.2719,0.2496
72234,33.23426858682163,35.418652304224544,2026-10-06,0.1812,0.1797,0.1913,0.1797
72234,33.23426858682163,35.418652304224544,2026-10-07,0.1611,0.1697,0.1712,0.1597
72234,33.23426858682163,35.418652304224544,2026-10-08,0.1611,0.1697,0.2316,0.1697
72234,33.23426858682163,35.418652304224544,2026-10-09,0.1611,0.1597,0.1913,0.1597
72234,33.23426858682163,35.418652304224544,2026-10-10,0.151,0.1497,0.1712,0.1597
72234,33.23426858682163,35.418652304224544,2026-10-11,0.151,0.1497,0.1611,0.1497
73279,33.22187478436856,35.46708017609838,2026-10-05,0.2178,0.233,0.2557,0.2533
73279,33.22187478436856,35.46708017609838,2026-10-06,0.1705,0.1824,0.1799,0.1824
73279,33.22187478436856,35.46708017609838,2026-10-07,0.1515,0.1723,0.161,0.1621
73279,33.22187478436856,35.46708017609838,2026-10-08,0.1515,0.1723,0.2178,0.1723
73279,33.22187478436856,35.46708017609838,2026-10-09,0.1515,0.1621,0.1799,0.1621
73279,33.22187478436856,35.46708017609838,2026-10-10,0.142,0.152,0.161,0.1621
73279,33.22187478436856,35.46708017609838,2026-10-11,0.142,0.152,0.1515,0.152
62162,33.230617947451286,35.23566004812079,2026-10-05,0.2029,0.2368,0.2381,0.2574
62162,33.230617947451286,35.23566004812079,2026-10-06,0.1588,0.1853,0.1676,0.1853
62162,33.230617947451286,35.23566004812079,2026-10-07,0.1411,0.175,0.1499,0.1647
62162,33.230617947451286,35.23566004812079,2026-10-08,0.1411,0.175,0.2029,0.175
62162,33.230617947451286,35.23566004812079,2026-10-09,0.1411,0.1647,0.1676,0.1647
62162,33.230617947451286,35.23566004812079,2026-10-10,0.1323,0.1544,0.1499,0.1647
62162,33.230617947451286,35.23566004812079,2026-10-11,0.1323,0.1544,0.1411,0.1544
73280,33.23602670388127,35.435964345659144,2026-10-05,0.2296,0.2301,0.2695,0.2501
73280,33.23602670388127,35.435964345659144,2026-10-06,0.1797,0.1801,0.1897,0.1801
73280,33.23602670388127,35.435964345659144,2026-10-07,0.1597,0.1701,0.1697,0.1601
73280,33.23602670388127,35.435964345659144,2026-10-08,0.1597,0.1701,0.2296,0.1701
73280,33.23602670388127,35.435964345659144,2026-10-09,0.1597,0.1601,0.1897,0.1601
73280,33.23602670388127,35.435964345659144,2026-10-10,0.1497,0.1501,0.1697,0.1601
73280,33.23602670388127,35.435964345659144,2026-10-11,0.1497,0.1501,0.1597,0.1501
73245,33.234409147627645,35.51194492388692,2026-10-05,0.2068,0.2358,0.2428,0.2563
73245,33.234409147627645,35.51194492388692,2026-10-06,0.1619,0.1845,0.1709,0.1845
73245,33.234409147627645,35.51194492388692,2026-10-07,0.1439,0.1743,0.1529,0.164
73245,33.234409147627645,35.51194492388692,2026-10-08,0.1439,0.1743,0.2068,0.1743
73245,33.234409147627645,35.51194492388692,2026-10-09,0.1439,0.164,0.1709,0.164
73245,33.234409147627645,35.51194492388692,2026-10-10,0.1349,0.1538,0.1529,0.164
73245,33.234409147627645,35.51194492388692,2026-10-11,0.1349,0.1538,0.1439,0.1538
62217,33.22974187001933,35.30043214140366,2026-10-05,0.1866,0.2409,0.219,0.2618
62217,33.22974187001933,35.30043214140366,2026-10-06,0.146,0.1885,0.1541,0.1885
62217,33.22974187001933,35.30043214140366,2026-10-07,0.1298,0.178,0.1379,0.1675
62217,33.22974187001933,35.30043214140366,2026-10-08,0.1298,0.178,0.1866,0.178
62217,33.22974187001933,35.30043214140366,2026-10-09,0.1298,0.1675,0.1541,0.1675
62217,33.22974187001933,35.30043214140366,2026-10-10,0.1217,0.1571,0.1379,0.1675
62217,33.22974187001933,35.30043214140366,2026-10-11,0.1217,0.1571,0.1298,0.1571
73244,33.23019216991146,35.4870591797767,2026-10-05,0.2503,0.2249,0.2939,0.2445
73244,33.23019216991146,35.4870591797767,2026-10-06,0.1959,0.176,0.2068,0.176
73244,33.23019216991146,35.4870591797767,2026-10-07,0.1741,0.1662,0.185,0.1565
73244,33.23019216991146,35.4870591797767,2026-10-08,0.1741,0.1662,0.2503,0.1662
73244,33.23019216991146,35.4870591797767,2026-10-09,0.1741,0.1565,0.2068,0.1565
73244,33.23019216991146,35.4870591797767,2026-10-10,0.1633,0.1467,0.185,0.1565
73244,33.23019216991146,35.4870591797767,2026-10-11,0.1633,0.1467,0.1741,0.1467
62214,33.23158617638824,35.36026022457836,2026-10-05,0.1971,0.2382,0.2314,0.2589
62214,33.23158617638824,35.36026022457836,2026-10-06,0.1543,0.1864,0.1628,0.1864
62214,33.23158617638824,35.36026022457836,2026-10-07,0.1371,0.1761,0.1457,0.1657
62214,33.23158617638824,35.36026022457836,2026-10-08,0.1371,0.1761,0.1971,0.1761
62214,33.23158617638824,35.36026022457836,2026-10-09,0.1371,0.1657,0.1628,0.1657
62214,33.23158617638824,35.36026022457836,2026-10-10,0.1286,0.1554,0.1457,0.1657
62214,33.23158617638824,35.36026022457836,2026-10-11,0.1286,0.1554,0.1371,0.1554
62215,33.216061367230964,35.345653672306696,2026-10-05,0.2533,0.2242,0.2973,0.2437
62215,33.216061367230964,35.345653672306696,2026-10-06,0.1982,0.1755,0.2092,0.1755
62215,33.216061367230964,35.345653672306696,2026-10-07,0.1762,0.1657,0.1872,0.156
62215,33.216061367230964,35.345653672306696,2026-10-08,0.1762,0.1657,0.2533,0.1657
62215,33.216061367230964,35.345653672306696,2026-10-09,0.1762,0.156,0.2092,0.156
62215,33.216061367230964,35.345653672306696,2026-10-10,0.1652,0.1462,0.1872,0.156
62215,33.216061367230964,35.345653672306696,2026-10-11,0.1652,0.1462,0.1762,0.1462
62247,33.220834518791314,35.268598914202414,2026-10-05,0.2644,0.2214,0.3104,0.2406
62247,33.220834518791314,35.268598914202414,2026-10-06,0.207,0.1733,0.2185,0.1733
62247,33.220834518791314,35.268598914202414,2026-10-07,0.184,0.1636,0.1955,0.154
62247,33.220834518791314,35.268598914202414,2026-10-08,0.184,0.1636,0.2644,0.1636
62247,33.220834518791314,35.268598914202414,2026-10-09,0.184,0.154,0.2185,0.154
62247,33.220834518791314,35.268598914202414,2026-10-10,0.1725,0.1444,0.1955,0.154
62247,33.220834518791314,35.268598914202414,2026-10-11,0.1725,0.1444,0.184,0.1444
0,33.22356237501118,35.537373480479594,2026-10-05,0.2085,0.2354,0.2448,0.2558
0,33.22356237501118,35.537373480479594,2026-10-06,0.1632,0.1842,0.1723,0.1842
0,33.22356237501118,35.537373480479594,2026-10-07,0.1451,0.174,0.1541,0.1637
0,33.22356237501118,35.537373480479594,2026-10-08,0.1451,0.174,0.2085,0.174
0,33.22356237501118,35.537373480479594,2026-10-09,0.1451,0.1637,0.1723,0.1637
0,33.22356237501118,35.537373480479594,2026-10-10,0.136,0.1535,0.1541,0.1637
0,33.22356237501118,35.537373480479594,2026-10-11,0.136,0.1535,0.1451,0.1535
62179,33.21615969568509,35.23412184662106,2026-10-05,0.1885,0.2404,0.2213,0.2613
62179,33.21615969568509,35.23412184662106,2026-10-06,0.1475,0.1881,0.1557,0.1881
62179,33.21615969568509,35.23412184662106,2026-10-07,0.1311,0.1777,0.1393,0.1672
62179,33.21615969568509,35.23412184662106,2026-10-08,0.1311,0.1777,0.1885,0.1777
62179,33.21615969568509,35.23412184662106,2026-10-09,0.1311,0.1672,0.1557,0.1672
62179,33.21615969568509,35.23412184662106,2026-10-10,0.1229,0.1568,0.1393,0.1672
62179,33.21615969568509,35.23412184662106,2026-10-11,0.1229,0.1568,0.1311,0.1568
72244,33.21812887227246,35.37776279238984,2026-10-05,0.1985,0.2379,0.233,0.2586
72244,33.21812887227246,35.37776279238984,2026-10-06,0.1553,0.1862,0.164,0.1862
72244,33.21812887227246,35.37776279238984,2026-10-07,0.1381,0.1758,0.1467,0.1655
72244,33.21812887227246,35.37776279238984,2026-10-08,0.1381,0.1758,0.1985,0.1758
72244,33.21812887227246,35.37776279238984,2026-10-09,0.1381,0.1655,0.164,0.1655
72244,33.21812887227246,35.37776279238984,2026-10-10,0.1295,0.1551,0.1467,0.1655
72244,33.21812887227246,35.37776279238984,2026-10-11,0.1295,0.1551,0.1381,0.1551
72221,33.2090184593169,35.438542322913655,2026-10-05,0.2317,0.2296,0.2719,0.2496
72221,33.2090184593169,35.438542322913655,2026-10-06,0.1813,0.1797,0.1914,0.1797
72221,33.2090184593169,35.438542322913655,2026-10-07,0.1611,0.1697,0.1712,0.1597
72221,33.2090184593169,35.438542322913655,2026-10-08,0.1611,0.1697,0.2317,0.1697
72221,33.2090184593169,35.438542322913655,2026-10-09,0.1611,0.1597,0.1914,0.1597
72221,33.2090184593169,35.438542322913655,2026-10-10,0.1511,0.1497,0.1712,0.1597
72221,33.2090184593169,35.438542322913655,2026-10-11,0.1511,0.1497,0.1611,0.1497
73234,33.20736970320501,35.50629782670048,2026-10-05,0.221,0.2322,0.2595,0.2524
73234,33.20736970320501,35.50629782670048,2026-10-06,0.173,0.1818,0.1826,0.1818
73234,33.20736970320501,35.50629782670048,2026-10-07,0.1538,0.1717,0.1634,0.1616
73234,33.20736970320501,35.50629782670048,2026-10-08,0.1538,0.1717,0.221,0.1717
73234,33.20736970320501,35.50629782670048,2026-10-09,0.1538,0.1616,0.1826,0.1616
73234,33.20736970320501,35.50629782670048,2026-10-10,0.1442,0.1515,0.1634,0.1616
73234,33.20736970320501,35.50629782670048,2026-10-11,0.1442,0.1515,0.1538,0.1515
62229,33.2063362437313,35.29933269665358,2026-10-05,0.2338,0.2291,0.2744,0.249
62229,33.2063362437313,35.29933269665358,2026-10-06,0.183,0.1793,0.1931,0.1793
62229,33.2063362437313,35.29933269665358,2026-10-07,0.1626,0.1693,0.1728,0.1593
62229,33.2063362437313,35.29933269665358,2026-10-08,0.1626,0.1693,0.2338,0.1693
62229,33.2063362437313,35.29933269665358,2026-10-09,0.1626,0.1593,0.1931,0.1593
62229,33.2063362437313,35.29933269665358,2026-10-10,0.1525,0.1494,0.1728,0.1593
62229,33.2063362437313,35.29933269665358,2026-10-11,0.1525,0.1494,0.1626,0.1494
62277,33.202301069571746,35.25697040885769,2026-10-05,0.2066,0.2359,0.2425,0.2564
62277,33.202301069571746,35.25697040885769,2026-10-06,0.1616,0.1846,0.1706,0.1846
62277,33.202301069571746,35.25697040885769,2026-10-07,0.1437,0.1743,0.1527,0.1641
62277,33.202301069571746,35.25697040885769,2026-10-08,0.1437,0.1743,0.2066,0.1743
62277,33.202301069571746,35.25697040885769,2026-10-09,0.1437,0.1641,0.1706,0.1641
62277,33.202301069571746,35.25697040885769,2026-10-10,0.1347,0.1538,0.1527,0.1641
62277,33.202301069571746,35.25697040885769,2026-10-11,0.1347,0.1538,0.1437,0.1538
62287,33.19138807629881,35.22957464340234,2026-10-05,0.1902,0.24,0.2232,0.2608
62287,33.19138807629881,35.22957464340234,2026-10-06,0.1488,0.1878,0.1571,0.1878
62287,33.19138807629881,35.22957464340234,2026-10-07,0.1323,0.1774,0.1406,0.1669
62287,33.19138807629881,35.22957464340234,2026-10-08,0.1323,0.1774,0.1902,0.1774
62287,33.19138807629881,35.22957464340234,2026-10-09,0.1323,0.1669,0.1571,0.1669
62287,33.19138807629881,35.22957464340234,2026-10-10,0.124,0.1565,0.1406,0.1669
62287,33.19138807629881,35.22957464340234,2026-10-11,0.124,0.1565,0.1323,0.1565
72214,33.20417710050227,35.39058082689138,2026-10-05,0.2212,0.2322,0.2597,0.2524
72214,33.20417710050227,35.39058082689138,2026-10-06,0.1731,0.1817,0.1827,0.1817
72214,33.20417710050227,35.39058082689138,2026-10-07,0.1539,0.1716,0.1635,0.1615
72214,33.20417710050227,35.39058082689138,2026-10-08,0.1539,0.1716,0.2212,0.1716
72214,33.20417710050227,35.39058082689138,2026-10-09,0.1539,0.1615,0.1827,0.1615
72214,33.20417710050227,35.39058082689138,2026-10-10,0.1443,0.1514,0.1635,0.1615
72214,33.20417710050227,35.39058082689138,2026-10-11,0.1443,0.1514,0.1539,0.1514
62267,33.20695733054563,35.260401615508236,2026-10-05,0.265,0.2213,0.3111,0.2405
62267,33.20695733054563,35.260401615508236,2026-10-06,0.2074,0.1732,0.2189,0.1732
62267,33.20695733054563,35.260401615508236,2026-10-07,0.1843,0.1635,0.1959,0.1539
62267,33.20695733054563,35.260401615508236,2026-10-08,0.1843,0.1635,0.265,0.1635
62267,33.20695733054563,35.260401615508236,2026-10-09,0.1843,0.1539,0.2189,0.1539
62267,33.20695733054563,35.260401615508236,2026-10-10,0.1728,0.1443,0.1959,0.1539
62267,33.20695733054563,35.260401615508236,2026-10-11,0.1728,0.1443,0.1843,0.1443
62259,33.20244688126482,35.277983303449204,2026-10-05,0.1938,0.239,0.2275,0.2598
62259,33.20244688126482,35.277983303449204,2026-10-06,0.1517,0.1871,0.1601,0.1871
62259,33.20244688126482,35.277983303449204,2026-10-07,0.1348,0.1767,0.1433,0.1663
62259,33.20244688126482,35.277983303449204,2026-10-08,0.1348,0.1767,0.1938,0.1767
62259,33.20244688126482,35.277983303449204,2026-10-09,0.1348,0.1663,0.1601,0.1663
62259,33.20244688126482,35.277983303449204,2026-10-10,0.1264,0.1559,0.1433,0.1663
62259,33.20244688126482,35.277983303449204,2026-10-11,0.1264,0.1559,0.1348,0.1559
62226,33.20480938596284,35.324520271956416,2026-10-05,0.233,0.2293,0.2735,0.2492
62226,33.20480938596284,35.324520271956416,2026-10-06,0.1823,0.1794,0.1925,0.1794
62226,33.20480938596284,35.324520271956416,2026-10-07,0.1621,0.1694,0.1722,0.1595
62226,33.20480938596284,35.324520271956416,2026-10-08,0.1621,0.1694,0.233,0.1694
62226,33.20480938596284,35.324520271956416,2026-10-09,0.1621,0.1595,0.1925,0.1595
62226,33.20480938596284,35.324520271956416,2026-10-10,0.152,0.1495,0.1722,0.1595
62226,33.20480938596284,35.324520271956416,2026-10-11,0.152,0.1495,0.1621,0.1495
62223,33.19688699493108,35.33913896851995,2026-10-05,0.2032,0.2367,0.2385,0.2573
62223,33.19688699493108,35.33913896851995,2026-10-06,0.159,0.1852,0.1679,0.1852
62223,33.19688699493108,35.33913896851995,2026-10-07,0.1413,0.175,0.1502,0.1647
62223,33.19688699493108,35.33913896851995,2026-10-08,0.1413,0.175,0.2032,0.175
62223,33.19688699493108,35.33913896851995,2026-10-09,0.1413,0.1647,0.1679,0.1647
62223,33.19688699493108,35.33913896851995,2026-10-10,0.1325,0.1544,0.1502,0.1647
62223,33.19688699493108,35.33913896851995,2026-10-11,0.1325,0.1544,0.1413,0.1544
62236,33.188620273571715,35.32207974332307,2026-10-05,0.2142,0.234,0.2514,0.2543
62236,33.188620273571715,35.32207974332307,2026-10-06,0.1676,0.1831,0.1769,0.1831
62236,33.188620273571715,35.32207974332307,2026-10-07,0.149,0.1729,0.1583,0.1628
62236,33.188620273571715,35.32207974332307,2026-10-08,0.149,0.1729,0.2142,0.1729
62236,33.188620273571715,35.32207974332307,2026-10-09,0.149,0.1628,0.1769,0.1628
62236,33.188620273571715,35.32207974332307,2026-10-10,0.1397,0.1526,0.1583,0.1628
62236,33.188620273571715,35.32207974332307,2026-10-11,0.1397,0.1526,0.149,0.1526
72211,33.19526472662739,35.410267288224,2026-10-05,0.2175,0.2331,0.2553,0.2534
72211,33.19526472662739,35.410267288224,2026-10-06,0.1702,0.1824,0.1797,0.1824
72211,33.19526472662739,35.410267288224,2026-10-07,0.1513,0.1723,0.1608,0.1622
72211,33.19526472662739,35.410267288224,2026-10-08,0.1513,0.1723,0.2175,0.1723
72211,33.19526472662739,35.410267288224,2026-10-09,0.1513,0.1622,0.1797,0.1622
72211,33.19526472662739,35.410267288224,2026-10-10,0.1419,0.152,0.1608,0.1622
72211,33.19526472662739,35.410267288224,2026-10-11,0.1419,0.152,0.1513,0.152
72217,33.19719978375038,35.43098951489788,2026-10-05,0.227,0.2307,0.2665,0.2508
72217,33.19719978375038,35.43098951489788,2026-10-06,0.1777,0.1806,0.1875,0.1806
72217,33.19719978375038,35.43098951489788,2026-10-07,0.1579,0.1706,0.1678,0.1605
72217,33.19719978375038,35.43098951489788,2026-10-08,0.1579,0.1706,0.227,0.1706
72217,33.19719978375038,35.43098951489788,2026-10-09,0.1579,0.1605,0.1875,0.1605
72217,33.19719978375038,35.43098951489788,2026-10-10,0.1481,0.1505,0.1678,0.1605
72217,33.19719978375038,35.43098951489788,2026-10-11,0.1481,0.1505,0.1579,0.1505
72229,33.177727555797595,35.46776648699894,2026-10-05,0.1999,0.2375,0.2347,0.2582
72229,33.177727555797595,35.46776648699894,2026-10-06,0.1565,0.1859,0.1652,0.1859
72229,33.177727555797595,35.46776648699894,2026-10-07,0.1391,0.1756,0.1478,0.1652
72229,33.177727555797595,35.46776648699894,2026-10-08,0.1391,0.1756,0.1999,0.1756
72229,33.177727555797595,35.46776648699894,2026-10-09,0.1391,0.1652,0.1652,0.1652
72229,33.177727555797595,35.46776648699894,2026-10-10,0.1304,0.1549,0.1478,0.1652
72229,33.177727555797595,35.46776648699894,2026-10-11,0.1304,0.1549,0.1391,0.1549
72257,33.18028386978526,35.347579206923385,2026-10-05,0.2146,0.2338,0.252,0.2542
72257,33.18028386978526,35.347579206923385,2026-10-06,0.168,0.183,0.1773,0.183
72257,33.18028386978526,35.347579206923385,2026-10-07,0.1493,0.1728,0.1586,0.1627
72257,33.18028386978526,35.347579206923385,2026-10-08,0.1493,0.1728,0.2146,0.1728
72257,33.18028386978526,35.347579206923385,2026-10-09,0.1493,0.1627,0.1773,0.1627
72257,33.18028386978526,35.347579206923385,2026-10-10,0.14,0.1525,0.1586,0.1627
72257,33.18028386978526,35.347579206923385,2026-10-11,0.14,0.1525,0.1493,0.1525
62241,33.19062538296121,35.3063950778288,2026-10-05,0.2051,0.2362,0.2408,0.2568
62241,33.19062538296121,35.3063950778288,2026-10-06,0.1605,0.1849,0.1695,0.1849
62241,33.19062538296121,35.3063950778288,2026-10-07,0.1427,0.1746,0.1516,0.1643
62241,33.19062538296121,35.3063950778288,2026-10-08,0.1427,0.1746,0.2051,0.1746
62241,33.19062538296121,35.3063950778288,2026-10-09,0.1427,0.1643,0.1695,0.1643
62241,33.19062538296121,35.3063950778288,2026-10-10,0.1338,0.1541,0.1516,0.1643
62241,33.19062538296121,35.3063950778288,2026-10-11,0.1338,0.1541,0.1427,0.1541
73250,33.1734921415178,35.50566745807097,2026-10-05,0.1921,0.2395,0.2255,0.2603
73250,33.1734921415178,35.50566745807097,2026-10-06,0.1503,0.1874,0.1587,0.1874
73250,33.1734921415178,35.50566745807097,2026-10-07,0.1336,0.177,0.142,0.1666
73250,33.1734921415178,35.50566745807097,2026-10-08,0.1336,0.177,0.1921,0.177
73250,33.1734921415178,35.50566745807097,2026-10-09,0.1336,0.1666,0.1587,0.1666
73250,33.1734921415178,35.50566745807097,2026-10-10,0.1253,0.1562,0.142,0.1666
73250,33.1734921415178,35.50566745807097,2026-10-11,0.1253,0.1562,0.1336,0.1562
62279,33.17338736405418,35.292365040011305,2026-10-05,0.2596,0.2226,0.3047,0.242
62279,33.17338736405418,35.292365040011305,2026-10-06,0.2031,0.1742,0.2144,0.1742
62279,33.17338736405418,35.292365040011305,2026-10-07,0.1806,0.1645,0.1918,0.1549
62279,33.17338736405418,35.292365040011305,2026-10-08,0.1806,0.1645,0.2596,0.1645
62279,33.17338736405418,35.292365040011305,2026-10-09,0.1806,0.1549,0.2144,0.1549
62279,33.17338736405418,35.292365040011305,2026-10-10,0.1693,0.1452,0.1918,0.1549
62279,33.17338736405418,35.292365040011305,2026-10-11,0.1693,0.1452,0.1806,0.1452
72241,33.17579580638863,35.369782831435074,2026-10-05,0.1889,0.2403,0.2218,0.2612
72241,33.17579580638863,35.369782831435074,2026-10-06,0.1479,0.188,0.1561,0.188
72241,33.17579580638863,35.369782831435074,2026-10-07,0.1314,0.1776,0.1396,0.1671
72241,33.17579580638863,35.369782831435074,2026-10-08,0.1314,0.1776,0.1889,0.1776
72241,33.17579580638863,35.369782831435074,2026-10-09,0.1314,0.1671,0.1561,0.1671
72241,33.17579580638863,35.369782831435074,2026-10-10,0.1232,0.1567,0.1396,0.1671
72241,33.17579580638863,35.369782831435074,2026-10-11,0.1232,0.1567,0.1314,0.1567
72227,33.18160025260121,35.43921211679214,2026-10-05,0.2285,0.2304,0.2683,0.2504
72227,33.18160025260121,35.43921211679214,2026-10-06,0.1789,0.1803,0.1888,0.1803
72227,33.18160025260121,35.43921211679214,2026-10-07,0.159,0.1703,0.1689,0.1603
72227,33.18160025260121,35.43921211679214,2026-10-08,0.159,0.1703,0.2285,0.1703
72227,33.18160025260121,35.43921211679214,2026-10-09,0.159,0.1603,0.1888,0.1603
72227,33.18160025260121,35.43921211679214,2026-10-10,0.149,0.1502,0.1689,0.1603
72227,33.18160025260121,35.43921211679214,2026-10-11,0.149,0.1502,0.159,0.1502
62296,33.17408150766428,35.20519191506107,2026-10-05,0.2051,0.2362,0.2408,0.2568
62296,33.17408150766428,35.20519191506107,2026-10-06,0.1605,0.1849,0.1694,0.1849
62296,33.17408150766428,35.20519191506107,2026-10-07,0.1427,0.1746,0.1516,0.1643
62296,33.17408150766428,35.20519191506107,2026-10-08,0.1427,0.1746,0.2051,0.1746
62296,33.17408150766428,35.20519191506107,2026-10-09,0.1427,0.1643,0.1694,0.1643
62296,33.17408150766428,35.20519191506107,2026-10-10,0.1338,0.1541,0.1516,0.1643
62296,33.17408150766428,35.20519191506107,2026-10-11,0.1338,0.1541,0.1427,0.1541
62286,33.159580252625254,35.2721709571646,2026-10-05,0.2025,0.2369,0.2377,0.2575
62286,33.159580252625254,35.2721709571646,2026-10-06,0.1584,0.1854,0.1673,0.1854
62286,33.159580252625254,35.2721709571646,2026-10-07,0.1408,0.1751,0.1496,0.1648
62286,33.159580252625254,35.2721709571646,2026-10-08,0.1408,0.1751,0.2025,0.1751
62286,33.159580252625254,35.2721709571646,2026-10-09,0.1408,0.1648,0.1673,0.1648
62286,33.159580252625254,35.2721709571646,2026-10-10,0.132,0.1545,0.1496,0.1648
62286,33.159580252625254,35.2721709571646,2026-10-11,0.132,0.1545,0.1408,0.1545
72224,33.17341806434512,35.40752998935259,2026-10-05,0.241,0.2273,0.2829,0.247
72224,33.17341806434512,35.40752998935259,2026-10-06,0.1886,0.1779,0.1991,0.1779
72224,33.17341806434512,35.40752998935259,2026-10-07,0.1676,0.168,0.1781,0.1581
72224,33.17341806434512,35.40752998935259,2026-10-08,0.1676,0.168,0.241,0.168
72224,33.17341806434512,35.40752998935259,2026-10-09,0.1676,0.1581,0.1991,0.1581
72224,33.17341806434512,35.40752998935259,2026-10-10,0.1571,0.1482,0.1781,0.1581
72224,33.17341806434512,35.40752998935259,2026-10-11,0.1571,0.1482,0.1676,0.1482
62297,33.1551445864595,35.233632887670865,2026-10-05,0.224,0.2315,0.263,0.2516
62297,33.1551445864595,35.233632887670865,2026-10-06,0.1753,0.1812,0.1851,0.1812
62297,33.1551445864595,35.233632887670865,2026-10-07,0.1558,0.1711,0.1656,0.161
62297,33.1551445864595,35.233632887670865,2026-10-08,0.1558,0.1711,0.224,0.1711
62297,33.1551445864595,35.233632887670865,2026-10-09,0.1558,0.161,0.1851,0.161
62297,33.1551445864595,35.233632887670865,2026-10-10,0.1461,0.151,0.1656,0.161
62297,33.1551445864595,35.233632887670865,2026-10-11,0.1461,0.151,0.1558,0.151
62299,33.15430715360563,35.18560364398442,2026-10-05,0.2273,0.2307,0.2669,0.2507
62299,33.15430715360563,35.18560364398442,2026-10-06,0.1779,0.1805,0.1878,0.1805
62299,33.15430715360563,35.18560364398442,2026-10-07,0.1582,0.1705,0.168,0.1605
62299,33.15430715360563,35.18560364398442,2026-10-08,0.1582,0.1705,0.2273,0.1705
62299,33.15430715360563,35.18560364398442,2026-10-09,0.1582,0.1605,0.1878,0.1605
62299,33.15430715360563,35.18560364398442,2026-10-10,0.1483,0.1504,0.168,0.1605
62299,33.15430715360563,35.18560364398442,2026-10-11,0.1483,0.1504,0.1582,0.1504
72231,33.15645540788808,35.38876963653772,2026-10-05,0.1873,0.2407,0.2198,0.2616
72231,33.15645540788808,35.38876963653772,2026-10-06,0.1466,0.1884,0.1547,0.1884
72231,33.15645540788808,35.38876963653772,2026-10-07,0.1303,0.1779,0.1384,0.1674
72231,33.15645540788808,35.38876963653772,2026-10-08,0.1303,0.1779,0.1873,0.1779
72231,33.15645540788808,35.38876963653772,2026-10-09,0.1303,0.1674,0.1547,0.1674
72231,33.15645540788808,35.38876963653772,2026-10-10,0.1221,0.157,0.1384,0.1674
72231,33.15645540788808,35.38876963653772,2026-10-11,0.1221,0.157,0.1303,0.157
72237,33.16082574136668,35.41904793020562,2026-10-05,0.2497,0.2251,0.2931,0.2446
72237,33.16082574136668,35.41904793020562,2026-10-06,0.1954,0.1761,0.2063,0.1761
72237,33.16082574136668,35.41904793020562,2026-10-07,0.1737,0.1664,0.1846,0.1566
72237,33.16082574136668,35.41904793020562,2026-10-08,0.1737,0.1664,0.2497,0.1664
72237,33.16082574136668,35.41904793020562,2026-10-09,0.1737,0.1566,0.2063,0.1566
72237,33.16082574136668,35.41904793020562,2026-10-10,0.1628,0.1468,0.1846,0.1566
72237,33.16082574136668,35.41904793020562,2026-10-11,0.1628,0.1468,0.1737,0.1468
72277,33.14767735149438,35.32695030106145,2026-10-05,0.2412,0.2272,0.2831,0.247
72277,33.14767735149438,35.32695030106145,2026-10-06,0.1888,0.1778,0.1992,0.1778
72277,33.14767735149438,35.32695030106145,2026-10-07,0.1678,0.1679,0.1783,0.1581
72277,33.14767735149438,35.32695030106145,2026-10-08,0.1678,0.1679,0.2412,0.1679
72277,33.14767735149438,35.32695030106145,2026-10-09,0.1678,0.1581,0.1992,0.1581
72277,33.14767735149438,35.32695030106145,2026-10-10,0.1573,0.1482,0.1783,0.1581
72277,33.14767735149438,35.32695030106145,2026-10-11,0.1573,0.1482,0.1678,0.1482
72251,33.14806206725677,35.44654945271683,2026-10-05,0.1852,0.2412,0.2174,0.2622
72251,33.14806206725677,35.44654945271683,2026-10-06,0.145,0.1888,0.153,0.1888
72251,33.14806206725677,35.44654945271683,2026-10-07,0.1288,0.1783,0.1369,0.1678
72251,33.14806206725677,35.44654945271683,2026-10-08,0.1288,0.1783,0.1852,0.1783
72251,33.14806206725677,35.44654945271683,2026-10-09,0.1288,0.1678,0.153,0.1678
72251,33.14806206725677,35.44654945271683,2026-10-10,0.1208,0.1573,0.1369,0.1678
72251,33.14806206725677,35.44654945271683,2026-10-11,0.1208,0.1573,0.1288,0.1573
72267,33.1561632560339,35.35755180931418,2026-10-05,0.1844,0.2414,0.2164,0.2624
72267,33.1561632560339,35.35755180931418,2026-10-06,0.1443,0.1889,0.1523,0.1889
72267,33.1561632560339,35.35755180931418,2026-10-07,0.1283,0.1784,0.1363,0.1679
72267,33.1561632560339,35.35755180931418,2026-10-08,0.1283,0.1784,0.1844,0.1784
72267,33.1561632560339,35.35755180931418,2026-10-09,0.1283,0.1679,0.1523,0.1679
72267,33.1561632560339,35.35755180931418,2026-10-10,0.1202,0.1574,0.1363,0.1679
72267,33.1561632560339,35.35755180931418,2026-10-11,0.1202,0.1574,0.1283,0.1574
62298,33.146111624030354,35.2022442816998,2026-10-05,0.2459,0.226,0.2887,0.2457
62298,33.146111624030354,35.2022442816998,2026-10-06,0.1925,0.1769,0.2032,0.1769
62298,33.146111624030354,35.2022442816998,2026-10-07,0.1711,0.1671,0.1818,0.1572
62298,33.146111624030354,35.2022442816998,2026-10-08,0.1711,0.1671,0.2459,0.1671
62298,33.146111624030354,35.2022442816998,2026-10-09,0.1711,0.1572,0.2032,0.1572
62298,33.146111624030354,35.2022442816998,2026-10-10,0.1604,0.1474,0.1818,0.1572
62298,33.146111624030354,35.2022442816998,2026-10-11,0.1604,0.1474,0.1711,0.1474
72254,33.142535928427804,35.39849760093203,2026-10-05,0.2366,0.2283,0.2778,0.2482
72254,33.142535928427804,35.39849760093203,2026-10-06,0.1852,0.1787,0.1955,0.1787
72254,33.142535928427804,35.39849760093203,2026-10-07,0.1646,0.1688,0.1749,0.1588
72254,33.142535928427804,35.39849760093203,2026-10-08,0.1646,0.1688,0.2366,0.1688
72254,33.142535928427804,35.39849760093203,2026-10-09,0.1646,0.1588,0.1955,0.1588
72254,33.142535928427804,35.39849760093203,2026-10-10,0.1543,0.1489,0.1749,0.1588
72254,33.142535928427804,35.39849760093203,2026-10-11,0.1543,0.1489,0.1646,0.1489
72271,33.14424853145428,35.36145504739741,2026-10-05,0.2488,0.2253,0.2921,0.2449
72271,33.14424853145428,35.36145504739741,2026-10-06,0.1947,0.1763,0.2055,0.1763
72271,33.14424853145428,35.36145504739741,2026-10-07,0.1731,0.1665,0.1839,0.1567
72271,33.14424853145428,35.36145504739741,2026-10-08,0.1731,0.1665,0.2488,0.1665
72271,33.14424853145428,35.36145504739741,2026-10-09,0.1731,0.1567,0.2055,0.1567
72271,33.14424853145428,35.36145504739741,2026-10-10,0.1623,0.1469,0.1839,0.1567
72271,33.14424853145428,35.36145504739741,2026-10-11,0.1623,0.1469,0.1731,0.1469
62295,33.135695552651754,35.221935012490704,2026-10-05,0.2511,0.2247,0.2948,0.2443
62295,33.135695552651754,35.221935012490704,2026-10-06,0.1965,0.1759,0.2075,0.1759
62295,33.135695552651754,35.221935012490704,2026-10-07,0.1747,0.1661,0.1856,0.1563
62295,33.135695552651754,35.221935012490704,2026-10-08,0.1747,0.1661,0.2511,0.1661
62295,33.135695552651754,35.221935012490704,2026-10-09,0.1747,0.1563,0.2075,0.1563
62295,33.135695552651754,35.221935012490704,2026-10-10,0.1638,0.1466,0.1856,0.1563
62295,33.135695552651754,35.221935012490704,2026-10-11,0.1638,0.1466,0.1747,0.1466
72287,33.13147406781939,35.33260093550434,2026-10-05,0.2007,0.2373,0.2356,0.258
72287,33.13147406781939,35.33260093550434,2026-10-06,0.1571,0.1857,0.1658,0.1857
72287,33.13147406781939,35.33260093550434,2026-10-07,0.1396,0.1754,0.1483,0.1651
72287,33.13147406781939,35.33260093550434,2026-10-08,0.1396,0.1754,0.2007,0.1754
72287,33.13147406781939,35.33260093550434,2026-10-09,0.1396,0.1651,0.1658,0.1651
72287,33.13147406781939,35.33260093550434,2026-10-10,0.1309,0.1548,0.1483,0.1651
72287,33.13147406781939,35.33260093550434,2026-10-11,0.1309,0.1548,0.1396,0.1548
62292,33.12765665002129,35.2330594194937,2026-10-05,0.2318,0.2296,0.2721,0.2495
62292,33.12765665002129,35.2330594194937,2026-10-06,0.1814,0.1797,0.1915,0.1797
62292,33.12765665002129,35.2330594194937,2026-10-07,0.1612,0.1697,0.1713,0.1597
62292,33.12765665002129,35.2330594194937,2026-10-08,0.1612,0.1697,0.2318,0.1697
62292,33.12765665002129,35.2330594194937,2026-10-09,0.1612,0.1597,0.1915,0.1597
62292,33.12765665002129,35.2330594194937,2026-10-10,0.1512,0.1497,0.1713,0.1597
62292,33.12765665002129,35.2330594194937,2026-10-11,0.1512,0.1497,0.1612,0.1497
62285,33.12733682253835,35.2535661990935,2026-10-05,0.2457,0.2261,0.2885,0.2457
62285,33.12733682253835,35.2535661990935,2026-10-06,0.1923,0.1769,0.203,0.1769
62285,33.12733682253835,35.2535661990935,2026-10-07,0.171,0.1671,0.1816,0.1573
62285,33.12733682253835,35.2535661990935,2026-10-08,0.171,0.1671,0.2457,0.1671
62285,33.12733682253835,35.2535661990935,2026-10-09,0.171,0.1573,0.203,0.1573
62285,33.12733682253835,35.2535661990935,2026-10-10,0.1603,0.1474,0.1816,0.1573
62285,33.12733682253835,35.2535661990935,2026-10-11,0.1603,0.1474,0.171,0.1474
72111,33.11742176946516,35.431151208084124,2026-10-05,0.232,0.2295,0.2724,0.2495
72111,33.11742176946516,35.431151208084124,2026-10-06,0.1816,0.1796,0.1917,0.1796
72111,33.11742176946516,35.431151208084124,2026-10-07,0.1614,0.1696,0.1715,0.1596
72111,33.11742176946516,35.431151208084124,2026-10-08,0.1614,0.1696,0.232,0.1696
72111,33.11742176946516,35.431151208084124,2026-10-09,0.1614,0.1596,0.1917,0.1596
72111,33.11742176946516,35.431151208084124,2026-10-10,0.1513,0.1497,0.1715,0.1596
72111,33.11742176946516,35.431151208084124,2026-10-11,0.1513,0.1497,0.1614,0.1497
72281,33.12276206208809,35.36892208432174,2026-10-05,0.2331,0.2292,0.2736,0.2492
72281,33.12276206208809,35.36892208432174,2026-10-06,0.1824,0.1794,0.1925,0.1794
72281,33.12276206208809,35.36892208432174,2026-10-07,0.1621,0.1694,0.1723,0.1595
72281,33.12276206208809,35.36892208432174,2026-10-08,0.1621,0.1694,0.2331,0.1694
72281,33.12276206208809,35.36892208432174,2026-10-09,0.1621,0.1595,0.1925,0.1595
72281,33.12276206208809,35.36892208432174,2026-10-10,0.152,0.1495,0.1723,0.1595
72281,33.12276206208809,35.36892208432174,2026-10-11,0.152,0.1495,0.1621,0.1495
72119,33.132867833630065,35.44304624962865,2026-10-05,0.1831,0.2417,0.215,0.2627
72119,33.132867833630065,35.44304624962865,2026-10-06,0.1433,0.1892,0.1513,0.1892
72119,33.132867833630065,35.44304624962865,2026-10-07,0.1274,0.1787,0.1354,0.1682
72119,33.132867833630065,35.44304624962865,2026-10-08,0.1274,0.1787,0.1831,0.1787
72119,33.132867833630065,35.44304624962865,2026-10-09,0.1274,0.1682,0.1513,0.1682
72119,33.132867833630065,35.44304624962865,2026-10-10,0.1194,0.1576,0.1354,0.1682
72119,33.132867833630065,35.44304624962865,2026-10-11,0.1194,0.1576,0.1274,0.1576
62312,33.114265970198126,35.13850612636856,2026-10-05,0.2466,0.2259,0.2895,0.2455
62312,33.114265970198126,35.13850612636856,2026-10-06,0.193,0.1768,0.2037,0.1768
62312,33.114265970198126,35.13850612636856,2026-10-07,0.1715,0.1669,0.1823,0.1571
62312,33.114265970198126,35.13850612636856,2026-10-08,0.1715,0.1669,0.2466,0.1669
62312,33.114265970198126,35.13850612636856,2026-10-09,0.1715,0.1571,0.2037,0.1571
62312,33.114265970198126,35.13850612636856,2026-10-10,0.1608,0.1473,0.1823,0.1571
62312,33.114265970198126,35.13850612636856,2026-10-11,0.1608,0.1473,0.1715,0.1473
72143,33.10977766023834,35.4006466370616,2026-10-05,0.2487,0.2253,0.2919,0.2449
72143,33.10977766023834,35.4006466370616,2026-10-06,0.1946,0.1763,0.2054,0.1763
72143,33.10977766023834,35.4006466370616,2026-10-07,0.173,0.1666,0.1838,0.1568
72143,33.10977766023834,35.4006466370616,2026-10-08,0.173,0.1666,0.2487,0.1666
72143,33.10977766023834,35.4006466370616,2026-10-09,0.173,0.1568,0.2054,0.1568
72143,33.10977766023834,35.4006466370616,2026-10-10,0.1622,0.147,0.1838,0.1568
72143,33.10977766023834,35.4006466370616,2026-10-11,0.1622,0.147,0.173,0.147
72151,33.1168287909558,35.4760118557018,2026-10-05,0.223,0.2317,0.2618,0.2519
72151,33.1168287909558,35.4760118557018,2026-10-06,0.1745,0.1814,0.1842,0.1814
72151,33.1168287909558,35.4760118557018,2026-10-07,0.1551,0.1713,0.1648,0.1612
72151,33.1168287909558,35.4760118557018,2026-10-08,0.1551,0.1713,0.223,0.1713
72151,33.1168287909558,35.4760118557018,2026-10-09,0.1551,0.1612,0.1842,0.1612
72151,33.1168287909558,35.4760118557018,2026-10-10,0.1454,0.1511,0.1648,0.1612
72151,33.1168287909558,35.4760118557018,2026-10-11,0.1454,0.1511,0.1551,0.1511
62316,33.105928661945754,35.170453647540505,2026-10-05,0.1959,0.2385,0.23,0.2593
62316,33.105928661945754,35.170453647540505,2026-10-06,0.1533,0.1867,0.1619,0.1867
62316,33.105928661945754,35.170453647540505,2026-10-07,0.1363,0.1763,0.1448,0.1659
62316,33.105928661945754,35.170453647540505,2026-10-08,0.1363,0.1763,0.1959,0.1763
62316,33.105928661945754,35.170453647540505,2026-10-09,0.1363,0.1659,0.1619,0.1659
62316,33.105928661945754,35.170453647540505,2026-10-10,0.1278,0.1556,0.1448,0.1659
62316,33.105928661945754,35.170453647540505,2026-10-11,0.1278,0.1556,0.1363,0.1556
62311,33.11601012109434,35.2745754926724,2026-10-05,0.1893,0.2402,0.2222,0.2611
62311,33.11601012109434,35.2745754926724,2026-10-06,0.1481,0.188,0.1564,0.188
62311,33.11601012109434,35.2745754926724,2026-10-07,0.1317,0.1775,0.1399,0.1671
62311,33.11601012109434,35.2745754926724,2026-10-08,0.1317,0.1775,0.1893,0.1775
62311,33.11601012109434,35.2745754926724,2026-10-09,0.1317,0.1671,0.1564,0.1671
62311,33.11601012109434,35.2745754926724,2026-10-10,0.1234,0.1566,0.1399,0.1671
62311,33.11601012109434,35.2745754926724,2026-10-11,0.1234,0.1566,0.1317,0.1566
72191,33.11191863656636,35.310909417642364,2026-10-05,0.1988,0.2378,0.2334,0.2585
72191,33.11191863656636,35.310909417642364,2026-10-06,0.1556,0.1861,0.1642,0.1861
72191,33.11191863656636,35.310909417642364,2026-10-07,0.1383,0.1758,0.1469,0.1654
72191,33.11191863656636,35.310909417642364,2026-10-08,0.1383,0.1758,0.1988,0.1758
72191,33.11191863656636,35.310909417642364,2026-10-09,0.1383,0.1654,0.1642,0.1654
72191,33.11191863656636,35.310909417642364,2026-10-10,0.1297,0.1551,0.1469,0.1654
72191,33.11191863656636,35.310909417642364,2026-10-11,0.1297,0.1551,0.1383,0.1551
62341,33.10748116340435,35.222560257710434,2026-10-05,0.2506,0.2248,0.2942,0.2444
62341,33.10748116340435,35.222560257710434,2026-10-06,0.1962,0.176,0.207,0.176
62341,33.10748116340435,35.222560257710434,2026-10-07,0.1744,0.1662,0.1853,0.1564
62341,33.10748116340435,35.222560257710434,2026-10-08,0.1744,0.1662,0.2506,0.1662
62341,33.10748116340435,35.222560257710434,2026-10-09,0.1744,0.1564,0.207,0.1564
62341,33.10748116340435,35.222560257710434,2026-10-10,0.1635,0.1466,0.1853,0.1564
62341,33.10748116340435,35.222560257710434,2026-10-11,0.1635,0.1466,0.1744,0.1466
62308,33.108104242394226,35.23459085291531,2026-10-05,0.2471,0.2257,0.2901,0.2453
62308,33.108104242394226,35.23459085291531,2026-10-06,0.1934,0.1766,0.2042,0.1766
62308,33.108104242394226,35.23459085291531,2026-10-07,0.1719,0.1668,0.1827,0.157
62308,33.108104242394226,35.23459085291531,2026-10-08,0.1719,0.1668,0.2471,0.1668
62308,33.108104242394226,35.23459085291531,2026-10-09,0.1719,0.157,0.2042,0.157
62308,33.108104242394226,35.23459085291531,2026-10-10,0.1612,0.1472,0.1827,0.157
62308,33.108104242394226,35.23459085291531,2026-10-11,0.1612,0.1472,0.1719,0.1472
72284,33.10527961607419,35.373292524053774,2026-10-05,0.2165,0.2334,0.2542,0.2537
72284,33.10527961607419,35.373292524053774,2026-10-06,0.1695,0.1826,0.1789,0.1826
72284,33.10527961607419,35.373292524053774,2026-10-07,0.1506,0.1725,0.1601,0.1623
72284,33.10527961607419,35.373292524053774,2026-10-08,0.1506,0.1725,0.2165,0.1725
72284,33.10527961607419,35.373292524053774,2026-10-09,0.1506,0.1623,0.1789,0.1623
72284,33.10527961607419,35.373292524053774,2026-10-10,0.1412,0.1522,0.1601,0.1623
72284,33.10527961607419,35.373292524053774,2026-10-11,0.1412,0.1522,0.1506,0.1522
72127,33.10487423679952,35.45155730797064,2026-10-05,0.258,0.223,0.3029,0.2424
72127,33.10487423679952,35.45155730797064,2026-10-06,0.2019,0.1745,0.2132,0.1745
72127,33.10487423679952,35.45155730797064,2026-10-07,0.1795,0.1648,0.1907,0.1551
72127,33.10487423679952,35.45155730797064,2026-10-08,0.1795,0.1648,0.258,0.1648
72127,33.10487423679952,35.45155730797064,2026-10-09,0.1795,0.1551,0.2132,0.1551
72127,33.10487423679952,35.45155730797064,2026-10-10,0.1683,0.1454,0.1907,0.1551
72127,33.10487423679952,35.45155730797064,2026-10-11,0.1683,0.1454,0.1795,0.1454
72183,33.09437420780484,35.34298931958707,2026-10-05,0.2103,0.2349,0.2469,0.2554
72183,33.09437420780484,35.34298931958707,2026-10-06,0.1646,0.1839,0.1737,0.1839
72183,33.09437420780484,35.34298931958707,2026-10-07,0.1463,0.1736,0.1554,0.1634
72183,33.09437420780484,35.34298931958707,2026-10-08,0.1463,0.1736,0.2103,0.1736
72183,33.09437420780484,35.34298931958707,2026-10-09,0.1463,0.1634,0.1737,0.1634
72183,33.09437420780484,35.34298931958707,2026-10-10,0.1372,0.1532,0.1554,0.1634
72183,33.09437420780484,35.34298931958707,2026-10-11,0.1372,0.1532,0.1463,0.1532
62321,33.10243683084688,35.25013590210107,2026-10-05,0.1945,0.2389,0.2284,0.2596
62321,33.10243683084688,35.25013590210107,2026-10-06,0.1522,0.1869,0.1607,0.1869
62321,33.10243683084688,35.25013590210107,2026-10-07,0.1353,0.1766,0.1438,0.1662
62321,33.10243683084688,35.25013590210107,2026-10-08,0.1353,0.1766,0.1945,0.1766
62321,33.10243683084688,35.25013590210107,2026-10-09,0.1353,0.1662,0.1607,0.1662
62321,33.10243683084688,35.25013590210107,2026-10-10,0.1269,0.1558,0.1438,0.1662
62321,33.10243683084688,35.25013590210107,2026-10-11,0.1269,0.1558,0.1353,0.1558
72159,33.08694215662377,35.41222563395917,2026-10-05,0.1904,0.2399,0.2235,0.2608
72159,33.08694215662377,35.41222563395917,2026-10-06,0.149,0.1877,0.1573,0.1877
72159,33.08694215662377,35.41222563395917,2026-10-07,0.1325,0.1773,0.1407,0.1669
72159,33.08694215662377,35.41222563395917,2026-10-08,0.1325,0.1773,0.1904,0.1773
72159,33.08694215662377,35.41222563395917,2026-10-09,0.1325,0.1669,0.1573,0.1669
72159,33.08694215662377,35.41222563395917,2026-10-10,0.1242,0.1565,0.1407,0.1669
72159,33.08694215662377,35.41222563395917,2026-10-11,0.1242,0.1565,0.1325,0.1565
72167,33.07454474630304,35.36737424355773,2026-10-05,0.1789,0.2428,0.21,0.2639
72167,33.07454474630304,35.36737424355773,2026-10-06,0.14,0.19,0.1478,0.19
72167,33.07454474630304,35.36737424355773,2026-10-07,0.1244,0.1794,0.1322,0.1689
72167,33.07454474630304,35.36737424355773,2026-10-08,0.1244,0.1794,0.1789,0.1794
72167,33.07454474630304,35.36737424355773,2026-10-09,0.1244,0.1689,0.1478,0.1689
72167,33.07454474630304,35.36737424355773,2026-10-10,0.1167,0.1583,0.1322,0.1689
72167,33.07454474630304,35.36737424355773,2026-10-11,0.1167,0.1583,0.1244,0.1583
35518,34.623615809925056,36.45052427707267,2026-10-05,0.1952,0.2387,0.2292,0.2594
35518,34.623615809925056,36.45052427707267,2026-10-06,0.1528,0.1868,0.1613,0.1868
35518,34.623615809925056,36.45052427707267,2026-10-07,0.1358,0.1764,0.1443,0.166
35518,34.623615809925056,36.45052427707267,2026-10-08,0.1358,0.1764,0.1952,0.1764
35518,34.623615809925056,36.45052427707267,2026-10-09,0.1358,0.166,0.1613,0.166
35518,34.623615809925056,36.45052427707267,2026-10-10,0.1273,0.1557,0.1443,0.166
35518,34.623615809925056,36.45052427707267,2026-10-11,0.1273,0.1557,0.1358,0.1557
35001,34.63239242062657,36.11486799627605,2026-10-05,0.2734,0.2191,0.321,0.2382
35001,34.63239242062657,36.11486799627605,2026-10-06,0.214,0.1715,0.2259,0.1715
35001,34.63239242062657,36.11486799627605,2026-10-07,0.1902,0.162,0.2021,0.1525
35001,34.63239242062657,36.11486799627605,2026-10-08,0.1902,0.162,0.2734,0.162
35001,34.63239242062657,36.11486799627605,2026-10-09,0.1902,0.1525,0.2259,0.1525
35001,34.63239242062657,36.11486799627605,2026-10-10,0.1783,0.1429,0.2021,0.1525
35001,34.63239242062657,36.11486799627605,2026-10-11,0.1783,0.1429,0.1902,0.1429
35484,34.627843554462075,36.163690674868704,2026-10-05,0.2412,0.2272,0.2831,0.247
35484,34.627843554462075,36.163690674868704,2026-10-06,0.1887,0.1778,0.1992,0.1778
35484,34.627843554462075,36.163690674868704,2026-10-07,0.1678,0.1679,0.1783,0.1581
35484,34.627843554462075,36.163690674868704,2026-10-08,0.1678,0.1679,0.2412,0.1679
35484,34.627843554462075,36.163690674868704,2026-10-09,0.1678,0.1581,0.1992,0.1581
35484,34.627843554462075,36.163690674868704,2026-10-10,0.1573,0.1482,0.1783,0.1581
35484,34.627843554462075,36.163690674868704,2026-10-11,0.1573,0.1482,0.1678,0.1482
35410,34.62862135016838,36.28475552600978,2026-10-05,0.253,0.2243,0.297,0.2438
35410,34.62862135016838,36.28475552600978,2026-10-06,0.198,0.1755,0.209,0.1755
35410,34.62862135016838,36.28475552600978,2026-10-07,0.176,0.1658,0.187,0.156
35410,34.62862135016838,36.28475552600978,2026-10-08,0.176,0.1658,0.253,0.1658
35410,34.62862135016838,36.28475552600978,2026-10-09,0.176,0.156,0.209,0.156
35410,34.62862135016838,36.28475552600978,2026-10-10,0.165,0.1463,0.187,0.156
35410,34.62862135016838,36.28475552600978,2026-10-11,0.165,0.1463,0.176,0.1463
35267,34.617364448678316,36.001143472235434,2026-10-05,0.2424,0.2269,0.2845,0.2466
35267,34.617364448678316,36.001143472235434,2026-10-06,0.1897,0.1776,0.2002,0.1776
35267,34.617364448678316,36.001143472235434,2026-10-07,0.1686,0.1677,0.1791,0.1579
35267,34.617364448678316,36.001143472235434,2026-10-08,0.1686,0.1677,0.2424,0.1677
35267,34.617364448678316,36.001143472235434,2026-10-09,0.1686,0.1579,0.2002,0.1579
35267,34.617364448678316,36.001143472235434,2026-10-10,0.1581,0.148,0.1791,0.1579
35267,34.617364448678316,36.001143472235434,2026-10-11,0.1581,0.148,0.1686,0.148
35514,34.615120556109645,36.42241248901453,2026-10-05,0.2088,0.2353,0.2451,0.2558
35514,34.615120556109645,36.42241248901453,2026-10-06,0.1634,0.1842,0.1725,0.1842
35514,34.615120556109645,36.42241248901453,2026-10-07,0.1452,0.1739,0.1543,0.1637
35514,34.615120556109645,36.42241248901453,2026-10-08,0.1452,0.1739,0.2088,0.1739
35514,34.615120556109645,36.42241248901453,2026-10-09,0.1452,0.1637,0.1725,0.1637
35514,34.615120556109645,36.42241248901453,2026-10-10,0.1361,0.1535,0.1543,0.1637
35514,34.615120556109645,36.42241248901453,2026-10-11,0.1361,0.1535,0.1452,0.1535
35453,34.61964404789775,36.14716041370717,2026-10-05,0.2807,0.2173,0.3295,0.2362
35453,34.61964404789775,36.14716041370717,2026-10-06,0.2197,0.1701,0.2319,0.1701
35453,34.61964404789775,36.14716041370717,2026-10-07,0.1953,0.1606,0.2075,0.1512
35453,34.61964404789775,36.14716041370717,2026-10-08,0.1953,0.1606,0.2807,0.1606
35453,34.61964404789775,36.14716041370717,2026-10-09,0.1953,0.1512,0.2319,0.1512
35453,34.61964404789775,36.14716041370717,2026-10-10,0.1831,0.1417,0.2075,0.1512
35453,34.61964404789775,36.14716041370717,2026-10-11,0.1831,0.1417,0.1953,0.1417
35245,34.61624060495346,36.021665860980754,2026-10-05,0.2107,0.2348,0.2473,0.2553
35245,34.61624060495346,36.021665860980754,2026-10-06,0.1649,0.1838,0.174,0.1838
35245,34.61624060495346,36.021665860980754,2026-10-07,0.1466,0.1736,0.1557,0.1634
35245,34.61624060495346,36.021665860980754,2026-10-08,0.1466,0.1736,0.2107,0.1736
35245,34.61624060495346,36.021665860980754,2026-10-09,0.1466,0.1634,0.174,0.1634
35245,34.61624060495346,36.021665860980754,2026-10-10,0.1374,0.1532,0.1557,0.1634
35245,34.61624060495346,36.021665860980754,2026-10-11,0.1374,0.1532,0.1466,0.1532
35412,34.618323036727766,36.22544331800456,2026-10-05,0.2547,0.2238,0.299,0.2433
35412,34.618323036727766,36.22544331800456,2026-10-06,0.1993,0.1752,0.2104,0.1752
35412,34.618323036727766,36.22544331800456,2026-10-07,0.1772,0.1654,0.1883,0.1557
35412,34.618323036727766,36.22544331800456,2026-10-08,0.1772,0.1654,0.2547,0.1654
35412,34.618323036727766,36.22544331800456,2026-10-09,0.1772,0.1557,0.2104,0.1557
35412,34.618323036727766,36.22544331800456,2026-10-10,0.1661,0.146,0.1883,0.1557
35412,34.618323036727766,36.22544331800456,2026-10-11,0.1661,0.146,0.1772,0.146
35471,34.61639886575422,36.13047187648881,2026-10-05,0.2196,0.2326,0.2578,0.2528
35471,34.61639886575422,36.13047187648881,2026-10-06,0.1718,0.182,0.1814,0.182
35471,34.61639886575422,36.13047187648881,2026-10-07,0.1527,0.1719,0.1623,0.1618
35471,34.61639886575422,36.13047187648881,2026-10-08,0.1527,0.1719,0.2196,0.1719
35471,34.61639886575422,36.13047187648881,2026-10-09,0.1527,0.1618,0.1814,0.1618
35471,34.61639886575422,36.13047187648881,2026-10-10,0.1432,0.1517,0.1623,0.1618
35471,34.61639886575422,36.13047187648881,2026-10-11,0.1432,0.1517,0.1527,0.1517
35225,34.61102255040457,36.101535029564424,2026-10-05,0.2604,0.2224,0.3056,0.2417
35225,34.61102255040457,36.101535029564424,2026-10-06,0.2038,0.1741,0.2151,0.1741
35225,34.61102255040457,36.101535029564424,2026-10-07,0.1811,0.1644,0.1924,0.1547
35225,34.61102255040457,36.101535029564424,2026-10-08,0.1811,0.1644,0.2604,0.1644
35225,34.61102255040457,36.101535029564424,2026-10-09,0.1811,0.1547,0.2151,0.1547
35225,34.61102255040457,36.101535029564424,2026-10-10,0.1698,0.145,0.1924,0.1547
35225,34.61102255040457,36.101535029564424,2026-10-11,0.1698,0.145,0.1811,0.145
35511,34.6807171052341,36.33373636489146,2026-10-05,0.2752,0.2187,0.3231,0.2377
35511,34.6807171052341,36.33373636489146,2026-10-06,0.2154,0.1712,0.2274,0.1712
35511,34.6807171052341,36.33373636489146,2026-10-07,0.1915,0.1616,0.2034,0.1521
35511,34.6807171052341,36.33373636489146,2026-10-08,0.1915,0.1616,0.2752,0.1616
35511,34.6807171052341,36.33373636489146,2026-10-09,0.1915,0.1521,0.2274,0.1521
35511,34.6807171052341,36.33373636489146,2026-10-10,0.1795,0.1426,0.2034,0.1521
35511,34.6807171052341,36.33373636489146,2026-10-11,0.1795,0.1426,0.1915,0.1426
35271,34.636169682728195,36.002333688345395,2026-10-05,0.2123,0.2344,0.2492,0.2548
35271,34.636169682728195,36.002333688345395,2026-10-06,0.1661,0.1835,0.1754,0.1835
35271,34.636169682728195,36.002333688345395,2026-10-07,0.1477,0.1733,0.1569,0.1631
35271,34.636169682728195,36.002333688345395,2026-10-08,0.1477,0.1733,0.2123,0.1733
35271,34.636169682728195,36.002333688345395,2026-10-09,0.1477,0.1631,0.1754,0.1631
35271,34.636169682728195,36.002333688345395,2026-10-10,0.1385,0.1529,0.1569,0.1631
35271,34.636169682728195,36.002333688345395,2026-10-11,0.1385,0.1529,0.1477,0.1529
35430,34.63355683040443,36.31305837974406,2026-10-05,0.2246,0.2313,0.2637,0.2515
35430,34.63355683040443,36.31305837974406,2026-10-06,0.1758,0.1811,0.1855,0.1811
35430,34.63355683040443,36.31305837974406,2026-10-07,0.1562,0.171,0.166,0.1609
35430,34.63355683040443,36.31305837974406,2026-10-08,0.1562,0.171,0.2246,0.171
35430,34.63355683040443,36.31305837974406,2026-10-09,0.1562,0.1609,0.1855,0.1609
35430,34.63355683040443,36.31305837974406,2026-10-10,0.1465,0.1509,0.166,0.1609
35430,34.63355683040443,36.31305837974406,2026-10-11,0.1465,0.1509,0.1562,0.1509
35257,34.62901789336394,36.129472836837245,2026-10-05,0.2199,0.2325,0.2581,0.2528
35257,34.62901789336394,36.129472836837245,2026-10-06,0.1721,0.182,0.1816,0.182
35257,34.62901789336394,36.129472836837245,2026-10-07,0.1529,0.1719,0.1625,0.1618
35257,34.62901789336394,36.129472836837245,2026-10-08,0.1529,0.1719,0.2199,0.1719
35257,34.62901789336394,36.129472836837245,2026-10-09,0.1529,0.1618,0.1816,0.1618
35257,34.62901789336394,36.129472836837245,2026-10-10,0.1434,0.1517,0.1625,0.1618
35257,34.62901789336394,36.129472836837245,2026-10-11,0.1434,0.1517,0.1529,0.1517
35224,34.62508132549538,36.10216930799066,2026-10-05,0.2616,0.2221,0.3071,0.2414
35224,34.62508132549538,36.10216930799066,2026-10-06,0.2047,0.1738,0.2161,0.1738
35224,34.62508132549538,36.10216930799066,2026-10-07,0.182,0.1642,0.1933,0.1545
35224,34.62508132549538,36.10216930799066,2026-10-08,0.182,0.1642,0.2616,0.1642
35224,34.62508132549538,36.10216930799066,2026-10-09,0.182,0.1545,0.2161,0.1545
35224,34.62508132549538,36.10216930799066,2026-10-10,0.1706,0.1449,0.1933,0.1545
35224,34.62508132549538,36.10216930799066,2026-10-11,0.1706,0.1449,0.182,0.1449
35239,34.63101617116184,36.107279597423485,2026-10-05,0.2047,0.2363,0.2403,0.2569
35239,34.63101617116184,36.107279597423485,2026-10-06,0.1602,0.185,0.1691,0.185
35239,34.63101617116184,36.107279597423485,2026-10-07,0.1424,0.1747,0.1513,0.1644
35239,34.63101617116184,36.107279597423485,2026-10-08,0.1424,0.1747,0.2047,0.1747
35239,34.63101617116184,36.107279597423485,2026-10-09,0.1424,0.1644,0.1691,0.1644
35239,34.63101617116184,36.107279597423485,2026-10-10,0.1335,0.1541,0.1513,0.1644
35239,34.63101617116184,36.107279597423485,2026-10-11,0.1335,0.1541,0.1424,0.1541
35445,34.62303875948161,36.1859112301775,2026-10-05,0.2637,0.2216,0.3096,0.2408
35445,34.62303875948161,36.1859112301775,2026-10-06,0.2064,0.1734,0.2179,0.1734
35445,34.62303875948161,36.1859112301775,2026-10-07,0.1835,0.1638,0.1949,0.1541
35445,34.62303875948161,36.1859112301775,2026-10-08,0.1835,0.1638,0.2637,0.1638
35445,34.62303875948161,36.1859112301775,2026-10-09,0.1835,0.1541,0.2179,0.1541
35445,34.62303875948161,36.1859112301775,2026-10-10,0.172,0.1445,0.1949,0.1541
35445,34.62303875948161,36.1859112301775,2026-10-11,0.172,0.1445,0.1835,0.1445
35406,34.628811362159674,36.24990075457338,2026-10-05,0.205,0.2362,0.2407,0.2568
35406,34.628811362159674,36.24990075457338,2026-10-06,0.1604,0.1849,0.1694,0.1849
35406,34.628811362159674,36.24990075457338,2026-10-07,0.1426,0.1746,0.1515,0.1643
35406,34.628811362159674,36.24990075457338,2026-10-08,0.1426,0.1746,0.205,0.1746
35406,34.628811362159674,36.24990075457338,2026-10-09,0.1426,0.1643,0.1694,0.1643
35406,34.628811362159674,36.24990075457338,2026-10-10,0.1337,0.1541,0.1515,0.1643
35406,34.628811362159674,36.24990075457338,2026-10-11,0.1337,0.1541,0.1426,0.1541
35439,34.602614231906756,36.18280318531035,2026-10-05,0.2486,0.2254,0.2918,0.245
35439,34.602614231906756,36.18280318531035,2026-10-06,0.1945,0.1764,0.2053,0.1764
35439,34.602614231906756,36.18280318531035,2026-10-07,0.1729,0.1666,0.1837,0.1568
35439,34.602614231906756,36.18280318531035,2026-10-08,0.1729,0.1666,0.2486,0.1666
35439,34.602614231906756,36.18280318531035,2026-10-09,0.1729,0.1568,0.2053,0.1568
35439,34.602614231906756,36.18280318531035,2026-10-10,0.1621,0.147,0.1837,0.1568
35439,34.602614231906756,36.18280318531035,2026-10-11,0.1621,0.147,0.1729,0.147
35251,34.61293144423376,36.014686619479555,2026-10-05,0.274,0.219,0.3217,0.238
35251,34.61293144423376,36.014686619479555,2026-10-06,0.2144,0.1714,0.2264,0.1714
35251,34.61293144423376,36.014686619479555,2026-10-07,0.1906,0.1619,0.2025,0.1523
35251,34.61293144423376,36.014686619479555,2026-10-08,0.1906,0.1619,0.274,0.1619
35251,34.61293144423376,36.014686619479555,2026-10-09,0.1906,0.1523,0.2264,0.1523
35251,34.61293144423376,36.014686619479555,2026-10-10,0.1787,0.1428,0.2025,0.1523
35251,34.61293144423376,36.014686619479555,2026-10-11,0.1787,0.1428,0.1906,0.1428
35461,34.61059113755049,36.143518314590395,2026-10-05,0.274,0.219,0.3216,0.238
35461,34.61059113755049,36.143518314590395,2026-10-06,0.2144,0.1714,0.2263,0.1714
35461,34.61059113755049,36.143518314590395,2026-10-07,0.1906,0.1619,0.2025,0.1523
35461,34.61059113755049,36.143518314590395,2026-10-08,0.1906,0.1619,0.274,0.1619
35461,34.61059113755049,36.143518314590395,2026-10-09,0.1906,0.1523,0.2263,0.1523
35461,34.61059113755049,36.143518314590395,2026-10-10,0.1787,0.1428,0.2025,0.1523
35461,34.61059113755049,36.143518314590395,2026-10-11,0.1787,0.1428,0.1906,0.1428
35217,34.60092757152805,36.08780125918467,2026-10-05,0.2302,0.2299,0.2702,0.2499
35217,34.60092757152805,36.08780125918467,2026-10-06,0.1802,0.18,0.1902,0.18
35217,34.60092757152805,36.08780125918467,2026-10-07,0.1601,0.17,0.1702,0.16
35217,34.60092757152805,36.08780125918467,2026-10-08,0.1601,0.17,0.2302,0.17
35217,34.60092757152805,36.08780125918467,2026-10-09,0.1601,0.16,0.1902,0.16
35217,34.60092757152805,36.08780125918467,2026-10-10,0.1501,0.15,0.1702,0.16
35217,34.60092757152805,36.08780125918467,2026-10-11,0.1501,0.15,0.1601,0.15
35415,34.607277051942965,36.23784550474022,2026-10-05,0.2534,0.2241,0.2975,0.2436
35415,34.607277051942965,36.23784550474022,2026-10-06,0.1983,0.1754,0.2094,0.1754
35415,34.607277051942965,36.23784550474022,2026-10-07,0.1763,0.1657,0.1873,0.1559
35415,34.607277051942965,36.23784550474022,2026-10-08,0.1763,0.1657,0.2534,0.1657
35415,34.607277051942965,36.23784550474022,2026-10-09,0.1763,0.1559,0.2094,0.1559
35415,34.607277051942965,36.23784550474022,2026-10-10,0.1653,0.1462,0.1873,0.1559
35415,34.607277051942965,36.23784550474022,2026-10-11,0.1653,0.1462,0.1763,0.1462
35421,34.601117427671845,36.22408216780719,2026-10-05,0.2187,0.2328,0.2568,0.2531
35421,34.601117427671845,36.22408216780719,2026-10-06,0.1712,0.1822,0.1807,0.1822
35421,34.601117427671845,36.22408216780719,2026-10-07,0.1522,0.1721,0.1617,0.162
35421,34.601117427671845,36.22408216780719,2026-10-08,0.1522,0.1721,0.2187,0.1721
35421,34.601117427671845,36.22408216780719,2026-10-09,0.1522,0.162,0.1807,0.162
35421,34.601117427671845,36.22408216780719,2026-10-10,0.1427,0.1518,0.1617,0.162
35421,34.601117427671845,36.22408216780719,2026-10-11,0.1427,0.1518,0.1522,0.1518
35475,34.596750299702826,36.10981850704036,2026-10-05,0.2002,0.2374,0.2351,0.2581
35475,34.596750299702826,36.10981850704036,2026-10-06,0.1567,0.1858,0.1654,0.1858
35475,34.596750299702826,36.10981850704036,2026-10-07,0.1393,0.1755,0.148,0.1652
35475,34.596750299702826,36.10981850704036,2026-10-08,0.1393,0.1755,0.2002,0.1755
35475,34.596750299702826,36.10981850704036,2026-10-09,0.1393,0.1652,0.1654,0.1652
35475,34.596750299702826,36.10981850704036,2026-10-10,0.1306,0.1549,0.148,0.1652
35475,34.596750299702826,36.10981850704036,2026-10-11,0.1306,0.1549,0.1393,0.1549
35515,34.60012008866191,36.43705554340461,2026-10-05,0.2327,0.2293,0.2731,0.2493
35515,34.60012008866191,36.43705554340461,2026-10-06,0.1821,0.1795,0.1922,0.1795
35515,34.60012008866191,36.43705554340461,2026-10-07,0.1619,0.1695,0.172,0.1595
35515,34.60012008866191,36.43705554340461,2026-10-08,0.1619,0.1695,0.2327,0.1695
35515,34.60012008866191,36.43705554340461,2026-10-09,0.1619,0.1595,0.1922,0.1595
35515,34.60012008866191,36.43705554340461,2026-10-10,0.1517,0.1496,0.172,0.1595
35515,34.60012008866191,36.43705554340461,2026-10-11,0.1517,0.1496,0.1619,0.1496
35408,34.596432550412,36.25387521003536,2026-10-05,0.255,0.2237,0.2994,0.2432
35408,34.596432550412,36.25387521003536,2026-10-06,0.1996,0.1751,0.2107,0.1751
35408,34.596432550412,36.25387521003536,2026-10-07,0.1774,0.1654,0.1885,0.1556
35408,34.596432550412,36.25387521003536,2026-10-08,0.1774,0.1654,0.255,0.1654
35408,34.596432550412,36.25387521003536,2026-10-09,0.1774,0.1556,0.2107,0.1556
35408,34.596432550412,36.25387521003536,2026-10-10,0.1663,0.1459,0.1885,0.1556
35408,34.596432550412,36.25387521003536,2026-10-11,0.1663,0.1459,0.1774,0.1459
35451,34.595142622936436,36.17039760777457,2026-10-05,0.2801,0.2175,0.3288,0.2364
35451,34.595142622936436,36.17039760777457,2026-10-06,0.2192,0.1702,0.2314,0.1702
35451,34.595142622936436,36.17039760777457,2026-10-07,0.1948,0.1607,0.207,0.1513
35451,34.595142622936436,36.17039760777457,2026-10-08,0.1948,0.1607,0.2801,0.1607
35451,34.595142622936436,36.17039760777457,2026-10-09,0.1948,0.1513,0.2314,0.1513
35451,34.595142622936436,36.17039760777457,2026-10-10,0.1827,0.1418,0.207,0.1513
35451,34.595142622936436,36.17039760777457,2026-10-11,0.1827,0.1418,0.1948,0.1418
35423,34.591189985694804,36.21214325960818,2026-10-05,0.2039,0.2365,0.2394,0.2571
35423,34.591189985694804,36.21214325960818,2026-10-06,0.1596,0.1851,0.1684,0.1851
35423,34.591189985694804,36.21214325960818,2026-10-07,0.1418,0.1748,0.1507,0.1645
35423,34.591189985694804,36.21214325960818,2026-10-08,0.1418,0.1748,0.2039,0.1748
35423,34.591189985694804,36.21214325960818,2026-10-09,0.1418,0.1645,0.1684,0.1645
35423,34.591189985694804,36.21214325960818,2026-10-10,0.133,0.1543,0.1507,0.1645
35423,34.591189985694804,36.21214325960818,2026-10-11,0.133,0.1543,0.1418,0.1543
35469,34.59005257050243,36.12400493234863,2026-10-05,0.2709,0.2198,0.318,0.2389
35469,34.59005257050243,36.12400493234863,2026-10-06,0.212,0.172,0.2238,0.172
35469,34.59005257050243,36.12400493234863,2026-10-07,0.1885,0.1624,0.2002,0.1529
35469,34.59005257050243,36.12400493234863,2026-10-08,0.1885,0.1624,0.2709,0.1624
35469,34.59005257050243,36.12400493234863,2026-10-09,0.1885,0.1529,0.2238,0.1529
35469,34.59005257050243,36.12400493234863,2026-10-10,0.1767,0.1433,0.2002,0.1529
35469,34.59005257050243,36.12400493234863,2026-10-11,0.1767,0.1433,0.1885,0.1433
35435,34.58599215966214,36.182467110577306,2026-10-05,0.2092,0.2352,0.2456,0.2557
35435,34.58599215966214,36.182467110577306,2026-10-06,0.1637,0.1841,0.1728,0.1841
35435,34.58599215966214,36.182467110577306,2026-10-07,0.1455,0.1738,0.1546,0.1636
35435,34.58599215966214,36.182467110577306,2026-10-08,0.1455,0.1738,0.2092,0.1738
35435,34.58599215966214,36.182467110577306,2026-10-09,0.1455,0.1636,0.1728,0.1636
35435,34.58599215966214,36.182467110577306,2026-10-10,0.1364,0.1534,0.1546,0.1636
35435,34.58599215966214,36.182467110577306,2026-10-11,0.1364,0.1534,0.1455,0.1534
35227,34.57077469117501,36.045949661611196,2026-10-05,0.2043,0.2364,0.2398,0.257
35227,34.57077469117501,36.045949661611196,2026-10-06,0.1599,0.185,0.1688,0.185
35227,34.57077469117501,36.045949661611196,2026-10-07,0.1421,0.1748,0.151,0.1645
35227,34.57077469117501,36.045949661611196,2026-10-08,0.1421,0.1748,0.2043,0.1748
35227,34.57077469117501,36.045949661611196,2026-10-09,0.1421,0.1645,0.1688,0.1645
35227,34.57077469117501,36.045949661611196,2026-10-10,0.1332,0.1542,0.151,0.1645
35227,34.57077469117501,36.045949661611196,2026-10-11,0.1332,0.1542,0.1421,0.1542
35425,34.579116494386334,36.19814728112988,2026-10-05,0.2785,0.2179,0.3269,0.2368
35425,34.579116494386334,36.19814728112988,2026-10-06,0.2179,0.1705,0.23,0.1705
35425,34.579116494386334,36.19814728112988,2026-10-07,0.1937,0.161,0.2058,0.1516
35425,34.579116494386334,36.19814728112988,2026-10-08,0.1937,0.161,0.2785,0.161
35425,34.579116494386334,36.19814728112988,2026-10-09,0.1937,0.1516,0.23,0.1516
35425,34.579116494386334,36.19814728112988,2026-10-10,0.1816,0.1421,0.2058,0.1516
35425,34.579116494386334,36.19814728112988,2026-10-11,0.1816,0.1421,0.1937,0.1421
35233,34.57224757365929,36.02420415782978,2026-10-05,0.2737,0.2191,0.3213,0.2381
35233,34.57224757365929,36.02420415782978,2026-10-06,0.2142,0.1714,0.2261,0.1714
35233,34.57224757365929,36.02420415782978,2026-10-07,0.1904,0.1619,0.2023,0.1524
35233,34.57224757365929,36.02420415782978,2026-10-08,0.1904,0.1619,0.2737,0.1619
35233,34.57224757365929,36.02420415782978,2026-10-09,0.1904,0.1524,0.2261,0.1524
35233,34.57224757365929,36.02420415782978,2026-10-10,0.1785,0.1429,0.2023,0.1524
35233,34.57224757365929,36.02420415782978,2026-10-11,0.1785,0.1429,0.1904,0.1429
35419,34.579914818467294,36.20979537634005,2026-10-05,0.2659,0.221,0.3121,0.2403
35419,34.579914818467294,36.20979537634005,2026-10-06,0.2081,0.173,0.2196,0.173
35419,34.579914818467294,36.20979537634005,2026-10-07,0.185,0.1634,0.1965,0.1538
35419,34.579914818467294,36.20979537634005,2026-10-08,0.185,0.1634,0.2659,0.1634
35419,34.579914818467294,36.20979537634005,2026-10-09,0.185,0.1538,0.2196,0.1538
35419,34.579914818467294,36.20979537634005,2026-10-10,0.1734,0.1442,0.1965,0.1538
35419,34.579914818467294,36.20979537634005,2026-10-11,0.1734,0.1442,0.185,0.1442
35261,34.56066513915903,35.997031316433855,2026-10-05,0.2423,0.2269,0.2844,0.2467
35261,34.56066513915903,35.997031316433855,2026-10-06,0.1896,0.1776,0.2002,0.1776
35261,34.56066513915903,35.997031316433855,2026-10-07,0.1686,0.1677,0.1791,0.1579
35261,34.56066513915903,35.997031316433855,2026-10-08,0.1686,0.1677,0.2423,0.1677
35261,34.56066513915903,35.997031316433855,2026-10-09,0.1686,0.1579,0.2002,0.1579
35261,34.56066513915903,35.997031316433855,2026-10-10,0.158,0.148,0.1791,0.1579
35261,34.56066513915903,35.997031316433855,2026-10-11,0.158,0.148,0.1686,0.148
35281,34.576092826192685,36.007680670066996,2026-10-05,0.2653,0.2212,0.3115,0.2404
35281,34.576092826192685,36.007680670066996,2026-10-06,0.2076,0.1731,0.2192,0.1731
35281,34.576092826192685,36.007680670066996,2026-10-07,0.1846,0.1635,0.1961,0.1539
35281,34.576092826192685,36.007680670066996,2026-10-08,0.1846,0.1635,0.2653,0.1635
35281,34.576092826192685,36.007680670066996,2026-10-09,0.1846,0.1539,0.2192,0.1539
35281,34.576092826192685,36.007680670066996,2026-10-10,0.173,0.1442,0.1961,0.1539
35281,34.576092826192685,36.007680670066996,2026-10-11,0.173,0.1442,0.1846,0.1442
35443,34.580620852555946,36.17389745681448,2026-10-05,0.2362,0.2284,0.2773,0.2483
35443,34.580620852555946,36.17389745681448,2026-10-06,0.1849,0.1788,0.1951,0.1788
35443,34.580620852555946,36.17389745681448,2026-10-07,0.1643,0.1688,0.1746,0.1589
35443,34.580620852555946,36.17389745681448,2026-10-08,0.1643,0.1688,0.2362,0.1688
35443,34.580620852555946,36.17389745681448,2026-10-09,0.1643,0.1589,0.1951,0.1589
35443,34.580620852555946,36.17389745681448,2026-10-10,0.1541,0.149,0.1746,0.1589
35443,34.580620852555946,36.17389745681448,2026-10-11,0.1541,0.149,0.1643,0.149
35128,34.57201019763848,36.21062010019209,2026-10-05,0.198,0.238,0.2325,0.2587
35128,34.57201019763848,36.21062010019209,2026-10-06,0.155,0.1863,0.1636,0.1863
35128,34.57201019763848,36.21062010019209,2026-10-07,0.1378,0.1759,0.1464,0.1656
35128,34.57201019763848,36.21062010019209,2026-10-08,0.1378,0.1759,0.198,0.1759
35128,34.57201019763848,36.21062010019209,2026-10-09,0.1378,0.1656,0.1636,0.1656
35128,34.57201019763848,36.21062010019209,2026-10-10,0.1292,0.1552,0.1464,0.1656
35128,34.57201019763848,36.21062010019209,2026-10-11,0.1292,0.1552,0.1378,0.1552
35470,34.57472080511683,36.12260834588091,2026-10-05,0.2746,0.2188,0.3224,0.2379
35470,34.57472080511683,36.12260834588091,2026-10-06,0.2149,0.1713,0.2269,0.1713
35470,34.57472080511683,36.12260834588091,2026-10-07,0.191,0.1618,0.203,0.1522
35470,34.57472080511683,36.12260834588091,2026-10-08,0.191,0.1618,0.2746,0.1618
35470,34.57472080511683,36.12260834588091,2026-10-09,0.191,0.1522,0.2269,0.1522
35470,34.57472080511683,36.12260834588091,2026-10-10,0.1791,0.1427,0.203,0.1522
35470,34.57472080511683,36.12260834588091,2026-10-11,0.1791,0.1427,0.191,0.1427
35234,34.5608336695328,36.01338230346064,2026-10-05,0.2542,0.2239,0.2984,0.2434
35234,34.5608336695328,36.01338230346064,2026-10-06,0.1989,0.1753,0.21,0.1753
35234,34.5608336695328,36.01338230346064,2026-10-07,0.1768,0.1655,0.1879,0.1558
35234,34.5608336695328,36.01338230346064,2026-10-08,0.1768,0.1655,0.2542,0.1655
35234,34.5608336695328,36.01338230346064,2026-10-09,0.1768,0.1558,0.21,0.1558
35234,34.5608336695328,36.01338230346064,2026-10-10,0.1658,0.1461,0.1879,0.1558
35234,34.5608336695328,36.01338230346064,2026-10-11,0.1658,0.1461,0.1768,0.1461
35169,34.56237011514166,36.15401700628222,2026-10-05,0.2003,0.2374,0.2352,0.2581
35169,34.56237011514166,36.15401700628222,2026-10-06,0.1568,0.1858,0.1655,0.1858
35169,34.56237011514166,36.15401700628222,2026-10-07,0.1394,0.1755,0.1481,0.1652
35169,34.56237011514166,36.15401700628222,2026-10-08,0.1394,0.1755,0.2003,0.1755
35169,34.56237011514166,36.15401700628222,2026-10-09,0.1394,0.1652,0.1655,0.1652
35169,34.56237011514166,36.15401700628222,2026-10-10,0.1306,0.1548,0.1481,0.1652
35169,34.56237011514166,36.15401700628222,2026-10-11,0.1306,0.1548,0.1394,0.1548
35247,34.551676037078145,36.03034948986763,2026-10-05,0.2481,0.2255,0.2912,0.2451
35247,34.551676037078145,36.03034948986763,2026-10-06,0.1942,0.1765,0.205,0.1765
35247,34.551676037078145,36.03034948986763,2026-10-07,0.1726,0.1667,0.1834,0.1569
35247,34.551676037078145,36.03034948986763,2026-10-08,0.1726,0.1667,0.2481,0.1667
35247,34.551676037078145,36.03034948986763,2026-10-09,0.1726,0.1569,0.205,0.1569
35247,34.551676037078145,36.03034948986763,2026-10-10,0.1618,0.147,0.1834,0.1569
35247,34.551676037078145,36.03034948986763,2026-10-11,0.1618,0.147,0.1726,0.147
35143,34.55621883543905,36.11757332455371,2026-10-05,0.2522,0.2245,0.296,0.244
35143,34.55621883543905,36.11757332455371,2026-10-06,0.1973,0.1757,0.2083,0.1757
35143,34.55621883543905,36.11757332455371,2026-10-07,0.1754,0.1659,0.1864,0.1561
35143,34.55621883543905,36.11757332455371,2026-10-08,0.1754,0.1659,0.2522,0.1659
35143,34.55621883543905,36.11757332455371,2026-10-09,0.1754,0.1561,0.2083,0.1561
35143,34.55621883543905,36.11757332455371,2026-10-10,0.1645,0.1464,0.1864,0.1561
35143,34.55621883543905,36.11757332455371,2026-10-11,0.1645,0.1464,0.1754,0.1464
35119,34.556223889013076,36.08897648089706,2026-10-05,0.2286,0.2303,0.2684,0.2504
35119,34.556223889013076,36.08897648089706,2026-10-06,0.1789,0.1803,0.1889,0.1803
35119,34.556223889013076,36.08897648089706,2026-10-07,0.159,0.1703,0.169,0.1602
35119,34.556223889013076,36.08897648089706,2026-10-08,0.159,0.1703,0.2286,0.1703
35119,34.556223889013076,36.08897648089706,2026-10-09,0.159,0.1602,0.1889,0.1602
35119,34.556223889013076,36.08897648089706,2026-10-10,0.1491,0.1502,0.169,0.1602
35119,34.556223889013076,36.08897648089706,2026-10-11,0.1491,0.1502,0.159,0.1502
35121,34.55223290313716,36.061898728211226,2026-10-05,0.2581,0.223,0.303,0.2424
35121,34.55223290313716,36.061898728211226,2026-10-06,0.202,0.1745,0.2132,0.1745
35121,34.55223290313716,36.061898728211226,2026-10-07,0.1796,0.1648,0.1908,0.1551
35121,34.55223290313716,36.061898728211226,2026-10-08,0.1796,0.1648,0.2581,0.1648
35121,34.55223290313716,36.061898728211226,2026-10-09,0.1796,0.1551,0.2132,0.1551
35121,34.55223290313716,36.061898728211226,2026-10-10,0.1683,0.1454,0.1908,0.1551
35121,34.55223290313716,36.061898728211226,2026-10-11,0.1683,0.1454,0.1796,0.1454
35175,34.54679304484037,36.17374938632121,2026-10-05,0.2788,0.2178,0.3273,0.2367
35175,34.54679304484037,36.17374938632121,2026-10-06,0.2182,0.1704,0.2303,0.1704
35175,34.54679304484037,36.17374938632121,2026-10-07,0.194,0.161,0.2061,0.1515
35175,34.54679304484037,36.17374938632121,2026-10-08,0.194,0.161,0.2788,0.161
35175,34.54679304484037,36.17374938632121,2026-10-09,0.194,0.1515,0.2303,0.1515
35175,34.54679304484037,36.17374938632121,2026-10-10,0.1819,0.142,0.2061,0.1515
35175,34.54679304484037,36.17374938632121,2026-10-11,0.1819,0.142,0.194,0.142
35115,34.54733142568211,36.08797792397832,2026-10-05,0.2002,0.2374,0.2351,0.2581
35115,34.54733142568211,36.08797792397832,2026-10-06,0.1567,0.1858,0.1654,0.1858
35115,34.54733142568211,36.08797792397832,2026-10-07,0.1393,0.1755,0.148,0.1652
35115,34.54733142568211,36.08797792397832,2026-10-08,0.1393,0.1755,0.2002,0.1755
35115,34.54733142568211,36.08797792397832,2026-10-09,0.1393,0.1652,0.1654,0.1652
35115,34.54733142568211,36.08797792397832,2026-10-10,0.1306,0.1549,0.148,0.1652
35115,34.54733142568211,36.08797792397832,2026-10-11,0.1306,0.1549,0.1393,0.1549
35269,34.53974300041095,35.99919061031843,2026-10-05,0.2237,0.2316,0.2626,0.2517
35269,34.53974300041095,35.99919061031843,2026-10-06,0.175,0.1812,0.1848,0.1812
35269,34.53974300041095,35.99919061031843,2026-10-07,0.1556,0.1712,0.1653,0.1611
35269,34.53974300041095,35.99919061031843,2026-10-08,0.1556,0.1712,0.2237,0.1712
35269,34.53974300041095,35.99919061031843,2026-10-09,0.1556,0.1611,0.1848,0.1611
35269,34.53974300041095,35.99919061031843,2026-10-10,0.1459,0.151,0.1653,0.1611
35269,34.53974300041095,35.99919061031843,2026-10-11,0.1459,0.151,0.1556,0.151
35259,34.54340348281774,36.01449513256441,2026-10-05,0.24,0.2275,0.2818,0.2473
35259,34.54340348281774,36.01449513256441,2026-10-06,0.1879,0.178,0.1983,0.178
35259,34.54340348281774,36.01449513256441,2026-10-07,0.167,0.1681,0.1774,0.1583
35259,34.54340348281774,36.01449513256441,2026-10-08,0.167,0.1681,0.24,0.1681
35259,34.54340348281774,36.01449513256441,2026-10-09,0.167,0.1583,0.1983,0.1583
35259,34.54340348281774,36.01449513256441,2026-10-10,0.1566,0.1484,0.1774,0.1583
35259,34.54340348281774,36.01449513256441,2026-10-11,0.1566,0.1484,0.167,0.1484
35255,34.54067478416879,36.02461335886285,2026-10-05,0.2191,0.2327,0.2572,0.253
35255,34.54067478416879,36.02461335886285,2026-10-06,0.1715,0.1821,0.181,0.1821
35255,34.54067478416879,36.02461335886285,2026-10-07,0.1524,0.172,0.1619,0.1619
35255,34.54067478416879,36.02461335886285,2026-10-08,0.1524,0.172,0.2191,0.172
35255,34.54067478416879,36.02461335886285,2026-10-09,0.1524,0.1619,0.181,0.1619
35255,34.54067478416879,36.02461335886285,2026-10-10,0.1429,0.1518,0.1619,0.1619
35255,34.54067478416879,36.02461335886285,2026-10-11,0.1429,0.1518,0.1524,0.1518
35155,34.539021966184116,36.1390168933383,2026-10-05,0.2303,0.2299,0.2703,0.2499
35155,34.539021966184116,36.1390168933383,2026-10-06,0.1802,0.1799,0.1902,0.1799
35155,34.539021966184116,36.1390168933383,2026-10-07,0.1602,0.1699,0.1702,0.16
35155,34.539021966184116,36.1390168933383,2026-10-08,0.1602,0.1699,0.2303,0.1699
35155,34.539021966184116,36.1390168933383,2026-10-09,0.1602,0.16,0.1902,0.16
35155,34.539021966184116,36.1390168933383,2026-10-10,0.1502,0.15,0.1702,0.16
35155,34.539021966184116,36.1390168933383,2026-10-11,0.1502,0.15,0.1602,0.15
35265,34.53288701431639,36.010029849980604,2026-10-05,0.2365,0.2284,0.2776,0.2482
35265,34.53288701431639,36.010029849980604,2026-10-06,0.1851,0.1787,0.1953,0.1787
35265,34.53288701431639,36.010029849980604,2026-10-07,0.1645,0.1688,0.1748,0.1589
35265,34.53288701431639,36.010029849980604,2026-10-08,0.1645,0.1688,0.2365,0.1688
35265,34.53288701431639,36.010029849980604,2026-10-09,0.1645,0.1589,0.1953,0.1589
35265,34.53288701431639,36.010029849980604,2026-10-10,0.1542,0.1489,0.1748,0.1589
35265,34.53288701431639,36.010029849980604,2026-10-11,0.1542,0.1489,0.1645,0.1489
35179,34.53191633033142,36.18008103717211,2026-10-05,0.2765,0.2184,0.3246,0.2374
35179,34.53191633033142,36.18008103717211,2026-10-06,0.2164,0.1709,0.2284,0.1709
35179,34.53191633033142,36.18008103717211,2026-10-07,0.1924,0.1614,0.2044,0.1519
35179,34.53191633033142,36.18008103717211,2026-10-08,0.1924,0.1614,0.2765,0.1614
35179,34.53191633033142,36.18008103717211,2026-10-09,0.1924,0.1519,0.2284,0.1519
35179,34.53191633033142,36.18008103717211,2026-10-10,0.1803,0.1424,0.2044,0.1519
35179,34.53191633033142,36.18008103717211,2026-10-11,0.1803,0.1424,0.1924,0.1424
35173,34.53351902205351,36.169929922736365,2026-10-05,0.2745,0.2189,0.3223,0.2379
35173,34.53351902205351,36.169929922736365,2026-10-06,0.2149,0.1713,0.2268,0.1713
35173,34.53351902205351,36.169929922736365,2026-10-07,0.191,0.1618,0.2029,0.1523
35173,34.53351902205351,36.169929922736365,2026-10-08,0.191,0.1618,0.2745,0.1618
35173,34.53351902205351,36.169929922736365,2026-10-09,0.191,0.1523,0.2268,0.1523
35173,34.53351902205351,36.169929922736365,2026-10-10,0.179,0.1427,0.2029,0.1523
35173,34.53351902205351,36.169929922736365,2026-10-11,0.179,0.1427,0.191,0.1427
35187,34.52520331999756,36.19640166451977,2026-10-05,0.2158,0.2336,0.2533,0.2539
35187,34.52520331999756,36.19640166451977,2026-10-06,0.1689,0.1828,0.1783,0.1828
35187,34.52520331999756,36.19640166451977,2026-10-07,0.1501,0.1726,0.1595,0.1625
35187,34.52520331999756,36.19640166451977,2026-10-08,0.1501,0.1726,0.2158,0.1726
35187,34.52520331999756,36.19640166451977,2026-10-09,0.1501,0.1625,0.1783,0.1625
35187,34.52520331999756,36.19640166451977,2026-10-10,0.1407,0.1523,0.1595,0.1625
35187,34.52520331999756,36.19640166451977,2026-10-11,0.1407,0.1523,0.1501,0.1523
35133,34.5241320376845,36.06281777077553,2026-10-05,0.2203,0.2324,0.2586,0.2526
35133,34.5241320376845,36.06281777077553,2026-10-06,0.1724,0.1819,0.182,0.1819
35133,34.5241320376845,36.06281777077553,2026-10-07,0.1533,0.1718,0.1628,0.1617
35133,34.5241320376845,36.06281777077553,2026-10-08,0.1533,0.1718,0.2203,0.1718
35133,34.5241320376845,36.06281777077553,2026-10-09,0.1533,0.1617,0.182,0.1617
35133,34.5241320376845,36.06281777077553,2026-10-10,0.1437,0.1516,0.1628,0.1617
35133,34.5241320376845,36.06281777077553,2026-10-11,0.1437,0.1516,0.1533,0.1516
35181,34.52940750551495,36.19016781635927,2026-10-05,0.243,0.2267,0.2853,0.2465
35181,34.52940750551495,36.19016781635927,2026-10-06,0.1902,0.1775,0.2008,0.1775
35181,34.52940750551495,36.19016781635927,2026-10-07,0.1691,0.1676,0.1796,0.1577
35181,34.52940750551495,36.19016781635927,2026-10-08,0.1691,0.1676,0.243,0.1676
35181,34.52940750551495,36.19016781635927,2026-10-09,0.1691,0.1577,0.2008,0.1577
35181,34.52940750551495,36.19016781635927,2026-10-10,0.1585,0.1479,0.1796,0.1577
35181,34.52940750551495,36.19016781635927,2026-10-11,0.1585,0.1479,0.1691,0.1479
35151,34.52135515773033,36.04194712960506,2026-10-05,0.2657,0.2211,0.312,0.2403
35151,34.52135515773033,36.04194712960506,2026-10-06,0.208,0.173,0.2195,0.173
35151,34.52135515773033,36.04194712960506,2026-10-07,0.1849,0.1634,0.1964,0.1538
35151,34.52135515773033,36.04194712960506,2026-10-08,0.1849,0.1634,0.2657,0.1634
35151,34.52135515773033,36.04194712960506,2026-10-09,0.1849,0.1538,0.2195,0.1538
35151,34.52135515773033,36.04194712960506,2026-10-10,0.1733,0.1442,0.1964,0.1538
35151,34.52135515773033,36.04194712960506,2026-10-11,0.1733,0.1442,0.1849,0.1442
35167,34.51382484765725,36.0210598336733,2026-10-05,0.2452,0.2262,0.2878,0.2459
35167,34.51382484765725,36.0210598336733,2026-10-06,0.1919,0.177,0.2025,0.177
35167,34.51382484765725,36.0210598336733,2026-10-07,0.1706,0.1672,0.1812,0.1574
35167,34.51382484765725,36.0210598336733,2026-10-08,0.1706,0.1672,0.2452,0.1672
35167,34.51382484765725,36.0210598336733,2026-10-09,0.1706,0.1574,0.2025,0.1574
35167,34.51382484765725,36.0210598336733,2026-10-10,0.1599,0.1475,0.1812,0.1574
35167,34.51382484765725,36.0210598336733,2026-10-11,0.1599,0.1475,0.1706,0.1475
35364,34.507491530757626,36.0081119920082,2026-10-05,0.2279,0.2305,0.2676,0.2506
35364,34.507491530757626,36.0081119920082,2026-10-06,0.1784,0.1804,0.1883,0.1804
35364,34.507491530757626,36.0081119920082,2026-10-07,0.1586,0.1704,0.1685,0.1604
35364,34.507491530757626,36.0081119920082,2026-10-08,0.1586,0.1704,0.2279,0.1704
35364,34.507491530757626,36.0081119920082,2026-10-09,0.1586,0.1604,0.1883,0.1604
35364,34.507491530757626,36.0081119920082,2026-10-10,0.1487,0.1503,0.1685,0.1604
35364,34.507491530757626,36.0081119920082,2026-10-11,0.1487,0.1503,0.1586,0.1503
35161,34.51783901710105,36.02851606195297,2026-10-05,0.2184,0.2329,0.2564,0.2531
35161,34.51783901710105,36.02851606195297,2026-10-06,0.1709,0.1823,0.1804,0.1823
35161,34.51783901710105,36.02851606195297,2026-10-07,0.1519,0.1721,0.1614,0.162
35161,34.51783901710105,36.02851606195297,2026-10-08,0.1519,0.1721,0.2184,0.1721
35161,34.51783901710105,36.02851606195297,2026-10-09,0.1519,0.162,0.1804,0.162
35161,34.51783901710105,36.02851606195297,2026-10-10,0.1424,0.1519,0.1614,0.162
35161,34.51783901710105,36.02851606195297,2026-10-11,0.1424,0.1519,0.1519,0.1519
54127,34.46778170931469,36.31510159250529,2026-10-05,0.251,0.2247,0.2947,0.2443
54127,34.46778170931469,36.31510159250529,2026-10-06,0.1964,0.1759,0.2074,0.1759
54127,34.46778170931469,36.31510159250529,2026-10-07,0.1746,0.1661,0.1855,0.1563
54127,34.46778170931469,36.31510159250529,2026-10-08,0.1746,0.1661,0.251,0.1661
54127,34.46778170931469,36.31510159250529,2026-10-09,0.1746,0.1563,0.2074,0.1563
54127,34.46778170931469,36.31510159250529,2026-10-10,0.1637,0.1466,0.1855,0.1563
54127,34.46778170931469,36.31510159250529,2026-10-11,0.1637,0.1466,0.1746,0.1466
35153,34.51592681427127,36.04079986694316,2026-10-05,0.2669,0.2208,0.3133,0.24
35153,34.51592681427127,36.04079986694316,2026-10-06,0.2089,0.1728,0.2205,0.1728
35153,34.51592681427127,36.04079986694316,2026-10-07,0.1857,0.1632,0.1973,0.1536
35153,34.51592681427127,36.04079986694316,2026-10-08,0.1857,0.1632,0.2669,0.1632
35153,34.51592681427127,36.04079986694316,2026-10-09,0.1857,0.1536,0.2205,0.1536
35153,34.51592681427127,36.04079986694316,2026-10-10,0.1741,0.144,0.1973,0.1536
35153,34.51592681427127,36.04079986694316,2026-10-11,0.1741,0.144,0.1857,0.144
35159,34.51284406729702,36.03269231838393,2026-10-05,0.2306,0.2298,0.2707,0.2498
35159,34.51284406729702,36.03269231838393,2026-10-06,0.1805,0.1799,0.1905,0.1799
35159,34.51284406729702,36.03269231838393,2026-10-07,0.1604,0.1699,0.1704,0.1599
35159,34.51284406729702,36.03269231838393,2026-10-08,0.1604,0.1699,0.2306,0.1699
35159,34.51284406729702,36.03269231838393,2026-10-09,0.1604,0.1599,0.1905,0.1599
35159,34.51284406729702,36.03269231838393,2026-10-10,0.1504,0.1499,0.1704,0.1599
35159,34.51284406729702,36.03269231838393,2026-10-11,0.1504,0.1499,0.1604,0.1499
37281,34.49071801811214,35.98309252342681,2026-10-05,0.2267,0.2308,0.2662,0.2509
37281,34.49071801811214,35.98309252342681,2026-10-06,0.1774,0.1806,0.1873,0.1806
37281,34.49071801811214,35.98309252342681,2026-10-07,0.1577,0.1706,0.1676,0.1606
37281,34.49071801811214,35.98309252342681,2026-10-08,0.1577,0.1706,0.2267,0.1706
37281,34.49071801811214,35.98309252342681,2026-10-09,0.1577,0.1606,0.1873,0.1606
37281,34.49071801811214,35.98309252342681,2026-10-10,0.1479,0.1505,0.1676,0.1606
37281,34.49071801811214,35.98309252342681,2026-10-11,0.1479,0.1505,0.1577,0.1505
35002,34.4894537514432,36.24561366712668,2026-10-05,0.232,0.2295,0.2723,0.2495
35002,34.4894537514432,36.24561366712668,2026-10-06,0.1816,0.1796,0.1916,0.1796
35002,34.4894537514432,36.24561366712668,2026-10-07,0.1614,0.1696,0.1715,0.1597
35002,34.4894537514432,36.24561366712668,2026-10-08,0.1614,0.1696,0.232,0.1696
35002,34.4894537514432,36.24561366712668,2026-10-09,0.1614,0.1597,0.1916,0.1597
35002,34.4894537514432,36.24561366712668,2026-10-10,0.1513,0.1497,0.1715,0.1597
35002,34.4894537514432,36.24561366712668,2026-10-11,0.1513,0.1497,0.1614,0.1497
35003,34.499869965832204,36.2628283628049,2026-10-05,0.2631,0.2217,0.3088,0.241
35003,34.499869965832204,36.2628283628049,2026-10-06,0.2059,0.1735,0.2173,0.1735
35003,34.499869965832204,36.2628283628049,2026-10-07,0.183,0.1639,0.1945,0.1542
35003,34.499869965832204,36.2628283628049,2026-10-08,0.183,0.1639,0.2631,0.1639
35003,34.499869965832204,36.2628283628049,2026-10-09,0.183,0.1542,0.2173,0.1542
35003,34.499869965832204,36.2628283628049,2026-10-10,0.1716,0.1446,0.1945,0.1542
35003,34.499869965832204,36.2628283628049,2026-10-11,0.1716,0.1446,0.183,0.1446
35317,34.49724663561623,36.05788450876612,2026-10-05,0.2602,0.2224,0.3055,0.2418
35317,34.49724663561623,36.05788450876612,2026-10-06,0.2037,0.1741,0.215,0.1741
35317,34.49724663561623,36.05788450876612,2026-10-07,0.181,0.1644,0.1924,0.1547
35317,34.49724663561623,36.05788450876612,2026-10-08,0.181,0.1644,0.2602,0.1644
35317,34.49724663561623,36.05788450876612,2026-10-09,0.181,0.1547,0.215,0.1547
35317,34.49724663561623,36.05788450876612,2026-10-10,0.1697,0.1451,0.1924,0.1547
35317,34.49724663561623,36.05788450876612,2026-10-11,0.1697,0.1451,0.181,0.1451
35311,34.48722369804882,36.05759877082003,2026-10-05,0.2572,0.2232,0.3019,0.2426
35311,34.48722369804882,36.05759877082003,2026-10-06,0.2013,0.1747,0.2124,0.1747
35311,34.48722369804882,36.05759877082003,2026-10-07,0.1789,0.165,0.1901,0.1553
35311,34.48722369804882,36.05759877082003,2026-10-08,0.1789,0.165,0.2572,0.165
35311,34.48722369804882,36.05759877082003,2026-10-09,0.1789,0.1553,0.2124,0.1553
35311,34.48722369804882,36.05759877082003,2026-10-10,0.1677,0.1456,0.1901,0.1553
35311,34.48722369804882,36.05759877082003,2026-10-11,0.1677,0.1456,0.1789,0.1456
35367,34.47825056250207,35.99556285424398,2026-10-05,0.2497,0.2251,0.2931,0.2447
35367,34.47825056250207,35.99556285424398,2026-10-06,0.1954,0.1762,0.2062,0.1762
35367,34.47825056250207,35.99556285424398,2026-10-07,0.1737,0.1664,0.1845,0.1566
35367,34.47825056250207,35.99556285424398,2026-10-08,0.1737,0.1664,0.2497,0.1664
35367,34.47825056250207,35.99556285424398,2026-10-09,0.1737,0.1566,0.2062,0.1566
35367,34.47825056250207,35.99556285424398,2026-10-10,0.1628,0.1468,0.1845,0.1566
35367,34.47825056250207,35.99556285424398,2026-10-11,0.1628,0.1468,0.1737,0.1468
35321,34.47377265650109,36.14429959829622,2026-10-05,0.2097,0.2351,0.2461,0.2555
35321,34.47377265650109,36.14429959829622,2026-10-06,0.1641,0.184,0.1732,0.184
35321,34.47377265650109,36.14429959829622,2026-10-07,0.1459,0.1738,0.155,0.1635
35321,34.47377265650109,36.14429959829622,2026-10-08,0.1459,0.1738,0.2097,0.1738
35321,34.47377265650109,36.14429959829622,2026-10-09,0.1459,0.1635,0.1732,0.1635
35321,34.47377265650109,36.14429959829622,2026-10-10,0.1367,0.1533,0.155,0.1635
35321,34.47377265650109,36.14429959829622,2026-10-11,0.1367,0.1533,0.1459,0.1533
35347,34.47313083042579,36.01652693315185,2026-10-05,0.2535,0.2241,0.2976,0.2436
35347,34.47313083042579,36.01652693315185,2026-10-06,0.1984,0.1754,0.2094,0.1754
35347,34.47313083042579,36.01652693315185,2026-10-07,0.1763,0.1657,0.1874,0.1559
35347,34.47313083042579,36.01652693315185,2026-10-08,0.1763,0.1657,0.2535,0.1657
35347,34.47313083042579,36.01652693315185,2026-10-09,0.1763,0.1559,0.2094,0.1559
35347,34.47313083042579,36.01652693315185,2026-10-10,0.1653,0.1462,0.1874,0.1559
35347,34.47313083042579,36.01652693315185,2026-10-11,0.1653,0.1462,0.1763,0.1462
54114,34.416752450977256,36.226417624095234,2026-10-05,0.2446,0.2263,0.2872,0.246
54114,34.416752450977256,36.226417624095234,2026-10-06,0.1914,0.1771,0.2021,0.1771
54114,34.416752450977256,36.226417624095234,2026-10-07,0.1702,0.1673,0.1808,0.1575
54114,34.416752450977256,36.226417624095234,2026-10-08,0.1702,0.1673,0.2446,0.1673
54114,34.416752450977256,36.226417624095234,2026-10-09,0.1702,0.1575,0.2021,0.1575
54114,34.416752450977256,36.226417624095234,2026-10-10,0.1595,0.1476,0.1808,0.1575
54114,34.416752450977256,36.226417624095234,2026-10-11,0.1595,0.1476,0.1702,0.1476
35327,34.46636101827707,36.15089545196709,2026-10-05,0.2087,0.2353,0.2451,0.2558
35327,34.46636101827707,36.15089545196709,2026-10-06,0.1634,0.1842,0.1724,0.1842
35327,34.46636101827707,36.15089545196709,2026-10-07,0.1452,0.1739,0.1543,0.1637
35327,34.46636101827707,36.15089545196709,2026-10-08,0.1452,0.1739,0.2087,0.1739
35327,34.46636101827707,36.15089545196709,2026-10-09,0.1452,0.1637,0.1724,0.1637
35327,34.46636101827707,36.15089545196709,2026-10-10,0.1361,0.1535,0.1543,0.1637
35327,34.46636101827707,36.15089545196709,2026-10-11,0.1361,0.1535,0.1452,0.1535
37387,34.44593456532691,35.94595686899272,2026-10-05,0.2434,0.2267,0.2857,0.2464
37387,34.44593456532691,35.94595686899272,2026-10-06,0.1905,0.1774,0.2011,0.1774
37387,34.44593456532691,35.94595686899272,2026-10-07,0.1693,0.1675,0.1799,0.1577
37387,34.44593456532691,35.94595686899272,2026-10-08,0.1693,0.1675,0.2434,0.1675
37387,34.44593456532691,35.94595686899272,2026-10-09,0.1693,0.1577,0.2011,0.1577
37387,34.44593456532691,35.94595686899272,2026-10-10,0.1587,0.1478,0.1799,0.1577
37387,34.44593456532691,35.94595686899272,2026-10-11,0.1587,0.1478,0.1693,0.1478
33287,34.452702334225506,35.927966706877974,2026-10-05,0.204,0.2365,0.2395,0.2571
33287,34.452702334225506,35.927966706877974,2026-10-06,0.1597,0.1851,0.1685,0.1851
33287,34.452702334225506,35.927966706877974,2026-10-07,0.1419,0.1748,0.1508,0.1645
33287,34.452702334225506,35.927966706877974,2026-10-08,0.1419,0.1748,0.204,0.1748
33287,34.452702334225506,35.927966706877974,2026-10-09,0.1419,0.1645,0.1685,0.1645
33287,34.452702334225506,35.927966706877974,2026-10-10,0.133,0.1542,0.1508,0.1645
33287,34.452702334225506,35.927966706877974,2026-10-11,0.133,0.1542,0.1419,0.1542
31171,34.45091075973132,35.81755254984723,2026-10-05,0.2533,0.2242,0.2973,0.2437
31171,34.45091075973132,35.81755254984723,2026-10-06,0.1982,0.1754,0.2092,0.1754
31171,34.45091075973132,35.81755254984723,2026-10-07,0.1762,0.1657,0.1872,0.1559
31171,34.45091075973132,35.81755254984723,2026-10-08,0.1762,0.1657,0.2533,0.1657
31171,34.45091075973132,35.81755254984723,2026-10-09,0.1762,0.1559,0.2092,0.1559
31171,34.45091075973132,35.81755254984723,2026-10-10,0.1652,0.1462,0.1872,0.1559
31171,34.45091075973132,35.81755254984723,2026-10-11,0.1652,0.1462,0.1762,0.1462
33279,34.44145121598779,35.921007504008024,2026-10-05,0.2437,0.2266,0.2861,0.2463
33279,34.44145121598779,35.921007504008024,2026-10-06,0.1907,0.1773,0.2013,0.1773
33279,34.44145121598779,35.921007504008024,2026-10-07,0.1695,0.1675,0.1801,0.1576
33279,34.44145121598779,35.921007504008024,2026-10-08,0.1695,0.1675,0.2437,0.1675
33279,34.44145121598779,35.921007504008024,2026-10-09,0.1695,0.1576,0.2013,0.1576
33279,34.44145121598779,35.921007504008024,2026-10-10,0.1589,0.1478,0.1801,0.1576
33279,34.44145121598779,35.921007504008024,2026-10-11,0.1589,0.1478,0.1695,0.1478
54001,34.45574403997542,36.4960640731782,2026-10-05,0.2533,0.2242,0.2973,0.2437
54001,34.45574403997542,36.4960640731782,2026-10-06,0.1982,0.1754,0.2092,0.1754
54001,34.45574403997542,36.4960640731782,2026-10-07,0.1762,0.1657,0.1872,0.1559
54001,34.45574403997542,36.4960640731782,2026-10-08,0.1762,0.1657,0.2533,0.1657
54001,34.45574403997542,36.4960640731782,2026-10-09,0.1762,0.1559,0.2092,0.1559
54001,34.45574403997542,36.4960640731782,2026-10-10,0.1652,0.1462,0.1872,0.1559
54001,34.45574403997542,36.4960640731782,2026-10-11,0.1652,0.1462,0.1762,0.1462
37360,34.44013223856319,36.079751906400915,2026-10-05,0.2169,0.2333,0.2547,0.2535
37360,34.44013223856319,36.079751906400915,2026-10-06,0.1698,0.1826,0.1792,0.1826
37360,34.44013223856319,36.079751906400915,2026-10-07,0.1509,0.1724,0.1603,0.1623
37360,34.44013223856319,36.079751906400915,2026-10-08,0.1509,0.1724,0.2169,0.1724
37360,34.44013223856319,36.079751906400915,2026-10-09,0.1509,0.1623,0.1792,0.1623
37360,34.44013223856319,36.079751906400915,2026-10-10,0.1415,0.1521,0.1603,0.1623
37360,34.44013223856319,36.079751906400915,2026-10-11,0.1415,0.1521,0.1509,0.1521
37383,34.428085715016486,36.12131984394869,2026-10-05,0.2292,0.2302,0.269,0.2502
37383,34.428085715016486,36.12131984394869,2026-10-06,0.1793,0.1802,0.1893,0.1802
37383,34.428085715016486,36.12131984394869,2026-10-07,0.1594,0.1702,0.1694,0.1601
37383,34.428085715016486,36.12131984394869,2026-10-08,0.1594,0.1702,0.2292,0.1702
37383,34.428085715016486,36.12131984394869,2026-10-09,0.1594,0.1601,0.1893,0.1601
37383,34.428085715016486,36.12131984394869,2026-10-10,0.1495,0.1501,0.1694,0.1601
37383,34.428085715016486,36.12131984394869,2026-10-11,0.1495,0.1501,0.1594,0.1501
37362,34.44009643287841,36.09770029124117,2026-10-05,0.2327,0.2293,0.2732,0.2493
37362,34.44009643287841,36.09770029124117,2026-10-06,0.1821,0.1795,0.1923,0.1795
37362,34.44009643287841,36.09770029124117,2026-10-07,0.1619,0.1695,0.172,0.1595
37362,34.44009643287841,36.09770029124117,2026-10-08,0.1619,0.1695,0.2327,0.1695
37362,34.44009643287841,36.09770029124117,2026-10-09,0.1619,0.1595,0.1923,0.1595
37362,34.44009643287841,36.09770029124117,2026-10-10,0.1518,0.1496,0.172,0.1595
37362,34.44009643287841,36.09770029124117,2026-10-11,0.1518,0.1496,0.1619,0.1496
37356,34.43669045055798,36.06742883433251,2026-10-05,0.2439,0.2265,0.2863,0.2462
37356,34.43669045055798,36.06742883433251,2026-10-06,0.1909,0.1773,0.2015,0.1773
37356,34.43669045055798,36.06742883433251,2026-10-07,0.1697,0.1674,0.1803,0.1576
37356,34.43669045055798,36.06742883433251,2026-10-08,0.1697,0.1674,0.2439,0.1674
37356,34.43669045055798,36.06742883433251,2026-10-09,0.1697,0.1576,0.2015,0.1576
37356,34.43669045055798,36.06742883433251,2026-10-10,0.1591,0.1477,0.1803,0.1576
37356,34.43669045055798,36.06742883433251,2026-10-11,0.1591,0.1477,0.1697,0.1477
37361,34.43507412911701,35.9900410511488,2026-10-05,0.2729,0.2193,0.3203,0.2383
37361,34.43507412911701,35.9900410511488,2026-10-06,0.2136,0.1716,0.2254,0.1716
37361,34.43507412911701,35.9900410511488,2026-10-07,0.1898,0.1621,0.2017,0.1525
37361,34.43507412911701,35.9900410511488,2026-10-08,0.1898,0.1621,0.2729,0.1621
37361,34.43507412911701,35.9900410511488,2026-10-09,0.1898,0.1525,0.2254,0.1525
37361,34.43507412911701,35.9900410511488,2026-10-10,0.178,0.143,0.2017,0.1525
37361,34.43507412911701,35.9900410511488,2026-10-11,0.178,0.143,0.1898,0.143
53254,34.39724016906578,36.475960233886205,2026-10-05,0.2359,0.2285,0.277,0.2484
53254,34.39724016906578,36.475960233886205,2026-10-06,0.1846,0.1788,0.1949,0.1788
53254,34.39724016906578,36.475960233886205,2026-10-07,0.1641,0.1689,0.1744,0.159
53254,34.39724016906578,36.475960233886205,2026-10-08,0.1641,0.1689,0.2359,0.1689
53254,34.39724016906578,36.475960233886205,2026-10-09,0.1641,0.159,0.1949,0.159
53254,34.39724016906578,36.475960233886205,2026-10-10,0.1539,0.149,0.1744,0.159
53254,34.39724016906578,36.475960233886205,2026-10-11,0.1539,0.149,0.1641,0.149
37343,34.42979877745048,36.03777429761438,2026-10-05,0.2516,0.2246,0.2954,0.2441
37343,34.42979877745048,36.03777429761438,2026-10-06,0.1969,0.1758,0.2078,0.1758
37343,34.42979877745048,36.03777429761438,2026-10-07,0.175,0.166,0.186,0.1562
37343,34.42979877745048,36.03777429761438,2026-10-08,0.175,0.166,0.2516,0.166
37343,34.42979877745048,36.03777429761438,2026-10-09,0.175,0.1562,0.2078,0.1562
37343,34.42979877745048,36.03777429761438,2026-10-10,0.1641,0.1465,0.186,0.1562
37343,34.42979877745048,36.03777429761438,2026-10-11,0.1641,0.1465,0.175,0.1465
33275,34.432852879942715,35.957292089221156,2026-10-05,0.2283,0.2304,0.268,0.2505
33275,34.432852879942715,35.957292089221156,2026-10-06,0.1787,0.1803,0.1886,0.1803
33275,34.432852879942715,35.957292089221156,2026-10-07,0.1588,0.1703,0.1688,0.1603
33275,34.432852879942715,35.957292089221156,2026-10-08,0.1588,0.1703,0.2283,0.1703
33275,34.432852879942715,35.957292089221156,2026-10-09,0.1588,0.1603,0.1886,0.1603
33275,34.432852879942715,35.957292089221156,2026-10-10,0.1489,0.1503,0.1688,0.1603
33275,34.432852879942715,35.957292089221156,2026-10-11,0.1489,0.1503,0.1588,0.1503
54002,34.43892134892215,36.24405509243805,2026-10-05,0.227,0.2307,0.2665,0.2508
54002,34.43892134892215,36.24405509243805,2026-10-06,0.1777,0.1806,0.1875,0.1806
54002,34.43892134892215,36.24405509243805,2026-10-07,0.1579,0.1706,0.1678,0.1605
54002,34.43892134892215,36.24405509243805,2026-10-08,0.1579,0.1706,0.227,0.1706
54002,34.43892134892215,36.24405509243805,2026-10-09,0.1579,0.1605,0.1875,0.1605
54002,34.43892134892215,36.24405509243805,2026-10-10,0.1481,0.1505,0.1678,0.1605
54002,34.43892134892215,36.24405509243805,2026-10-11,0.1481,0.1505,0.1579,0.1505
31146,34.43566855021139,35.84421370731563,2026-10-05,0.2579,0.223,0.3028,0.2424
31146,34.43566855021139,35.84421370731563,2026-10-06,0.2019,0.1745,0.2131,0.1745
31146,34.43566855021139,35.84421370731563,2026-10-07,0.1794,0.1648,0.1907,0.1551
31146,34.43566855021139,35.84421370731563,2026-10-08,0.1794,0.1648,0.2579,0.1648
31146,34.43566855021139,35.84421370731563,2026-10-09,0.1794,0.1551,0.2131,0.1551
31146,34.43566855021139,35.84421370731563,2026-10-10,0.1682,0.1454,0.1907,0.1551
31146,34.43566855021139,35.84421370731563,2026-10-11,0.1682,0.1454,0.1794,0.1454
31141,34.43487144291087,35.84613770738277,2026-10-05,0.2669,0.2208,0.3133,0.24
31141,34.43487144291087,35.84613770738277,2026-10-06,0.2089,0.1728,0.2205,0.1728
31141,34.43487144291087,35.84613770738277,2026-10-07,0.1857,0.1632,0.1973,0.1536
31141,34.43487144291087,35.84613770738277,2026-10-08,0.1857,0.1632,0.2669,0.1632
31141,34.43487144291087,35.84613770738277,2026-10-09,0.1857,0.1536,0.2205,0.1536
31141,34.43487144291087,35.84613770738277,2026-10-10,0.1741,0.144,0.1973,0.1536
31141,34.43487144291087,35.84613770738277,2026-10-11,0.1741,0.144,0.1857,0.144
31136,34.43608241887097,35.842081700015875,2026-10-05,0.274,0.219,0.3216,0.238
31136,34.43608241887097,35.842081700015875,2026-10-06,0.2144,0.1714,0.2263,0.1714
31136,34.43608241887097,35.842081700015875,2026-10-07,0.1906,0.1619,0.2025,0.1523
31136,34.43608241887097,35.842081700015875,2026-10-08,0.1906,0.1619,0.274,0.1619
31136,34.43608241887097,35.842081700015875,2026-10-09,0.1906,0.1523,0.2263,0.1523
31136,34.43608241887097,35.842081700015875,2026-10-10,0.1787,0.1428,0.2025,0.1523
31136,34.43608241887097,35.842081700015875,2026-10-11,0.1787,0.1428,0.1906,0.1428
31131,34.43390946695441,35.84308531071605,2026-10-05,0.2755,0.2186,0.3235,0.2376
31131,34.43390946695441,35.84308531071605,2026-10-06,0.2156,0.1711,0.2276,0.1711
31131,34.43390946695441,35.84308531071605,2026-10-07,0.1917,0.1616,0.2037,0.1521
31131,34.43390946695441,35.84308531071605,2026-10-08,0.1917,0.1616,0.2755,0.1616
31131,34.43390946695441,35.84308531071605,2026-10-09,0.1917,0.1521,0.2276,0.1521
31131,34.43390946695441,35.84308531071605,2026-10-10,0.1797,0.1426,0.2037,0.1521
31131,34.43390946695441,35.84308531071605,2026-10-11,0.1797,0.1426,0.1917,0.1426
37357,34.424263664065805,36.073905710920336,2026-10-05,0.2169,0.2333,0.2546,0.2536
37357,34.424263664065805,36.073905710920336,2026-10-06,0.1697,0.1826,0.1792,0.1826
37357,34.424263664065805,36.073905710920336,2026-10-07,0.1509,0.1724,0.1603,0.1623
37357,34.424263664065805,36.073905710920336,2026-10-08,0.1509,0.1724,0.2169,0.1724
37357,34.424263664065805,36.073905710920336,2026-10-09,0.1509,0.1623,0.1792,0.1623
37357,34.424263664065805,36.073905710920336,2026-10-10,0.1414,0.1521,0.1603,0.1623
37357,34.424263664065805,36.073905710920336,2026-10-11,0.1414,0.1521,0.1509,0.1521
37344,34.410177720934065,36.14028097787701,2026-10-05,0.1995,0.2376,0.2342,0.2583
37344,34.410177720934065,36.14028097787701,2026-10-06,0.1562,0.186,0.1648,0.186
37344,34.410177720934065,36.14028097787701,2026-10-07,0.1388,0.1756,0.1475,0.1653
37344,34.410177720934065,36.14028097787701,2026-10-08,0.1388,0.1756,0.1995,0.1756
37344,34.410177720934065,36.14028097787701,2026-10-09,0.1388,0.1653,0.1648,0.1653
37344,34.410177720934065,36.14028097787701,2026-10-10,0.1301,0.155,0.1475,0.1653
37344,34.410177720934065,36.14028097787701,2026-10-11,0.1301,0.155,0.1388,0.155
53267,34.392460445463,36.51454698819339,2026-10-05,0.2558,0.2236,0.3002,0.243
53267,34.392460445463,36.51454698819339,2026-10-06,0.2002,0.175,0.2113,0.175
53267,34.392460445463,36.51454698819339,2026-10-07,0.1779,0.1652,0.189,0.1555
53267,34.392460445463,36.51454698819339,2026-10-08,0.1779,0.1652,0.2558,0.1652
53267,34.392460445463,36.51454698819339,2026-10-09,0.1779,0.1555,0.2113,0.1555
53267,34.392460445463,36.51454698819339,2026-10-10,0.1668,0.1458,0.189,0.1555
53267,34.392460445463,36.51454698819339,2026-10-11,0.1668,0.1458,0.1779,0.1458
37001,34.41324943598065,36.04333205904483,2026-10-05,0.2715,0.2196,0.3188,0.2387
37001,34.41324943598065,36.04333205904483,2026-10-06,0.2125,0.1719,0.2243,0.1719
37001,34.41324943598065,36.04333205904483,2026-10-07,0.1889,0.1623,0.2007,0.1528
37001,34.41324943598065,36.04333205904483,2026-10-08,0.1889,0.1623,0.2715,0.1623
37001,34.41324943598065,36.04333205904483,2026-10-09,0.1889,0.1528,0.2243,0.1528
37001,34.41324943598065,36.04333205904483,2026-10-10,0.1771,0.1432,0.2007,0.1528
37001,34.41324943598065,36.04333205904483,2026-10-11,0.1771,0.1432,0.1889,0.1432
37395,34.40369885940829,36.087571439550324,2026-10-05,0.1982,0.238,0.2326,0.2586
37395,34.40369885940829,36.087571439550324,2026-10-06,0.1551,0.1862,0.1637,0.1862
37395,34.40369885940829,36.087571439550324,2026-10-07,0.1379,0.1759,0.1465,0.1655
37395,34.40369885940829,36.087571439550324,2026-10-08,0.1379,0.1759,0.1982,0.1759
37395,34.40369885940829,36.087571439550324,2026-10-09,0.1379,0.1655,0.1637,0.1655
37395,34.40369885940829,36.087571439550324,2026-10-10,0.1292,0.1552,0.1465,0.1655
37395,34.40369885940829,36.087571439550324,2026-10-11,0.1292,0.1552,0.1379,0.1552
54003,34.40988612310588,36.55619084560034,2026-10-05,0.2037,0.2366,0.2391,0.2571
54003,34.40988612310588,36.55619084560034,2026-10-06,0.1594,0.1851,0.1683,0.1851
54003,34.40988612310588,36.55619084560034,2026-10-07,0.1417,0.1749,0.1506,0.1646
54003,34.40988612310588,36.55619084560034,2026-10-08,0.1417,0.1749,0.2037,0.1749
54003,34.40988612310588,36.55619084560034,2026-10-09,0.1417,0.1646,0.1683,0.1646
54003,34.40988612310588,36.55619084560034,2026-10-10,0.1329,0.1543,0.1506,0.1646
54003,34.40988612310588,36.55619084560034,2026-10-11,0.1329,0.1543,0.1417,0.1543
37335,34.40266937740465,36.0052611310381,2026-10-05,0.2408,0.2273,0.2827,0.2471
37335,34.40266937740465,36.0052611310381,2026-10-06,0.1884,0.1779,0.1989,0.1779
37335,34.40266937740465,36.0052611310381,2026-10-07,0.1675,0.168,0.178,0.1581
37335,34.40266937740465,36.0052611310381,2026-10-08,0.1675,0.168,0.2408,0.168
37335,34.40266937740465,36.0052611310381,2026-10-09,0.1675,0.1581,0.1989,0.1581
37335,34.40266937740465,36.0052611310381,2026-10-10,0.157,0.1482,0.178,0.1581
37335,34.40266937740465,36.0052611310381,2026-10-11,0.157,0.1482,0.1675,0.1482
37327,34.39706562356563,36.01692340626156,2026-10-05,0.2726,0.2194,0.32,0.2384
37327,34.39706562356563,36.01692340626156,2026-10-06,0.2133,0.1717,0.2252,0.1717
37327,34.39706562356563,36.01692340626156,2026-10-07,0.1896,0.1621,0.2015,0.1526
37327,34.39706562356563,36.01692340626156,2026-10-08,0.1896,0.1621,0.2726,0.1621
37327,34.39706562356563,36.01692340626156,2026-10-09,0.1896,0.1526,0.2252,0.1526
37327,34.39706562356563,36.01692340626156,2026-10-10,0.1778,0.1431,0.2015,0.1526
37327,34.39706562356563,36.01692340626156,2026-10-11,0.1778,0.1431,0.1896,0.1431
32189,34.38660076371292,35.8619726562732,2026-10-05,0.2693,0.2202,0.3161,0.2393
32189,34.38660076371292,35.8619726562732,2026-10-06,0.2107,0.1723,0.2224,0.1723
32189,34.38660076371292,35.8619726562732,2026-10-07,0.1873,0.1627,0.199,0.1532
32189,34.38660076371292,35.8619726562732,2026-10-08,0.1873,0.1627,0.2693,0.1627
32189,34.38660076371292,35.8619726562732,2026-10-09,0.1873,0.1532,0.2224,0.1532
32189,34.38660076371292,35.8619726562732,2026-10-10,0.1756,0.1436,0.199,0.1532
32189,34.38660076371292,35.8619726562732,2026-10-11,0.1756,0.1436,0.1873,0.1436
37315,34.39325721931006,36.02595912617747,2026-10-05,0.2488,0.2253,0.292,0.2449
37315,34.39325721931006,36.02595912617747,2026-10-06,0.1947,0.1763,0.2055,0.1763
37315,34.39325721931006,36.02595912617747,2026-10-07,0.1731,0.1665,0.1839,0.1567
37315,34.39325721931006,36.02595912617747,2026-10-08,0.1731,0.1665,0.2488,0.1665
37315,34.39325721931006,36.02595912617747,2026-10-09,0.1731,0.1567,0.2055,0.1567
37315,34.39325721931006,36.02595912617747,2026-10-10,0.1622,0.1469,0.1839,0.1567
37315,34.39325721931006,36.02595912617747,2026-10-11,0.1622,0.1469,0.1731,0.1469
37331,34.398322786127196,36.03733932813962,2026-10-05,0.2728,0.2193,0.3202,0.2384
37331,34.398322786127196,36.03733932813962,2026-10-06,0.2135,0.1716,0.2253,0.1716
37331,34.398322786127196,36.03733932813962,2026-10-07,0.1898,0.1621,0.2016,0.1526
37331,34.398322786127196,36.03733932813962,2026-10-08,0.1898,0.1621,0.2728,0.1621
37331,34.398322786127196,36.03733932813962,2026-10-09,0.1898,0.1526,0.2253,0.1526
37331,34.398322786127196,36.03733932813962,2026-10-10,0.1779,0.143,0.2016,0.1526
37331,34.398322786127196,36.03733932813962,2026-10-11,0.1779,0.143,0.1898,0.143
37385,34.376410598561996,36.14041579684334,2026-10-05,0.2602,0.2225,0.3054,0.2418
37385,34.376410598561996,36.14041579684334,2026-10-06,0.2036,0.1741,0.2149,0.1741
37385,34.376410598561996,36.14041579684334,2026-10-07,0.181,0.1644,0.1923,0.1548
37385,34.376410598561996,36.14041579684334,2026-10-08,0.181,0.1644,0.2602,0.1644
37385,34.376410598561996,36.14041579684334,2026-10-09,0.181,0.1548,0.2149,0.1548
37385,34.376410598561996,36.14041579684334,2026-10-10,0.1697,0.1451,0.1923,0.1548
37385,34.376410598561996,36.14041579684334,2026-10-11,0.1697,0.1451,0.181,0.1451
37353,34.39762273961792,36.031482125102336,2026-10-05,0.2547,0.2238,0.299,0.2433
37353,34.39762273961792,36.031482125102336,2026-10-06,0.1993,0.1752,0.2104,0.1752
37353,34.39762273961792,36.031482125102336,2026-10-07,0.1772,0.1654,0.1883,0.1557
37353,34.39762273961792,36.031482125102336,2026-10-08,0.1772,0.1654,0.2547,0.1654
37353,34.39762273961792,36.031482125102336,2026-10-09,0.1772,0.1557,0.2104,0.1557
37353,34.39762273961792,36.031482125102336,2026-10-10,0.1661,0.146,0.1883,0.1557
37353,34.39762273961792,36.031482125102336,2026-10-11,0.1661,0.146,0.1772,0.146
53257,34.32189172061855,36.517773434924194,2026-10-05,0.2091,0.2352,0.2454,0.2557
53257,34.32189172061855,36.517773434924194,2026-10-06,0.1636,0.1841,0.1727,0.1841
53257,34.32189172061855,36.517773434924194,2026-10-07,0.1454,0.1739,0.1545,0.1636
53257,34.32189172061855,36.517773434924194,2026-10-08,0.1454,0.1739,0.2091,0.1739
53257,34.32189172061855,36.517773434924194,2026-10-09,0.1454,0.1636,0.1727,0.1636
53257,34.32189172061855,36.517773434924194,2026-10-10,0.1364,0.1534,0.1545,0.1636
53257,34.32189172061855,36.517773434924194,2026-10-11,0.1364,0.1534,0.1454,0.1534
33125,34.38624389960052,35.89034743636698,2026-10-05,0.2835,0.2166,0.3328,0.2355
33125,34.38624389960052,35.89034743636698,2026-10-06,0.2219,0.1695,0.2342,0.1695
33125,34.38624389960052,35.89034743636698,2026-10-07,0.1972,0.1601,0.2095,0.1507
33125,34.38624389960052,35.89034743636698,2026-10-08,0.1972,0.1601,0.2835,0.1601
33125,34.38624389960052,35.89034743636698,2026-10-09,0.1972,0.1507,0.2342,0.1507
33125,34.38624389960052,35.89034743636698,2026-10-10,0.1849,0.1413,0.2095,0.1507
33125,34.38624389960052,35.89034743636698,2026-10-11,0.1849,0.1413,0.1972,0.1413
25141,34.02355623102862,35.62692078957105,2026-10-05,0.2792,0.2177,0.3278,0.2366
25141,34.02355623102862,35.62692078957105,2026-10-06,0.2185,0.1704,0.2306,0.1704
25141,34.02355623102862,35.62692078957105,2026-10-07,0.1942,0.1609,0.2064,0.1514
25141,34.02355623102862,35.62692078957105,2026-10-08,0.1942,0.1609,0.2792,0.1609
25141,34.02355623102862,35.62692078957105,2026-10-09,0.1942,0.1514,0.2306,0.1514
25141,34.02355623102862,35.62692078957105,2026-10-10,0.1821,0.142,0.2064,0.1514
25141,34.02355623102862,35.62692078957105,2026-10-11,0.1821,0.142,0.1942,0.142
25391,34.01525143795367,35.711063144095235,2026-10-05,0.2695,0.2201,0.3164,0.2393
25391,34.01525143795367,35.711063144095235,2026-10-06,0.2109,0.1723,0.2226,0.1723
25391,34.01525143795367,35.711063144095235,2026-10-07,0.1875,0.1627,0.1992,0.1531
25391,34.01525143795367,35.711063144095235,2026-10-08,0.1875,0.1627,0.2695,0.1627
25391,34.01525143795367,35.711063144095235,2026-10-09,0.1875,0.1531,0.2226,0.1531
25391,34.01525143795367,35.711063144095235,2026-10-10,0.1758,0.1436,0.1992,0.1531
25391,34.01525143795367,35.711063144095235,2026-10-11,0.1758,0.1436,0.1875,0.1436
52261,33.73831575041296,35.84460120072652,2026-10-05,0.2275,0.2306,0.2671,0.2507
52261,33.73831575041296,35.84460120072652,2026-10-06,0.1781,0.1805,0.1879,0.1805
52261,33.73831575041296,35.84460120072652,2026-10-07,0.1583,0.1705,0.1682,0.1604
52261,33.73831575041296,35.84460120072652,2026-10-08,0.1583,0.1705,0.2275,0.1705
52261,33.73831575041296,35.84460120072652,2026-10-09,0.1583,0.1604,0.1879,0.1604
52261,33.73831575041296,35.84460120072652,2026-10-10,0.1484,0.1504,0.1682,0.1604
52261,33.73831575041296,35.84460120072652,2026-10-11,0.1484,0.1504,0.1583,0.1504
23002,33.729201842249786,35.67591014028977,2026-10-05,0.1892,0.2402,0.2221,0.2611
23002,33.729201842249786,35.67591014028977,2026-10-06,0.148,0.188,0.1563,0.188
23002,33.729201842249786,35.67591014028977,2026-10-07,0.1316,0.1775,0.1398,0.1671
23002,33.729201842249786,35.67591014028977,2026-10-08,0.1316,0.1775,0.1892,0.1775
23002,33.729201842249786,35.67591014028977,2026-10-09,0.1316,0.1671,0.1563,0.1671
23002,33.729201842249786,35.67591014028977,2026-10-10,0.1234,0.1567,0.1398,0.1671
23002,33.729201842249786,35.67591014028977,2026-10-11,0.1234,0.1567,0.1316,0.1567
52257,33.72625620736433,35.84689264085689,2026-10-05,0.1845,0.2414,0.2166,0.2624
52257,33.72625620736433,35.84689264085689,2026-10-06,0.1444,0.1889,0.1525,0.1889
52257,33.72625620736433,35.84689264085689,2026-10-07,0.1284,0.1784,0.1364,0.1679
52257,33.72625620736433,35.84689264085689,2026-10-08,0.1284,0.1784,0.1845,0.1784
52257,33.72625620736433,35.84689264085689,2026-10-09,0.1284,0.1679,0.1525,0.1679
52257,33.72625620736433,35.84689264085689,2026-10-10,0.1204,0.1574,0.1364,0.1679
52257,33.72625620736433,35.84689264085689,2026-10-11,0.1204,0.1574,0.1284,0.1574
52181,33.705931904813696,35.81457192603555,2026-10-05,0.2041,0.2365,0.2396,0.257
52181,33.705931904813696,35.81457192603555,2026-10-06,0.1598,0.1851,0.1686,0.1851
52181,33.705931904813696,35.81457192603555,2026-10-07,0.142,0.1748,0.1509,0.1645
52181,33.705931904813696,35.81457192603555,2026-10-08,0.142,0.1748,0.2041,0.1748
52181,33.705931904813696,35.81457192603555,2026-10-09,0.142,0.1645,0.1686,0.1645
52181,33.705931904813696,35.81457192603555,2026-10-10,0.1331,0.1542,0.1509,0.1645
52181,33.705931904813696,35.81457192603555,2026-10-11,0.1331,0.1542,0.142,0.1542
24373,33.727856517525126,35.561129711548034,2026-10-05,0.1975,0.2381,0.2319,0.2588
24373,33.727856517525126,35.561129711548034,2026-10-06,0.1546,0.1864,0.1632,0.1864
24373,33.727856517525126,35.561129711548034,2026-10-07,0.1374,0.176,0.146,0.1657
24373,33.727856517525126,35.561129711548034,2026-10-08,0.1374,0.176,0.1975,0.176
24373,33.727856517525126,35.561129711548034,2026-10-09,0.1374,0.1657,0.1632,0.1657
24373,33.727856517525126,35.561129711548034,2026-10-10,0.1288,0.1553,0.146,0.1657
24373,33.727856517525126,35.561129711548034,2026-10-11,0.1288,0.1553,0.1374,0.1553
23003,33.72495447259346,35.56404864170503,2026-10-05,0.2521,0.2245,0.2959,0.244
23003,33.72495447259346,35.56404864170503,2026-10-06,0.1973,0.1757,0.2083,0.1757
23003,33.72495447259346,35.56404864170503,2026-10-07,0.1754,0.1659,0.1863,0.1562
23003,33.72495447259346,35.56404864170503,2026-10-08,0.1754,0.1659,0.2521,0.1659
23003,33.72495447259346,35.56404864170503,2026-10-09,0.1754,0.1562,0.2083,0.1562
23003,33.72495447259346,35.56404864170503,2026-10-10,0.1644,0.1464,0.1863,0.1562
23003,33.72495447259346,35.56404864170503,2026-10-11,0.1644,0.1464,0.1754,0.1464
23425,33.719237866548674,35.573508362909585,2026-10-05,0.2586,0.2228,0.3036,0.2422
23425,33.719237866548674,35.573508362909585,2026-10-06,0.2024,0.1744,0.2136,0.1744
23425,33.719237866548674,35.573508362909585,2026-10-07,0.1799,0.1647,0.1912,0.155
23425,33.719237866548674,35.573508362909585,2026-10-08,0.1799,0.1647,0.2586,0.1647
23425,33.719237866548674,35.573508362909585,2026-10-09,0.1799,0.155,0.2136,0.155
23425,33.719237866548674,35.573508362909585,2026-10-10,0.1687,0.1453,0.1912,0.155
23425,33.719237866548674,35.573508362909585,2026-10-11,0.1687,0.1453,0.1799,0.1453
24009,33.72239286212362,35.55492329981027,2026-10-05,0.2128,0.2343,0.2498,0.2547
24009,33.72239286212362,35.55492329981027,2026-10-06,0.1666,0.1834,0.1758,0.1834
24009,33.72239286212362,35.55492329981027,2026-10-07,0.1481,0.1732,0.1573,0.163
24009,33.72239286212362,35.55492329981027,2026-10-08,0.1481,0.1732,0.2128,0.1732
24009,33.72239286212362,35.55492329981027,2026-10-09,0.1481,0.163,0.1758,0.163
24009,33.72239286212362,35.55492329981027,2026-10-10,0.1388,0.1528,0.1573,0.163
24009,33.72239286212362,35.55492329981027,2026-10-11,0.1388,0.1528,0.1481,0.1528
23427,33.71876414925798,35.590926430463234,2026-10-05,0.2137,0.2341,0.2509,0.2544
23427,33.71876414925798,35.590926430463234,2026-10-06,0.1673,0.1832,0.1766,0.1832
23427,33.71876414925798,35.590926430463234,2026-10-07,0.1487,0.173,0.158,0.1628
23427,33.71876414925798,35.590926430463234,2026-10-08,0.1487,0.173,0.2137,0.173
23427,33.71876414925798,35.590926430463234,2026-10-09,0.1487,0.1628,0.1766,0.1628
23427,33.71876414925798,35.590926430463234,2026-10-10,0.1394,0.1526,0.158,0.1628
23427,33.71876414925798,35.590926430463234,2026-10-11,0.1394,0.1526,0.1487,0.1526
23467,33.71365760922853,35.70459111428666,2026-10-05,0.2216,0.2321,0.2601,0.2523
23467,33.71365760922853,35.70459111428666,2026-10-06,0.1734,0.1817,0.183,0.1817
23467,33.71365760922853,35.70459111428666,2026-10-07,0.1541,0.1716,0.1638,0.1615
23467,33.71365760922853,35.70459111428666,2026-10-08,0.1541,0.1716,0.2216,0.1716
23467,33.71365760922853,35.70459111428666,2026-10-09,0.1541,0.1615,0.183,0.1615
23467,33.71365760922853,35.70459111428666,2026-10-10,0.1445,0.1514,0.1638,0.1615
23467,33.71365760922853,35.70459111428666,2026-10-11,0.1445,0.1514,0.1541,0.1514
52247,33.70871649245494,35.83080353716378,2026-10-05,0.1838,0.2415,0.2158,0.2626
52247,33.70871649245494,35.83080353716378,2026-10-06,0.1438,0.189,0.1518,0.189
52247,33.70871649245494,35.83080353716378,2026-10-07,0.1279,0.1785,0.1359,0.168
52247,33.70871649245494,35.83080353716378,2026-10-08,0.1279,0.1785,0.1838,0.1785
52247,33.70871649245494,35.83080353716378,2026-10-09,0.1279,0.168,0.1518,0.168
52247,33.70871649245494,35.83080353716378,2026-10-10,0.1199,0.1575,0.1359,0.168
52247,33.70871649245494,35.83080353716378,2026-10-11,0.1199,0.1575,0.1279,0.1575
23443,33.71449008967993,35.6247282274007,2026-10-05,0.2616,0.2221,0.3071,0.2414
23443,33.71449008967993,35.6247282274007,2026-10-06,0.2047,0.1738,0.2161,0.1738
23443,33.71449008967993,35.6247282274007,2026-10-07,0.182,0.1642,0.1933,0.1545
23443,33.71449008967993,35.6247282274007,2026-10-08,0.182,0.1642,0.2616,0.1642
23443,33.71449008967993,35.6247282274007,2026-10-09,0.182,0.1545,0.2161,0.1545
23443,33.71449008967993,35.6247282274007,2026-10-10,0.1706,0.1449,0.1933,0.1545
23443,33.71449008967993,35.6247282274007,2026-10-11,0.1706,0.1449,0.182,0.1449
23415,33.710027307424426,35.56634328247762,2026-10-05,0.2504,0.2249,0.2939,0.2445
23415,33.710027307424426,35.56634328247762,2026-10-06,0.1959,0.176,0.2068,0.176
23415,33.710027307424426,35.56634328247762,2026-10-07,0.1742,0.1662,0.185,0.1565
23415,33.710027307424426,35.56634328247762,2026-10-08,0.1742,0.1662,0.2504,0.1662
23415,33.710027307424426,35.56634328247762,2026-10-09,0.1742,0.1565,0.2068,0.1565
23415,33.710027307424426,35.56634328247762,2026-10-10,0.1633,0.1467,0.185,0.1565
23415,33.710027307424426,35.56634328247762,2026-10-11,0.1633,0.1467,0.1742,0.1467
23431,33.706874035288955,35.60476857481144,2026-10-05,0.2613,0.2222,0.3068,0.2415
23431,33.706874035288955,35.60476857481144,2026-10-06,0.2045,0.1739,0.2159,0.1739
23431,33.706874035288955,35.60476857481144,2026-10-07,0.1818,0.1642,0.1932,0.1546
23431,33.706874035288955,35.60476857481144,2026-10-08,0.1818,0.1642,0.2613,0.1642
23431,33.706874035288955,35.60476857481144,2026-10-09,0.1818,0.1546,0.2159,0.1546
23431,33.706874035288955,35.60476857481144,2026-10-10,0.1704,0.1449,0.1932,0.1546
23431,33.706874035288955,35.60476857481144,2026-10-11,0.1704,0.1449,0.1818,0.1449
33127,34.38500686153719,35.880176753023946,2026-10-05,0.2331,0.2292,0.2736,0.2492
33127,34.38500686153719,35.880176753023946,2026-10-06,0.1824,0.1794,0.1926,0.1794
33127,34.38500686153719,35.880176753023946,2026-10-07,0.1622,0.1694,0.1723,0.1595
33127,34.38500686153719,35.880176753023946,2026-10-08,0.1622,0.1694,0.2331,0.1694
33127,34.38500686153719,35.880176753023946,2026-10-09,0.1622,0.1595,0.1926,0.1595
33127,34.38500686153719,35.880176753023946,2026-10-10,0.152,0.1495,0.1723,0.1595
33127,34.38500686153719,35.880176753023946,2026-10-11,0.152,0.1495,0.1622,0.1495
37314,34.38382867636248,35.99926261592328,2026-10-05,0.2762,0.2185,0.3242,0.2374
37314,34.38382867636248,35.99926261592328,2026-10-06,0.2161,0.171,0.2282,0.171
37314,34.38382867636248,35.99926261592328,2026-10-07,0.1921,0.1615,0.2041,0.152
37314,34.38382867636248,35.99926261592328,2026-10-08,0.1921,0.1615,0.2762,0.1615
37314,34.38382867636248,35.99926261592328,2026-10-09,0.1921,0.152,0.2282,0.152
37314,34.38382867636248,35.99926261592328,2026-10-10,0.1801,0.1425,0.2041,0.152
37314,34.38382867636248,35.99926261592328,2026-10-11,0.1801,0.1425,0.1921,0.1425
33131,34.37777106060747,35.91768837535496,2026-10-05,0.2116,0.2346,0.2483,0.255
33131,34.37777106060747,35.91768837535496,2026-10-06,0.1656,0.1836,0.1748,0.1836
33131,34.37777106060747,35.91768837535496,2026-10-07,0.1472,0.1734,0.1564,0.1632
33131,34.37777106060747,35.91768837535496,2026-10-08,0.1472,0.1734,0.2116,0.1734
33131,34.37777106060747,35.91768837535496,2026-10-09,0.1472,0.1632,0.1748,0.1632
33131,34.37777106060747,35.91768837535496,2026-10-10,0.138,0.153,0.1564,0.1632
33131,34.37777106060747,35.91768837535496,2026-10-11,0.138,0.153,0.1472,0.153
32183,34.37258390982604,35.75818214107491,2026-10-05,0.2683,0.2204,0.3149,0.2396
32183,34.37258390982604,35.75818214107491,2026-10-06,0.21,0.1725,0.2216,0.1725
32183,34.37258390982604,35.75818214107491,2026-10-07,0.1866,0.1629,0.1983,0.1533
32183,34.37258390982604,35.75818214107491,2026-10-08,0.1866,0.1629,0.2683,0.1629
32183,34.37258390982604,35.75818214107491,2026-10-09,0.1866,0.1533,0.2216,0.1533
32183,34.37258390982604,35.75818214107491,2026-10-10,0.175,0.1438,0.1983,0.1533
32183,34.37258390982604,35.75818214107491,2026-10-11,0.175,0.1438,0.1866,0.1438
33135,34.37645947742776,35.8923982846945,2026-10-05,0.2137,0.2341,0.2509,0.2544
33135,34.37645947742776,35.8923982846945,2026-10-06,0.1672,0.1832,0.1765,0.1832
33135,34.37645947742776,35.8923982846945,2026-10-07,0.1487,0.173,0.1579,0.1628
33135,34.37645947742776,35.8923982846945,2026-10-08,0.1487,0.173,0.2137,0.173
33135,34.37645947742776,35.8923982846945,2026-10-09,0.1487,0.1628,0.1765,0.1628
33135,34.37645947742776,35.8923982846945,2026-10-10,0.1394,0.1527,0.1579,0.1628
33135,34.37645947742776,35.8923982846945,2026-10-11,0.1394,0.1527,0.1487,0.1527
32193,34.372048029607285,35.855111494157576,2026-10-05,0.2711,0.2197,0.3183,0.2388
32193,34.372048029607285,35.855111494157576,2026-10-06,0.2122,0.172,0.224,0.172
32193,34.372048029607285,35.855111494157576,2026-10-07,0.1886,0.1624,0.2004,0.1528
32193,34.372048029607285,35.855111494157576,2026-10-08,0.1886,0.1624,0.2711,0.1624
32193,34.372048029607285,35.855111494157576,2026-10-09,0.1886,0.1528,0.224,0.1528
32193,34.372048029607285,35.855111494157576,2026-10-10,0.1768,0.1433,0.2004,0.1528
32193,34.372048029607285,35.855111494157576,2026-10-11,0.1768,0.1433,0.1886,0.1433
33137,34.36150414354533,35.889426063461734,2026-10-05,0.2584,0.2229,0.3033,0.2423
33137,34.36150414354533,35.889426063461734,2026-10-06,0.2022,0.1744,0.2135,0.1744
33137,34.36150414354533,35.889426063461734,2026-10-07,0.1798,0.1648,0.191,0.1551
33137,34.36150414354533,35.889426063461734,2026-10-08,0.1798,0.1648,0.2584,0.1648
33137,34.36150414354533,35.889426063461734,2026-10-09,0.1798,0.1551,0.2135,0.1551
33137,34.36150414354533,35.889426063461734,2026-10-10,0.1685,0.1454,0.191,0.1551
33137,34.36150414354533,35.889426063461734,2026-10-11,0.1685,0.1454,0.1798,0.1454
37347,34.35030403064117,35.999635424161816,2026-10-05,0.2727,0.2193,0.3201,0.2384
37347,34.35030403064117,35.999635424161816,2026-10-06,0.2134,0.1716,0.2253,0.1716
37347,34.35030403064117,35.999635424161816,2026-10-07,0.1897,0.1621,0.2016,0.1526
37347,34.35030403064117,35.999635424161816,2026-10-08,0.1897,0.1621,0.2727,0.1621
37347,34.35030403064117,35.999635424161816,2026-10-09,0.1897,0.1526,0.2253,0.1526
37347,34.35030403064117,35.999635424161816,2026-10-10,0.1778,0.143,0.2016,0.1526
37347,34.35030403064117,35.999635424161816,2026-10-11,0.1778,0.143,0.1897,0.143
33152,34.36579852625802,35.929677304426335,2026-10-05,0.2272,0.2307,0.2667,0.2508
33152,34.36579852625802,35.929677304426335,2026-10-06,0.1778,0.1805,0.1877,0.1805
33152,34.36579852625802,35.929677304426335,2026-10-07,0.1581,0.1705,0.168,0.1605
33152,34.36579852625802,35.929677304426335,2026-10-08,0.1581,0.1705,0.2272,0.1705
33152,34.36579852625802,35.929677304426335,2026-10-09,0.1581,0.1605,0.1877,0.1605
33152,34.36579852625802,35.929677304426335,2026-10-10,0.1482,0.1505,0.168,0.1605
33152,34.36579852625802,35.929677304426335,2026-10-11,0.1482,0.1505,0.1581,0.1505
37389,34.36377130028663,35.96145604458398,2026-10-05,0.2499,0.225,0.2934,0.2446
37389,34.36377130028663,35.96145604458398,2026-10-06,0.1956,0.1761,0.2065,0.1761
37389,34.36377130028663,35.96145604458398,2026-10-07,0.1739,0.1663,0.1847,0.1565
37389,34.36377130028663,35.96145604458398,2026-10-08,0.1739,0.1663,0.2499,0.1663
37389,34.36377130028663,35.96145604458398,2026-10-09,0.1739,0.1565,0.2065,0.1565
37389,34.36377130028663,35.96145604458398,2026-10-10,0.163,0.1467,0.1847,0.1565
37389,34.36377130028663,35.96145604458398,2026-10-11,0.163,0.1467,0.1739,0.1467
33155,34.349242186434196,35.90431960944903,2026-10-05,0.2297,0.2301,0.2697,0.2501
33155,34.349242186434196,35.90431960944903,2026-10-06,0.1798,0.1801,0.1898,0.1801
33155,34.349242186434196,35.90431960944903,2026-10-07,0.1598,0.17,0.1698,0.16
33155,34.349242186434196,35.90431960944903,2026-10-08,0.1598,0.17,0.2297,0.17
33155,34.349242186434196,35.90431960944903,2026-10-09,0.1598,0.16,0.1898,0.16
33155,34.349242186434196,35.90431960944903,2026-10-10,0.1498,0.15,0.1698,0.16
33155,34.349242186434196,35.90431960944903,2026-10-11,0.1498,0.15,0.1598,0.15
37002,34.35840541035249,36.077737963069296,2026-10-05,0.2684,0.2204,0.315,0.2396
37002,34.35840541035249,36.077737963069296,2026-10-06,0.21,0.1725,0.2217,0.1725
37002,34.35840541035249,36.077737963069296,2026-10-07,0.1867,0.1629,0.1984,0.1533
37002,34.35840541035249,36.077737963069296,2026-10-08,0.1867,0.1629,0.2684,0.1629
37002,34.35840541035249,36.077737963069296,2026-10-09,0.1867,0.1533,0.2217,0.1533
37002,34.35840541035249,36.077737963069296,2026-10-10,0.175,0.1437,0.1984,0.1533
37002,34.35840541035249,36.077737963069296,2026-10-11,0.175,0.1437,0.1867,0.1437
37379,34.36060483527252,35.937037680408054,2026-10-05,0.241,0.2273,0.2829,0.247
37379,34.36060483527252,35.937037680408054,2026-10-06,0.1886,0.1779,0.1991,0.1779
37379,34.36060483527252,35.937037680408054,2026-10-07,0.1676,0.168,0.1781,0.1581
37379,34.36060483527252,35.937037680408054,2026-10-08,0.1676,0.168,0.241,0.168
37379,34.36060483527252,35.937037680408054,2026-10-09,0.1676,0.1581,0.1991,0.1581
37379,34.36060483527252,35.937037680408054,2026-10-10,0.1572,0.1482,0.1781,0.1581
37379,34.36060483527252,35.937037680408054,2026-10-11,0.1572,0.1482,0.1676,0.1482
37369,34.357573091959104,35.95115703939119,2026-10-05,0.2521,0.2245,0.296,0.244
37369,34.357573091959104,35.95115703939119,2026-10-06,0.1973,0.1757,0.2083,0.1757
37369,34.357573091959104,35.95115703939119,2026-10-07,0.1754,0.1659,0.1863,0.1562
37369,34.357573091959104,35.95115703939119,2026-10-08,0.1754,0.1659,0.2521,0.1659
37369,34.357573091959104,35.95115703939119,2026-10-09,0.1754,0.1562,0.2083,0.1562
37369,34.357573091959104,35.95115703939119,2026-10-10,0.1644,0.1464,0.1863,0.1562
37369,34.357573091959104,35.95115703939119,2026-10-11,0.1644,0.1464,0.1754,0.1464
37367,34.352292458460376,35.97222846307678,2026-10-05,0.2432,0.2267,0.2855,0.2464
37367,34.352292458460376,35.97222846307678,2026-10-06,0.1903,0.1774,0.2009,0.1774
37367,34.352292458460376,35.97222846307678,2026-10-07,0.1692,0.1676,0.1798,0.1577
37367,34.352292458460376,35.97222846307678,2026-10-08,0.1692,0.1676,0.2432,0.1676
37367,34.352292458460376,35.97222846307678,2026-10-09,0.1692,0.1577,0.2009,0.1577
37367,34.352292458460376,35.97222846307678,2026-10-10,0.1586,0.1478,0.1798,0.1577
37367,34.352292458460376,35.97222846307678,2026-10-11,0.1586,0.1478,0.1692,0.1478
53244,34.35432851060573,36.39692503139426,2026-10-05,0.261,0.2222,0.3064,0.2416
53244,34.35432851060573,36.39692503139426,2026-10-06,0.2043,0.1739,0.2156,0.1739
53244,34.35432851060573,36.39692503139426,2026-10-07,0.1816,0.1643,0.1929,0.1546
53244,34.35432851060573,36.39692503139426,2026-10-08,0.1816,0.1643,0.261,0.1643
53244,34.35432851060573,36.39692503139426,2026-10-09,0.1816,0.1546,0.2156,0.1546
53244,34.35432851060573,36.39692503139426,2026-10-10,0.1702,0.1449,0.1929,0.1546
53244,34.35432851060573,36.39692503139426,2026-10-11,0.1702,0.1449,0.1816,0.1449
37003,34.354702366229425,35.98092735765561,2026-10-05,0.2318,0.2296,0.2721,0.2495
37003,34.354702366229425,35.98092735765561,2026-10-06,0.1814,0.1797,0.1915,0.1797
37003,34.354702366229425,35.98092735765561,2026-10-07,0.1612,0.1697,0.1713,0.1597
37003,34.354702366229425,35.98092735765561,2026-10-08,0.1612,0.1697,0.2318,0.1697
37003,34.354702366229425,35.98092735765561,2026-10-09,0.1612,0.1597,0.1915,0.1597
37003,34.354702366229425,35.98092735765561,2026-10-10,0.1512,0.1497,0.1713,0.1597
37003,34.354702366229425,35.98092735765561,2026-10-11,0.1512,0.1497,0.1612,0.1497
37004,34.35009238084644,35.96185448686067,2026-10-05,0.2749,0.2188,0.3228,0.2378
37004,34.35009238084644,35.96185448686067,2026-10-06,0.2152,0.1712,0.2271,0.1712
37004,34.35009238084644,35.96185448686067,2026-10-07,0.1913,0.1617,0.2032,0.1522
37004,34.35009238084644,35.96185448686067,2026-10-08,0.1913,0.1617,0.2749,0.1617
37004,34.35009238084644,35.96185448686067,2026-10-09,0.1913,0.1522,0.2271,0.1522
37004,34.35009238084644,35.96185448686067,2026-10-10,0.1793,0.1427,0.2032,0.1522
37004,34.35009238084644,35.96185448686067,2026-10-11,0.1793,0.1427,0.1913,0.1427
37005,34.34474211381904,35.964238300332305,2026-10-05,0.2281,0.2305,0.2678,0.2505
37005,34.34474211381904,35.964238300332305,2026-10-06,0.1785,0.1804,0.1884,0.1804
37005,34.34474211381904,35.964238300332305,2026-10-07,0.1587,0.1703,0.1686,0.1603
37005,34.34474211381904,35.964238300332305,2026-10-08,0.1587,0.1703,0.2281,0.1703
37005,34.34474211381904,35.964238300332305,2026-10-09,0.1587,0.1603,0.1884,0.1603
37005,34.34474211381904,35.964238300332305,2026-10-10,0.1488,0.1503,0.1686,0.1603
37005,34.34474211381904,35.964238300332305,2026-10-11,0.1488,0.1503,0.1587,0.1503
33163,34.33360117737573,35.86690881666759,2026-10-05,0.236,0.2285,0.277,0.2484
33163,34.33360117737573,35.86690881666759,2026-10-06,0.1847,0.1788,0.195,0.1788
33163,34.33360117737573,35.86690881666759,2026-10-07,0.1642,0.1689,0.1744,0.159
33163,34.33360117737573,35.86690881666759,2026-10-08,0.1642,0.1689,0.236,0.1689
33163,34.33360117737573,35.86690881666759,2026-10-09,0.1642,0.159,0.195,0.159
33163,34.33360117737573,35.86690881666759,2026-10-10,0.1539,0.149,0.1744,0.159
33163,34.33360117737573,35.86690881666759,2026-10-11,0.1539,0.149,0.1642,0.149
32161,34.33195072449626,35.761915664352905,2026-10-05,0.2219,0.232,0.2604,0.2522
32161,34.33195072449626,35.761915664352905,2026-10-06,0.1736,0.1816,0.1833,0.1816
32161,34.33195072449626,35.761915664352905,2026-10-07,0.1543,0.1715,0.164,0.1614
32161,34.33195072449626,35.761915664352905,2026-10-08,0.1543,0.1715,0.2219,0.1715
32161,34.33195072449626,35.761915664352905,2026-10-09,0.1543,0.1614,0.1833,0.1614
32161,34.33195072449626,35.761915664352905,2026-10-10,0.1447,0.1513,0.164,0.1614
32161,34.33195072449626,35.761915664352905,2026-10-11,0.1447,0.1513,0.1543,0.1513
37006,34.32230879479379,36.03518534393741,2026-10-05,0.2619,0.222,0.3075,0.2413
37006,34.32230879479379,36.03518534393741,2026-10-06,0.205,0.1738,0.2164,0.1738
37006,34.32230879479379,36.03518534393741,2026-10-07,0.1822,0.1641,0.1936,0.1544
37006,34.32230879479379,36.03518534393741,2026-10-08,0.1822,0.1641,0.2619,0.1641
37006,34.32230879479379,36.03518534393741,2026-10-09,0.1822,0.1544,0.2164,0.1544
37006,34.32230879479379,36.03518534393741,2026-10-10,0.1708,0.1448,0.1936,0.1544
37006,34.32230879479379,36.03518534393741,2026-10-11,0.1708,0.1448,0.1822,0.1448
33231,34.32240051850326,35.96545097670745,2026-10-05,0.2338,0.229,0.2745,0.249
33231,34.32240051850326,35.96545097670745,2026-10-06,0.183,0.1793,0.1932,0.1793
33231,34.32240051850326,35.96545097670745,2026-10-07,0.1627,0.1693,0.1728,0.1593
33231,34.32240051850326,35.96545097670745,2026-10-08,0.1627,0.1693,0.2338,0.1693
33231,34.32240051850326,35.96545097670745,2026-10-09,0.1627,0.1593,0.1932,0.1593
33231,34.32240051850326,35.96545097670745,2026-10-10,0.1525,0.1494,0.1728,0.1593
33231,34.32240051850326,35.96545097670745,2026-10-11,0.1525,0.1494,0.1627,0.1494
33165,34.32153299574039,35.8800967263466,2026-10-05,0.2057,0.2361,0.2415,0.2566
33165,34.32153299574039,35.8800967263466,2026-10-06,0.161,0.1848,0.1699,0.1848
33165,34.32153299574039,35.8800967263466,2026-10-07,0.1431,0.1745,0.152,0.1642
33165,34.32153299574039,35.8800967263466,2026-10-08,0.1431,0.1745,0.2057,0.1745
33165,34.32153299574039,35.8800967263466,2026-10-09,0.1431,0.1642,0.1699,0.1642
33165,34.32153299574039,35.8800967263466,2026-10-10,0.1342,0.154,0.152,0.1642
33165,34.32153299574039,35.8800967263466,2026-10-11,0.1342,0.154,0.1431,0.154
54143,34.30388433501202,36.351014253865586,2026-10-05,0.249,0.2253,0.2923,0.2448
54143,34.30388433501202,36.351014253865586,2026-10-06,0.1948,0.1763,0.2057,0.1763
54143,34.30388433501202,36.351014253865586,2026-10-07,0.1732,0.1665,0.184,0.1567
54143,34.30388433501202,36.351014253865586,2026-10-08,0.1732,0.1665,0.249,0.1665
54143,34.30388433501202,36.351014253865586,2026-10-09,0.1732,0.1567,0.2057,0.1567
54143,34.30388433501202,36.351014253865586,2026-10-10,0.1624,0.1469,0.184,0.1567
54143,34.30388433501202,36.351014253865586,2026-10-11,0.1624,0.1469,0.1732,0.1469
33291,34.310954590022305,35.94254064125672,2026-10-05,0.2252,0.2312,0.2643,0.2513
33291,34.310954590022305,35.94254064125672,2026-10-06,0.1762,0.1809,0.186,0.1809
33291,34.310954590022305,35.94254064125672,2026-10-07,0.1566,0.1709,0.1664,0.1608
33291,34.310954590022305,35.94254064125672,2026-10-08,0.1566,0.1709,0.2252,0.1709
33291,34.310954590022305,35.94254064125672,2026-10-09,0.1566,0.1608,0.186,0.1608
33291,34.310954590022305,35.94254064125672,2026-10-10,0.1468,0.1508,0.1664,0.1608
33291,34.310954590022305,35.94254064125672,2026-10-11,0.1468,0.1508,0.1566,0.1508
33215,34.30780813218538,35.96641090007524,2026-10-05,0.2499,0.225,0.2933,0.2446
33215,34.30780813218538,35.96641090007524,2026-10-06,0.1955,0.1761,0.2064,0.1761
33215,34.30780813218538,35.96641090007524,2026-10-07,0.1738,0.1663,0.1847,0.1565
33215,34.30780813218538,35.96641090007524,2026-10-08,0.1738,0.1663,0.2499,0.1663
33215,34.30780813218538,35.96641090007524,2026-10-09,0.1738,0.1565,0.2064,0.1565
33215,34.30780813218538,35.96641090007524,2026-10-10,0.1629,0.1468,0.1847,0.1565
33215,34.30780813218538,35.96641090007524,2026-10-11,0.1629,0.1468,0.1738,0.1468
32165,34.29355472043661,35.731832483781595,2026-10-05,0.2644,0.2214,0.3104,0.2406
32165,34.29355472043661,35.731832483781595,2026-10-06,0.2069,0.1733,0.2184,0.1733
32165,34.29355472043661,35.731832483781595,2026-10-07,0.1839,0.1636,0.1954,0.154
32165,34.29355472043661,35.731832483781595,2026-10-08,0.1839,0.1636,0.2644,0.1636
32165,34.29355472043661,35.731832483781595,2026-10-09,0.1839,0.154,0.2184,0.154
32165,34.29355472043661,35.731832483781595,2026-10-10,0.1724,0.1444,0.1954,0.154
32165,34.29355472043661,35.731832483781595,2026-10-11,0.1724,0.1444,0.1839,0.1444
34286,34.28205727786838,35.67645445354668,2026-10-05,0.2315,0.2296,0.2717,0.2496
34286,34.28205727786838,35.67645445354668,2026-10-06,0.1812,0.1797,0.1912,0.1797
34286,34.28205727786838,35.67645445354668,2026-10-07,0.161,0.1697,0.1711,0.1597
34286,34.28205727786838,35.67645445354668,2026-10-08,0.161,0.1697,0.2315,0.1697
34286,34.28205727786838,35.67645445354668,2026-10-09,0.161,0.1597,0.1912,0.1597
34286,34.28205727786838,35.67645445354668,2026-10-10,0.151,0.1498,0.1711,0.1597
34286,34.28205727786838,35.67645445354668,2026-10-11,0.151,0.1498,0.161,0.1498
53001,34.2908042795697,36.579527034766286,2026-10-05,0.191,0.2398,0.2242,0.2606
53001,34.2908042795697,36.579527034766286,2026-10-06,0.1495,0.1876,0.1578,0.1876
53001,34.2908042795697,36.579527034766286,2026-10-07,0.1329,0.1772,0.1412,0.1668
53001,34.2908042795697,36.579527034766286,2026-10-08,0.1329,0.1772,0.191,0.1772
53001,34.2908042795697,36.579527034766286,2026-10-09,0.1329,0.1668,0.1578,0.1668
53001,34.2908042795697,36.579527034766286,2026-10-10,0.1246,0.1564,0.1412,0.1668
53001,34.2908042795697,36.579527034766286,2026-10-11,0.1246,0.1564,0.1329,0.1564
32141,34.27491144485867,35.85809585392761,2026-10-05,0.2206,0.2323,0.259,0.2526
32141,34.27491144485867,35.85809585392761,2026-10-06,0.1726,0.1818,0.1822,0.1818
32141,34.27491144485867,35.85809585392761,2026-10-07,0.1535,0.1717,0.1631,0.1616
32141,34.27491144485867,35.85809585392761,2026-10-08,0.1535,0.1717,0.2206,0.1717
32141,34.27491144485867,35.85809585392761,2026-10-09,0.1535,0.1616,0.1822,0.1616
32141,34.27491144485867,35.85809585392761,2026-10-10,0.1439,0.1515,0.1631,0.1616
32141,34.27491144485867,35.85809585392761,2026-10-11,0.1439,0.1515,0.1535,0.1515
54167,34.273438139055266,36.288930713929545,2026-10-05,0.2641,0.2215,0.31,0.2407
54167,34.273438139055266,36.288930713929545,2026-10-06,0.2067,0.1733,0.2182,0.1733
54167,34.273438139055266,36.288930713929545,2026-10-07,0.1837,0.1637,0.1952,0.1541
54167,34.273438139055266,36.288930713929545,2026-10-08,0.1837,0.1637,0.2641,0.1637
54167,34.273438139055266,36.288930713929545,2026-10-09,0.1837,0.1541,0.2182,0.1541
54167,34.273438139055266,36.288930713929545,2026-10-10,0.1722,0.1444,0.1952,0.1541
54167,34.273438139055266,36.288930713929545,2026-10-11,0.1722,0.1444,0.1837,0.1444
36114,34.269206488801885,35.92266541038383,2026-10-05,0.2171,0.2332,0.2549,0.2535
36114,34.269206488801885,35.92266541038383,2026-10-06,0.1699,0.1825,0.1794,0.1825
36114,34.269206488801885,35.92266541038383,2026-10-07,0.151,0.1724,0.1605,0.1622
36114,34.269206488801885,35.92266541038383,2026-10-08,0.151,0.1724,0.2171,0.1724
36114,34.269206488801885,35.92266541038383,2026-10-09,0.151,0.1622,0.1794,0.1622
36114,34.269206488801885,35.92266541038383,2026-10-10,0.1416,0.1521,0.1605,0.1622
36114,34.269206488801885,35.92266541038383,2026-10-11,0.1416,0.1521,0.151,0.1521
36147,34.271153089839714,35.96710995145725,2026-10-05,0.27,0.22,0.317,0.2391
36147,34.271153089839714,35.96710995145725,2026-10-06,0.2113,0.1722,0.2231,0.1722
36147,34.271153089839714,35.96710995145725,2026-10-07,0.1878,0.1626,0.1996,0.153
36147,34.271153089839714,35.96710995145725,2026-10-08,0.1878,0.1626,0.27,0.1626
36147,34.271153089839714,35.96710995145725,2026-10-09,0.1878,0.153,0.2231,0.153
36147,34.271153089839714,35.96710995145725,2026-10-10,0.1761,0.1435,0.1996,0.153
36147,34.271153089839714,35.96710995145725,2026-10-11,0.1761,0.1435,0.1878,0.1435
53002,34.250760231671045,36.57062734435945,2026-10-05,0.1802,0.2425,0.2115,0.2635
53002,34.250760231671045,36.57062734435945,2026-10-06,0.141,0.1897,0.1489,0.1897
53002,34.250760231671045,36.57062734435945,2026-10-07,0.1254,0.1792,0.1332,0.1687
53002,34.250760231671045,36.57062734435945,2026-10-08,0.1254,0.1792,0.1802,0.1792
53002,34.250760231671045,36.57062734435945,2026-10-09,0.1254,0.1687,0.1489,0.1687
53002,34.250760231671045,36.57062734435945,2026-10-10,0.1175,0.1581,0.1332,0.1687
53002,34.250760231671045,36.57062734435945,2026-10-11,0.1175,0.1581,0.1254,0.1581
34283,34.27275485642189,35.69421105574523,2026-10-05,0.284,0.2165,0.3333,0.2353
34283,34.27275485642189,35.69421105574523,2026-10-06,0.2222,0.1694,0.2346,0.1694
34283,34.27275485642189,35.69421105574523,2026-10-07,0.1975,0.16,0.2099,0.1506
34283,34.27275485642189,35.69421105574523,2026-10-08,0.1975,0.16,0.284,0.16
34283,34.27275485642189,35.69421105574523,2026-10-09,0.1975,0.1506,0.2346,0.1506
34283,34.27275485642189,35.69421105574523,2026-10-10,0.1852,0.1412,0.2099,0.1506
34283,34.27275485642189,35.69421105574523,2026-10-11,0.1852,0.1412,0.1975,0.1412
36141,34.25922808972106,35.942328796868345,2026-10-05,0.2154,0.2336,0.2529,0.254
36141,34.25922808972106,35.942328796868345,2026-10-06,0.1686,0.1829,0.1779,0.1829
36141,34.25922808972106,35.942328796868345,2026-10-07,0.1498,0.1727,0.1592,0.1625
36141,34.25922808972106,35.942328796868345,2026-10-08,0.1498,0.1727,0.2154,0.1727
36141,34.25922808972106,35.942328796868345,2026-10-09,0.1498,0.1625,0.1779,0.1625
36141,34.25922808972106,35.942328796868345,2026-10-10,0.1405,0.1524,0.1592,0.1625
36141,34.25922808972106,35.942328796868345,2026-10-11,0.1405,0.1524,0.1498,0.1524
36187,34.26161534656775,35.9134852886448,2026-10-05,0.271,0.2197,0.3181,0.2389
36187,34.26161534656775,35.9134852886448,2026-10-06,0.2121,0.172,0.2239,0.172
36187,34.26161534656775,35.9134852886448,2026-10-07,0.1885,0.1624,0.2003,0.1529
36187,34.26161534656775,35.9134852886448,2026-10-08,0.1885,0.1624,0.271,0.1624
36187,34.26161534656775,35.9134852886448,2026-10-09,0.1885,0.1529,0.2239,0.1529
36187,34.26161534656775,35.9134852886448,2026-10-10,0.1767,0.1433,0.2003,0.1529
36187,34.26161534656775,35.9134852886448,2026-10-11,0.1767,0.1433,0.1885,0.1433
34281,34.26488165550048,35.682462943436704,2026-10-05,0.2314,0.2296,0.2717,0.2496
34281,34.26488165550048,35.682462943436704,2026-10-06,0.1811,0.1797,0.1912,0.1797
34281,34.26488165550048,35.682462943436704,2026-10-07,0.161,0.1697,0.171,0.1598
34281,34.26488165550048,35.682462943436704,2026-10-08,0.161,0.1697,0.2314,0.1697
34281,34.26488165550048,35.682462943436704,2026-10-09,0.161,0.1598,0.1912,0.1598
34281,34.26488165550048,35.682462943436704,2026-10-10,0.1509,0.1498,0.171,0.1598
34281,34.26488165550048,35.682462943436704,2026-10-11,0.1509,0.1498,0.161,0.1498
34271,34.257293526364855,35.743438955667045,2026-10-05,0.2381,0.228,0.2795,0.2478
34271,34.257293526364855,35.743438955667045,2026-10-06,0.1863,0.1784,0.1967,0.1784
34271,34.257293526364855,35.743438955667045,2026-10-07,0.1656,0.1685,0.176,0.1586
34271,34.257293526364855,35.743438955667045,2026-10-08,0.1656,0.1685,0.2381,0.1685
34271,34.257293526364855,35.743438955667045,2026-10-09,0.1656,0.1586,0.1967,0.1586
34271,34.257293526364855,35.743438955667045,2026-10-10,0.1553,0.1487,0.176,0.1586
34271,34.257293526364855,35.743438955667045,2026-10-11,0.1553,0.1487,0.1656,0.1487
34001,34.264128068200264,35.75747858859316,2026-10-05,0.2614,0.2222,0.3068,0.2415
34001,34.264128068200264,35.75747858859316,2026-10-06,0.2046,0.1739,0.2159,0.1739
34001,34.264128068200264,35.75747858859316,2026-10-07,0.1818,0.1642,0.1932,0.1545
34001,34.264128068200264,35.75747858859316,2026-10-08,0.1818,0.1642,0.2614,0.1642
34001,34.264128068200264,35.75747858859316,2026-10-09,0.1818,0.1545,0.2159,0.1545
34001,34.264128068200264,35.75747858859316,2026-10-10,0.1705,0.1449,0.1932,0.1545
34001,34.264128068200264,35.75747858859316,2026-10-11,0.1705,0.1449,0.1818,0.1449
54183,34.24539618943423,36.245760574372056,2026-10-05,0.1909,0.2398,0.2241,0.2606
54183,34.24539618943423,36.245760574372056,2026-10-06,0.1494,0.1877,0.1577,0.1877
54183,34.24539618943423,36.245760574372056,2026-10-07,0.1328,0.1772,0.1411,0.1668
54183,34.24539618943423,36.245760574372056,2026-10-08,0.1328,0.1772,0.1909,0.1772
54183,34.24539618943423,36.245760574372056,2026-10-09,0.1328,0.1668,0.1577,0.1668
54183,34.24539618943423,36.245760574372056,2026-10-10,0.1245,0.1564,0.1411,0.1668
54183,34.24539618943423,36.245760574372056,2026-10-11,0.1245,0.1564,0.1328,0.1564
36144,34.24966971403195,35.871183445684075,2026-10-05,0.25,0.225,0.2935,0.2446
36144,34.24966971403195,35.871183445684075,2026-10-06,0.1956,0.1761,0.2065,0.1761
36144,34.24966971403195,35.871183445684075,2026-10-07,0.1739,0.1663,0.1848,0.1565
36144,34.24966971403195,35.871183445684075,2026-10-08,0.1739,0.1663,0.25,0.1663
36144,34.24966971403195,35.871183445684075,2026-10-09,0.1739,0.1565,0.2065,0.1565
36144,34.24966971403195,35.871183445684075,2026-10-10,0.163,0.1467,0.1848,0.1565
36144,34.24966971403195,35.871183445684075,2026-10-11,0.163,0.1467,0.1739,0.1467
34249,34.246708613839196,35.67266695562164,2026-10-05,0.2509,0.2248,0.2945,0.2443
34249,34.246708613839196,35.67266695562164,2026-10-06,0.1963,0.1759,0.2073,0.1759
34249,34.246708613839196,35.67266695562164,2026-10-07,0.1745,0.1661,0.1854,0.1564
34249,34.246708613839196,35.67266695562164,2026-10-08,0.1745,0.1661,0.2509,0.1661
34249,34.246708613839196,35.67266695562164,2026-10-09,0.1745,0.1564,0.2073,0.1564
34249,34.246708613839196,35.67266695562164,2026-10-10,0.1636,0.1466,0.1854,0.1564
34249,34.246708613839196,35.67266695562164,2026-10-11,0.1636,0.1466,0.1745,0.1466
36134,34.24340917558792,35.88454118219876,2026-10-05,0.2569,0.2233,0.3016,0.2427
36134,34.24340917558792,35.88454118219876,2026-10-06,0.201,0.1747,0.2122,0.1747
36134,34.24340917558792,35.88454118219876,2026-10-07,0.1787,0.165,0.1899,0.1553
36134,34.24340917558792,35.88454118219876,2026-10-08,0.1787,0.165,0.2569,0.165
36134,34.24340917558792,35.88454118219876,2026-10-09,0.1787,0.1553,0.2122,0.1553
36134,34.24340917558792,35.88454118219876,2026-10-10,0.1675,0.1456,0.1899,0.1553
36134,34.24340917558792,35.88454118219876,2026-10-11,0.1675,0.1456,0.1787,0.1456
34267,34.23847430673089,35.778181455796336,2026-10-05,0.2467,0.2258,0.2896,0.2455
34267,34.23847430673089,35.778181455796336,2026-10-06,0.1931,0.1767,0.2038,0.1767
34267,34.23847430673089,35.778181455796336,2026-10-07,0.1716,0.1669,0.1823,0.1571
34267,34.23847430673089,35.778181455796336,2026-10-08,0.1716,0.1669,0.2467,0.1669
34267,34.23847430673089,35.778181455796336,2026-10-09,0.1716,0.1571,0.2038,0.1571
34267,34.23847430673089,35.778181455796336,2026-10-10,0.1609,0.1473,0.1823,0.1571
34267,34.23847430673089,35.778181455796336,2026-10-11,0.1609,0.1473,0.1716,0.1473
34279,34.24132804341515,35.796406655480496,2026-10-05,0.2568,0.2233,0.3014,0.2427
34279,34.24132804341515,35.796406655480496,2026-10-06,0.201,0.1748,0.2121,0.1748
34279,34.24132804341515,35.796406655480496,2026-10-07,0.1786,0.1651,0.1898,0.1553
34279,34.24132804341515,35.796406655480496,2026-10-08,0.1786,0.1651,0.2568,0.1651
34279,34.24132804341515,35.796406655480496,2026-10-09,0.1786,0.1553,0.2121,0.1553
34279,34.24132804341515,35.796406655480496,2026-10-10,0.1675,0.1456,0.1898,0.1553
34279,34.24132804341515,35.796406655480496,2026-10-11,0.1675,0.1456,0.1786,0.1456
34261,34.241513842460265,35.759971763664254,2026-10-05,0.2447,0.2263,0.2873,0.246
34261,34.241513842460265,35.759971763664254,2026-10-06,0.1915,0.1771,0.2022,0.1771
34261,34.241513842460265,35.759971763664254,2026-10-07,0.1702,0.1673,0.1809,0.1574
34261,34.241513842460265,35.759971763664254,2026-10-08,0.1702,0.1673,0.2447,0.1673
34261,34.241513842460265,35.759971763664254,2026-10-09,0.1702,0.1574,0.2022,0.1574
34261,34.241513842460265,35.759971763664254,2026-10-10,0.1596,0.1476,0.1809,0.1574
34261,34.241513842460265,35.759971763664254,2026-10-11,0.1596,0.1476,0.1702,0.1476
34249,34.23600569700405,35.7043356386881,2026-10-05,0.2495,0.2251,0.2929,0.2447
34249,34.23600569700405,35.7043356386881,2026-10-06,0.1953,0.1762,0.2061,0.1762
34249,34.23600569700405,35.7043356386881,2026-10-07,0.1736,0.1664,0.1844,0.1566
34249,34.23600569700405,35.7043356386881,2026-10-08,0.1736,0.1664,0.2495,0.1664
34249,34.23600569700405,35.7043356386881,2026-10-09,0.1736,0.1566,0.2061,0.1566
34249,34.23600569700405,35.7043356386881,2026-10-10,0.1627,0.1468,0.1844,0.1566
34249,34.23600569700405,35.7043356386881,2026-10-11,0.1627,0.1468,0.1736,0.1468
34253,34.241416527248184,35.74362286993222,2026-10-05,0.2382,0.2279,0.2796,0.2478
34253,34.241416527248184,35.74362286993222,2026-10-06,0.1864,0.1784,0.1968,0.1784
34253,34.241416527248184,35.74362286993222,2026-10-07,0.1657,0.1685,0.1761,0.1586
34253,34.241416527248184,35.74362286993222,2026-10-08,0.1657,0.1685,0.2382,0.1685
34253,34.241416527248184,35.74362286993222,2026-10-09,0.1657,0.1586,0.1968,0.1586
34253,34.241416527248184,35.74362286993222,2026-10-10,0.1554,0.1487,0.1761,0.1586
34253,34.241416527248184,35.74362286993222,2026-10-11,0.1554,0.1487,0.1657,0.1487
36157,34.238089944291644,35.94132712912709,2026-10-05,0.2608,0.2223,0.3061,0.2416
36157,34.238089944291644,35.94132712912709,2026-10-06,0.2041,0.174,0.2154,0.174
36157,34.238089944291644,35.94132712912709,2026-10-07,0.1814,0.1643,0.1927,0.1546
36157,34.238089944291644,35.94132712912709,2026-10-08,0.1814,0.1643,0.2608,0.1643
36157,34.238089944291644,35.94132712912709,2026-10-09,0.1814,0.1546,0.2154,0.1546
36157,34.238089944291644,35.94132712912709,2026-10-10,0.1701,0.145,0.1927,0.1546
36157,34.238089944291644,35.94132712912709,2026-10-11,0.1701,0.145,0.1814,0.145
34002,34.24045883679833,35.7481976949638,2026-10-05,0.2408,0.2273,0.2827,0.2471
34002,34.24045883679833,35.7481976949638,2026-10-06,0.1885,0.1779,0.1989,0.1779
34002,34.24045883679833,35.7481976949638,2026-10-07,0.1675,0.168,0.178,0.1581
34002,34.24045883679833,35.7481976949638,2026-10-08,0.1675,0.168,0.2408,0.168
34002,34.24045883679833,35.7481976949638,2026-10-09,0.1675,0.1581,0.1989,0.1581
34002,34.24045883679833,35.7481976949638,2026-10-10,0.157,0.1482,0.178,0.1581
34002,34.24045883679833,35.7481976949638,2026-10-11,0.157,0.1482,0.1675,0.1482
34321,34.22109350738701,35.84027100140815,2026-10-05,0.2394,0.2277,0.281,0.2475
34321,34.22109350738701,35.84027100140815,2026-10-06,0.1873,0.1782,0.1977,0.1782
34321,34.22109350738701,35.84027100140815,2026-10-07,0.1665,0.1683,0.1769,0.1584
34321,34.22109350738701,35.84027100140815,2026-10-08,0.1665,0.1683,0.2394,0.1683
34321,34.22109350738701,35.84027100140815,2026-10-09,0.1665,0.1584,0.1977,0.1584
34321,34.22109350738701,35.84027100140815,2026-10-10,0.1561,0.1485,0.1769,0.1584
34321,34.22109350738701,35.84027100140815,2026-10-11,0.1561,0.1485,0.1665,0.1485
34251,34.23449761649012,35.749846265638396,2026-10-05,0.2555,0.2236,0.2999,0.2431
34251,34.23449761649012,35.749846265638396,2026-10-06,0.2,0.175,0.2111,0.175
34251,34.23449761649012,35.749846265638396,2026-10-07,0.1777,0.1653,0.1889,0.1556
34251,34.23449761649012,35.749846265638396,2026-10-08,0.1777,0.1653,0.2555,0.1653
34251,34.23449761649012,35.749846265638396,2026-10-09,0.1777,0.1556,0.2111,0.1556
34251,34.23449761649012,35.749846265638396,2026-10-10,0.1666,0.1458,0.1889,0.1556
34251,34.23449761649012,35.749846265638396,2026-10-11,0.1666,0.1458,0.1777,0.1458
34376,34.23120771258944,35.888986716667645,2026-10-05,0.2449,0.2263,0.2875,0.246
34376,34.23120771258944,35.888986716667645,2026-10-06,0.1916,0.1771,0.2023,0.1771
34376,34.23120771258944,35.888986716667645,2026-10-07,0.1704,0.1673,0.181,0.1574
34376,34.23120771258944,35.888986716667645,2026-10-08,0.1704,0.1673,0.2449,0.1673
34376,34.23120771258944,35.888986716667645,2026-10-09,0.1704,0.1574,0.2023,0.1574
34376,34.23120771258944,35.888986716667645,2026-10-10,0.1597,0.1476,0.181,0.1574
34376,34.23120771258944,35.888986716667645,2026-10-11,0.1597,0.1476,0.1704,0.1476
34241,34.23133256118121,35.74414170036456,2026-10-05,0.2228,0.2318,0.2616,0.2519
34241,34.23133256118121,35.74414170036456,2026-10-06,0.1744,0.1814,0.1841,0.1814
34241,34.23133256118121,35.74414170036456,2026-10-07,0.155,0.1713,0.1647,0.1612
34241,34.23133256118121,35.74414170036456,2026-10-08,0.155,0.1713,0.2228,0.1713
34241,34.23133256118121,35.74414170036456,2026-10-09,0.155,0.1612,0.1841,0.1612
34241,34.23133256118121,35.74414170036456,2026-10-10,0.1453,0.1512,0.1647,0.1612
34241,34.23133256118121,35.74414170036456,2026-10-11,0.1453,0.1512,0.155,0.1512
34223,34.22507755055546,35.72376611836675,2026-10-05,0.2388,0.2278,0.2803,0.2476
34223,34.22507755055546,35.72376611836675,2026-10-06,0.1869,0.1783,0.1972,0.1783
34223,34.22507755055546,35.72376611836675,2026-10-07,0.1661,0.1684,0.1765,0.1585
34223,34.22507755055546,35.72376611836675,2026-10-08,0.1661,0.1684,0.2388,0.1684
34223,34.22507755055546,35.72376611836675,2026-10-09,0.1661,0.1585,0.1972,0.1585
34223,34.22507755055546,35.72376611836675,2026-10-10,0.1557,0.1486,0.1765,0.1585
34223,34.22507755055546,35.72376611836675,2026-10-11,0.1557,0.1486,0.1661,0.1486
34257,34.23099202902991,35.77141029301021,2026-10-05,0.2172,0.2332,0.255,0.2535
34257,34.23099202902991,35.77141029301021,2026-10-06,0.17,0.1825,0.1794,0.1825
34257,34.23099202902991,35.77141029301021,2026-10-07,0.1511,0.1724,0.1605,0.1622
34257,34.23099202902991,35.77141029301021,2026-10-08,0.1511,0.1724,0.2172,0.1724
34257,34.23099202902991,35.77141029301021,2026-10-09,0.1511,0.1622,0.1794,0.1622
34257,34.23099202902991,35.77141029301021,2026-10-10,0.1417,0.1521,0.1605,0.1622
34257,34.23099202902991,35.77141029301021,2026-10-11,0.1417,0.1521,0.1511,0.1521
34244,34.23104944308432,35.759461505179736,2026-10-05,0.2807,0.2173,0.3295,0.2362
34244,34.23104944308432,35.759461505179736,2026-10-06,0.2197,0.1701,0.2319,0.1701
34244,34.23104944308432,35.759461505179736,2026-10-07,0.1953,0.1606,0.2075,0.1512
34244,34.23104944308432,35.759461505179736,2026-10-08,0.1953,0.1606,0.2807,0.1606
34244,34.23104944308432,35.759461505179736,2026-10-09,0.1953,0.1512,0.2319,0.1512
34244,34.23104944308432,35.759461505179736,2026-10-10,0.1831,0.1417,0.2075,0.1512
34244,34.23104944308432,35.759461505179736,2026-10-11,0.1831,0.1417,0.1953,0.1417
34341,34.22142344896538,35.87696780258864,2026-10-05,0.231,0.2297,0.2712,0.2497
34341,34.22142344896538,35.87696780258864,2026-10-06,0.1808,0.1798,0.1908,0.1798
34341,34.22142344896538,35.87696780258864,2026-10-07,0.1607,0.1698,0.1708,0.1598
34341,34.22142344896538,35.87696780258864,2026-10-08,0.1607,0.1698,0.231,0.1698
34341,34.22142344896538,35.87696780258864,2026-10-09,0.1607,0.1598,0.1908,0.1598
34341,34.22142344896538,35.87696780258864,2026-10-10,0.1507,0.1498,0.1708,0.1598
34341,34.22142344896538,35.87696780258864,2026-10-11,0.1507,0.1498,0.1607,0.1498
34122,34.21529880205148,35.66790836373651,2026-10-05,0.2423,0.2269,0.2844,0.2467
34122,34.21529880205148,35.66790836373651,2026-10-06,0.1896,0.1776,0.2001,0.1776
34122,34.21529880205148,35.66790836373651,2026-10-07,0.1685,0.1677,0.1791,0.1579
34122,34.21529880205148,35.66790836373651,2026-10-08,0.1685,0.1677,0.2423,0.1677
34122,34.21529880205148,35.66790836373651,2026-10-09,0.1685,0.1579,0.2001,0.1579
34122,34.21529880205148,35.66790836373651,2026-10-10,0.158,0.148,0.1791,0.1579
34122,34.21529880205148,35.66790836373651,2026-10-11,0.158,0.148,0.1685,0.148
34326,34.21879902627544,35.83323419742687,2026-10-05,0.2789,0.2178,0.3274,0.2367
34326,34.21879902627544,35.83323419742687,2026-10-06,0.2183,0.1704,0.2304,0.1704
34326,34.21879902627544,35.83323419742687,2026-10-07,0.194,0.161,0.2062,0.1515
34326,34.21879902627544,35.83323419742687,2026-10-08,0.194,0.161,0.2789,0.161
34326,34.21879902627544,35.83323419742687,2026-10-09,0.194,0.1515,0.2304,0.1515
34326,34.21879902627544,35.83323419742687,2026-10-10,0.1819,0.142,0.2062,0.1515
34326,34.21879902627544,35.83323419742687,2026-10-11,0.1819,0.142,0.194,0.142
34231,34.21328992270176,35.68735526466361,2026-10-05,0.2469,0.2258,0.2899,0.2454
34231,34.21328992270176,35.68735526466361,2026-10-06,0.1932,0.1767,0.204,0.1767
34231,34.21328992270176,35.68735526466361,2026-10-07,0.1718,0.1669,0.1825,0.1571
34231,34.21328992270176,35.68735526466361,2026-10-08,0.1718,0.1669,0.2469,0.1669
34231,34.21328992270176,35.68735526466361,2026-10-09,0.1718,0.1571,0.204,0.1571
34231,34.21328992270176,35.68735526466361,2026-10-10,0.161,0.1472,0.1825,0.1571
34231,34.21328992270176,35.68735526466361,2026-10-11,0.161,0.1472,0.1718,0.1472
34215,34.21462441854671,35.72952313421148,2026-10-05,0.2216,0.2321,0.2601,0.2523
34215,34.21462441854671,35.72952313421148,2026-10-06,0.1734,0.1817,0.183,0.1817
34215,34.21462441854671,35.72952313421148,2026-10-07,0.1541,0.1716,0.1638,0.1615
34215,34.21462441854671,35.72952313421148,2026-10-08,0.1541,0.1716,0.2216,0.1716
34215,34.21462441854671,35.72952313421148,2026-10-09,0.1541,0.1615,0.183,0.1615
34215,34.21462441854671,35.72952313421148,2026-10-10,0.1445,0.1514,0.1638,0.1615
34215,34.21462441854671,35.72952313421148,2026-10-11,0.1445,0.1514,0.1541,0.1514
34227,34.20828126448039,35.69949869367888,2026-10-05,0.2117,0.2346,0.2485,0.255
34227,34.20828126448039,35.69949869367888,2026-10-06,0.1657,0.1836,0.1749,0.1836
34227,34.20828126448039,35.69949869367888,2026-10-07,0.1472,0.1734,0.1564,0.1632
34227,34.20828126448039,35.69949869367888,2026-10-08,0.1472,0.1734,0.2117,0.1734
34227,34.20828126448039,35.69949869367888,2026-10-09,0.1472,0.1632,0.1749,0.1632
34227,34.20828126448039,35.69949869367888,2026-10-10,0.138,0.153,0.1564,0.1632
34227,34.20828126448039,35.69949869367888,2026-10-11,0.138,0.153,0.1472,0.153
34254,34.21029221585334,35.77667728737711,2026-10-05,0.2772,0.2182,0.3254,0.2372
34254,34.21029221585334,35.77667728737711,2026-10-06,0.2169,0.1708,0.229,0.1708
34254,34.21029221585334,35.77667728737711,2026-10-07,0.1928,0.1613,0.2049,0.1518
34254,34.21029221585334,35.77667728737711,2026-10-08,0.1928,0.1613,0.2772,0.1613
34254,34.21029221585334,35.77667728737711,2026-10-09,0.1928,0.1518,0.229,0.1518
34254,34.21029221585334,35.77667728737711,2026-10-10,0.1808,0.1423,0.2049,0.1518
34254,34.21029221585334,35.77667728737711,2026-10-11,0.1808,0.1423,0.1928,0.1423
34212,34.199200893188525,35.73042924318081,2026-10-05,0.2154,0.2336,0.2529,0.254
34212,34.199200893188525,35.73042924318081,2026-10-06,0.1686,0.1828,0.178,0.1828
34212,34.199200893188525,35.73042924318081,2026-10-07,0.1499,0.1727,0.1592,0.1625
34212,34.199200893188525,35.73042924318081,2026-10-08,0.1499,0.1727,0.2154,0.1727
34212,34.199200893188525,35.73042924318081,2026-10-09,0.1499,0.1625,0.178,0.1625
34212,34.199200893188525,35.73042924318081,2026-10-10,0.1405,0.1524,0.1592,0.1625
34212,34.199200893188525,35.73042924318081,2026-10-11,0.1405,0.1524,0.1499,0.1524
36110,34.20266086358648,36.012407099001535,2026-10-05,0.2435,0.2266,0.2858,0.2463
36110,34.20266086358648,36.012407099001535,2026-10-06,0.1905,0.1774,0.2011,0.1774
36110,34.20266086358648,36.012407099001535,2026-10-07,0.1694,0.1675,0.18,0.1577
36110,34.20266086358648,36.012407099001535,2026-10-08,0.1694,0.1675,0.2435,0.1675
36110,34.20266086358648,36.012407099001535,2026-10-09,0.1694,0.1577,0.2011,0.1577
36110,34.20266086358648,36.012407099001535,2026-10-10,0.1588,0.1478,0.18,0.1577
36110,34.20266086358648,36.012407099001535,2026-10-11,0.1588,0.1478,0.1694,0.1478
34224,34.20313481699222,35.691696942334524,2026-10-05,0.2262,0.2309,0.2656,0.251
34224,34.20313481699222,35.691696942334524,2026-10-06,0.177,0.1807,0.1869,0.1807
34224,34.20313481699222,35.691696942334524,2026-10-07,0.1574,0.1707,0.1672,0.1607
34224,34.20313481699222,35.691696942334524,2026-10-08,0.1574,0.1707,0.2262,0.1707
34224,34.20313481699222,35.691696942334524,2026-10-09,0.1574,0.1607,0.1869,0.1607
34224,34.20313481699222,35.691696942334524,2026-10-10,0.1475,0.1506,0.1672,0.1607
34224,34.20313481699222,35.691696942334524,2026-10-11,0.1475,0.1506,0.1574,0.1506
34219,34.201200929429575,35.70453883962731,2026-10-05,0.2144,0.2339,0.2516,0.2543
34219,34.201200929429575,35.70453883962731,2026-10-06,0.1678,0.1831,0.1771,0.1831
34219,34.201200929429575,35.70453883962731,2026-10-07,0.1491,0.1729,0.1584,0.1627
34219,34.201200929429575,35.70453883962731,2026-10-08,0.1491,0.1729,0.2144,0.1729
34219,34.201200929429575,35.70453883962731,2026-10-09,0.1491,0.1627,0.1771,0.1627
34219,34.201200929429575,35.70453883962731,2026-10-10,0.1398,0.1526,0.1584,0.1627
34219,34.201200929429575,35.70453883962731,2026-10-11,0.1398,0.1526,0.1491,0.1526
34247,34.2012038360385,35.78713529362222,2026-10-05,0.2066,0.2359,0.2425,0.2564
34247,34.2012038360385,35.78713529362222,2026-10-06,0.1617,0.1846,0.1706,0.1846
34247,34.2012038360385,35.78713529362222,2026-10-07,0.1437,0.1743,0.1527,0.1641
34247,34.2012038360385,35.78713529362222,2026-10-08,0.1437,0.1743,0.2066,0.1743
34247,34.2012038360385,35.78713529362222,2026-10-09,0.1437,0.1641,0.1706,0.1641
34247,34.2012038360385,35.78713529362222,2026-10-10,0.1347,0.1538,0.1527,0.1641
34247,34.2012038360385,35.78713529362222,2026-10-11,0.1347,0.1538,0.1437,0.1538
26296,34.198051484731494,35.66597432015715,2026-10-05,0.2531,0.2242,0.2971,0.2437
26296,34.198051484731494,35.66597432015715,2026-10-06,0.1981,0.1755,0.2091,0.1755
26296,34.198051484731494,35.66597432015715,2026-10-07,0.1761,0.1657,0.1871,0.156
26296,34.198051484731494,35.66597432015715,2026-10-08,0.1761,0.1657,0.2531,0.1657
26296,34.198051484731494,35.66597432015715,2026-10-09,0.1761,0.156,0.2091,0.156
26296,34.198051484731494,35.66597432015715,2026-10-10,0.1651,0.1462,0.1871,0.156
26296,34.198051484731494,35.66597432015715,2026-10-11,0.1651,0.1462,0.1761,0.1462
34381,34.19459460108329,35.90325678782224,2026-10-05,0.2115,0.2346,0.2483,0.255
34381,34.19459460108329,35.90325678782224,2026-10-06,0.1656,0.1836,0.1747,0.1836
34381,34.19459460108329,35.90325678782224,2026-10-07,0.1472,0.1734,0.1564,0.1632
34381,34.19459460108329,35.90325678782224,2026-10-08,0.1472,0.1734,0.2115,0.1734
34381,34.19459460108329,35.90325678782224,2026-10-09,0.1472,0.1632,0.1747,0.1632
34381,34.19459460108329,35.90325678782224,2026-10-10,0.138,0.153,0.1564,0.1632
34381,34.19459460108329,35.90325678782224,2026-10-11,0.138,0.153,0.1472,0.153
34218,34.19732417386313,35.744161573329386,2026-10-05,0.2573,0.2232,0.302,0.2426
34218,34.19732417386313,35.744161573329386,2026-10-06,0.2014,0.1747,0.2125,0.1747
34218,34.19732417386313,35.744161573329386,2026-10-07,0.179,0.165,0.1902,0.1553
34218,34.19732417386313,35.744161573329386,2026-10-08,0.179,0.165,0.2573,0.165
34218,34.19732417386313,35.744161573329386,2026-10-09,0.179,0.1553,0.2125,0.1553
34218,34.19732417386313,35.744161573329386,2026-10-10,0.1678,0.1456,0.1902,0.1553
34218,34.19732417386313,35.744161573329386,2026-10-11,0.1678,0.1456,0.179,0.1456
26297,34.18814157302377,35.65937589587704,2026-10-05,0.2351,0.2287,0.276,0.2486
26297,34.18814157302377,35.65937589587704,2026-10-06,0.184,0.179,0.1942,0.179
26297,34.18814157302377,35.65937589587704,2026-10-07,0.1635,0.1691,0.1738,0.1591
26297,34.18814157302377,35.65937589587704,2026-10-08,0.1635,0.1691,0.2351,0.1691
26297,34.18814157302377,35.65937589587704,2026-10-09,0.1635,0.1591,0.1942,0.1591
26297,34.18814157302377,35.65937589587704,2026-10-10,0.1533,0.1492,0.1738,0.1591
26297,34.18814157302377,35.65937589587704,2026-10-11,0.1533,0.1492,0.1635,0.1492
34226,34.188972205159615,35.75363450393075,2026-10-05,0.2337,0.2291,0.2743,0.249
34226,34.188972205159615,35.75363450393075,2026-10-06,0.1829,0.1793,0.193,0.1793
34226,34.188972205159615,35.75363450393075,2026-10-07,0.1626,0.1693,0.1727,0.1594
34226,34.188972205159615,35.75363450393075,2026-10-08,0.1626,0.1693,0.2337,0.1693
34226,34.188972205159615,35.75363450393075,2026-10-09,0.1626,0.1594,0.193,0.1594
34226,34.188972205159615,35.75363450393075,2026-10-10,0.1524,0.1494,0.1727,0.1594
34226,34.188972205159615,35.75363450393075,2026-10-11,0.1524,0.1494,0.1626,0.1494
34214,34.18758393904513,35.73813725237735,2026-10-05,0.2579,0.223,0.3027,0.2424
34214,34.18758393904513,35.73813725237735,2026-10-06,0.2018,0.1745,0.213,0.1745
34214,34.18758393904513,35.73813725237735,2026-10-07,0.1794,0.1648,0.1906,0.1551
34214,34.18758393904513,35.73813725237735,2026-10-08,0.1794,0.1648,0.2579,0.1648
34214,34.18758393904513,35.73813725237735,2026-10-09,0.1794,0.1551,0.213,0.1551
34214,34.18758393904513,35.73813725237735,2026-10-10,0.1682,0.1455,0.1906,0.1551
34214,34.18758393904513,35.73813725237735,2026-10-11,0.1682,0.1455,0.1794,0.1455
34346,34.185357397396615,35.79910836243567,2026-10-05,0.1997,0.2376,0.2344,0.2582
34346,34.185357397396615,35.79910836243567,2026-10-06,0.1563,0.1859,0.165,0.1859
34346,34.185357397396615,35.79910836243567,2026-10-07,0.1389,0.1756,0.1476,0.1653
34346,34.185357397396615,35.79910836243567,2026-10-08,0.1389,0.1756,0.1997,0.1756
34346,34.185357397396615,35.79910836243567,2026-10-09,0.1389,0.1653,0.165,0.1653
34346,34.185357397396615,35.79910836243567,2026-10-10,0.1302,0.1549,0.1476,0.1653
34346,34.185357397396615,35.79910836243567,2026-10-11,0.1302,0.1549,0.1389,0.1549
53281,34.17408077268113,36.17609655083269,2026-10-05,0.2126,0.2343,0.2496,0.2547
53281,34.17408077268113,36.17609655083269,2026-10-06,0.1664,0.1834,0.1757,0.1834
53281,34.17408077268113,36.17609655083269,2026-10-07,0.1479,0.1732,0.1572,0.163
53281,34.17408077268113,36.17609655083269,2026-10-08,0.1479,0.1732,0.2126,0.1732
53281,34.17408077268113,36.17609655083269,2026-10-09,0.1479,0.163,0.1757,0.163
53281,34.17408077268113,36.17609655083269,2026-10-10,0.1387,0.1528,0.1572,0.163
53281,34.17408077268113,36.17609655083269,2026-10-11,0.1387,0.1528,0.1479,0.1528
26251,34.178543407204145,35.796158965893504,2026-10-05,0.251,0.2248,0.2946,0.2443
26251,34.178543407204145,35.796158965893504,2026-10-06,0.1964,0.1759,0.2073,0.1759
26251,34.178543407204145,35.796158965893504,2026-10-07,0.1746,0.1661,0.1855,0.1564
26251,34.178543407204145,35.796158965893504,2026-10-08,0.1746,0.1661,0.251,0.1661
26251,34.178543407204145,35.796158965893504,2026-10-09,0.1746,0.1564,0.2073,0.1564
26251,34.178543407204145,35.796158965893504,2026-10-10,0.1637,0.1466,0.1855,0.1564
26251,34.178543407204145,35.796158965893504,2026-10-11,0.1637,0.1466,0.1746,0.1466
26249,34.17690524379254,35.744168559347514,2026-10-05,0.2237,0.2316,0.2626,0.2517
26249,34.17690524379254,35.744168559347514,2026-10-06,0.1751,0.1812,0.1848,0.1812
26249,34.17690524379254,35.744168559347514,2026-10-07,0.1556,0.1712,0.1653,0.1611
26249,34.17690524379254,35.744168559347514,2026-10-08,0.1556,0.1712,0.2237,0.1712
26249,34.17690524379254,35.744168559347514,2026-10-09,0.1556,0.1611,0.1848,0.1611
26249,34.17690524379254,35.744168559347514,2026-10-10,0.1459,0.151,0.1653,0.1611
26249,34.17690524379254,35.744168559347514,2026-10-11,0.1459,0.151,0.1556,0.151
26295,34.17223995613201,35.6510649729772,2026-10-05,0.2689,0.2203,0.3157,0.2394
26295,34.17223995613201,35.6510649729772,2026-10-06,0.2105,0.1724,0.2222,0.1724
26295,34.17223995613201,35.6510649729772,2026-10-07,0.1871,0.1628,0.1988,0.1532
26295,34.17223995613201,35.6510649729772,2026-10-08,0.1871,0.1628,0.2689,0.1628
26295,34.17223995613201,35.6510649729772,2026-10-09,0.1871,0.1532,0.2222,0.1532
26295,34.17223995613201,35.6510649729772,2026-10-10,0.1754,0.1437,0.1988,0.1532
26295,34.17223995613201,35.6510649729772,2026-10-11,0.1754,0.1437,0.1871,0.1437
53251,34.16057458756003,36.33014135658325,2026-10-05,0.2381,0.228,0.2795,0.2478
53251,34.16057458756003,36.33014135658325,2026-10-06,0.1864,0.1784,0.1967,0.1784
53251,34.16057458756003,36.33014135658325,2026-10-07,0.1656,0.1685,0.176,0.1586
53251,34.16057458756003,36.33014135658325,2026-10-08,0.1656,0.1685,0.2381,0.1685
53251,34.16057458756003,36.33014135658325,2026-10-09,0.1656,0.1586,0.1967,0.1586
53251,34.16057458756003,36.33014135658325,2026-10-10,0.1553,0.1487,0.176,0.1586
53251,34.16057458756003,36.33014135658325,2026-10-11,0.1553,0.1487,0.1656,0.1487
26377,34.15309511817728,35.80058794176042,2026-10-05,0.2736,0.2191,0.3212,0.2382
26377,34.15309511817728,35.80058794176042,2026-10-06,0.2141,0.1715,0.226,0.1715
26377,34.15309511817728,35.80058794176042,2026-10-07,0.1903,0.1619,0.2022,0.1524
26377,34.15309511817728,35.80058794176042,2026-10-08,0.1903,0.1619,0.2736,0.1619
26377,34.15309511817728,35.80058794176042,2026-10-09,0.1903,0.1524,0.226,0.1524
26377,34.15309511817728,35.80058794176042,2026-10-10,0.1784,0.1429,0.2022,0.1524
26377,34.15309511817728,35.80058794176042,2026-10-11,0.1784,0.1429,0.1903,0.1429
26263,34.16135911115856,35.71391246052048,2026-10-05,0.2325,0.2294,0.273,0.2493
26263,34.16135911115856,35.71391246052048,2026-10-06,0.182,0.1795,0.1921,0.1795
26263,34.16135911115856,35.71391246052048,2026-10-07,0.1618,0.1695,0.1719,0.1596
26263,34.16135911115856,35.71391246052048,2026-10-08,0.1618,0.1695,0.2325,0.1695
26263,34.16135911115856,35.71391246052048,2026-10-09,0.1618,0.1596,0.1921,0.1596
26263,34.16135911115856,35.71391246052048,2026-10-10,0.1516,0.1496,0.1719,0.1596
26263,34.16135911115856,35.71391246052048,2026-10-11,0.1516,0.1496,0.1618,0.1496
26237,34.146083713511686,35.726701692457354,2026-10-05,0.2236,0.2316,0.2625,0.2517
26237,34.146083713511686,35.726701692457354,2026-10-06,0.175,0.1813,0.1847,0.1813
26237,34.146083713511686,35.726701692457354,2026-10-07,0.1555,0.1712,0.1653,0.1611
26237,34.146083713511686,35.726701692457354,2026-10-08,0.1555,0.1712,0.2236,0.1712
26237,34.146083713511686,35.726701692457354,2026-10-09,0.1555,0.1611,0.1847,0.1611
26237,34.146083713511686,35.726701692457354,2026-10-10,0.1458,0.151,0.1653,0.1611
26237,34.146083713511686,35.726701692457354,2026-10-11,0.1458,0.151,0.1555,0.151
26374,34.15250632247867,35.89493545689249,2026-10-05,0.2113,0.2347,0.2481,0.2551
26374,34.15250632247867,35.89493545689249,2026-10-06,0.1654,0.1837,0.1746,0.1837
26374,34.15250632247867,35.89493545689249,2026-10-07,0.147,0.1735,0.1562,0.1632
26374,34.15250632247867,35.89493545689249,2026-10-08,0.147,0.1735,0.2113,0.1735
26374,34.15250632247867,35.89493545689249,2026-10-09,0.147,0.1632,0.1746,0.1632
26374,34.15250632247867,35.89493545689249,2026-10-10,0.1378,0.153,0.1562,0.1632
26374,34.15250632247867,35.89493545689249,2026-10-11,0.1378,0.153,0.147,0.153
26259,34.14842404669295,35.71091451972695,2026-10-05,0.2754,0.2187,0.3233,0.2377
26259,34.14842404669295,35.71091451972695,2026-10-06,0.2155,0.1711,0.2275,0.1711
26259,34.14842404669295,35.71091451972695,2026-10-07,0.1916,0.1616,0.2035,0.1521
26259,34.14842404669295,35.71091451972695,2026-10-08,0.1916,0.1616,0.2754,0.1616
26259,34.14842404669295,35.71091451972695,2026-10-09,0.1916,0.1521,0.2275,0.1521
26259,34.14842404669295,35.71091451972695,2026-10-10,0.1796,0.1426,0.2035,0.1521
26259,34.14842404669295,35.71091451972695,2026-10-11,0.1796,0.1426,0.1916,0.1426
26390,34.146839910601855,35.860666727838435,2026-10-05,0.2388,0.2278,0.2804,0.2476
26390,34.146839910601855,35.860666727838435,2026-10-06,0.1869,0.1783,0.1973,0.1783
26390,34.146839910601855,35.860666727838435,2026-10-07,0.1661,0.1684,0.1765,0.1585
26390,34.146839910601855,35.860666727838435,2026-10-08,0.1661,0.1684,0.2388,0.1684
26390,34.146839910601855,35.860666727838435,2026-10-09,0.1661,0.1585,0.1973,0.1585
26390,34.146839910601855,35.860666727838435,2026-10-10,0.1558,0.1486,0.1765,0.1585
26390,34.146839910601855,35.860666727838435,2026-10-11,0.1558,0.1486,0.1661,0.1486
26361,34.132083126291825,35.86516874353477,2026-10-05,0.2363,0.2284,0.2774,0.2483
26361,34.132083126291825,35.86516874353477,2026-10-06,0.1849,0.1788,0.1952,0.1788
26361,34.132083126291825,35.86516874353477,2026-10-07,0.1644,0.1688,0.1747,0.1589
26361,34.132083126291825,35.86516874353477,2026-10-08,0.1644,0.1688,0.2363,0.1688
26361,34.132083126291825,35.86516874353477,2026-10-09,0.1644,0.1589,0.1952,0.1589
26361,34.132083126291825,35.86516874353477,2026-10-10,0.1541,0.149,0.1747,0.1589
26361,34.132083126291825,35.86516874353477,2026-10-11,0.1541,0.149,0.1644,0.149
26321,34.114409248769675,35.85924860733688,2026-10-05,0.2096,0.2351,0.246,0.2555
26321,34.114409248769675,35.85924860733688,2026-10-06,0.164,0.184,0.1731,0.184
26321,34.114409248769675,35.85924860733688,2026-10-07,0.1458,0.1738,0.1549,0.1636
26321,34.114409248769675,35.85924860733688,2026-10-08,0.1458,0.1738,0.2096,0.1738
26321,34.114409248769675,35.85924860733688,2026-10-09,0.1458,0.1636,0.1731,0.1636
26321,34.114409248769675,35.85924860733688,2026-10-10,0.1367,0.1533,0.1549,0.1636
26321,34.114409248769675,35.85924860733688,2026-10-11,0.1367,0.1533,0.1458,0.1533
26388,34.131926431491415,35.84858667375371,2026-10-05,0.2158,0.2335,0.2533,0.2539
26388,34.131926431491415,35.84858667375371,2026-10-06,0.1689,0.1828,0.1783,0.1828
26388,34.131926431491415,35.84858667375371,2026-10-07,0.1501,0.1726,0.1595,0.1625
26388,34.131926431491415,35.84858667375371,2026-10-08,0.1501,0.1726,0.2158,0.1726
26388,34.131926431491415,35.84858667375371,2026-10-09,0.1501,0.1625,0.1783,0.1625
26388,34.131926431491415,35.84858667375371,2026-10-10,0.1407,0.1523,0.1595,0.1625
26388,34.131926431491415,35.84858667375371,2026-10-11,0.1407,0.1523,0.1501,0.1523
26264,34.122620704499845,35.700056097869215,2026-10-05,0.2354,0.2286,0.2764,0.2485
26264,34.122620704499845,35.700056097869215,2026-10-06,0.1843,0.1789,0.1945,0.1789
26264,34.122620704499845,35.700056097869215,2026-10-07,0.1638,0.169,0.174,0.1591
26264,34.122620704499845,35.700056097869215,2026-10-08,0.1638,0.169,0.2354,0.169
26264,34.122620704499845,35.700056097869215,2026-10-09,0.1638,0.1591,0.1945,0.1591
26264,34.122620704499845,35.700056097869215,2026-10-10,0.1536,0.1491,0.174,0.1591
26264,34.122620704499845,35.700056097869215,2026-10-11,0.1536,0.1491,0.1638,0.1491
26283,34.122230301689406,35.67813647837899,2026-10-05,0.2272,0.2307,0.2667,0.2508
26283,34.122230301689406,35.67813647837899,2026-10-06,0.1778,0.1806,0.1877,0.1806
26283,34.122230301689406,35.67813647837899,2026-10-07,0.158,0.1705,0.1679,0.1605
26283,34.122230301689406,35.67813647837899,2026-10-08,0.158,0.1705,0.2272,0.1705
26283,34.122230301689406,35.67813647837899,2026-10-09,0.158,0.1605,0.1877,0.1605
26283,34.122230301689406,35.67813647837899,2026-10-10,0.1482,0.1505,0.1679,0.1605
26283,34.122230301689406,35.67813647837899,2026-10-11,0.1482,0.1505,0.158,0.1505
53375,34.10688649615487,36.10306902974056,2026-10-05,0.203,0.2367,0.2383,0.2573
53375,34.10688649615487,36.10306902974056,2026-10-06,0.1589,0.1853,0.1677,0.1853
53375,34.10688649615487,36.10306902974056,2026-10-07,0.1412,0.175,0.1501,0.1647
53375,34.10688649615487,36.10306902974056,2026-10-08,0.1412,0.175,0.203,0.175
53375,34.10688649615487,36.10306902974056,2026-10-09,0.1412,0.1647,0.1677,0.1647
53375,34.10688649615487,36.10306902974056,2026-10-10,0.1324,0.1544,0.1501,0.1647
53375,34.10688649615487,36.10306902974056,2026-10-11,0.1324,0.1544,0.1412,0.1544
26001,34.12282829451773,35.75694089910957,2026-10-05,0.2473,0.2257,0.2903,0.2453
26001,34.12282829451773,35.75694089910957,2026-10-06,0.1935,0.1766,0.2043,0.1766
26001,34.12282829451773,35.75694089910957,2026-10-07,0.172,0.1668,0.1828,0.157
26001,34.12282829451773,35.75694089910957,2026-10-08,0.172,0.1668,0.2473,0.1668
26001,34.12282829451773,35.75694089910957,2026-10-09,0.172,0.157,0.2043,0.157
26001,34.12282829451773,35.75694089910957,2026-10-10,0.1613,0.1472,0.1828,0.157
26001,34.12282829451773,35.75694089910957,2026-10-11,0.1613,0.1472,0.172,0.1472
26213,34.11631969893864,35.795320408521185,2026-10-05,0.249,0.2252,0.2923,0.2448
26213,34.11631969893864,35.795320408521185,2026-10-06,0.1949,0.1763,0.2057,0.1763
26213,34.11631969893864,35.795320408521185,2026-10-07,0.1732,0.1665,0.1841,0.1567
26213,34.11631969893864,35.795320408521185,2026-10-08,0.1732,0.1665,0.249,0.1665
26213,34.11631969893864,35.795320408521185,2026-10-09,0.1732,0.1567,0.2057,0.1567
26213,34.11631969893864,35.795320408521185,2026-10-10,0.1624,0.1469,0.1841,0.1567
26213,34.11631969893864,35.795320408521185,2026-10-11,0.1624,0.1469,0.1732,0.1469
26274,34.11300119474182,35.69529403643897,2026-10-05,0.2488,0.2253,0.292,0.2449
26274,34.11300119474182,35.69529403643897,2026-10-06,0.1947,0.1763,0.2055,0.1763
26274,34.11300119474182,35.69529403643897,2026-10-07,0.1731,0.1665,0.1839,0.1567
26274,34.11300119474182,35.69529403643897,2026-10-08,0.1731,0.1665,0.2488,0.1665
26274,34.11300119474182,35.69529403643897,2026-10-09,0.1731,0.1567,0.2055,0.1567
26274,34.11300119474182,35.69529403643897,2026-10-10,0.1622,0.1469,0.1839,0.1567
26274,34.11300119474182,35.69529403643897,2026-10-11,0.1622,0.1469,0.1731,0.1469
26214,34.104342603559,35.80093080349347,2026-10-05,0.2237,0.2316,0.2626,0.2517
26214,34.104342603559,35.80093080349347,2026-10-06,0.1751,0.1812,0.1848,0.1812
26214,34.104342603559,35.80093080349347,2026-10-07,0.1556,0.1712,0.1653,0.1611
26214,34.104342603559,35.80093080349347,2026-10-08,0.1556,0.1712,0.2237,0.1712
26214,34.104342603559,35.80093080349347,2026-10-09,0.1556,0.1611,0.1848,0.1611
26214,34.104342603559,35.80093080349347,2026-10-10,0.1459,0.151,0.1653,0.1611
26214,34.104342603559,35.80093080349347,2026-10-11,0.1459,0.151,0.1556,0.151
53366,34.10816054435279,36.05641997425823,2026-10-05,0.1914,0.2396,0.2247,0.2605
53366,34.10816054435279,36.05641997425823,2026-10-06,0.1498,0.1875,0.1582,0.1875
53366,34.10816054435279,36.05641997425823,2026-10-07,0.1332,0.1771,0.1415,0.1667
53366,34.10816054435279,36.05641997425823,2026-10-08,0.1332,0.1771,0.1914,0.1771
53366,34.10816054435279,36.05641997425823,2026-10-09,0.1332,0.1667,0.1582,0.1667
53366,34.10816054435279,36.05641997425823,2026-10-10,0.1249,0.1563,0.1415,0.1667
53366,34.10816054435279,36.05641997425823,2026-10-11,0.1249,0.1563,0.1332,0.1563
26254,34.112583181893356,35.70891885897291,2026-10-05,0.2392,0.2277,0.2808,0.2475
26254,34.112583181893356,35.70891885897291,2026-10-06,0.1872,0.1782,0.1976,0.1782
26254,34.112583181893356,35.70891885897291,2026-10-07,0.1664,0.1683,0.1768,0.1584
26254,34.112583181893356,35.70891885897291,2026-10-08,0.1664,0.1683,0.2392,0.1683
26254,34.112583181893356,35.70891885897291,2026-10-09,0.1664,0.1584,0.1976,0.1584
26254,34.112583181893356,35.70891885897291,2026-10-10,0.156,0.1485,0.1768,0.1584
26254,34.112583181893356,35.70891885897291,2026-10-11,0.156,0.1485,0.1664,0.1485
26236,34.105358195506284,35.72527043516967,2026-10-05,0.218,0.233,0.2559,0.2533
26236,34.105358195506284,35.72527043516967,2026-10-06,0.1706,0.1824,0.1801,0.1824
26236,34.105358195506284,35.72527043516967,2026-10-07,0.1516,0.1722,0.1611,0.1621
26236,34.105358195506284,35.72527043516967,2026-10-08,0.1516,0.1722,0.218,0.1722
26236,34.105358195506284,35.72527043516967,2026-10-09,0.1516,0.1621,0.1801,0.1621
26236,34.105358195506284,35.72527043516967,2026-10-10,0.1421,0.152,0.1611,0.1621
26236,34.105358195506284,35.72527043516967,2026-10-11,0.1421,0.152,0.1516,0.152
26344,34.10288870451358,35.868373323096115,2026-10-05,0.2596,0.2226,0.3047,0.242
26344,34.10288870451358,35.868373323096115,2026-10-06,0.2031,0.1742,0.2144,0.1742
26344,34.10288870451358,35.868373323096115,2026-10-07,0.1806,0.1645,0.1919,0.1549
26344,34.10288870451358,35.868373323096115,2026-10-08,0.1806,0.1645,0.2596,0.1645
26344,34.10288870451358,35.868373323096115,2026-10-09,0.1806,0.1549,0.2144,0.1549
26344,34.10288870451358,35.868373323096115,2026-10-10,0.1693,0.1452,0.1919,0.1549
26344,34.10288870451358,35.868373323096115,2026-10-11,0.1693,0.1452,0.1806,0.1452
26357,34.087863205975495,35.90757625727099,2026-10-05,0.2151,0.2337,0.2525,0.2541
26357,34.087863205975495,35.90757625727099,2026-10-06,0.1683,0.1829,0.1777,0.1829
26357,34.087863205975495,35.90757625727099,2026-10-07,0.1496,0.1728,0.159,0.1626
26357,34.087863205975495,35.90757625727099,2026-10-08,0.1496,0.1728,0.2151,0.1728
26357,34.087863205975495,35.90757625727099,2026-10-09,0.1496,0.1626,0.1777,0.1626
26357,34.087863205975495,35.90757625727099,2026-10-10,0.1403,0.1524,0.159,0.1626
26357,34.087863205975495,35.90757625727099,2026-10-11,0.1403,0.1524,0.1496,0.1524
26354,34.09448945062581,35.81121568159895,2026-10-05,0.2719,0.2195,0.3191,0.2386
26354,34.09448945062581,35.81121568159895,2026-10-06,0.2128,0.1718,0.2246,0.1718
26354,34.09448945062581,35.81121568159895,2026-10-07,0.1891,0.1623,0.2009,0.1527
26354,34.09448945062581,35.81121568159895,2026-10-08,0.1891,0.1623,0.2719,0.1623
26354,34.09448945062581,35.81121568159895,2026-10-09,0.1891,0.1527,0.2246,0.1527
26354,34.09448945062581,35.81121568159895,2026-10-10,0.1773,0.1432,0.2009,0.1527
26354,34.09448945062581,35.81121568159895,2026-10-11,0.1773,0.1432,0.1891,0.1432
26314,34.09595256289388,35.85744113008693,2026-10-05,0.2758,0.2186,0.3237,0.2376
26314,34.09595256289388,35.85744113008693,2026-10-06,0.2158,0.171,0.2278,0.171
26314,34.09595256289388,35.85744113008693,2026-10-07,0.1918,0.1615,0.2038,0.152
26314,34.09595256289388,35.85744113008693,2026-10-08,0.1918,0.1615,0.2758,0.1615
26314,34.09595256289388,35.85744113008693,2026-10-09,0.1918,0.152,0.2278,0.152
26314,34.09595256289388,35.85744113008693,2026-10-10,0.1798,0.1425,0.2038,0.152
26314,34.09595256289388,35.85744113008693,2026-10-11,0.1798,0.1425,0.1918,0.1425
26220,34.09393604434452,35.77472422795671,2026-10-05,0.2201,0.2325,0.2583,0.2527
26220,34.09393604434452,35.77472422795671,2026-10-06,0.1722,0.1819,0.1818,0.1819
26220,34.09393604434452,35.77472422795671,2026-10-07,0.1531,0.1718,0.1627,0.1617
26220,34.09393604434452,35.77472422795671,2026-10-08,0.1531,0.1718,0.2201,0.1718
26220,34.09393604434452,35.77472422795671,2026-10-09,0.1531,0.1617,0.1818,0.1617
26220,34.09393604434452,35.77472422795671,2026-10-10,0.1435,0.1516,0.1627,0.1617
26220,34.09393604434452,35.77472422795671,2026-10-11,0.1435,0.1516,0.1531,0.1516
26002,34.09716105260252,35.75997445516758,2026-10-05,0.23,0.23,0.27,0.25
26002,34.09716105260252,35.75997445516758,2026-10-06,0.18,0.18,0.19,0.18
26002,34.09716105260252,35.75997445516758,2026-10-07,0.16,0.17,0.17,0.16
26002,34.09716105260252,35.75997445516758,2026-10-08,0.16,0.17,0.23,0.17
26002,34.09716105260252,35.75997445516758,2026-10-09,0.16,0.16,0.19,0.16
26002,34.09716105260252,35.75997445516758,2026-10-10,0.15,0.15,0.17,0.16
26002,34.09716105260252,35.75997445516758,2026-10-11,0.15,0.15,0.16,0.15
26219,34.09006161868409,35.68907104397959,2026-10-05,0.222,0.232,0.2606,0.2522
26219,34.09006161868409,35.68907104397959,2026-10-06,0.1737,0.1816,0.1834,0.1816
26219,34.09006161868409,35.68907104397959,2026-10-07,0.1544,0.1715,0.1641,0.1614
26219,34.09006161868409,35.68907104397959,2026-10-08,0.1544,0.1715,0.222,0.1715
26219,34.09006161868409,35.68907104397959,2026-10-09,0.1544,0.1614,0.1834,0.1614
26219,34.09006161868409,35.68907104397959,2026-10-10,0.1448,0.1513,0.1641,0.1614
26219,34.09006161868409,35.68907104397959,2026-10-11,0.1448,0.1513,0.1544,0.1513
26324,34.09188866868244,35.867798262863886,2026-10-05,0.1973,0.2382,0.2317,0.2589
26324,34.09188866868244,35.867798262863886,2026-10-06,0.1544,0.1864,0.163,0.1864
26324,34.09188866868244,35.867798262863886,2026-10-07,0.1373,0.176,0.1459,0.1657
26324,34.09188866868244,35.867798262863886,2026-10-08,0.1373,0.176,0.1973,0.176
26324,34.09188866868244,35.867798262863886,2026-10-09,0.1373,0.1657,0.163,0.1657
26324,34.09188866868244,35.867798262863886,2026-10-10,0.1287,0.1553,0.1459,0.1657
26324,34.09188866868244,35.867798262863886,2026-10-11,0.1287,0.1553,0.1373,0.1553
26223,34.08748909249476,35.78784089719139,2026-10-05,0.2,0.2375,0.2348,0.2582
26223,34.08748909249476,35.78784089719139,2026-10-06,0.1565,0.1859,0.1652,0.1859
26223,34.08748909249476,35.78784089719139,2026-10-07,0.1391,0.1755,0.1478,0.1652
26223,34.08748909249476,35.78784089719139,2026-10-08,0.1391,0.1755,0.2,0.1755
26223,34.08748909249476,35.78784089719139,2026-10-09,0.1391,0.1652,0.1652,0.1652
26223,34.08748909249476,35.78784089719139,2026-10-10,0.1304,0.1549,0.1478,0.1652
26223,34.08748909249476,35.78784089719139,2026-10-11,0.1304,0.1549,0.1391,0.1549
26227,34.0853563315012,35.76696059267275,2026-10-05,0.2554,0.2237,0.2998,0.2431
26227,34.0853563315012,35.76696059267275,2026-10-06,0.1999,0.175,0.211,0.175
26227,34.0853563315012,35.76696059267275,2026-10-07,0.1777,0.1653,0.1888,0.1556
26227,34.0853563315012,35.76696059267275,2026-10-08,0.1777,0.1653,0.2554,0.1653
26227,34.0853563315012,35.76696059267275,2026-10-09,0.1777,0.1556,0.211,0.1556
26227,34.0853563315012,35.76696059267275,2026-10-10,0.1666,0.1459,0.1888,0.1556
26227,34.0853563315012,35.76696059267275,2026-10-11,0.1666,0.1459,0.1777,0.1459
26392,34.083223157468616,35.87982769298217,2026-10-05,0.2143,0.2339,0.2516,0.2543
26392,34.083223157468616,35.87982769298217,2026-10-06,0.1677,0.1831,0.1771,0.1831
26392,34.083223157468616,35.87982769298217,2026-10-07,0.1491,0.1729,0.1584,0.1627
26392,34.083223157468616,35.87982769298217,2026-10-08,0.1491,0.1729,0.2143,0.1729
26392,34.083223157468616,35.87982769298217,2026-10-09,0.1491,0.1627,0.1771,0.1627
26392,34.083223157468616,35.87982769298217,2026-10-10,0.1398,0.1526,0.1584,0.1627
26392,34.083223157468616,35.87982769298217,2026-10-11,0.1398,0.1526,0.1491,0.1526
26334,34.08407400425879,35.86869934082174,2026-10-05,0.2236,0.2316,0.2624,0.2518
26334,34.08407400425879,35.86869934082174,2026-10-06,0.175,0.1813,0.1847,0.1813
26334,34.08407400425879,35.86869934082174,2026-10-07,0.1555,0.1712,0.1652,0.1611
26334,34.08407400425879,35.86869934082174,2026-10-08,0.1555,0.1712,0.2236,0.1712
26334,34.08407400425879,35.86869934082174,2026-10-09,0.1555,0.1611,0.1847,0.1611
26334,34.08407400425879,35.86869934082174,2026-10-10,0.1458,0.1511,0.1652,0.1611
26334,34.08407400425879,35.86869934082174,2026-10-11,0.1458,0.1511,0.1555,0.1511
26317,34.08406266309616,35.85821764442521,2026-10-05,0.2732,0.2192,0.3208,0.2382
26317,34.08406266309616,35.85821764442521,2026-10-06,0.2138,0.1715,0.2257,0.1715
26317,34.08406266309616,35.85821764442521,2026-10-07,0.1901,0.162,0.202,0.1525
26317,34.08406266309616,35.85821764442521,2026-10-08,0.1901,0.162,0.2732,0.162
26317,34.08406266309616,35.85821764442521,2026-10-09,0.1901,0.1525,0.2257,0.1525
26317,34.08406266309616,35.85821764442521,2026-10-10,0.1782,0.1429,0.202,0.1525
26317,34.08406266309616,35.85821764442521,2026-10-11,0.1782,0.1429,0.1901,0.1429
26351,34.07729945359963,35.8073504440774,2026-10-05,0.2198,0.2325,0.2581,0.2528
26351,34.07729945359963,35.8073504440774,2026-10-06,0.172,0.182,0.1816,0.182
26351,34.07729945359963,35.8073504440774,2026-10-07,0.1529,0.1719,0.1625,0.1618
26351,34.07729945359963,35.8073504440774,2026-10-08,0.1529,0.1719,0.2198,0.1719
26351,34.07729945359963,35.8073504440774,2026-10-09,0.1529,0.1618,0.1816,0.1618
26351,34.07729945359963,35.8073504440774,2026-10-10,0.1434,0.1517,0.1625,0.1618
26351,34.07729945359963,35.8073504440774,2026-10-11,0.1434,0.1517,0.1529,0.1517
26327,34.081722718923444,35.8352618438476,2026-10-05,0.2351,0.2287,0.276,0.2486
26327,34.081722718923444,35.8352618438476,2026-10-06,0.184,0.179,0.1942,0.179
26327,34.081722718923444,35.8352618438476,2026-10-07,0.1635,0.1691,0.1737,0.1591
26327,34.081722718923444,35.8352618438476,2026-10-08,0.1635,0.1691,0.2351,0.1691
26327,34.081722718923444,35.8352618438476,2026-10-09,0.1635,0.1591,0.1942,0.1591
26327,34.081722718923444,35.8352618438476,2026-10-10,0.1533,0.1492,0.1737,0.1591
26327,34.081722718923444,35.8352618438476,2026-10-11,0.1533,0.1492,0.1635,0.1492
25479,34.07344213371968,35.773223053138295,2026-10-05,0.2188,0.2328,0.2569,0.253
25479,34.07344213371968,35.773223053138295,2026-10-06,0.1713,0.1822,0.1808,0.1822
25479,34.07344213371968,35.773223053138295,2026-10-07,0.1522,0.1721,0.1618,0.1619
25479,34.07344213371968,35.773223053138295,2026-10-08,0.1522,0.1721,0.2188,0.1721
25479,34.07344213371968,35.773223053138295,2026-10-09,0.1522,0.1619,0.1808,0.1619
25479,34.07344213371968,35.773223053138295,2026-10-10,0.1427,0.1518,0.1618,0.1619
25479,34.07344213371968,35.773223053138295,2026-10-11,0.1427,0.1518,0.1522,0.1518
26003,34.0821891902881,35.848193319409575,2026-10-05,0.2413,0.2272,0.2833,0.2469
26003,34.0821891902881,35.848193319409575,2026-10-06,0.1889,0.1778,0.1994,0.1778
26003,34.0821891902881,35.848193319409575,2026-10-07,0.1679,0.1679,0.1784,0.158
26003,34.0821891902881,35.848193319409575,2026-10-08,0.1679,0.1679,0.2413,0.1679
26003,34.0821891902881,35.848193319409575,2026-10-09,0.1679,0.158,0.1994,0.158
26003,34.0821891902881,35.848193319409575,2026-10-10,0.1574,0.1482,0.1784,0.158
26003,34.0821891902881,35.848193319409575,2026-10-11,0.1574,0.1482,0.1679,0.1482
26005,34.077545241027316,35.87811216521433,2026-10-05,0.2414,0.2271,0.2834,0.2469
26005,34.077545241027316,35.87811216521433,2026-10-06,0.1889,0.1778,0.1994,0.1778
26005,34.077545241027316,35.87811216521433,2026-10-07,0.1679,0.1679,0.1784,0.158
26005,34.077545241027316,35.87811216521433,2026-10-08,0.1679,0.1679,0.2414,0.1679
26005,34.077545241027316,35.87811216521433,2026-10-09,0.1679,0.158,0.1994,0.158
26005,34.077545241027316,35.87811216521433,2026-10-10,0.1575,0.1481,0.1784,0.158
26005,34.077545241027316,35.87811216521433,2026-10-11,0.1575,0.1481,0.1679,0.1481
26004,34.07925535347338,35.833973930200074,2026-10-05,0.2007,0.2373,0.2356,0.258
26004,34.07925535347338,35.833973930200074,2026-10-06,0.157,0.1857,0.1658,0.1857
26004,34.07925535347338,35.833973930200074,2026-10-07,0.1396,0.1754,0.1483,0.1651
26004,34.07925535347338,35.833973930200074,2026-10-08,0.1396,0.1754,0.2007,0.1754
26004,34.07925535347338,35.833973930200074,2026-10-09,0.1396,0.1651,0.1658,0.1651
26004,34.07925535347338,35.833973930200074,2026-10-10,0.1309,0.1548,0.1483,0.1651
26004,34.07925535347338,35.833973930200074,2026-10-11,0.1309,0.1548,0.1396,0.1548
26006,34.07859360588563,35.86525215918403,2026-10-05,0.2624,0.2219,0.308,0.2412
26006,34.07859360588563,35.86525215918403,2026-10-06,0.2053,0.1737,0.2167,0.1737
26006,34.07859360588563,35.86525215918403,2026-10-07,0.1825,0.164,0.1939,0.1544
26006,34.07859360588563,35.86525215918403,2026-10-08,0.1825,0.164,0.2624,0.164
26006,34.07859360588563,35.86525215918403,2026-10-09,0.1825,0.1544,0.2167,0.1544
26006,34.07859360588563,35.86525215918403,2026-10-10,0.1711,0.1447,0.1939,0.1544
26006,34.07859360588563,35.86525215918403,2026-10-11,0.1711,0.1447,0.1825,0.1447
25367,34.07130552780926,35.710478675901776,2026-10-05,0.215,0.2338,0.2523,0.2541
25367,34.07130552780926,35.710478675901776,2026-10-06,0.1682,0.1829,0.1776,0.1829
25367,34.07130552780926,35.710478675901776,2026-10-07,0.1495,0.1728,0.1589,0.1626
25367,34.07130552780926,35.710478675901776,2026-10-08,0.1495,0.1728,0.215,0.1728
25367,34.07130552780926,35.710478675901776,2026-10-09,0.1495,0.1626,0.1776,0.1626
25367,34.07130552780926,35.710478675901776,2026-10-10,0.1402,0.1525,0.1589,0.1626
25367,34.07130552780926,35.710478675901776,2026-10-11,0.1402,0.1525,0.1495,0.1525
26367,34.062492297729506,35.811762822802464,2026-10-05,0.253,0.2242,0.297,0.2437
26367,34.062492297729506,35.811762822802464,2026-10-06,0.198,0.1755,0.209,0.1755
26367,34.062492297729506,35.811762822802464,2026-10-07,0.176,0.1657,0.187,0.156
26367,34.062492297729506,35.811762822802464,2026-10-08,0.176,0.1657,0.253,0.1657
26367,34.062492297729506,35.811762822802464,2026-10-09,0.176,0.156,0.209,0.156
26367,34.062492297729506,35.811762822802464,2026-10-10,0.165,0.1462,0.187,0.156
26367,34.062492297729506,35.811762822802464,2026-10-11,0.165,0.1462,0.176,0.1462
26007,34.06898971599485,35.86747189738713,2026-10-05,0.2139,0.234,0.2512,0.2544
26007,34.06898971599485,35.86747189738713,2026-10-06,0.1674,0.1831,0.1767,0.1831
26007,34.06898971599485,35.86747189738713,2026-10-07,0.1488,0.173,0.1581,0.1628
26007,34.06898971599485,35.86747189738713,2026-10-08,0.1488,0.173,0.2139,0.173
26007,34.06898971599485,35.86747189738713,2026-10-09,0.1488,0.1628,0.1767,0.1628
26007,34.06898971599485,35.86747189738713,2026-10-10,0.1395,0.1526,0.1581,0.1628
26007,34.06898971599485,35.86747189738713,2026-10-11,0.1395,0.1526,0.1488,0.1526
26364,34.06424563039847,35.900831246694025,2026-10-05,0.2086,0.2353,0.2449,0.2558
26364,34.06424563039847,35.900831246694025,2026-10-06,0.1633,0.1842,0.1723,0.1842
26364,34.06424563039847,35.900831246694025,2026-10-07,0.1451,0.174,0.1542,0.1637
26364,34.06424563039847,35.900831246694025,2026-10-08,0.1451,0.174,0.2086,0.174
26364,34.06424563039847,35.900831246694025,2026-10-09,0.1451,0.1637,0.1723,0.1637
26364,34.06424563039847,35.900831246694025,2026-10-10,0.136,0.1535,0.1542,0.1637
26364,34.06424563039847,35.900831246694025,2026-10-11,0.136,0.1535,0.1451,0.1535
26008,34.071401378853324,35.94208878791082,2026-10-05,0.2682,0.2204,0.3149,0.2396
26008,34.071401378853324,35.94208878791082,2026-10-06,0.2099,0.1725,0.2216,0.1725
26008,34.071401378853324,35.94208878791082,2026-10-07,0.1866,0.1629,0.1983,0.1533
26008,34.071401378853324,35.94208878791082,2026-10-08,0.1866,0.1629,0.2682,0.1629
26008,34.071401378853324,35.94208878791082,2026-10-09,0.1866,0.1533,0.2216,0.1533
26008,34.071401378853324,35.94208878791082,2026-10-10,0.1749,0.1438,0.1983,0.1533
26008,34.071401378853324,35.94208878791082,2026-10-11,0.1749,0.1438,0.1866,0.1438
26009,34.0677021651437,35.83561056657365,2026-10-05,0.2389,0.2278,0.2804,0.2476
26009,34.0677021651437,35.83561056657365,2026-10-06,0.187,0.1783,0.1973,0.1783
26009,34.0677021651437,35.83561056657365,2026-10-07,0.1662,0.1684,0.1766,0.1585
26009,34.0677021651437,35.83561056657365,2026-10-08,0.1662,0.1684,0.2389,0.1684
26009,34.0677021651437,35.83561056657365,2026-10-09,0.1662,0.1585,0.1973,0.1585
26009,34.0677021651437,35.83561056657365,2026-10-10,0.1558,0.1486,0.1766,0.1585
26009,34.0677021651437,35.83561056657365,2026-10-11,0.1558,0.1486,0.1662,0.1486
25001,34.05601833671855,35.91551455220907,2026-10-05,0.2501,0.225,0.2936,0.2445
25001,34.05601833671855,35.91551455220907,2026-10-06,0.1957,0.1761,0.2066,0.1761
25001,34.05601833671855,35.91551455220907,2026-10-07,0.174,0.1663,0.1849,0.1565
25001,34.05601833671855,35.91551455220907,2026-10-08,0.174,0.1663,0.2501,0.1663
25001,34.05601833671855,35.91551455220907,2026-10-09,0.174,0.1565,0.2066,0.1565
25001,34.05601833671855,35.91551455220907,2026-10-10,0.1631,0.1467,0.1849,0.1565
25001,34.05601833671855,35.91551455220907,2026-10-11,0.1631,0.1467,0.174,0.1467
25488,34.04440919840364,35.884635727903074,2026-10-05,0.26,0.2225,0.3052,0.2419
25488,34.04440919840364,35.884635727903074,2026-10-06,0.2035,0.1741,0.2148,0.1741
25488,34.04440919840364,35.884635727903074,2026-10-07,0.1808,0.1645,0.1922,0.1548
25488,34.04440919840364,35.884635727903074,2026-10-08,0.1808,0.1645,0.26,0.1645
25488,34.04440919840364,35.884635727903074,2026-10-09,0.1808,0.1548,0.2148,0.1548
25488,34.04440919840364,35.884635727903074,2026-10-10,0.1695,0.1451,0.1922,0.1548
25488,34.04440919840364,35.884635727903074,2026-10-11,0.1695,0.1451,0.1808,0.1451
25176,34.059096874807665,35.64650112547871,2026-10-05,0.2564,0.2234,0.301,0.2428
25176,34.059096874807665,35.64650112547871,2026-10-06,0.2007,0.1748,0.2118,0.1748
25176,34.059096874807665,35.64650112547871,2026-10-07,0.1784,0.1651,0.1895,0.1554
25176,34.059096874807665,35.64650112547871,2026-10-08,0.1784,0.1651,0.2564,0.1651
25176,34.059096874807665,35.64650112547871,2026-10-09,0.1784,0.1554,0.2118,0.1554
25176,34.059096874807665,35.64650112547871,2026-10-10,0.1672,0.1457,0.1895,0.1554
25176,34.059096874807665,35.64650112547871,2026-10-11,0.1672,0.1457,0.1784,0.1457
25345,34.05115610404929,35.7025223916852,2026-10-05,0.2259,0.231,0.2651,0.2511
25345,34.05115610404929,35.7025223916852,2026-10-06,0.1768,0.1808,0.1866,0.1808
25345,34.05115610404929,35.7025223916852,2026-10-07,0.1571,0.1708,0.1669,0.1607
25345,34.05115610404929,35.7025223916852,2026-10-08,0.1571,0.1708,0.2259,0.1708
25345,34.05115610404929,35.7025223916852,2026-10-09,0.1571,0.1607,0.1866,0.1607
25345,34.05115610404929,35.7025223916852,2026-10-10,0.1473,0.1507,0.1669,0.1607
25345,34.05115610404929,35.7025223916852,2026-10-11,0.1473,0.1507,0.1571,0.1507
25485,34.03829633482896,35.84024210040246,2026-10-05,0.2695,0.2201,0.3163,0.2393
25485,34.03829633482896,35.84024210040246,2026-10-06,0.2109,0.1723,0.2226,0.1723
25485,34.03829633482896,35.84024210040246,2026-10-07,0.1875,0.1627,0.1992,0.1531
25485,34.03829633482896,35.84024210040246,2026-10-08,0.1875,0.1627,0.2695,0.1627
25485,34.03829633482896,35.84024210040246,2026-10-09,0.1875,0.1531,0.2226,0.1531
25485,34.03829633482896,35.84024210040246,2026-10-10,0.1757,0.1436,0.1992,0.1531
25485,34.03829633482896,35.84024210040246,2026-10-11,0.1757,0.1436,0.1875,0.1436
53159,34.0400806553313,36.11721346239993,2026-10-05,0.2538,0.224,0.298,0.2435
53159,34.0400806553313,36.11721346239993,2026-10-06,0.1986,0.1753,0.2097,0.1753
53159,34.0400806553313,36.11721346239993,2026-10-07,0.1766,0.1656,0.1876,0.1559
53159,34.0400806553313,36.11721346239993,2026-10-08,0.1766,0.1656,0.2538,0.1656
53159,34.0400806553313,36.11721346239993,2026-10-09,0.1766,0.1559,0.2097,0.1559
53159,34.0400806553313,36.11721346239993,2026-10-10,0.1655,0.1461,0.1876,0.1559
53159,34.0400806553313,36.11721346239993,2026-10-11,0.1655,0.1461,0.1766,0.1461
25455,34.02307075125693,35.756441060330346,2026-10-05,0.2507,0.2248,0.2942,0.2444
25455,34.02307075125693,35.756441060330346,2026-10-06,0.1962,0.176,0.2071,0.176
25455,34.02307075125693,35.756441060330346,2026-10-07,0.1744,0.1662,0.1853,0.1564
25455,34.02307075125693,35.756441060330346,2026-10-08,0.1744,0.1662,0.2507,0.1662
25455,34.02307075125693,35.756441060330346,2026-10-09,0.1744,0.1564,0.2071,0.1564
25455,34.02307075125693,35.756441060330346,2026-10-10,0.1635,0.1466,0.1853,0.1564
25455,34.02307075125693,35.756441060330346,2026-10-11,0.1635,0.1466,0.1744,0.1466
25467,34.04005442247678,35.7705974734117,2026-10-05,0.2664,0.2209,0.3127,0.2401
25467,34.04005442247678,35.7705974734117,2026-10-06,0.2085,0.1729,0.2201,0.1729
25467,34.04005442247678,35.7705974734117,2026-10-07,0.1853,0.1633,0.1969,0.1537
25467,34.04005442247678,35.7705974734117,2026-10-08,0.1853,0.1633,0.2664,0.1633
25467,34.04005442247678,35.7705974734117,2026-10-09,0.1853,0.1537,0.2201,0.1537
25467,34.04005442247678,35.7705974734117,2026-10-10,0.1737,0.1441,0.1969,0.1537
25467,34.04005442247678,35.7705974734117,2026-10-11,0.1737,0.1441,0.1853,0.1441
25359,34.03694630756451,35.73466997597416,2026-10-05,0.2129,0.2343,0.25,0.2546
25359,34.03694630756451,35.73466997597416,2026-10-06,0.1667,0.1833,0.1759,0.1833
25359,34.03694630756451,35.73466997597416,2026-10-07,0.1481,0.1732,0.1574,0.163
25359,34.03694630756451,35.73466997597416,2026-10-08,0.1481,0.1732,0.2129,0.1732
25359,34.03694630756451,35.73466997597416,2026-10-09,0.1481,0.163,0.1759,0.163
25359,34.03694630756451,35.73466997597416,2026-10-10,0.1389,0.1528,0.1574,0.163
25359,34.03694630756451,35.73466997597416,2026-10-11,0.1389,0.1528,0.1481,0.1528
25002,34.015216271808875,35.88591889173885,2026-10-05,0.2021,0.237,0.2372,0.2576
25002,34.015216271808875,35.88591889173885,2026-10-06,0.1581,0.1855,0.1669,0.1855
25002,34.015216271808875,35.88591889173885,2026-10-07,0.1406,0.1752,0.1493,0.1649
25002,34.015216271808875,35.88591889173885,2026-10-08,0.1406,0.1752,0.2021,0.1752
25002,34.015216271808875,35.88591889173885,2026-10-09,0.1406,0.1649,0.1669,0.1649
25002,34.015216271808875,35.88591889173885,2026-10-10,0.1318,0.1546,0.1493,0.1649
25002,34.015216271808875,35.88591889173885,2026-10-11,0.1318,0.1546,0.1406,0.1546
53171,34.019240235700494,36.02586119351827,2026-10-05,0.2616,0.2221,0.3071,0.2414
53171,34.019240235700494,36.02586119351827,2026-10-06,0.2048,0.1738,0.2161,0.1738
53171,34.019240235700494,36.02586119351827,2026-10-07,0.182,0.1642,0.1934,0.1545
53171,34.019240235700494,36.02586119351827,2026-10-08,0.182,0.1642,0.2616,0.1642
53171,34.019240235700494,36.02586119351827,2026-10-09,0.182,0.1545,0.2161,0.1545
53171,34.019240235700494,36.02586119351827,2026-10-10,0.1706,0.1448,0.1934,0.1545
53171,34.019240235700494,36.02586119351827,2026-10-11,0.1706,0.1448,0.182,0.1448
53131,33.99425936848927,36.29562617600977,2026-10-05,0.2091,0.2352,0.2454,0.2557
53131,33.99425936848927,36.29562617600977,2026-10-06,0.1636,0.1841,0.1727,0.1841
53131,33.99425936848927,36.29562617600977,2026-10-07,0.1454,0.1739,0.1545,0.1636
53131,33.99425936848927,36.29562617600977,2026-10-08,0.1454,0.1739,0.2091,0.1739
53131,33.99425936848927,36.29562617600977,2026-10-09,0.1454,0.1636,0.1727,0.1636
53131,33.99425936848927,36.29562617600977,2026-10-10,0.1363,0.1534,0.1545,0.1636
53131,33.99425936848927,36.29562617600977,2026-10-11,0.1363,0.1534,0.1454,0.1534
25482,33.99180978603198,35.85041622885746,2026-10-05,0.2013,0.2372,0.2363,0.2578
25482,33.99180978603198,35.85041622885746,2026-10-06,0.1575,0.1856,0.1663,0.1856
25482,33.99180978603198,35.85041622885746,2026-10-07,0.14,0.1753,0.1488,0.165
25482,33.99180978603198,35.85041622885746,2026-10-08,0.14,0.1753,0.2013,0.1753
25482,33.99180978603198,35.85041622885746,2026-10-09,0.14,0.165,0.1663,0.165
25482,33.99180978603198,35.85041622885746,2026-10-10,0.1313,0.1547,0.1488,0.165
25482,33.99180978603198,35.85041622885746,2026-10-11,0.1313,0.1547,0.14,0.1547
53423,33.96730240946935,35.958815507906905,2026-10-05,0.264,0.2215,0.3099,0.2408
53423,33.96730240946935,35.958815507906905,2026-10-06,0.2066,0.1734,0.2181,0.1734
53423,33.96730240946935,35.958815507906905,2026-10-07,0.1836,0.1637,0.1951,0.1541
53423,33.96730240946935,35.958815507906905,2026-10-08,0.1836,0.1637,0.264,0.1637
53423,33.96730240946935,35.958815507906905,2026-10-09,0.1836,0.1541,0.2181,0.1541
53423,33.96730240946935,35.958815507906905,2026-10-10,0.1722,0.1445,0.1951,0.1541
53423,33.96730240946935,35.958815507906905,2026-10-11,0.1722,0.1445,0.1836,0.1445
25335,33.99002086370745,35.656791739306534,2026-10-05,0.2066,0.2358,0.2426,0.2564
25335,33.99002086370745,35.656791739306534,2026-10-06,0.1617,0.1846,0.1707,0.1846
25335,33.99002086370745,35.656791739306534,2026-10-07,0.1437,0.1743,0.1527,0.1641
25335,33.99002086370745,35.656791739306534,2026-10-08,0.1437,0.1743,0.2066,0.1743
25335,33.99002086370745,35.656791739306534,2026-10-09,0.1437,0.1641,0.1707,0.1641
25335,33.99002086370745,35.656791739306534,2026-10-10,0.1348,0.1538,0.1527,0.1641
25335,33.99002086370745,35.656791739306534,2026-10-11,0.1348,0.1538,0.1437,0.1538
25003,33.97790378503284,35.689277587614185,2026-10-05,0.2245,0.2314,0.2635,0.2515
25003,33.97790378503284,35.689277587614185,2026-10-06,0.1757,0.1811,0.1854,0.1811
25003,33.97790378503284,35.689277587614185,2026-10-07,0.1562,0.171,0.1659,0.161
25003,33.97790378503284,35.689277587614185,2026-10-08,0.1562,0.171,0.2245,0.171
25003,33.97790378503284,35.689277587614185,2026-10-09,0.1562,0.161,0.1854,0.161
25003,33.97790378503284,35.689277587614185,2026-10-10,0.1464,0.1509,0.1659,0.161
25003,33.97790378503284,35.689277587614185,2026-10-11,0.1464,0.1509,0.1562,0.1509
22799,33.97804935685952,35.80289548934542,2026-10-05,0.2164,0.2334,0.254,0.2537
22799,33.97804935685952,35.80289548934542,2026-10-06,0.1693,0.1827,0.1787,0.1827
22799,33.97804935685952,35.80289548934542,2026-10-07,0.1505,0.1725,0.1599,0.1624
22799,33.97804935685952,35.80289548934542,2026-10-08,0.1505,0.1725,0.2164,0.1725
22799,33.97804935685952,35.80289548934542,2026-10-09,0.1505,0.1624,0.1787,0.1624
22799,33.97804935685952,35.80289548934542,2026-10-10,0.1411,0.1522,0.1599,0.1624
22799,33.97804935685952,35.80289548934542,2026-10-11,0.1411,0.1522,0.1505,0.1522
25443,33.9643978331573,35.761347282555896,2026-10-05,0.2211,0.2322,0.2595,0.2524
25443,33.9643978331573,35.761347282555896,2026-10-06,0.173,0.1817,0.1826,0.1817
25443,33.9643978331573,35.761347282555896,2026-10-07,0.1538,0.1716,0.1634,0.1616
25443,33.9643978331573,35.761347282555896,2026-10-08,0.1538,0.1716,0.2211,0.1716
25443,33.9643978331573,35.761347282555896,2026-10-09,0.1538,0.1616,0.1826,0.1616
25443,33.9643978331573,35.761347282555896,2026-10-10,0.1442,0.1515,0.1634,0.1616
25443,33.9643978331573,35.761347282555896,2026-10-11,0.1442,0.1515,0.1538,0.1515
25419,33.96487741228027,35.70161483844114,2026-10-05,0.1999,0.2375,0.2347,0.2582
25419,33.96487741228027,35.70161483844114,2026-10-06,0.1565,0.1859,0.1651,0.1859
25419,33.96487741228027,35.70161483844114,2026-10-07,0.1391,0.1756,0.1478,0.1652
25419,33.96487741228027,35.70161483844114,2026-10-08,0.1391,0.1756,0.1999,0.1756
25419,33.96487741228027,35.70161483844114,2026-10-09,0.1391,0.1652,0.1651,0.1652
25419,33.96487741228027,35.70161483844114,2026-10-10,0.1304,0.1549,0.1478,0.1652
25419,33.96487741228027,35.70161483844114,2026-10-11,0.1304,0.1549,0.1391,0.1549
53163,33.956442364693835,36.264845751969524,2026-10-05,0.2351,0.2287,0.2759,0.2486
53163,33.956442364693835,36.264845751969524,2026-10-06,0.184,0.179,0.1942,0.179
53163,33.956442364693835,36.264845751969524,2026-10-07,0.1635,0.1691,0.1737,0.1591
53163,33.956442364693835,36.264845751969524,2026-10-08,0.1635,0.1691,0.2351,0.1691
53163,33.956442364693835,36.264845751969524,2026-10-09,0.1635,0.1591,0.1942,0.1591
53163,33.956442364693835,36.264845751969524,2026-10-10,0.1533,0.1492,0.1737,0.1591
53163,33.956442364693835,36.264845751969524,2026-10-11,0.1533,0.1492,0.1635,0.1492
25447,33.961899161147315,35.74429492381745,2026-10-05,0.2101,0.235,0.2467,0.2554
25447,33.961899161147315,35.74429492381745,2026-10-06,0.1644,0.1839,0.1736,0.1839
25447,33.961899161147315,35.74429492381745,2026-10-07,0.1462,0.1737,0.1553,0.1635
25447,33.961899161147315,35.74429492381745,2026-10-08,0.1462,0.1737,0.2101,0.1737
25447,33.961899161147315,35.74429492381745,2026-10-09,0.1462,0.1635,0.1736,0.1635
25447,33.961899161147315,35.74429492381745,2026-10-10,0.137,0.1532,0.1553,0.1635
25447,33.961899161147315,35.74429492381745,2026-10-11,0.137,0.1532,0.1462,0.1532
25281,33.95265868083005,35.63177718300482,2026-10-05,0.237,0.2282,0.2783,0.2481
25281,33.95265868083005,35.63177718300482,2026-10-06,0.1855,0.1786,0.1958,0.1786
25281,33.95265868083005,35.63177718300482,2026-10-07,0.1649,0.1687,0.1752,0.1588
25281,33.95265868083005,35.63177718300482,2026-10-08,0.1649,0.1687,0.237,0.1687
25281,33.95265868083005,35.63177718300482,2026-10-09,0.1649,0.1588,0.1958,0.1588
25281,33.95265868083005,35.63177718300482,2026-10-10,0.1546,0.1489,0.1752,0.1588
25281,33.95265868083005,35.63177718300482,2026-10-11,0.1546,0.1489,0.1649,0.1489
22799,33.954685551160516,35.7616579921089,2026-10-05,0.217,0.2332,0.2547,0.2535
22799,33.954685551160516,35.7616579921089,2026-10-06,0.1698,0.1825,0.1793,0.1825
22799,33.954685551160516,35.7616579921089,2026-10-07,0.151,0.1724,0.1604,0.1623
22799,33.954685551160516,35.7616579921089,2026-10-08,0.151,0.1724,0.217,0.1724
22799,33.954685551160516,35.7616579921089,2026-10-09,0.151,0.1623,0.1793,0.1623
22799,33.954685551160516,35.7616579921089,2026-10-10,0.1415,0.1521,0.1604,0.1623
22799,33.954685551160516,35.7616579921089,2026-10-11,0.1415,0.1521,0.151,0.1521
25447,33.95720055165095,35.77184426294649,2026-10-05,0.2091,0.2352,0.2454,0.2557
25447,33.95720055165095,35.77184426294649,2026-10-06,0.1636,0.1841,0.1727,0.1841
25447,33.95720055165095,35.77184426294649,2026-10-07,0.1455,0.1739,0.1545,0.1636
25447,33.95720055165095,35.77184426294649,2026-10-08,0.1455,0.1739,0.2091,0.1739
25447,33.95720055165095,35.77184426294649,2026-10-09,0.1455,0.1636,0.1727,0.1636
25447,33.95720055165095,35.77184426294649,2026-10-10,0.1364,0.1534,0.1545,0.1636
25447,33.95720055165095,35.77184426294649,2026-10-11,0.1364,0.1534,0.1455,0.1534
22781,33.94283944932425,35.74725196263596,2026-10-05,0.1928,0.2393,0.2264,0.2601
22781,33.94283944932425,35.74725196263596,2026-10-06,0.1509,0.1873,0.1593,0.1873
22781,33.94283944932425,35.74725196263596,2026-10-07,0.1342,0.1769,0.1425,0.1665
22781,33.94283944932425,35.74725196263596,2026-10-08,0.1342,0.1769,0.1928,0.1769
22781,33.94283944932425,35.74725196263596,2026-10-09,0.1342,0.1665,0.1593,0.1665
22781,33.94283944932425,35.74725196263596,2026-10-10,0.1258,0.1561,0.1425,0.1665
22781,33.94283944932425,35.74725196263596,2026-10-11,0.1258,0.1561,0.1342,0.1561
22487,33.944096387707035,35.628684536632015,2026-10-05,0.2489,0.2253,0.2921,0.2449
22487,33.944096387707035,35.628684536632015,2026-10-06,0.1948,0.1763,0.2056,0.1763
22487,33.944096387707035,35.628684536632015,2026-10-07,0.1731,0.1665,0.1839,0.1567
22487,33.944096387707035,35.628684536632015,2026-10-08,0.1731,0.1665,0.2489,0.1665
22487,33.944096387707035,35.628684536632015,2026-10-09,0.1731,0.1567,0.2056,0.1567
22487,33.944096387707035,35.628684536632015,2026-10-10,0.1623,0.1469,0.1839,0.1567
22487,33.944096387707035,35.628684536632015,2026-10-11,0.1623,0.1469,0.1731,0.1469
22787,33.943786151243984,35.754892913285865,2026-10-05,0.2343,0.2289,0.275,0.2488
22787,33.943786151243984,35.754892913285865,2026-10-06,0.1833,0.1792,0.1935,0.1792
22787,33.943786151243984,35.754892913285865,2026-10-07,0.163,0.1692,0.1732,0.1593
22787,33.943786151243984,35.754892913285865,2026-10-08,0.163,0.1692,0.2343,0.1692
22787,33.943786151243984,35.754892913285865,2026-10-09,0.163,0.1593,0.1935,0.1593
22787,33.943786151243984,35.754892913285865,2026-10-10,0.1528,0.1493,0.1732,0.1593
22787,33.943786151243984,35.754892913285865,2026-10-11,0.1528,0.1493,0.163,0.1493
22777,33.93886269526411,35.767592786073706,2026-10-05,0.26,0.2225,0.3052,0.2419
22777,33.93886269526411,35.767592786073706,2026-10-06,0.2035,0.1741,0.2148,0.1741
22777,33.93886269526411,35.767592786073706,2026-10-07,0.1809,0.1645,0.1922,0.1548
22777,33.93886269526411,35.767592786073706,2026-10-08,0.1809,0.1645,0.26,0.1645
22777,33.93886269526411,35.767592786073706,2026-10-09,0.1809,0.1548,0.2148,0.1548
22777,33.93886269526411,35.767592786073706,2026-10-10,0.1696,0.1451,0.1922,0.1548
22777,33.93886269526411,35.767592786073706,2026-10-11,0.1696,0.1451,0.1809,0.1451
22575,33.93860988551441,35.720405358428145,2026-10-05,0.205,0.2363,0.2406,0.2568
22575,33.93860988551441,35.720405358428145,2026-10-06,0.1604,0.1849,0.1693,0.1849
22575,33.93860988551441,35.720405358428145,2026-10-07,0.1426,0.1746,0.1515,0.1644
22575,33.93860988551441,35.720405358428145,2026-10-08,0.1426,0.1746,0.205,0.1746
22575,33.93860988551441,35.720405358428145,2026-10-09,0.1426,0.1644,0.1693,0.1644
22575,33.93860988551441,35.720405358428145,2026-10-10,0.1337,0.1541,0.1515,0.1644
22575,33.93860988551441,35.720405358428145,2026-10-11,0.1337,0.1541,0.1426,0.1541
53471,33.9347941175717,36.233824862791465,2026-10-05,0.2033,0.2367,0.2386,0.2573
53471,33.9347941175717,36.233824862791465,2026-10-06,0.1591,0.1852,0.1679,0.1852
53471,33.9347941175717,36.233824862791465,2026-10-07,0.1414,0.1749,0.1502,0.1647
53471,33.9347941175717,36.233824862791465,2026-10-08,0.1414,0.1749,0.2033,0.1749
53471,33.9347941175717,36.233824862791465,2026-10-09,0.1414,0.1647,0.1679,0.1647
53471,33.9347941175717,36.233824862791465,2026-10-10,0.1326,0.1544,0.1502,0.1647
53471,33.9347941175717,36.233824862791465,2026-10-11,0.1326,0.1544,0.1414,0.1544
53469,33.92281065422156,36.24565627904353,2026-10-05,0.2069,0.2358,0.2429,0.2563
53469,33.92281065422156,36.24565627904353,2026-10-06,0.1619,0.1845,0.1709,0.1845
53469,33.92281065422156,36.24565627904353,2026-10-07,0.1439,0.1743,0.1529,0.164
53469,33.92281065422156,36.24565627904353,2026-10-08,0.1439,0.1743,0.2069,0.1743
53469,33.92281065422156,36.24565627904353,2026-10-09,0.1439,0.164,0.1709,0.164
53469,33.92281065422156,36.24565627904353,2026-10-10,0.1349,0.1538,0.1529,0.164
53469,33.92281065422156,36.24565627904353,2026-10-11,0.1349,0.1538,0.1439,0.1538
22523,33.926098919431084,35.70071883260804,2026-10-05,0.2214,0.2322,0.2598,0.2524
22523,33.926098919431084,35.70071883260804,2026-10-06,0.1732,0.1817,0.1829,0.1817
22523,33.926098919431084,35.70071883260804,2026-10-07,0.154,0.1716,0.1636,0.1615
22523,33.926098919431084,35.70071883260804,2026-10-08,0.154,0.1716,0.2214,0.1716
22523,33.926098919431084,35.70071883260804,2026-10-09,0.154,0.1615,0.1829,0.1615
22523,33.926098919431084,35.70071883260804,2026-10-10,0.1444,0.1514,0.1636,0.1615
22523,33.926098919431084,35.70071883260804,2026-10-11,0.1444,0.1514,0.154,0.1514
10999,33.90520286428765,35.50849142301901,2026-10-05,0.2589,0.2228,0.3039,0.2421
10999,33.90520286428765,35.50849142301901,2026-10-06,0.2026,0.1743,0.2139,0.1743
10999,33.90520286428765,35.50849142301901,2026-10-07,0.1801,0.1647,0.1914,0.155
10999,33.90520286428765,35.50849142301901,2026-10-08,0.1801,0.1647,0.2589,0.1647
10999,33.90520286428765,35.50849142301901,2026-10-09,0.1801,0.155,0.2139,0.155
10999,33.90520286428765,35.50849142301901,2026-10-10,0.1688,0.1453,0.1914,0.155
10999,33.90520286428765,35.50849142301901,2026-10-11,0.1688,0.1453,0.1801,0.1453
53421,33.91655866745383,36.054167500350694,2026-10-05,0.226,0.231,0.2653,0.2511
53421,33.91655866745383,36.054167500350694,2026-10-06,0.1768,0.1808,0.1867,0.1808
53421,33.91655866745383,36.054167500350694,2026-10-07,0.1572,0.1707,0.167,0.1607
53421,33.91655866745383,36.054167500350694,2026-10-08,0.1572,0.1707,0.226,0.1707
53421,33.91655866745383,36.054167500350694,2026-10-09,0.1572,0.1607,0.1867,0.1607
53421,33.91655866745383,36.054167500350694,2026-10-10,0.1474,0.1507,0.167,0.1607
53421,33.91655866745383,36.054167500350694,2026-10-11,0.1474,0.1507,0.1572,0.1507
53465,33.896783098944084,36.236892321894615,2026-10-05,0.2058,0.236,0.2416,0.2566
53465,33.896783098944084,36.236892321894615,2026-10-06,0.1611,0.1847,0.17,0.1847
53465,33.896783098944084,36.236892321894615,2026-10-07,0.1432,0.1745,0.1521,0.1642
53465,33.896783098944084,36.236892321894615,2026-10-08,0.1432,0.1745,0.2058,0.1745
53465,33.896783098944084,36.236892321894615,2026-10-09,0.1432,0.1642,0.17,0.1642
53465,33.896783098944084,36.236892321894615,2026-10-10,0.1342,0.1539,0.1521,0.1642
53465,33.896783098944084,36.236892321894615,2026-10-11,0.1342,0.1539,0.1432,0.1539
22435,33.901044229449816,35.595092385670576,2026-10-05,0.2,0.2375,0.2348,0.2581
22435,33.901044229449816,35.595092385670576,2026-10-06,0.1565,0.1859,0.1652,0.1859
22435,33.901044229449816,35.595092385670576,2026-10-07,0.1391,0.1755,0.1478,0.1652
22435,33.901044229449816,35.595092385670576,2026-10-08,0.1391,0.1755,0.2,0.1755
22435,33.901044229449816,35.595092385670576,2026-10-09,0.1391,0.1652,0.1652,0.1652
22435,33.901044229449816,35.595092385670576,2026-10-10,0.1305,0.1549,0.1478,0.1652
22435,33.901044229449816,35.595092385670576,2026-10-11,0.1305,0.1549,0.1391,0.1549
22001,33.892321132725556,35.70468156190435,2026-10-05,0.2216,0.2321,0.2601,0.2523
22001,33.892321132725556,35.70468156190435,2026-10-06,0.1734,0.1816,0.183,0.1816
22001,33.892321132725556,35.70468156190435,2026-10-07,0.1541,0.1716,0.1638,0.1615
22001,33.892321132725556,35.70468156190435,2026-10-08,0.1541,0.1716,0.2216,0.1716
22001,33.892321132725556,35.70468156190435,2026-10-09,0.1541,0.1615,0.183,0.1615
22001,33.892321132725556,35.70468156190435,2026-10-10,0.1445,0.1514,0.1638,0.1615
22001,33.892321132725556,35.70468156190435,2026-10-11,0.1445,0.1514,0.1541,0.1514
22683,33.88764251539741,35.69163660683269,2026-10-05,0.2256,0.2311,0.2648,0.2512
22683,33.88764251539741,35.69163660683269,2026-10-06,0.1765,0.1809,0.1863,0.1809
22683,33.88764251539741,35.69163660683269,2026-10-07,0.1569,0.1708,0.1667,0.1608
22683,33.88764251539741,35.69163660683269,2026-10-08,0.1569,0.1708,0.2256,0.1708
22683,33.88764251539741,35.69163660683269,2026-10-09,0.1569,0.1608,0.1863,0.1608
22683,33.88764251539741,35.69163660683269,2026-10-10,0.1471,0.1507,0.1667,0.1608
22683,33.88764251539741,35.69163660683269,2026-10-11,0.1471,0.1507,0.1569,0.1507
22635,33.88153979051193,35.65797996111221,2026-10-05,0.2451,0.2262,0.2878,0.2459
22635,33.88153979051193,35.65797996111221,2026-10-06,0.1918,0.177,0.2025,0.177
22635,33.88153979051193,35.65797996111221,2026-10-07,0.1705,0.1672,0.1812,0.1574
22635,33.88153979051193,35.65797996111221,2026-10-08,0.1705,0.1672,0.2451,0.1672
22635,33.88153979051193,35.65797996111221,2026-10-09,0.1705,0.1574,0.2025,0.1574
22635,33.88153979051193,35.65797996111221,2026-10-10,0.1599,0.1475,0.1812,0.1574
22635,33.88153979051193,35.65797996111221,2026-10-11,0.1599,0.1475,0.1705,0.1475
22717,33.88329865150969,35.74415459078745,2026-10-05,0.2216,0.2321,0.2602,0.2523
22717,33.88329865150969,35.74415459078745,2026-10-06,0.1735,0.1816,0.1831,0.1816
22717,33.88329865150969,35.74415459078745,2026-10-07,0.1542,0.1715,0.1638,0.1615
22717,33.88329865150969,35.74415459078745,2026-10-08,0.1542,0.1715,0.2216,0.1715
22717,33.88329865150969,35.74415459078745,2026-10-09,0.1542,0.1615,0.1831,0.1615
22717,33.88329865150969,35.74415459078745,2026-10-10,0.1445,0.1514,0.1638,0.1615
22717,33.88329865150969,35.74415459078745,2026-10-11,0.1445,0.1514,0.1542,0.1514
22627,33.87981338081388,35.64024382477704,2026-10-05,0.2194,0.2327,0.2575,0.2529
22627,33.87981338081388,35.64024382477704,2026-10-06,0.1717,0.1821,0.1812,0.1821
22627,33.87981338081388,35.64024382477704,2026-10-07,0.1526,0.172,0.1621,0.1619
22627,33.87981338081388,35.64024382477704,2026-10-08,0.1526,0.172,0.2194,0.172
22627,33.87981338081388,35.64024382477704,2026-10-09,0.1526,0.1619,0.1812,0.1619
22627,33.87981338081388,35.64024382477704,2026-10-10,0.1431,0.1517,0.1621,0.1619
22627,33.87981338081388,35.64024382477704,2026-10-11,0.1431,0.1517,0.1526,0.1517
21481,33.8762471781771,35.816084151574074,2026-10-05,0.2577,0.2231,0.3025,0.2425
21481,33.8762471781771,35.816084151574074,2026-10-06,0.2017,0.1746,0.2129,0.1746
21481,33.8762471781771,35.816084151574074,2026-10-07,0.1793,0.1649,0.1905,0.1552
21481,33.8762471781771,35.816084151574074,2026-10-08,0.1793,0.1649,0.2577,0.1649
21481,33.8762471781771,35.816084151574074,2026-10-09,0.1793,0.1552,0.2129,0.1552
21481,33.8762471781771,35.816084151574074,2026-10-10,0.1681,0.1455,0.1905,0.1552
21481,33.8762471781771,35.816084151574074,2026-10-11,0.1681,0.1455,0.1793,0.1455
22002,33.88562928485995,35.77006740674072,2026-10-05,0.2139,0.234,0.2511,0.2544
22002,33.88562928485995,35.77006740674072,2026-10-06,0.1674,0.1831,0.1767,0.1831
22002,33.88562928485995,35.77006740674072,2026-10-07,0.1488,0.173,0.1581,0.1628
22002,33.88562928485995,35.77006740674072,2026-10-08,0.1488,0.173,0.2139,0.173
22002,33.88562928485995,35.77006740674072,2026-10-09,0.1488,0.1628,0.1767,0.1628
22002,33.88562928485995,35.77006740674072,2026-10-10,0.1395,0.1526,0.1581,0.1628
22002,33.88562928485995,35.77006740674072,2026-10-11,0.1395,0.1526,0.1488,0.1526
53463,33.86167920342548,36.21659323419535,2026-10-05,0.2292,0.2302,0.2691,0.2502
53463,33.86167920342548,36.21659323419535,2026-10-06,0.1794,0.1801,0.1894,0.1801
53463,33.86167920342548,36.21659323419535,2026-10-07,0.1595,0.1701,0.1694,0.1601
53463,33.86167920342548,36.21659323419535,2026-10-08,0.1595,0.1701,0.2292,0.1701
53463,33.86167920342548,36.21659323419535,2026-10-09,0.1595,0.1601,0.1894,0.1601
53463,33.86167920342548,36.21659323419535,2026-10-10,0.1495,0.1501,0.1694,0.1601
53463,33.86167920342548,36.21659323419535,2026-10-11,0.1495,0.1501,0.1595,0.1501
53475,33.86456460469213,36.32390316807744,2026-10-05,0.2009,0.2373,0.2359,0.2579
53475,33.86456460469213,36.32390316807744,2026-10-06,0.1572,0.1857,0.166,0.1857
53475,33.86456460469213,36.32390316807744,2026-10-07,0.1398,0.1754,0.1485,0.1651
53475,33.86456460469213,36.32390316807744,2026-10-08,0.1398,0.1754,0.2009,0.1754
53475,33.86456460469213,36.32390316807744,2026-10-09,0.1398,0.1651,0.166,0.1651
53475,33.86456460469213,36.32390316807744,2026-10-10,0.131,0.1547,0.1485,0.1651
53475,33.86456460469213,36.32390316807744,2026-10-11,0.131,0.1547,0.1398,0.1547
53473,33.85347783648718,36.296179436566504,2026-10-05,0.1941,0.239,0.2279,0.2598
53473,33.85347783648718,36.296179436566504,2026-10-06,0.1519,0.187,0.1603,0.187
53473,33.85347783648718,36.296179436566504,2026-10-07,0.135,0.1766,0.1435,0.1662
53473,33.85347783648718,36.296179436566504,2026-10-08,0.135,0.1766,0.1941,0.1766
53473,33.85347783648718,36.296179436566504,2026-10-09,0.135,0.1662,0.1603,0.1662
53473,33.85347783648718,36.296179436566504,2026-10-10,0.1266,0.1559,0.1435,0.1662
53473,33.85347783648718,36.296179436566504,2026-10-11,0.1266,0.1559,0.135,0.1559
51354,33.86120828452358,36.06806233385949,2026-10-05,0.2511,0.2247,0.2948,0.2443
51354,33.86120828452358,36.06806233385949,2026-10-06,0.1965,0.1759,0.2074,0.1759
51354,33.86120828452358,36.06806233385949,2026-10-07,0.1747,0.1661,0.1856,0.1563
51354,33.86120828452358,36.06806233385949,2026-10-08,0.1747,0.1661,0.2511,0.1661
51354,33.86120828452358,36.06806233385949,2026-10-09,0.1747,0.1563,0.2074,0.1563
51354,33.86120828452358,36.06806233385949,2026-10-10,0.1638,0.1466,0.1856,0.1563
51354,33.86120828452358,36.06806233385949,2026-10-11,0.1638,0.1466,0.1747,0.1466
53461,33.84992399001335,36.196429519173094,2026-10-05,0.2537,0.2241,0.2978,0.2436
53461,33.84992399001335,36.196429519173094,2026-10-06,0.1985,0.1754,0.2095,0.1754
53461,33.84992399001335,36.196429519173094,2026-10-07,0.1765,0.1656,0.1875,0.1559
53461,33.84992399001335,36.196429519173094,2026-10-08,0.1765,0.1656,0.2537,0.1656
53461,33.84992399001335,36.196429519173094,2026-10-09,0.1765,0.1559,0.2095,0.1559
53461,33.84992399001335,36.196429519173094,2026-10-10,0.1654,0.1461,0.1875,0.1559
53461,33.84992399001335,36.196429519173094,2026-10-11,0.1654,0.1461,0.1765,0.1461
51335,33.85680281070147,35.98750307802621,2026-10-05,0.2287,0.2303,0.2685,0.2503
51335,33.85680281070147,35.98750307802621,2026-10-06,0.179,0.1802,0.189,0.1802
51335,33.85680281070147,35.98750307802621,2026-10-07,0.1591,0.1702,0.1691,0.1602
51335,33.85680281070147,35.98750307802621,2026-10-08,0.1591,0.1702,0.2287,0.1702
51335,33.85680281070147,35.98750307802621,2026-10-09,0.1591,0.1602,0.189,0.1602
51335,33.85680281070147,35.98750307802621,2026-10-10,0.1492,0.1502,0.1691,0.1602
51335,33.85680281070147,35.98750307802621,2026-10-11,0.1492,0.1502,0.1591,0.1502
53447,33.84033515213802,36.094969886133214,2026-10-05,0.2331,0.2292,0.2736,0.2492
53447,33.84033515213802,36.094969886133214,2026-10-06,0.1824,0.1794,0.1925,0.1794
53447,33.84033515213802,36.094969886133214,2026-10-07,0.1621,0.1694,0.1723,0.1595
53447,33.84033515213802,36.094969886133214,2026-10-08,0.1621,0.1694,0.2331,0.1694
53447,33.84033515213802,36.094969886133214,2026-10-09,0.1621,0.1595,0.1925,0.1595
53447,33.84033515213802,36.094969886133214,2026-10-10,0.152,0.1495,0.1723,0.1595
53447,33.84033515213802,36.094969886133214,2026-10-11,0.152,0.1495,0.1621,0.1495
53003,33.85238935439741,36.245738291637316,2026-10-05,0.1948,0.2388,0.2287,0.2596
53003,33.85238935439741,36.245738291637316,2026-10-06,0.1525,0.1869,0.1609,0.1869
53003,33.85238935439741,36.245738291637316,2026-10-07,0.1355,0.1765,0.144,0.1661
53003,33.85238935439741,36.245738291637316,2026-10-08,0.1355,0.1765,0.1948,0.1765
53003,33.85238935439741,36.245738291637316,2026-10-09,0.1355,0.1661,0.1609,0.1661
53003,33.85238935439741,36.245738291637316,2026-10-10,0.1271,0.1557,0.144,0.1661
53003,33.85238935439741,36.245738291637316,2026-10-11,0.1271,0.1557,0.1355,0.1557
51341,33.82937201425304,36.01741754587182,2026-10-05,0.2323,0.2294,0.2727,0.2494
51341,33.82937201425304,36.01741754587182,2026-10-06,0.1818,0.1795,0.1919,0.1795
51341,33.82937201425304,36.01741754587182,2026-10-07,0.1616,0.1696,0.1717,0.1596
51341,33.82937201425304,36.01741754587182,2026-10-08,0.1616,0.1696,0.2323,0.1696
51341,33.82937201425304,36.01741754587182,2026-10-09,0.1616,0.1596,0.1919,0.1596
51341,33.82937201425304,36.01741754587182,2026-10-10,0.1515,0.1496,0.1717,0.1596
51341,33.82937201425304,36.01741754587182,2026-10-11,0.1515,0.1496,0.1616,0.1496
21337,33.83232758302354,35.661680349565714,2026-10-05,0.2308,0.2298,0.2709,0.2498
21337,33.83232758302354,35.661680349565714,2026-10-06,0.1806,0.1798,0.1907,0.1798
21337,33.83232758302354,35.661680349565714,2026-10-07,0.1606,0.1699,0.1706,0.1599
21337,33.83232758302354,35.661680349565714,2026-10-08,0.1606,0.1699,0.2308,0.1699
21337,33.83232758302354,35.661680349565714,2026-10-09,0.1606,0.1599,0.1907,0.1599
21337,33.83232758302354,35.661680349565714,2026-10-10,0.1505,0.1499,0.1706,0.1599
21337,33.83232758302354,35.661680349565714,2026-10-11,0.1505,0.1499,0.1606,0.1499
21347,33.82947056263711,35.68092748208741,2026-10-05,0.2213,0.2322,0.2598,0.2524
21347,33.82947056263711,35.68092748208741,2026-10-06,0.1732,0.1817,0.1828,0.1817
21347,33.82947056263711,35.68092748208741,2026-10-07,0.1539,0.1716,0.1636,0.1615
21347,33.82947056263711,35.68092748208741,2026-10-08,0.1539,0.1716,0.2213,0.1716
21347,33.82947056263711,35.68092748208741,2026-10-09,0.1539,0.1615,0.1828,0.1615
21347,33.82947056263711,35.68092748208741,2026-10-10,0.1443,0.1514,0.1636,0.1615
21347,33.82947056263711,35.68092748208741,2026-10-11,0.1443,0.1514,0.1539,0.1514
21321,33.83137470521023,35.653946637149375,2026-10-05,0.2375,0.2281,0.2788,0.248
21321,33.83137470521023,35.653946637149375,2026-10-06,0.1858,0.1785,0.1962,0.1785
21321,33.83137470521023,35.653946637149375,2026-10-07,0.1652,0.1686,0.1755,0.1587
21321,33.83137470521023,35.653946637149375,2026-10-08,0.1652,0.1686,0.2375,0.1686
21321,33.83137470521023,35.653946637149375,2026-10-09,0.1652,0.1587,0.1962,0.1587
21321,33.83137470521023,35.653946637149375,2026-10-10,0.1549,0.1488,0.1755,0.1587
21321,33.83137470521023,35.653946637149375,2026-10-11,0.1549,0.1488,0.1652,0.1488
51214,33.81218515767708,35.83842503495824,2026-10-05,0.2264,0.2309,0.2658,0.251
51214,33.81218515767708,35.83842503495824,2026-10-06,0.1772,0.1807,0.187,0.1807
51214,33.81218515767708,35.83842503495824,2026-10-07,0.1575,0.1707,0.1673,0.1606
51214,33.81218515767708,35.83842503495824,2026-10-08,0.1575,0.1707,0.2264,0.1707
51214,33.81218515767708,35.83842503495824,2026-10-09,0.1575,0.1606,0.187,0.1606
51214,33.81218515767708,35.83842503495824,2026-10-10,0.1476,0.1506,0.1673,0.1606
51214,33.81218515767708,35.83842503495824,2026-10-11,0.1476,0.1506,0.1575,0.1506
51257,33.800021839156585,35.79197933398549,2026-10-05,0.2481,0.2255,0.2913,0.2451
51257,33.800021839156585,35.79197933398549,2026-10-06,0.1942,0.1764,0.205,0.1764
51257,33.800021839156585,35.79197933398549,2026-10-07,0.1726,0.1666,0.1834,0.1568
51257,33.800021839156585,35.79197933398549,2026-10-08,0.1726,0.1666,0.2481,0.1666
51257,33.800021839156585,35.79197933398549,2026-10-09,0.1726,0.1568,0.205,0.1568
51257,33.800021839156585,35.79197933398549,2026-10-10,0.1618,0.147,0.1834,0.1568
51257,33.800021839156585,35.79197933398549,2026-10-11,0.1618,0.147,0.1726,0.147
24335,33.78994026651672,35.615754597934135,2026-10-05,0.2672,0.2207,0.3137,0.2399
24335,33.78994026651672,35.615754597934135,2026-10-06,0.2091,0.1727,0.2208,0.1727
24335,33.78994026651672,35.615754597934135,2026-10-07,0.1859,0.1631,0.1975,0.1535
24335,33.78994026651672,35.615754597934135,2026-10-08,0.1859,0.1631,0.2672,0.1631
24335,33.78994026651672,35.615754597934135,2026-10-09,0.1859,0.1535,0.2208,0.1535
24335,33.78994026651672,35.615754597934135,2026-10-10,0.1743,0.1439,0.1975,0.1535
24335,33.78994026651672,35.615754597934135,2026-10-11,0.1743,0.1439,0.1859,0.1439
51237,33.77542465515279,35.855184066694,2026-10-05,0.2216,0.2321,0.2602,0.2523
51237,33.77542465515279,35.855184066694,2026-10-06,0.1735,0.1816,0.1831,0.1816
51237,33.77542465515279,35.855184066694,2026-10-07,0.1542,0.1715,0.1638,0.1615
51237,33.77542465515279,35.855184066694,2026-10-08,0.1542,0.1715,0.2216,0.1715
51237,33.77542465515279,35.855184066694,2026-10-09,0.1542,0.1615,0.1831,0.1615
51237,33.77542465515279,35.855184066694,2026-10-10,0.1445,0.1514,0.1638,0.1615
51237,33.77542465515279,35.855184066694,2026-10-11,0.1445,0.1514,0.1542,0.1514
51001,33.78378640899208,35.81111135113981,2026-10-05,0.2294,0.2301,0.2693,0.2502
51001,33.78378640899208,35.81111135113981,2026-10-06,0.1796,0.1801,0.1895,0.1801
51001,33.78378640899208,35.81111135113981,2026-10-07,0.1596,0.1701,0.1696,0.1601
51001,33.78378640899208,35.81111135113981,2026-10-08,0.1596,0.1701,0.2294,0.1701
51001,33.78378640899208,35.81111135113981,2026-10-09,0.1596,0.1601,0.1895,0.1601
51001,33.78378640899208,35.81111135113981,2026-10-10,0.1496,0.1501,0.1696,0.1601
51001,33.78378640899208,35.81111135113981,2026-10-11,0.1496,0.1501,0.1596,0.1501
24323,33.78236327066205,35.589747037182605,2026-10-05,0.1929,0.2393,0.2264,0.2601
24323,33.78236327066205,35.589747037182605,2026-10-06,0.1509,0.1873,0.1593,0.1873
24323,33.78236327066205,35.589747037182605,2026-10-07,0.1342,0.1769,0.1426,0.1665
24323,33.78236327066205,35.589747037182605,2026-10-08,0.1342,0.1769,0.1929,0.1769
24323,33.78236327066205,35.589747037182605,2026-10-09,0.1342,0.1665,0.1593,0.1665
24323,33.78236327066205,35.589747037182605,2026-10-10,0.1258,0.1561,0.1426,0.1665
24323,33.78236327066205,35.589747037182605,2026-10-11,0.1258,0.1561,0.1342,0.1561
24333,33.78346720758055,35.62169381732762,2026-10-05,0.2045,0.2364,0.2401,0.2569
24333,33.78346720758055,35.62169381732762,2026-10-06,0.1601,0.185,0.169,0.185
24333,33.78346720758055,35.62169381732762,2026-10-07,0.1423,0.1747,0.1512,0.1644
24333,33.78346720758055,35.62169381732762,2026-10-08,0.1423,0.1747,0.2045,0.1747
24333,33.78346720758055,35.62169381732762,2026-10-09,0.1423,0.1644,0.169,0.1644
24333,33.78346720758055,35.62169381732762,2026-10-10,0.1334,0.1542,0.1512,0.1644
24333,33.78346720758055,35.62169381732762,2026-10-11,0.1334,0.1542,0.1423,0.1542
24341,33.770385298589375,35.59163577377862,2026-10-05,0.2388,0.2278,0.2803,0.2476
24341,33.770385298589375,35.59163577377862,2026-10-06,0.1869,0.1783,0.1972,0.1783
24341,33.770385298589375,35.59163577377862,2026-10-07,0.1661,0.1684,0.1765,0.1585
24341,33.770385298589375,35.59163577377862,2026-10-08,0.1661,0.1684,0.2388,0.1684
24341,33.770385298589375,35.59163577377862,2026-10-09,0.1661,0.1585,0.1972,0.1585
24341,33.770385298589375,35.59163577377862,2026-10-10,0.1557,0.1486,0.1765,0.1585
24341,33.770385298589375,35.59163577377862,2026-10-11,0.1557,0.1486,0.1661,0.1486
51251,33.768298172339925,35.82225558777665,2026-10-05,0.203,0.2368,0.2383,0.2573
51251,33.768298172339925,35.82225558777665,2026-10-06,0.1589,0.1853,0.1677,0.1853
51251,33.768298172339925,35.82225558777665,2026-10-07,0.1412,0.175,0.15,0.1647
51251,33.768298172339925,35.82225558777665,2026-10-08,0.1412,0.175,0.203,0.175
51251,33.768298172339925,35.82225558777665,2026-10-09,0.1412,0.1647,0.1677,0.1647
51251,33.768298172339925,35.82225558777665,2026-10-10,0.1324,0.1544,0.15,0.1647
51251,33.768298172339925,35.82225558777665,2026-10-11,0.1324,0.1544,0.1412,0.1544
24431,33.77092144332606,35.64764094360606,2026-10-05,0.2731,0.2192,0.3206,0.2383
24431,33.77092144332606,35.64764094360606,2026-10-06,0.2137,0.1716,0.2256,0.1716
24431,33.77092144332606,35.64764094360606,2026-10-07,0.19,0.162,0.2019,0.1525
24431,33.77092144332606,35.64764094360606,2026-10-08,0.19,0.162,0.2731,0.162
24431,33.77092144332606,35.64764094360606,2026-10-09,0.19,0.1525,0.2256,0.1525
24431,33.77092144332606,35.64764094360606,2026-10-10,0.1781,0.143,0.2019,0.1525
24431,33.77092144332606,35.64764094360606,2026-10-11,0.1781,0.143,0.19,0.143
51271,33.768034255579,35.804832322516795,2026-10-05,0.2297,0.2301,0.2696,0.2501
51271,33.768034255579,35.804832322516795,2026-10-06,0.1797,0.1801,0.1897,0.1801
51271,33.768034255579,35.804832322516795,2026-10-07,0.1598,0.1701,0.1697,0.1601
51271,33.768034255579,35.804832322516795,2026-10-08,0.1598,0.1701,0.2297,0.1701
51271,33.768034255579,35.804832322516795,2026-10-09,0.1598,0.1601,0.1897,0.1601
51271,33.768034255579,35.804832322516795,2026-10-10,0.1498,0.1501,0.1697,0.1601
51271,33.768034255579,35.804832322516795,2026-10-11,0.1498,0.1501,0.1598,0.1501
24001,33.76891744144486,35.64172560398801,2026-10-05,0.2706,0.2198,0.3177,0.239
24001,33.76891744144486,35.64172560398801,2026-10-06,0.2118,0.1721,0.2235,0.1721
24001,33.76891744144486,35.64172560398801,2026-10-07,0.1882,0.1625,0.2,0.1529
24001,33.76891744144486,35.64172560398801,2026-10-08,0.1882,0.1625,0.2706,0.1625
24001,33.76891744144486,35.64172560398801,2026-10-09,0.1882,0.1529,0.2235,0.1529
24001,33.76891744144486,35.64172560398801,2026-10-10,0.1765,0.1434,0.2,0.1529
24001,33.76891744144486,35.64172560398801,2026-10-11,0.1765,0.1434,0.1882,0.1434
24437,33.76884124728774,35.651628404116444,2026-10-05,0.2243,0.2314,0.2633,0.2516
24437,33.76884124728774,35.651628404116444,2026-10-06,0.1755,0.1811,0.1853,0.1811
24437,33.76884124728774,35.651628404116444,2026-10-07,0.156,0.1711,0.1658,0.161
24437,33.76884124728774,35.651628404116444,2026-10-08,0.156,0.1711,0.2243,0.1711
24437,33.76884124728774,35.651628404116444,2026-10-09,0.156,0.161,0.1853,0.161
24437,33.76884124728774,35.651628404116444,2026-10-10,0.1463,0.1509,0.1658,0.161
24437,33.76884124728774,35.651628404116444,2026-10-11,0.1463,0.1509,0.156,0.1509
24451,33.76049182512014,35.69365500472237,2026-10-05,0.2095,0.2351,0.2459,0.2556
24451,33.76049182512014,35.69365500472237,2026-10-06,0.164,0.184,0.1731,0.184
24451,33.76049182512014,35.69365500472237,2026-10-07,0.1457,0.1738,0.1548,0.1636
24451,33.76049182512014,35.69365500472237,2026-10-08,0.1457,0.1738,0.2095,0.1738
24451,33.76049182512014,35.69365500472237,2026-10-09,0.1457,0.1636,0.1731,0.1636
24451,33.76049182512014,35.69365500472237,2026-10-10,0.1366,0.1533,0.1548,0.1636
24451,33.76049182512014,35.69365500472237,2026-10-11,0.1366,0.1533,0.1457,0.1533
51264,33.762093541224665,35.81481897685654,2026-10-05,0.2499,0.225,0.2934,0.2446
51264,33.762093541224665,35.81481897685654,2026-10-06,0.1956,0.1761,0.2065,0.1761
51264,33.762093541224665,35.81481897685654,2026-10-07,0.1739,0.1663,0.1847,0.1565
51264,33.762093541224665,35.81481897685654,2026-10-08,0.1739,0.1663,0.2499,0.1663
51264,33.762093541224665,35.81481897685654,2026-10-09,0.1739,0.1565,0.2065,0.1565
51264,33.762093541224665,35.81481897685654,2026-10-10,0.163,0.1468,0.1847,0.1565
51264,33.762093541224665,35.81481897685654,2026-10-11,0.163,0.1468,0.1739,0.1468
51274,33.75740851288253,35.8050201499293,2026-10-05,0.2108,0.2348,0.2475,0.2552
51274,33.75740851288253,35.8050201499293,2026-10-06,0.165,0.1838,0.1742,0.1838
51274,33.75740851288253,35.8050201499293,2026-10-07,0.1467,0.1735,0.1558,0.1633
51274,33.75740851288253,35.8050201499293,2026-10-08,0.1467,0.1735,0.2108,0.1735
51274,33.75740851288253,35.8050201499293,2026-10-09,0.1467,0.1633,0.1742,0.1633
51274,33.75740851288253,35.8050201499293,2026-10-10,0.1375,0.1531,0.1558,0.1633
51274,33.75740851288253,35.8050201499293,2026-10-11,0.1375,0.1531,0.1467,0.1531
24347,33.75407473265026,35.602466590291485,2026-10-05,0.2288,0.2303,0.2686,0.2503
24347,33.75407473265026,35.602466590291485,2026-10-06,0.1791,0.1802,0.189,0.1802
24347,33.75407473265026,35.602466590291485,2026-10-07,0.1592,0.1702,0.1691,0.1602
24347,33.75407473265026,35.602466590291485,2026-10-08,0.1592,0.1702,0.2288,0.1702
24347,33.75407473265026,35.602466590291485,2026-10-09,0.1592,0.1602,0.189,0.1602
24347,33.75407473265026,35.602466590291485,2026-10-10,0.1492,0.1502,0.1691,0.1602
24347,33.75407473265026,35.602466590291485,2026-10-11,0.1492,0.1502,0.1592,0.1502
51261,33.75539867508833,35.82746582093625,2026-10-05,0.2522,0.2244,0.2961,0.244
51261,33.75539867508833,35.82746582093625,2026-10-06,0.1974,0.1757,0.2084,0.1757
51261,33.75539867508833,35.82746582093625,2026-10-07,0.1755,0.1659,0.1864,0.1561
51261,33.75539867508833,35.82746582093625,2026-10-08,0.1755,0.1659,0.2522,0.1659
51261,33.75539867508833,35.82746582093625,2026-10-09,0.1755,0.1561,0.2084,0.1561
51261,33.75539867508833,35.82746582093625,2026-10-10,0.1645,0.1464,0.1864,0.1561
51261,33.75539867508833,35.82746582093625,2026-10-11,0.1645,0.1464,0.1755,0.1464
24002,33.761662174494774,35.59469812404174,2026-10-05,0.232,0.2295,0.2723,0.2495
24002,33.761662174494774,35.59469812404174,2026-10-06,0.1815,0.1796,0.1916,0.1796
24002,33.761662174494774,35.59469812404174,2026-10-07,0.1614,0.1696,0.1715,0.1597
24002,33.761662174494774,35.59469812404174,2026-10-08,0.1614,0.1696,0.232,0.1696
24002,33.761662174494774,35.59469812404174,2026-10-09,0.1614,0.1597,0.1916,0.1597
24002,33.761662174494774,35.59469812404174,2026-10-10,0.1513,0.1497,0.1715,0.1597
24002,33.761662174494774,35.59469812404174,2026-10-11,0.1513,0.1497,0.1614,0.1497
24219,33.75115116878349,35.49664943872902,2026-10-05,0.271,0.2198,0.3181,0.2389
24219,33.75115116878349,35.49664943872902,2026-10-06,0.2121,0.172,0.2239,0.172
24219,33.75115116878349,35.49664943872902,2026-10-07,0.1885,0.1624,0.2003,0.1529
24219,33.75115116878349,35.49664943872902,2026-10-08,0.1885,0.1624,0.271,0.1624
24219,33.75115116878349,35.49664943872902,2026-10-09,0.1885,0.1529,0.2239,0.1529
24219,33.75115116878349,35.49664943872902,2026-10-10,0.1767,0.1433,0.2003,0.1529
24219,33.75115116878349,35.49664943872902,2026-10-11,0.1767,0.1433,0.1885,0.1433
24003,33.758079058868844,35.63446306467199,2026-10-05,0.2258,0.231,0.2651,0.2511
24003,33.758079058868844,35.63446306467199,2026-10-06,0.1767,0.1808,0.1865,0.1808
24003,33.758079058868844,35.63446306467199,2026-10-07,0.1571,0.1708,0.1669,0.1607
24003,33.758079058868844,35.63446306467199,2026-10-08,0.1571,0.1708,0.2258,0.1708
24003,33.758079058868844,35.63446306467199,2026-10-09,0.1571,0.1607,0.1865,0.1607
24003,33.758079058868844,35.63446306467199,2026-10-10,0.1473,0.1507,0.1669,0.1607
24003,33.758079058868844,35.63446306467199,2026-10-11,0.1473,0.1507,0.1571,0.1507
24461,33.758112447075185,35.64435915175477,2026-10-05,0.2261,0.231,0.2655,0.2511
24461,33.758112447075185,35.64435915175477,2026-10-06,0.177,0.1808,0.1868,0.1808
24461,33.758112447075185,35.64435915175477,2026-10-07,0.1573,0.1707,0.1671,0.1607
24461,33.758112447075185,35.64435915175477,2026-10-08,0.1573,0.1707,0.2261,0.1707
24461,33.758112447075185,35.64435915175477,2026-10-09,0.1573,0.1607,0.1868,0.1607
24461,33.758112447075185,35.64435915175477,2026-10-10,0.1475,0.1506,0.1671,0.1607
24461,33.758112447075185,35.64435915175477,2026-10-11,0.1475,0.1506,0.1573,0.1506
24464,33.75715295301611,35.63992532588247,2026-10-05,0.1907,0.2398,0.2238,0.2607
24464,33.75715295301611,35.63992532588247,2026-10-06,0.1492,0.1877,0.1575,0.1877
24464,33.75715295301611,35.63992532588247,2026-10-07,0.1326,0.1773,0.1409,0.1668
24464,33.75715295301611,35.63992532588247,2026-10-08,0.1326,0.1773,0.1907,0.1773
24464,33.75715295301611,35.63992532588247,2026-10-09,0.1326,0.1668,0.1575,0.1668
24464,33.75715295301611,35.63992532588247,2026-10-10,0.1244,0.1564,0.1409,0.1668
24464,33.75715295301611,35.63992532588247,2026-10-11,0.1244,0.1564,0.1326,0.1564
24345,33.75449608943094,35.57934049169016,2026-10-05,0.2395,0.2276,0.2811,0.2474
24345,33.75449608943094,35.57934049169016,2026-10-06,0.1874,0.1781,0.1978,0.1781
24345,33.75449608943094,35.57934049169016,2026-10-07,0.1666,0.1683,0.177,0.1584
24345,33.75449608943094,35.57934049169016,2026-10-08,0.1666,0.1683,0.2395,0.1683
24345,33.75449608943094,35.57934049169016,2026-10-09,0.1666,0.1584,0.1978,0.1584
24345,33.75449608943094,35.57934049169016,2026-10-10,0.1562,0.1485,0.177,0.1584
24345,33.75449608943094,35.57934049169016,2026-10-11,0.1562,0.1485,0.1666,0.1485
24443,33.757752012630675,35.7032248214731,2026-10-05,0.2381,0.228,0.2795,0.2478
24443,33.757752012630675,35.7032248214731,2026-10-06,0.1863,0.1784,0.1967,0.1784
24443,33.757752012630675,35.7032248214731,2026-10-07,0.1656,0.1685,0.176,0.1586
24443,33.757752012630675,35.7032248214731,2026-10-08,0.1656,0.1685,0.2381,0.1685
24443,33.757752012630675,35.7032248214731,2026-10-09,0.1656,0.1586,0.1967,0.1586
24443,33.757752012630675,35.7032248214731,2026-10-10,0.1553,0.1487,0.176,0.1586
24443,33.757752012630675,35.7032248214731,2026-10-11,0.1553,0.1487,0.1656,0.1487
51277,33.73988328182087,35.827200791336466,2026-10-05,0.2008,0.2373,0.2357,0.2579
51277,33.73988328182087,35.827200791336466,2026-10-06,0.1571,0.1857,0.1659,0.1857
51277,33.73988328182087,35.827200791336466,2026-10-07,0.1397,0.1754,0.1484,0.1651
51277,33.73988328182087,35.827200791336466,2026-10-08,0.1397,0.1754,0.2008,0.1754
51277,33.73988328182087,35.827200791336466,2026-10-09,0.1397,0.1651,0.1659,0.1651
51277,33.73988328182087,35.827200791336466,2026-10-10,0.1309,0.1548,0.1484,0.1651
51277,33.73988328182087,35.827200791336466,2026-10-11,0.1309,0.1548,0.1397,0.1548
24004,33.75236327345912,35.62879927821401,2026-10-05,0.2056,0.2361,0.2413,0.2566
24004,33.75236327345912,35.62879927821401,2026-10-06,0.1609,0.1848,0.1698,0.1848
24004,33.75236327345912,35.62879927821401,2026-10-07,0.143,0.1745,0.1519,0.1642
24004,33.75236327345912,35.62879927821401,2026-10-08,0.143,0.1745,0.2056,0.1745
24004,33.75236327345912,35.62879927821401,2026-10-09,0.143,0.1642,0.1698,0.1642
24004,33.75236327345912,35.62879927821401,2026-10-10,0.1341,0.154,0.1519,0.1642
24004,33.75236327345912,35.62879927821401,2026-10-11,0.1341,0.154,0.143,0.154
24467,33.746110563982,35.65617706588107,2026-10-05,0.226,0.231,0.2653,0.2511
24467,33.746110563982,35.65617706588107,2026-10-06,0.1769,0.1808,0.1867,0.1808
24467,33.746110563982,35.65617706588107,2026-10-07,0.1572,0.1707,0.167,0.1607
24467,33.746110563982,35.65617706588107,2026-10-08,0.1572,0.1707,0.226,0.1707
24467,33.746110563982,35.65617706588107,2026-10-09,0.1572,0.1607,0.1867,0.1607
24467,33.746110563982,35.65617706588107,2026-10-10,0.1474,0.1507,0.167,0.1607
24467,33.746110563982,35.65617706588107,2026-10-11,0.1474,0.1507,0.1572,0.1507
24471,33.74935979051019,35.632269725293334,2026-10-05,0.2601,0.2225,0.3053,0.2418
24471,33.74935979051019,35.632269725293334,2026-10-06,0.2035,0.1741,0.2148,0.1741
24471,33.74935979051019,35.632269725293334,2026-10-07,0.1809,0.1644,0.1922,0.1548
24471,33.74935979051019,35.632269725293334,2026-10-08,0.1809,0.1644,0.2601,0.1644
24471,33.74935979051019,35.632269725293334,2026-10-09,0.1809,0.1548,0.2148,0.1548
24471,33.74935979051019,35.632269725293334,2026-10-10,0.1696,0.1451,0.1922,0.1548
24471,33.74935979051019,35.632269725293334,2026-10-11,0.1696,0.1451,0.1809,0.1451
24474,33.7522062928182,35.642886709130046,2026-10-05,0.2236,0.2316,0.2625,0.2517
24474,33.7522062928182,35.642886709130046,2026-10-06,0.175,0.1812,0.1847,0.1812
24474,33.7522062928182,35.642886709130046,2026-10-07,0.1556,0.1712,0.1653,0.1611
24474,33.7522062928182,35.642886709130046,2026-10-08,0.1556,0.1712,0.2236,0.1712
24474,33.7522062928182,35.642886709130046,2026-10-09,0.1556,0.1611,0.1847,0.1611
24474,33.7522062928182,35.642886709130046,2026-10-10,0.1458,0.151,0.1653,0.1611
24474,33.7522062928182,35.642886709130046,2026-10-11,0.1458,0.151,0.1556,0.151
24355,33.74617356965319,35.575216104033316,2026-10-05,0.2406,0.2273,0.2825,0.2471
24355,33.74617356965319,35.575216104033316,2026-10-06,0.1883,0.1779,0.1988,0.1779
24355,33.74617356965319,35.575216104033316,2026-10-07,0.1674,0.168,0.1779,0.1581
24355,33.74617356965319,35.575216104033316,2026-10-08,0.1674,0.168,0.2406,0.168
24355,33.74617356965319,35.575216104033316,2026-10-09,0.1674,0.1581,0.1988,0.1581
24355,33.74617356965319,35.575216104033316,2026-10-10,0.1569,0.1483,0.1779,0.1581
24355,33.74617356965319,35.575216104033316,2026-10-11,0.1569,0.1483,0.1674,0.1483
24005,33.75093290119319,35.64099683117333,2026-10-05,0.205,0.2362,0.2407,0.2568
24005,33.75093290119319,35.64099683117333,2026-10-06,0.1605,0.1849,0.1694,0.1849
24005,33.75093290119319,35.64099683117333,2026-10-07,0.1426,0.1746,0.1515,0.1643
24005,33.75093290119319,35.64099683117333,2026-10-08,0.1426,0.1746,0.205,0.1746
24005,33.75093290119319,35.64099683117333,2026-10-09,0.1426,0.1643,0.1694,0.1643
24005,33.75093290119319,35.64099683117333,2026-10-10,0.1337,0.1541,0.1515,0.1643
24005,33.75093290119319,35.64099683117333,2026-10-11,0.1337,0.1541,0.1426,0.1541
24006,33.74951451917079,35.639595873073475,2026-10-05,0.1972,0.2382,0.2315,0.2589
24006,33.74951451917079,35.639595873073475,2026-10-06,0.1543,0.1864,0.1629,0.1864
24006,33.74951451917079,35.639595873073475,2026-10-07,0.1372,0.1761,0.1457,0.1657
24006,33.74951451917079,35.639595873073475,2026-10-08,0.1372,0.1761,0.1972,0.1761
24006,33.74951451917079,35.639595873073475,2026-10-09,0.1372,0.1657,0.1629,0.1657
24006,33.74951451917079,35.639595873073475,2026-10-10,0.1286,0.1554,0.1457,0.1657
24006,33.74951451917079,35.639595873073475,2026-10-11,0.1286,0.1554,0.1372,0.1554
23454,33.74774767258576,35.63749692071517,2026-10-05,0.2717,0.2196,0.319,0.2387
23454,33.74774767258576,35.63749692071517,2026-10-06,0.2126,0.1718,0.2245,0.1718
23454,33.74774767258576,35.63749692071517,2026-10-07,0.189,0.1623,0.2008,0.1527
23454,33.74774767258576,35.63749692071517,2026-10-08,0.189,0.1623,0.2717,0.1623
23454,33.74774767258576,35.63749692071517,2026-10-09,0.189,0.1527,0.2245,0.1527
23454,33.74774767258576,35.63749692071517,2026-10-10,0.1772,0.1432,0.2008,0.1527
23454,33.74774767258576,35.63749692071517,2026-10-11,0.1772,0.1432,0.189,0.1432
23453,33.743699063474885,35.63713812725556,2026-10-05,0.2147,0.2338,0.252,0.2542
23453,33.743699063474885,35.63713812725556,2026-10-06,0.168,0.183,0.1773,0.183
23453,33.743699063474885,35.63713812725556,2026-10-07,0.1493,0.1728,0.1587,0.1627
23453,33.743699063474885,35.63713812725556,2026-10-08,0.1493,0.1728,0.2147,0.1728
23453,33.743699063474885,35.63713812725556,2026-10-09,0.1493,0.1627,0.1773,0.1627
23453,33.743699063474885,35.63713812725556,2026-10-10,0.14,0.1525,0.1587,0.1627
23453,33.743699063474885,35.63713812725556,2026-10-11,0.14,0.1525,0.1493,0.1525
24007,33.743824190582366,35.57300947049567,2026-10-05,0.2641,0.2215,0.31,0.2407
24007,33.743824190582366,35.57300947049567,2026-10-06,0.2067,0.1733,0.2181,0.1733
24007,33.743824190582366,35.57300947049567,2026-10-07,0.1837,0.1637,0.1952,0.1541
24007,33.743824190582366,35.57300947049567,2026-10-08,0.1837,0.1637,0.2641,0.1637
24007,33.743824190582366,35.57300947049567,2026-10-09,0.1837,0.1541,0.2181,0.1541
24007,33.743824190582366,35.57300947049567,2026-10-10,0.1722,0.1444,0.1952,0.1541
24007,33.743824190582366,35.57300947049567,2026-10-11,0.1722,0.1444,0.1837,0.1444
24361,33.73569811894303,35.579647489722014,2026-10-05,0.2012,0.2372,0.2362,0.2578
24361,33.73569811894303,35.579647489722014,2026-10-06,0.1575,0.1856,0.1662,0.1856
24361,33.73569811894303,35.579647489722014,2026-10-07,0.14,0.1753,0.1487,0.165
24361,33.73569811894303,35.579647489722014,2026-10-08,0.14,0.1753,0.2012,0.1753
24361,33.73569811894303,35.579647489722014,2026-10-09,0.14,0.165,0.1662,0.165
24361,33.73569811894303,35.579647489722014,2026-10-10,0.1312,0.1547,0.1487,0.165
24361,33.73569811894303,35.579647489722014,2026-10-11,0.1312,0.1547,0.14,0.1547
24008,33.743746760361944,35.54293843223271,2026-10-05,0.272,0.2195,0.3193,0.2386
24008,33.743746760361944,35.54293843223271,2026-10-06,0.2129,0.1718,0.2247,0.1718
24008,33.743746760361944,35.54293843223271,2026-10-07,0.1892,0.1622,0.201,0.1527
24008,33.743746760361944,35.54293843223271,2026-10-08,0.1892,0.1622,0.272,0.1622
24008,33.743746760361944,35.54293843223271,2026-10-09,0.1892,0.1527,0.2247,0.1527
24008,33.743746760361944,35.54293843223271,2026-10-10,0.1774,0.1432,0.201,0.1527
24008,33.743746760361944,35.54293843223271,2026-10-11,0.1774,0.1432,0.1892,0.1432
23001,33.74449428851859,35.73347771010984,2026-10-05,0.2038,0.2365,0.2393,0.2571
23001,33.74449428851859,35.73347771010984,2026-10-06,0.1595,0.1851,0.1684,0.1851
23001,33.74449428851859,35.73347771010984,2026-10-07,0.1418,0.1748,0.1507,0.1646
23001,33.74449428851859,35.73347771010984,2026-10-08,0.1418,0.1748,0.2038,0.1748
23001,33.74449428851859,35.73347771010984,2026-10-09,0.1418,0.1646,0.1684,0.1646
23001,33.74449428851859,35.73347771010984,2026-10-10,0.1329,0.1543,0.1507,0.1646
23001,33.74449428851859,35.73347771010984,2026-10-11,0.1329,0.1543,0.1418,0.1543
52271,33.73481495192716,35.87311182885019,2026-10-05,0.2199,0.2325,0.2582,0.2527
52271,33.73481495192716,35.87311182885019,2026-10-06,0.1721,0.182,0.1817,0.182
52271,33.73481495192716,35.87311182885019,2026-10-07,0.153,0.1719,0.1625,0.1618
52271,33.73481495192716,35.87311182885019,2026-10-08,0.153,0.1719,0.2199,0.1719
52271,33.73481495192716,35.87311182885019,2026-10-09,0.153,0.1618,0.1817,0.1618
52271,33.73481495192716,35.87311182885019,2026-10-10,0.1434,0.1516,0.1625,0.1618
52271,33.73481495192716,35.87311182885019,2026-10-11,0.1434,0.1516,0.153,0.1516
52001,33.7232136382183,35.756721291900554,2026-10-05,0.2344,0.2289,0.2752,0.2488
52001,33.7232136382183,35.756721291900554,2026-10-06,0.1835,0.1791,0.1936,0.1791
52001,33.7232136382183,35.756721291900554,2026-10-07,0.1631,0.1692,0.1733,0.1592
52001,33.7232136382183,35.756721291900554,2026-10-08,0.1631,0.1692,0.2344,0.1692
52001,33.7232136382183,35.756721291900554,2026-10-09,0.1631,0.1592,0.1936,0.1592
52001,33.7232136382183,35.756721291900554,2026-10-10,0.1529,0.1493,0.1733,0.1592
52001,33.7232136382183,35.756721291900554,2026-10-11,0.1529,0.1493,0.1631,0.1493
52166,33.69749979302154,35.773534450209965,2026-10-05,0.1849,0.2413,0.217,0.2623
52166,33.69749979302154,35.773534450209965,2026-10-06,0.1447,0.1888,0.1527,0.1888
52166,33.69749979302154,35.773534450209965,2026-10-07,0.1286,0.1783,0.1367,0.1678
52166,33.69749979302154,35.773534450209965,2026-10-08,0.1286,0.1783,0.1849,0.1783
52166,33.69749979302154,35.773534450209965,2026-10-09,0.1286,0.1678,0.1527,0.1678
52166,33.69749979302154,35.773534450209965,2026-10-10,0.1206,0.1574,0.1367,0.1678
52166,33.69749979302154,35.773534450209965,2026-10-11,0.1206,0.1574,0.1286,0.1574
52251,33.69343380330546,35.87306018249638,2026-10-05,0.1832,0.2417,0.2151,0.2627
52251,33.69343380330546,35.87306018249638,2026-10-06,0.1434,0.1892,0.1513,0.1892
52251,33.69343380330546,35.87306018249638,2026-10-07,0.1275,0.1786,0.1354,0.1681
52251,33.69343380330546,35.87306018249638,2026-10-08,0.1275,0.1786,0.1832,0.1786
52251,33.69343380330546,35.87306018249638,2026-10-09,0.1275,0.1681,0.1513,0.1681
52251,33.69343380330546,35.87306018249638,2026-10-10,0.1195,0.1576,0.1354,0.1681
52251,33.69343380330546,35.87306018249638,2026-10-11,0.1195,0.1576,0.1275,0.1576
52234,33.686701999499505,35.84592713490129,2026-10-05,0.2215,0.2321,0.26,0.2523
52234,33.686701999499505,35.84592713490129,2026-10-06,0.1733,0.1817,0.1829,0.1817
52234,33.686701999499505,35.84592713490129,2026-10-07,0.1541,0.1716,0.1637,0.1615
52234,33.686701999499505,35.84592713490129,2026-10-08,0.1541,0.1716,0.2215,0.1716
52234,33.686701999499505,35.84592713490129,2026-10-09,0.1541,0.1615,0.1829,0.1615
52234,33.686701999499505,35.84592713490129,2026-10-10,0.1444,0.1514,0.1637,0.1615
52234,33.686701999499505,35.84592713490129,2026-10-11,0.1444,0.1514,0.1541,0.1514
23438,33.69338062162454,35.52710030470492,2026-10-05,0.2719,0.2195,0.3192,0.2386
23438,33.69338062162454,35.52710030470492,2026-10-06,0.2128,0.1718,0.2246,0.1718
23438,33.69338062162454,35.52710030470492,2026-10-07,0.1892,0.1623,0.201,0.1527
23438,33.69338062162454,35.52710030470492,2026-10-08,0.1892,0.1623,0.2719,0.1623
23438,33.69338062162454,35.52710030470492,2026-10-09,0.1892,0.1527,0.2246,0.1527
23438,33.69338062162454,35.52710030470492,2026-10-10,0.1773,0.1432,0.201,0.1527
23438,33.69338062162454,35.52710030470492,2026-10-11,0.1773,0.1432,0.1892,0.1432
23457,33.68651886583243,35.49095967285102,2026-10-05,0.2255,0.2311,0.2648,0.2512
23457,33.68651886583243,35.49095967285102,2026-10-06,0.1765,0.1809,0.1863,0.1809
23457,33.68651886583243,35.49095967285102,2026-10-07,0.1569,0.1708,0.1667,0.1608
23457,33.68651886583243,35.49095967285102,2026-10-08,0.1569,0.1708,0.2255,0.1708
23457,33.68651886583243,35.49095967285102,2026-10-09,0.1569,0.1608,0.1863,0.1608
23457,33.68651886583243,35.49095967285102,2026-10-10,0.1471,0.1507,0.1667,0.1608
23457,33.68651886583243,35.49095967285102,2026-10-11,0.1471,0.1507,0.1569,0.1507
52002,33.6767367048712,35.71851013645505,2026-10-05,0.2435,0.2266,0.2859,0.2463
52002,33.6767367048712,35.71851013645505,2026-10-06,0.1906,0.1774,0.2012,0.1774
52002,33.6767367048712,35.71851013645505,2026-10-07,0.1694,0.1675,0.18,0.1576
52002,33.6767367048712,35.71851013645505,2026-10-08,0.1694,0.1675,0.2435,0.1675
52002,33.6767367048712,35.71851013645505,2026-10-09,0.1694,0.1576,0.2012,0.1576
52002,33.6767367048712,35.71851013645505,2026-10-10,0.1588,0.1478,0.18,0.1576
52002,33.6767367048712,35.71851013645505,2026-10-11,0.1588,0.1478,0.1694,0.1478
23237,33.67883112304328,35.49457396992658,2026-10-05,0.2058,0.236,0.2416,0.2566
23237,33.67883112304328,35.49457396992658,2026-10-06,0.1611,0.1847,0.17,0.1847
23237,33.67883112304328,35.49457396992658,2026-10-07,0.1432,0.1745,0.1521,0.1642
23237,33.67883112304328,35.49457396992658,2026-10-08,0.1432,0.1745,0.2058,0.1745
23237,33.67883112304328,35.49457396992658,2026-10-09,0.1432,0.1642,0.17,0.1642
23237,33.67883112304328,35.49457396992658,2026-10-10,0.1342,0.1539,0.1521,0.1642
23237,33.67883112304328,35.49457396992658,2026-10-11,0.1342,0.1539,0.1432,0.1539
23275,33.67932975028784,35.50253284453399,2026-10-05,0.2528,0.2243,0.2968,0.2438
23275,33.67932975028784,35.50253284453399,2026-10-06,0.1979,0.1755,0.2088,0.1755
23275,33.67932975028784,35.50253284453399,2026-10-07,0.1759,0.1658,0.1869,0.156
23275,33.67932975028784,35.50253284453399,2026-10-08,0.1759,0.1658,0.2528,0.1658
23275,33.67932975028784,35.50253284453399,2026-10-09,0.1759,0.156,0.2088,0.156
23275,33.67932975028784,35.50253284453399,2026-10-10,0.1649,0.1463,0.1869,0.156
23275,33.67932975028784,35.50253284453399,2026-10-11,0.1649,0.1463,0.1759,0.1463
55001,33.68096324999209,35.95012431610129,2026-10-05,0.2045,0.2364,0.2401,0.2569
55001,33.68096324999209,35.95012431610129,2026-10-06,0.1601,0.185,0.169,0.185
55001,33.68096324999209,35.95012431610129,2026-10-07,0.1423,0.1747,0.1512,0.1644
55001,33.68096324999209,35.95012431610129,2026-10-08,0.1423,0.1747,0.2045,0.1747
55001,33.68096324999209,35.95012431610129,2026-10-09,0.1423,0.1644,0.169,0.1644
55001,33.68096324999209,35.95012431610129,2026-10-10,0.1334,0.1541,0.1512,0.1644
55001,33.68096324999209,35.95012431610129,2026-10-11,0.1334,0.1541,0.1423,0.1541
23555,33.67837685764755,35.5223550404445,2026-10-05,0.2685,0.2204,0.3152,0.2395
23555,33.67837685764755,35.5223550404445,2026-10-06,0.2102,0.1725,0.2218,0.1725
23555,33.67837685764755,35.5223550404445,2026-10-07,0.1868,0.1629,0.1985,0.1533
23555,33.67837685764755,35.5223550404445,2026-10-08,0.1868,0.1629,0.2685,0.1629
23555,33.67837685764755,35.5223550404445,2026-10-09,0.1868,0.1533,0.2218,0.1533
23555,33.67837685764755,35.5223550404445,2026-10-10,0.1751,0.1437,0.1985,0.1533
23555,33.67837685764755,35.5223550404445,2026-10-11,0.1751,0.1437,0.1868,0.1437
23253,33.671450672851655,35.49454584139785,2026-10-05,0.227,0.2307,0.2665,0.2508
23253,33.671450672851655,35.49454584139785,2026-10-06,0.1777,0.1806,0.1876,0.1806
23253,33.671450672851655,35.49454584139785,2026-10-07,0.1579,0.1705,0.1678,0.1605
23253,33.671450672851655,35.49454584139785,2026-10-08,0.1579,0.1705,0.227,0.1705
23253,33.671450672851655,35.49454584139785,2026-10-09,0.1579,0.1605,0.1876,0.1605
23253,33.671450672851655,35.49454584139785,2026-10-10,0.1481,0.1505,0.1678,0.1605
23253,33.671450672851655,35.49454584139785,2026-10-11,0.1481,0.1505,0.1579,0.1505
52221,33.65510607346546,35.77788288307826,2026-10-05,0.231,0.2298,0.2711,0.2497
52221,33.65510607346546,35.77788288307826,2026-10-06,0.1808,0.1798,0.1908,0.1798
52221,33.65510607346546,35.77788288307826,2026-10-07,0.1607,0.1698,0.1707,0.1598
52221,33.65510607346546,35.77788288307826,2026-10-08,0.1607,0.1698,0.231,0.1698
52221,33.65510607346546,35.77788288307826,2026-10-09,0.1607,0.1598,0.1908,0.1598
52221,33.65510607346546,35.77788288307826,2026-10-10,0.1506,0.1498,0.1707,0.1598
52221,33.65510607346546,35.77788288307826,2026-10-11,0.1506,0.1498,0.1607,0.1498
23003,33.667305100014445,35.55713567286715,2026-10-05,0.2506,0.2249,0.2942,0.2444
23003,33.667305100014445,35.55713567286715,2026-10-06,0.1961,0.176,0.207,0.176
23003,33.667305100014445,35.55713567286715,2026-10-07,0.1743,0.1662,0.1852,0.1564
23003,33.667305100014445,35.55713567286715,2026-10-08,0.1743,0.1662,0.2506,0.1662
23003,33.667305100014445,35.55713567286715,2026-10-09,0.1743,0.1564,0.207,0.1564
23003,33.667305100014445,35.55713567286715,2026-10-10,0.1634,0.1466,0.1852,0.1564
23003,33.667305100014445,35.55713567286715,2026-10-11,0.1634,0.1466,0.1743,0.1466
23223,33.6393777411361,35.46082164038578,2026-10-05,0.2649,0.2213,0.311,0.2405
23223,33.6393777411361,35.46082164038578,2026-10-06,0.2073,0.1732,0.2188,0.1732
23223,33.6393777411361,35.46082164038578,2026-10-07,0.1843,0.1636,0.1958,0.1539
23223,33.6393777411361,35.46082164038578,2026-10-08,0.1843,0.1636,0.2649,0.1636
23223,33.6393777411361,35.46082164038578,2026-10-09,0.1843,0.1539,0.2188,0.1539
23223,33.6393777411361,35.46082164038578,2026-10-10,0.1728,0.1443,0.1958,0.1539
23223,33.6393777411361,35.46082164038578,2026-10-11,0.1728,0.1443,0.1843,0.1443
23235,33.63105614636447,35.443344607179846,2026-10-05,0.244,0.2265,0.2865,0.2462
23235,33.63105614636447,35.443344607179846,2026-10-06,0.191,0.1773,0.2016,0.1773
23235,33.63105614636447,35.443344607179846,2026-10-07,0.1698,0.1674,0.1804,0.1576
23235,33.63105614636447,35.443344607179846,2026-10-08,0.1698,0.1674,0.244,0.1674
23235,33.63105614636447,35.443344607179846,2026-10-09,0.1698,0.1576,0.2016,0.1576
23235,33.63105614636447,35.443344607179846,2026-10-10,0.1592,0.1477,0.1804,0.1576
23235,33.63105614636447,35.443344607179846,2026-10-11,0.1592,0.1477,0.1698,0.1477
52003,33.63645585669462,35.67998844091737,2026-10-05,0.2645,0.2214,0.3106,0.2406
52003,33.63645585669462,35.67998844091737,2026-10-06,0.207,0.1732,0.2185,0.1732
52003,33.63645585669462,35.67998844091737,2026-10-07,0.184,0.1636,0.1955,0.154
52003,33.63645585669462,35.67998844091737,2026-10-08,0.184,0.1636,0.2645,0.1636
52003,33.63645585669462,35.67998844091737,2026-10-09,0.184,0.154,0.2185,0.154
52003,33.63645585669462,35.67998844091737,2026-10-10,0.1725,0.1444,0.1955,0.154
52003,33.63645585669462,35.67998844091737,2026-10-11,0.1725,0.1444,0.184,0.1444
55197,33.60906562578079,36.00649041966074,2026-10-05,0.2324,0.2294,0.2728,0.2494
55197,33.60906562578079,36.00649041966074,2026-10-06,0.1818,0.1795,0.1919,0.1795
55197,33.60906562578079,36.00649041966074,2026-10-07,0.1616,0.1696,0.1717,0.1596
55197,33.60906562578079,36.00649041966074,2026-10-08,0.1616,0.1696,0.2324,0.1696
55197,33.60906562578079,36.00649041966074,2026-10-09,0.1616,0.1596,0.1919,0.1596
55197,33.60906562578079,36.00649041966074,2026-10-10,0.1515,0.1496,0.1717,0.1596
55197,33.60906562578079,36.00649041966074,2026-10-11,0.1515,0.1496,0.1616,0.1496
23004,33.63070902778638,35.670743333299,2026-10-05,0.2272,0.2307,0.2667,0.2508
23004,33.63070902778638,35.670743333299,2026-10-06,0.1778,0.1806,0.1877,0.1806
23004,33.63070902778638,35.670743333299,2026-10-07,0.158,0.1705,0.1679,0.1605
23004,33.63070902778638,35.670743333299,2026-10-08,0.158,0.1705,0.2272,0.1705
23004,33.63070902778638,35.670743333299,2026-10-09,0.158,0.1605,0.1877,0.1605
23004,33.63070902778638,35.670743333299,2026-10-10,0.1482,0.1505,0.1679,0.1605
23004,33.63070902778638,35.670743333299,2026-10-11,0.1482,0.1505,0.158,0.1505
23005,33.62162514863856,35.47570541091484,2026-10-05,0.2412,0.2272,0.2832,0.247
23005,33.62162514863856,35.47570541091484,2026-10-06,0.1888,0.1778,0.1993,0.1778
23005,33.62162514863856,35.47570541091484,2026-10-07,0.1678,0.1679,0.1783,0.158
23005,33.62162514863856,35.47570541091484,2026-10-08,0.1678,0.1679,0.2412,0.1679
23005,33.62162514863856,35.47570541091484,2026-10-09,0.1678,0.158,0.1993,0.158
23005,33.62162514863856,35.47570541091484,2026-10-10,0.1573,0.1482,0.1783,0.158
23005,33.62162514863856,35.47570541091484,2026-10-11,0.1573,0.1482,0.1678,0.1482
23671,33.605403086641736,35.63844488184265,2026-10-05,0.223,0.2318,0.2617,0.2519
23671,33.605403086641736,35.63844488184265,2026-10-06,0.1745,0.1814,0.1842,0.1814
23671,33.605403086641736,35.63844488184265,2026-10-07,0.1551,0.1713,0.1648,0.1612
23671,33.605403086641736,35.63844488184265,2026-10-08,0.1551,0.1713,0.223,0.1713
23671,33.605403086641736,35.63844488184265,2026-10-09,0.1551,0.1612,0.1842,0.1612
23671,33.605403086641736,35.63844488184265,2026-10-10,0.1454,0.1511,0.1648,0.1612
23671,33.605403086641736,35.63844488184265,2026-10-11,0.1454,0.1511,0.1551,0.1511
23376,33.60688384138832,35.52668327927351,2026-10-05,0.2044,0.2364,0.24,0.257
23376,33.60688384138832,35.52668327927351,2026-10-06,0.16,0.185,0.1689,0.185
23376,33.60688384138832,35.52668327927351,2026-10-07,0.1422,0.1747,0.1511,0.1645
23376,33.60688384138832,35.52668327927351,2026-10-08,0.1422,0.1747,0.2044,0.1747
23376,33.60688384138832,35.52668327927351,2026-10-09,0.1422,0.1645,0.1689,0.1645
23376,33.60688384138832,35.52668327927351,2026-10-10,0.1333,0.1542,0.1511,0.1645
23376,33.60688384138832,35.52668327927351,2026-10-11,0.1333,0.1542,0.1422,0.1542
23326,33.59701405691234,35.44259730999864,2026-10-05,0.2342,0.229,0.2749,0.2489
23326,33.59701405691234,35.44259730999864,2026-10-06,0.1832,0.1792,0.1934,0.1792
23326,33.59701405691234,35.44259730999864,2026-10-07,0.1629,0.1692,0.1731,0.1593
23326,33.59701405691234,35.44259730999864,2026-10-08,0.1629,0.1692,0.2342,0.1692
23326,33.59701405691234,35.44259730999864,2026-10-09,0.1629,0.1593,0.1934,0.1593
23326,33.59701405691234,35.44259730999864,2026-10-10,0.1527,0.1493,0.1731,0.1593
23326,33.59701405691234,35.44259730999864,2026-10-11,0.1527,0.1493,0.1629,0.1493
23316,33.5976092052193,35.42781668993069,2026-10-05,0.2511,0.2247,0.2948,0.2443
23316,33.5976092052193,35.42781668993069,2026-10-06,0.1965,0.1759,0.2074,0.1759
23316,33.5976092052193,35.42781668993069,2026-10-07,0.1747,0.1661,0.1856,0.1563
23316,33.5976092052193,35.42781668993069,2026-10-08,0.1747,0.1661,0.2511,0.1661
23316,33.5976092052193,35.42781668993069,2026-10-09,0.1747,0.1563,0.2074,0.1563
23316,33.5976092052193,35.42781668993069,2026-10-10,0.1638,0.1466,0.1856,0.1563
23316,33.5976092052193,35.42781668993069,2026-10-11,0.1638,0.1466,0.1747,0.1466
52131,33.595416487438335,35.69857400219823,2026-10-05,0.2408,0.2273,0.2826,0.2471
52131,33.595416487438335,35.69857400219823,2026-10-06,0.1884,0.1779,0.1989,0.1779
52131,33.595416487438335,35.69857400219823,2026-10-07,0.1675,0.168,0.178,0.1581
52131,33.595416487438335,35.69857400219823,2026-10-08,0.1675,0.168,0.2408,0.168
52131,33.595416487438335,35.69857400219823,2026-10-09,0.1675,0.1581,0.1989,0.1581
52131,33.595416487438335,35.69857400219823,2026-10-10,0.157,0.1482,0.178,0.1581
52131,33.595416487438335,35.69857400219823,2026-10-11,0.157,0.1482,0.1675,0.1482
23356,33.58953479011335,35.50192409907439,2026-10-05,0.2183,0.2329,0.2563,0.2532
23356,33.58953479011335,35.50192409907439,2026-10-06,0.1709,0.1823,0.1804,0.1823
23356,33.58953479011335,35.50192409907439,2026-10-07,0.1519,0.1722,0.1614,0.162
23356,33.58953479011335,35.50192409907439,2026-10-08,0.1519,0.1722,0.2183,0.1722
23356,33.58953479011335,35.50192409907439,2026-10-09,0.1519,0.162,0.1804,0.162
23356,33.58953479011335,35.50192409907439,2026-10-10,0.1424,0.1519,0.1614,0.162
23356,33.58953479011335,35.50192409907439,2026-10-11,0.1424,0.1519,0.1519,0.1519
52126,33.58856542858426,35.676102583304264,2026-10-05,0.1995,0.2376,0.2341,0.2583
52126,33.58856542858426,35.676102583304264,2026-10-06,0.1561,0.186,0.1648,0.186
52126,33.58856542858426,35.676102583304264,2026-10-07,0.1388,0.1756,0.1474,0.1653
52126,33.58856542858426,35.676102583304264,2026-10-08,0.1388,0.1756,0.1995,0.1756
52126,33.58856542858426,35.676102583304264,2026-10-09,0.1388,0.1653,0.1648,0.1653
52126,33.58856542858426,35.676102583304264,2026-10-10,0.1301,0.155,0.1474,0.1653
52126,33.58856542858426,35.676102583304264,2026-10-11,0.1301,0.155,0.1388,0.155
63161,33.58843493900493,35.56548512810282,2026-10-05,0.2012,0.2372,0.2362,0.2578
63161,33.58843493900493,35.56548512810282,2026-10-06,0.1575,0.1856,0.1662,0.1856
63161,33.58843493900493,35.56548512810282,2026-10-07,0.14,0.1753,0.1487,0.165
63161,33.58843493900493,35.56548512810282,2026-10-08,0.14,0.1753,0.2012,0.1753
63161,33.58843493900493,35.56548512810282,2026-10-09,0.14,0.165,0.1662,0.165
63161,33.58843493900493,35.56548512810282,2026-10-10,0.1312,0.1547,0.1487,0.165
63161,33.58843493900493,35.56548512810282,2026-10-11,0.1312,0.1547,0.14,0.1547
23006,33.59037406326957,35.47508216797715,2026-10-05,0.2294,0.2301,0.2693,0.2502
23006,33.59037406326957,35.47508216797715,2026-10-06,0.1795,0.1801,0.1895,0.1801
23006,33.59037406326957,35.47508216797715,2026-10-07,0.1596,0.1701,0.1696,0.1601
23006,33.59037406326957,35.47508216797715,2026-10-08,0.1596,0.1701,0.2294,0.1701
23006,33.59037406326957,35.47508216797715,2026-10-09,0.1596,0.1601,0.1895,0.1601
23006,33.59037406326957,35.47508216797715,2026-10-10,0.1496,0.1501,0.1696,0.1601
23006,33.59037406326957,35.47508216797715,2026-10-11,0.1496,0.1501,0.1596,0.1501
23346,33.58215789877742,35.492103378403385,2026-10-05,0.2236,0.2316,0.2624,0.2518
23346,33.58215789877742,35.492103378403385,2026-10-06,0.175,0.1813,0.1847,0.1813
23346,33.58215789877742,35.492103378403385,2026-10-07,0.1555,0.1712,0.1652,0.1611
23346,33.58215789877742,35.492103378403385,2026-10-08,0.1555,0.1712,0.2236,0.1712
23346,33.58215789877742,35.492103378403385,2026-10-09,0.1555,0.1611,0.1847,0.1611
23346,33.58215789877742,35.492103378403385,2026-10-10,0.1458,0.1511,0.1652,0.1611
23346,33.58215789877742,35.492103378403385,2026-10-11,0.1458,0.1511,0.1555,0.1511
63181,33.58511258216944,35.59404286811633,2026-10-05,0.2245,0.2314,0.2635,0.2515
63181,33.58511258216944,35.59404286811633,2026-10-06,0.1757,0.1811,0.1854,0.1811
63181,33.58511258216944,35.59404286811633,2026-10-07,0.1562,0.171,0.1659,0.161
63181,33.58511258216944,35.59404286811633,2026-10-08,0.1562,0.171,0.2245,0.171
63181,33.58511258216944,35.59404286811633,2026-10-09,0.1562,0.161,0.1854,0.161
63181,33.58511258216944,35.59404286811633,2026-10-10,0.1464,0.1509,0.1659,0.161
63181,33.58511258216944,35.59404286811633,2026-10-11,0.1464,0.1509,0.1562,0.1509
23007,33.589242193693984,35.586184051335415,2026-10-05,0.2343,0.2289,0.275,0.2488
23007,33.589242193693984,35.586184051335415,2026-10-06,0.1833,0.1792,0.1935,0.1792
23007,33.589242193693984,35.586184051335415,2026-10-07,0.163,0.1692,0.1732,0.1593
23007,33.589242193693984,35.586184051335415,2026-10-08,0.163,0.1692,0.2343,0.1692
23007,33.589242193693984,35.586184051335415,2026-10-09,0.163,0.1593,0.1935,0.1593
23007,33.589242193693984,35.586184051335415,2026-10-10,0.1528,0.1493,0.1732,0.1593
23007,33.589242193693984,35.586184051335415,2026-10-11,0.1528,0.1493,0.163,0.1493
63141,33.5843179291154,35.58178350736979,2026-10-05,0.1935,0.2391,0.2271,0.2599
63141,33.5843179291154,35.58178350736979,2026-10-06,0.1514,0.1872,0.1598,0.1872
63141,33.5843179291154,35.58178350736979,2026-10-07,0.1346,0.1768,0.143,0.1664
63141,33.5843179291154,35.58178350736979,2026-10-08,0.1346,0.1768,0.1935,0.1768
63141,33.5843179291154,35.58178350736979,2026-10-09,0.1346,0.1664,0.1598,0.1664
63141,33.5843179291154,35.58178350736979,2026-10-10,0.1262,0.156,0.143,0.1664
63141,33.5843179291154,35.58178350736979,2026-10-11,0.1262,0.156,0.1346,0.156
55191,33.58568023003107,35.99023689585032,2026-10-05,0.232,0.2295,0.2724,0.2494
55191,33.58568023003107,35.99023689585032,2026-10-06,0.1816,0.1796,0.1917,0.1796
55191,33.58568023003107,35.99023689585032,2026-10-07,0.1614,0.1696,0.1715,0.1596
55191,33.58568023003107,35.99023689585032,2026-10-08,0.1614,0.1696,0.232,0.1696
55191,33.58568023003107,35.99023689585032,2026-10-09,0.1614,0.1596,0.1917,0.1596
55191,33.58568023003107,35.99023689585032,2026-10-10,0.1513,0.1497,0.1715,0.1596
55191,33.58568023003107,35.99023689585032,2026-10-11,0.1513,0.1497,0.1614,0.1497
23371,33.5832040498892,35.52180233574404,2026-10-05,0.2002,0.2375,0.235,0.2581
23371,33.5832040498892,35.52180233574404,2026-10-06,0.1567,0.1858,0.1654,0.1858
23371,33.5832040498892,35.52180233574404,2026-10-07,0.1393,0.1755,0.148,0.1652
23371,33.5832040498892,35.52180233574404,2026-10-08,0.1393,0.1755,0.2002,0.1755
23371,33.5832040498892,35.52180233574404,2026-10-09,0.1393,0.1652,0.1654,0.1652
23371,33.5832040498892,35.52180233574404,2026-10-10,0.1306,0.1549,0.148,0.1652
23371,33.5832040498892,35.52180233574404,2026-10-11,0.1306,0.1549,0.1393,0.1549
55002,33.58074523766768,36.02955679320577,2026-10-05,0.18,0.2425,0.2113,0.2636
55002,33.58074523766768,36.02955679320577,2026-10-06,0.1409,0.1898,0.1487,0.1898
55002,33.58074523766768,36.02955679320577,2026-10-07,0.1252,0.1792,0.1331,0.1687
55002,33.58074523766768,36.02955679320577,2026-10-08,0.1252,0.1792,0.18,0.1792
55002,33.58074523766768,36.02955679320577,2026-10-09,0.1252,0.1687,0.1487,0.1687
55002,33.58074523766768,36.02955679320577,2026-10-10,0.1174,0.1581,0.1331,0.1687
55002,33.58074523766768,36.02955679320577,2026-10-11,0.1174,0.1581,0.1252,0.1581
63001,33.58461065083039,35.57604123750705,2026-10-05,0.2638,0.2215,0.3097,0.2408
63001,33.58461065083039,35.57604123750705,2026-10-06,0.2065,0.1734,0.218,0.1734
63001,33.58461065083039,35.57604123750705,2026-10-07,0.1835,0.1637,0.195,0.1541
63001,33.58461065083039,35.57604123750705,2026-10-08,0.1835,0.1637,0.2638,0.1637
63001,33.58461065083039,35.57604123750705,2026-10-09,0.1835,0.1541,0.218,0.1541
63001,33.58461065083039,35.57604123750705,2026-10-10,0.1721,0.1445,0.195,0.1541
63001,33.58461065083039,35.57604123750705,2026-10-11,0.1721,0.1445,0.1835,0.1445
63157,33.57993576507302,35.57009327755237,2026-10-05,0.2527,0.2243,0.2967,0.2438
63157,33.57993576507302,35.57009327755237,2026-10-06,0.1978,0.1756,0.2088,0.1756
63157,33.57993576507302,35.57009327755237,2026-10-07,0.1758,0.1658,0.1868,0.156
63157,33.57993576507302,35.57009327755237,2026-10-08,0.1758,0.1658,0.2527,0.1658
63157,33.57993576507302,35.57009327755237,2026-10-09,0.1758,0.156,0.2088,0.156
63157,33.57993576507302,35.57009327755237,2026-10-10,0.1648,0.1463,0.1868,0.156
63157,33.57993576507302,35.57009327755237,2026-10-11,0.1648,0.1463,0.1758,0.1463
55141,33.5596252347751,35.79428943428502,2026-10-05,0.2336,0.2291,0.2743,0.249
55141,33.5596252347751,35.79428943428502,2026-10-06,0.1828,0.1793,0.193,0.1793
55141,33.5596252347751,35.79428943428502,2026-10-07,0.1625,0.1693,0.1727,0.1594
55141,33.5596252347751,35.79428943428502,2026-10-08,0.1625,0.1693,0.2336,0.1693
55141,33.5596252347751,35.79428943428502,2026-10-09,0.1625,0.1594,0.193,0.1594
55141,33.5596252347751,35.79428943428502,2026-10-10,0.1524,0.1494,0.1727,0.1594
55141,33.5596252347751,35.79428943428502,2026-10-11,0.1524,0.1494,0.1625,0.1494
63187,33.57282873082781,35.54511939117329,2026-10-05,0.2318,0.2296,0.2721,0.2495
63187,33.57282873082781,35.54511939117329,2026-10-06,0.1814,0.1796,0.1915,0.1796
63187,33.57282873082781,35.54511939117329,2026-10-07,0.1613,0.1697,0.1713,0.1597
63187,33.57282873082781,35.54511939117329,2026-10-08,0.1613,0.1697,0.2318,0.1697
63187,33.57282873082781,35.54511939117329,2026-10-09,0.1613,0.1597,0.1915,0.1597
63187,33.57282873082781,35.54511939117329,2026-10-10,0.1512,0.1497,0.1713,0.1597
63187,33.57282873082781,35.54511939117329,2026-10-11,0.1512,0.1497,0.1613,0.1497
63244,33.56593801109203,35.44845529995153,2026-10-05,0.2025,0.2369,0.2378,0.2575
63244,33.56593801109203,35.44845529995153,2026-10-06,0.1585,0.1854,0.1673,0.1854
63244,33.56593801109203,35.44845529995153,2026-10-07,0.1409,0.1751,0.1497,0.1648
63244,33.56593801109203,35.44845529995153,2026-10-08,0.1409,0.1751,0.2025,0.1751
63244,33.56593801109203,35.44845529995153,2026-10-09,0.1409,0.1648,0.1673,0.1648
63244,33.56593801109203,35.44845529995153,2026-10-10,0.1321,0.1545,0.1497,0.1648
63244,33.56593801109203,35.44845529995153,2026-10-11,0.1321,0.1545,0.1409,0.1545
63211,33.54722080828693,35.473509106097545,2026-10-05,0.1961,0.2385,0.2302,0.2592
63211,33.54722080828693,35.473509106097545,2026-10-06,0.1535,0.1866,0.162,0.1866
63211,33.54722080828693,35.473509106097545,2026-10-07,0.1364,0.1763,0.145,0.1659
63211,33.54722080828693,35.473509106097545,2026-10-08,0.1364,0.1763,0.1961,0.1763
63211,33.54722080828693,35.473509106097545,2026-10-09,0.1364,0.1659,0.162,0.1659
63211,33.54722080828693,35.473509106097545,2026-10-10,0.1279,0.1555,0.145,0.1659
63211,33.54722080828693,35.473509106097545,2026-10-11,0.1279,0.1555,0.1364,0.1555
63174,33.56428893128861,35.542255761518156,2026-10-05,0.2703,0.2199,0.3173,0.2391
63174,33.56428893128861,35.542255761518156,2026-10-06,0.2115,0.1721,0.2233,0.1721
63174,33.56428893128861,35.542255761518156,2026-10-07,0.188,0.1626,0.1998,0.153
63174,33.56428893128861,35.542255761518156,2026-10-08,0.188,0.1626,0.2703,0.1626
63174,33.56428893128861,35.542255761518156,2026-10-09,0.188,0.153,0.2233,0.153
63174,33.56428893128861,35.542255761518156,2026-10-10,0.1763,0.1434,0.1998,0.153
63174,33.56428893128861,35.542255761518156,2026-10-11,0.1763,0.1434,0.188,0.1434
55174,33.543673557606844,35.733229515551805,2026-10-05,0.1979,0.238,0.2323,0.2587
55174,33.543673557606844,35.733229515551805,2026-10-06,0.1549,0.1863,0.1635,0.1863
55174,33.543673557606844,35.733229515551805,2026-10-07,0.1377,0.1759,0.1463,0.1656
55174,33.543673557606844,35.733229515551805,2026-10-08,0.1377,0.1759,0.1979,0.1759
55174,33.543673557606844,35.733229515551805,2026-10-09,0.1377,0.1656,0.1635,0.1656
55174,33.543673557606844,35.733229515551805,2026-10-10,0.1291,0.1552,0.1463,0.1656
55174,33.543673557606844,35.733229515551805,2026-10-11,0.1291,0.1552,0.1377,0.1552
55003,33.559144921918104,35.77394188264037,2026-10-05,0.2254,0.2312,0.2646,0.2513
55003,33.559144921918104,35.77394188264037,2026-10-06,0.1764,0.1809,0.1862,0.1809
55003,33.559144921918104,35.77394188264037,2026-10-07,0.1568,0.1709,0.1666,0.1608
55003,33.559144921918104,35.77394188264037,2026-10-08,0.1568,0.1709,0.2254,0.1709
55003,33.559144921918104,35.77394188264037,2026-10-09,0.1568,0.1608,0.1862,0.1608
55003,33.559144921918104,35.77394188264037,2026-10-10,0.147,0.1508,0.1666,0.1608
55003,33.559144921918104,35.77394188264037,2026-10-11,0.147,0.1508,0.1568,0.1508
55004,33.54998414678648,35.77604826504981,2026-10-05,0.2324,0.2294,0.2729,0.2493
55004,33.54998414678648,35.77604826504981,2026-10-06,0.1819,0.1795,0.192,0.1795
55004,33.54998414678648,35.77604826504981,2026-10-07,0.1617,0.1695,0.1718,0.1596
55004,33.54998414678648,35.77604826504981,2026-10-08,0.1617,0.1695,0.2324,0.1695
55004,33.54998414678648,35.77604826504981,2026-10-09,0.1617,0.1596,0.192,0.1596
55004,33.54998414678648,35.77604826504981,2026-10-10,0.1516,0.1496,0.1718,0.1596
55004,33.54998414678648,35.77604826504981,2026-10-11,0.1516,0.1496,0.1617,0.1496
63117,33.54353430111181,35.554835292044885,2026-10-05,0.2119,0.2345,0.2488,0.2549
63117,33.54353430111181,35.554835292044885,2026-10-06,0.1659,0.1835,0.1751,0.1835
63117,33.54353430111181,35.554835292044885,2026-10-07,0.1474,0.1733,0.1567,0.1631
63117,33.54353430111181,35.554835292044885,2026-10-08,0.1474,0.1733,0.2119,0.1733
63117,33.54353430111181,35.554835292044885,2026-10-09,0.1474,0.1631,0.1751,0.1631
63117,33.54353430111181,35.554835292044885,2026-10-10,0.1382,0.1529,0.1567,0.1631
63117,33.54353430111181,35.554835292044885,2026-10-11,0.1382,0.1529,0.1474,0.1529
63264,33.53004828792825,35.501385135934974,2026-10-05,0.2119,0.2345,0.2487,0.2549
63264,33.53004828792825,35.501385135934974,2026-10-06,0.1658,0.1835,0.175,0.1835
63264,33.53004828792825,35.501385135934974,2026-10-07,0.1474,0.1733,0.1566,0.1631
63264,33.53004828792825,35.501385135934974,2026-10-08,0.1474,0.1733,0.2119,0.1733
63264,33.53004828792825,35.501385135934974,2026-10-09,0.1474,0.1631,0.175,0.1631
63264,33.53004828792825,35.501385135934974,2026-10-10,0.1382,0.153,0.1566,0.1631
63264,33.53004828792825,35.501385135934974,2026-10-11,0.1382,0.153,0.1474,0.153
55005,33.5387780163212,35.866874150200616,2026-10-05,0.2551,0.2237,0.2994,0.2432
55005,33.5387780163212,35.866874150200616,2026-10-06,0.1996,0.1751,0.2107,0.1751
55005,33.5387780163212,35.866874150200616,2026-10-07,0.1774,0.1654,0.1885,0.1556
55005,33.5387780163212,35.866874150200616,2026-10-08,0.1774,0.1654,0.2551,0.1654
55005,33.5387780163212,35.866874150200616,2026-10-09,0.1774,0.1556,0.2107,0.1556
55005,33.5387780163212,35.866874150200616,2026-10-10,0.1664,0.1459,0.1885,0.1556
55005,33.5387780163212,35.866874150200616,2026-10-11,0.1664,0.1459,0.1774,0.1459
63284,33.532269235424394,35.53143137911907,2026-10-05,0.2481,0.2255,0.2912,0.2451
63284,33.532269235424394,35.53143137911907,2026-10-06,0.1941,0.1765,0.2049,0.1765
63284,33.532269235424394,35.53143137911907,2026-10-07,0.1726,0.1667,0.1833,0.1569
63284,33.532269235424394,35.53143137911907,2026-10-08,0.1726,0.1667,0.2481,0.1667
63284,33.532269235424394,35.53143137911907,2026-10-09,0.1726,0.1569,0.2049,0.1569
63284,33.532269235424394,35.53143137911907,2026-10-10,0.1618,0.1471,0.1833,0.1569
63284,33.532269235424394,35.53143137911907,2026-10-11,0.1618,0.1471,0.1726,0.1471
63147,33.52664897115446,35.53972622284509,2026-10-05,0.2602,0.2224,0.3055,0.2418
63147,33.52664897115446,35.53972622284509,2026-10-06,0.2037,0.1741,0.215,0.1741
63147,33.52664897115446,35.53972622284509,2026-10-07,0.181,0.1644,0.1924,0.1547
63147,33.52664897115446,35.53972622284509,2026-10-08,0.181,0.1644,0.2602,0.1644
63147,33.52664897115446,35.53972622284509,2026-10-09,0.181,0.1547,0.215,0.1547
63147,33.52664897115446,35.53972622284509,2026-10-10,0.1697,0.1451,0.1924,0.1547
63147,33.52664897115446,35.53972622284509,2026-10-11,0.1697,0.1451,0.181,0.1451
63281,33.52327945586887,35.52302097659767,2026-10-05,0.2177,0.2331,0.2555,0.2534
63281,33.52327945586887,35.52302097659767,2026-10-06,0.1704,0.1824,0.1798,0.1824
63281,33.52327945586887,35.52302097659767,2026-10-07,0.1514,0.1723,0.1609,0.1621
63281,33.52327945586887,35.52302097659767,2026-10-08,0.1514,0.1723,0.2177,0.1723
63281,33.52327945586887,35.52302097659767,2026-10-09,0.1514,0.1621,0.1798,0.1621
63281,33.52327945586887,35.52302097659767,2026-10-10,0.142,0.152,0.1609,0.1621
63281,33.52327945586887,35.52302097659767,2026-10-11,0.142,0.152,0.1514,0.152
63257,33.52137013650316,35.49990592448064,2026-10-05,0.2555,0.2236,0.3,0.2431
63257,33.52137013650316,35.49990592448064,2026-10-06,0.2,0.175,0.2111,0.175
63257,33.52137013650316,35.49990592448064,2026-10-07,0.1778,0.1653,0.1889,0.1556
63257,33.52137013650316,35.49990592448064,2026-10-08,0.1778,0.1653,0.2555,0.1653
63257,33.52137013650316,35.49990592448064,2026-10-09,0.1778,0.1556,0.2111,0.1556
63257,33.52137013650316,35.49990592448064,2026-10-10,0.1667,0.1458,0.1889,0.1556
63257,33.52137013650316,35.49990592448064,2026-10-11,0.1667,0.1458,0.1778,0.1458
63224,33.51998270563606,35.47100381744419,2026-10-05,0.2059,0.236,0.2417,0.2565
63224,33.51998270563606,35.47100381744419,2026-10-06,0.1612,0.1847,0.1701,0.1847
63224,33.51998270563606,35.47100381744419,2026-10-07,0.1433,0.1744,0.1522,0.1642
63224,33.51998270563606,35.47100381744419,2026-10-08,0.1433,0.1744,0.2059,0.1744
63224,33.51998270563606,35.47100381744419,2026-10-09,0.1433,0.1642,0.1701,0.1642
63224,33.51998270563606,35.47100381744419,2026-10-10,0.1343,0.1539,0.1522,0.1642
63224,33.51998270563606,35.47100381744419,2026-10-11,0.1343,0.1539,0.1433,0.1539
63137,33.52014354047853,35.549416986240175,2026-10-05,0.2181,0.233,0.256,0.2532
63137,33.52014354047853,35.549416986240175,2026-10-06,0.1706,0.1823,0.1801,0.1823
63137,33.52014354047853,35.549416986240175,2026-10-07,0.1517,0.1722,0.1612,0.1621
63137,33.52014354047853,35.549416986240175,2026-10-08,0.1517,0.1722,0.2181,0.1722
63137,33.52014354047853,35.549416986240175,2026-10-09,0.1517,0.1621,0.1801,0.1621
63137,33.52014354047853,35.549416986240175,2026-10-10,0.1422,0.1519,0.1612,0.1621
63137,33.52014354047853,35.549416986240175,2026-10-11,0.1422,0.1519,0.1517,0.1519
61484,33.51398212860588,35.40303125268314,2026-10-05,0.2536,0.2241,0.2978,0.2436
61484,33.51398212860588,35.40303125268314,2026-10-06,0.1985,0.1754,0.2095,0.1754
61484,33.51398212860588,35.40303125268314,2026-10-07,0.1765,0.1656,0.1875,0.1559
61484,33.51398212860588,35.40303125268314,2026-10-08,0.1765,0.1656,0.2536,0.1656
61484,33.51398212860588,35.40303125268314,2026-10-09,0.1765,0.1559,0.2095,0.1559
61484,33.51398212860588,35.40303125268314,2026-10-10,0.1654,0.1461,0.1875,0.1559
61484,33.51398212860588,35.40303125268314,2026-10-11,0.1654,0.1461,0.1765,0.1461
61497,33.51113514101062,35.48657589586223,2026-10-05,0.2304,0.2299,0.2705,0.2499
61497,33.51113514101062,35.48657589586223,2026-10-06,0.1803,0.1799,0.1903,0.1799
61497,33.51113514101062,35.48657589586223,2026-10-07,0.1603,0.1699,0.1703,0.1599
61497,33.51113514101062,35.48657589586223,2026-10-08,0.1603,0.1699,0.2304,0.1699
61497,33.51113514101062,35.48657589586223,2026-10-09,0.1603,0.1599,0.1903,0.1599
61497,33.51113514101062,35.48657589586223,2026-10-10,0.1503,0.1499,0.1703,0.1599
61497,33.51113514101062,35.48657589586223,2026-10-11,0.1503,0.1499,0.1603,0.1499
63154,33.50921562510528,35.55396141512311,2026-10-05,0.2361,0.2285,0.2771,0.2484
63154,33.50921562510528,35.55396141512311,2026-10-06,0.1847,0.1788,0.195,0.1788
63154,33.50921562510528,35.55396141512311,2026-10-07,0.1642,0.1689,0.1745,0.1589
63154,33.50921562510528,35.55396141512311,2026-10-08,0.1642,0.1689,0.2361,0.1689
63154,33.50921562510528,35.55396141512311,2026-10-09,0.1642,0.1589,0.195,0.1589
63154,33.50921562510528,35.55396141512311,2026-10-10,0.154,0.149,0.1745,0.1589
63154,33.50921562510528,35.55396141512311,2026-10-11,0.154,0.149,0.1642,0.149
63177,33.51180473539546,35.54479781331584,2026-10-05,0.2097,0.2351,0.2461,0.2555
63177,33.51180473539546,35.54479781331584,2026-10-06,0.1641,0.184,0.1732,0.184
63177,33.51180473539546,35.54479781331584,2026-10-07,0.1459,0.1738,0.155,0.1635
63177,33.51180473539546,35.54479781331584,2026-10-08,0.1459,0.1738,0.2097,0.1738
63177,33.51180473539546,35.54479781331584,2026-10-09,0.1459,0.1635,0.1732,0.1635
63177,33.51180473539546,35.54479781331584,2026-10-10,0.1367,0.1533,0.155,0.1635
63177,33.51180473539546,35.54479781331584,2026-10-11,0.1367,0.1533,0.1459,0.1533
63385,33.50470492152486,35.50945878825153,2026-10-05,0.2355,0.2286,0.2764,0.2485
63385,33.50470492152486,35.50945878825153,2026-10-06,0.1843,0.1789,0.1945,0.1789
63385,33.50470492152486,35.50945878825153,2026-10-07,0.1638,0.169,0.174,0.1591
63385,33.50470492152486,35.50945878825153,2026-10-08,0.1638,0.169,0.2355,0.169
63385,33.50470492152486,35.50945878825153,2026-10-09,0.1638,0.1591,0.1945,0.1591
63385,33.50470492152486,35.50945878825153,2026-10-10,0.1536,0.1491,0.174,0.1591
63385,33.50470492152486,35.50945878825153,2026-10-11,0.1536,0.1491,0.1638,0.1491
55199,33.49823202768707,35.74601214542352,2026-10-05,0.212,0.2345,0.2489,0.2549
55199,33.49823202768707,35.74601214542352,2026-10-06,0.1659,0.1835,0.1752,0.1835
55199,33.49823202768707,35.74601214542352,2026-10-07,0.1475,0.1733,0.1567,0.1631
55199,33.49823202768707,35.74601214542352,2026-10-08,0.1475,0.1733,0.212,0.1733
55199,33.49823202768707,35.74601214542352,2026-10-09,0.1475,0.1631,0.1752,0.1631
55199,33.49823202768707,35.74601214542352,2026-10-10,0.1383,0.1529,0.1567,0.1631
55199,33.49823202768707,35.74601214542352,2026-10-11,0.1383,0.1529,0.1475,0.1529
63164,33.50244589603668,35.56962023123163,2026-10-05,0.2108,0.2348,0.2475,0.2552
63164,33.50244589603668,35.56962023123163,2026-10-06,0.165,0.1837,0.1742,0.1837
63164,33.50244589603668,35.56962023123163,2026-10-07,0.1467,0.1735,0.1558,0.1633
63164,33.50244589603668,35.56962023123163,2026-10-08,0.1467,0.1735,0.2108,0.1735
63164,33.50244589603668,35.56962023123163,2026-10-09,0.1467,0.1633,0.1742,0.1633
63164,33.50244589603668,35.56962023123163,2026-10-10,0.1375,0.1531,0.1558,0.1633
63164,33.50244589603668,35.56962023123163,2026-10-11,0.1375,0.1531,0.1467,0.1531
61473,33.49166024560098,35.34905361433849,2026-10-05,0.242,0.227,0.2841,0.2467
61473,33.49166024560098,35.34905361433849,2026-10-06,0.1894,0.1776,0.1999,0.1776
61473,33.49166024560098,35.34905361433849,2026-10-07,0.1684,0.1678,0.1789,0.1579
61473,33.49166024560098,35.34905361433849,2026-10-08,0.1684,0.1678,0.242,0.1678
61473,33.49166024560098,35.34905361433849,2026-10-09,0.1684,0.1579,0.1999,0.1579
61473,33.49166024560098,35.34905361433849,2026-10-10,0.1578,0.148,0.1789,0.1579
61473,33.49166024560098,35.34905361433849,2026-10-11,0.1578,0.148,0.1684,0.148
63194,33.49063555753858,35.551779819988596,2026-10-05,0.2601,0.2225,0.3053,0.2418
63194,33.49063555753858,35.551779819988596,2026-10-06,0.2035,0.1741,0.2148,0.1741
63194,33.49063555753858,35.551779819988596,2026-10-07,0.1809,0.1644,0.1922,0.1548
63194,33.49063555753858,35.551779819988596,2026-10-08,0.1809,0.1644,0.2601,0.1644
63194,33.49063555753858,35.551779819988596,2026-10-09,0.1809,0.1548,0.2148,0.1548
63194,33.49063555753858,35.551779819988596,2026-10-10,0.1696,0.1451,0.1922,0.1548
63194,33.49063555753858,35.551779819988596,2026-10-11,0.1696,0.1451,0.1809,0.1451
63294,33.486845872241254,35.47735748154552,2026-10-05,0.1897,0.2401,0.2227,0.261
63294,33.486845872241254,35.47735748154552,2026-10-06,0.1485,0.1879,0.1567,0.1879
63294,33.486845872241254,35.47735748154552,2026-10-07,0.132,0.1774,0.1402,0.167
63294,33.486845872241254,35.47735748154552,2026-10-08,0.132,0.1774,0.1897,0.1774
63294,33.486845872241254,35.47735748154552,2026-10-09,0.132,0.167,0.1567,0.167
63294,33.486845872241254,35.47735748154552,2026-10-10,0.1237,0.1566,0.1402,0.167
63294,33.486845872241254,35.47735748154552,2026-10-11,0.1237,0.1566,0.132,0.1566
61494,33.49249067197279,35.46958052137492,2026-10-05,0.2416,0.2271,0.2836,0.2468
61494,33.49249067197279,35.46958052137492,2026-10-06,0.1891,0.1777,0.1996,0.1777
61494,33.49249067197279,35.46958052137492,2026-10-07,0.1681,0.1679,0.1786,0.158
61494,33.49249067197279,35.46958052137492,2026-10-08,0.1681,0.1679,0.2416,0.1679
61494,33.49249067197279,35.46958052137492,2026-10-09,0.1681,0.158,0.1996,0.158
61494,33.49249067197279,35.46958052137492,2026-10-10,0.1576,0.1481,0.1786,0.158
61494,33.49249067197279,35.46958052137492,2026-10-11,0.1576,0.1481,0.1681,0.1481
55006,33.49541556986124,35.82649203818934,2026-10-05,0.2209,0.2323,0.2594,0.2525
55006,33.49541556986124,35.82649203818934,2026-10-06,0.1729,0.1818,0.1825,0.1818
55006,33.49541556986124,35.82649203818934,2026-10-07,0.1537,0.1717,0.1633,0.1616
55006,33.49541556986124,35.82649203818934,2026-10-08,0.1537,0.1717,0.2209,0.1717
55006,33.49541556986124,35.82649203818934,2026-10-09,0.1537,0.1616,0.1825,0.1616
55006,33.49541556986124,35.82649203818934,2026-10-10,0.1441,0.1515,0.1633,0.1616
55006,33.49541556986124,35.82649203818934,2026-10-11,0.1441,0.1515,0.1537,0.1515
55161,33.47927844463966,35.769941518562284,2026-10-05,0.2477,0.2256,0.2908,0.2452
55161,33.47927844463966,35.769941518562284,2026-10-06,0.1939,0.1765,0.2046,0.1765
55161,33.47927844463966,35.769941518562284,2026-10-07,0.1723,0.1667,0.1831,0.1569
55161,33.47927844463966,35.769941518562284,2026-10-08,0.1723,0.1667,0.2477,0.1667
55161,33.47927844463966,35.769941518562284,2026-10-09,0.1723,0.1569,0.2046,0.1569
55161,33.47927844463966,35.769941518562284,2026-10-10,0.1615,0.1471,0.1831,0.1569
55161,33.47927844463966,35.769941518562284,2026-10-11,0.1615,0.1471,0.1723,0.1471
61483,33.487099958612376,35.43959048640446,2026-10-05,0.2424,0.2269,0.2845,0.2466
61483,33.487099958612376,35.43959048640446,2026-10-06,0.1897,0.1776,0.2002,0.1776
61483,33.487099958612376,35.43959048640446,2026-10-07,0.1686,0.1677,0.1792,0.1578
61483,33.487099958612376,35.43959048640446,2026-10-08,0.1686,0.1677,0.2424,0.1677
61483,33.487099958612376,35.43959048640446,2026-10-09,0.1686,0.1578,0.2002,0.1578
61483,33.487099958612376,35.43959048640446,2026-10-10,0.1581,0.148,0.1792,0.1578
61483,33.487099958612376,35.43959048640446,2026-10-11,0.1581,0.148,0.1686,0.148
61486,33.482992477298836,35.44478690899342,2026-10-05,0.2316,0.2296,0.2719,0.2496
61486,33.482992477298836,35.44478690899342,2026-10-06,0.1813,0.1797,0.1913,0.1797
61486,33.482992477298836,35.44478690899342,2026-10-07,0.1611,0.1697,0.1712,0.1597
61486,33.482992477298836,35.44478690899342,2026-10-08,0.1611,0.1697,0.2316,0.1697
61486,33.482992477298836,35.44478690899342,2026-10-09,0.1611,0.1597,0.1913,0.1597
61486,33.482992477298836,35.44478690899342,2026-10-10,0.1511,0.1497,0.1712,0.1597
61486,33.482992477298836,35.44478690899342,2026-10-11,0.1511,0.1497,0.1611,0.1497
63002,33.483234486395204,35.54895935826534,2026-10-05,0.2119,0.2345,0.2488,0.2549
63002,33.483234486395204,35.54895935826534,2026-10-06,0.1659,0.1835,0.1751,0.1835
63002,33.483234486395204,35.54895935826534,2026-10-07,0.1474,0.1733,0.1567,0.1631
63002,33.483234486395204,35.54895935826534,2026-10-08,0.1474,0.1733,0.2119,0.1733
63002,33.483234486395204,35.54895935826534,2026-10-09,0.1474,0.1631,0.1751,0.1631
63002,33.483234486395204,35.54895935826534,2026-10-10,0.1382,0.1529,0.1567,0.1631
63002,33.483234486395204,35.54895935826534,2026-10-11,0.1382,0.1529,0.1474,0.1529
61487,33.48098127993876,35.45301244533679,2026-10-05,0.2253,0.2312,0.2645,0.2513
61487,33.48098127993876,35.45301244533679,2026-10-06,0.1763,0.1809,0.1861,0.1809
61487,33.48098127993876,35.45301244533679,2026-10-07,0.1567,0.1709,0.1665,0.1608
61487,33.48098127993876,35.45301244533679,2026-10-08,0.1567,0.1709,0.2253,0.1709
61487,33.48098127993876,35.45301244533679,2026-10-09,0.1567,0.1608,0.1861,0.1608
61487,33.48098127993876,35.45301244533679,2026-10-10,0.1469,0.1508,0.1665,0.1608
61487,33.48098127993876,35.45301244533679,2026-10-11,0.1469,0.1508,0.1567,0.1508
61467,33.472081073157746,35.36409551735772,2026-10-05,0.2134,0.2342,0.2505,0.2545
61467,33.472081073157746,35.36409551735772,2026-10-06,0.167,0.1833,0.1763,0.1833
61467,33.472081073157746,35.36409551735772,2026-10-07,0.1484,0.1731,0.1577,0.1629
61467,33.472081073157746,35.36409551735772,2026-10-08,0.1484,0.1731,0.2134,0.1731
61467,33.472081073157746,35.36409551735772,2026-10-09,0.1484,0.1629,0.1763,0.1629
61467,33.472081073157746,35.36409551735772,2026-10-10,0.1391,0.1527,0.1577,0.1629
61467,33.472081073157746,35.36409551735772,2026-10-11,0.1391,0.1527,0.1484,0.1527
71241,33.47235262056967,35.45627999072238,2026-10-05,0.205,0.2363,0.2406,0.2568
71241,33.47235262056967,35.45627999072238,2026-10-06,0.1604,0.1849,0.1693,0.1849
71241,33.47235262056967,35.45627999072238,2026-10-07,0.1426,0.1746,0.1515,0.1644
71241,33.47235262056967,35.45627999072238,2026-10-08,0.1426,0.1746,0.205,0.1746
71241,33.47235262056967,35.45627999072238,2026-10-09,0.1426,0.1644,0.1693,0.1644
71241,33.47235262056967,35.45627999072238,2026-10-10,0.1337,0.1541,0.1515,0.1644
71241,33.47235262056967,35.45627999072238,2026-10-11,0.1337,0.1541,0.1426,0.1541
61474,33.46985289330298,35.39927252203406,2026-10-05,0.2631,0.2217,0.3088,0.241
61474,33.46985289330298,35.39927252203406,2026-10-06,0.2059,0.1735,0.2173,0.1735
61474,33.46985289330298,35.39927252203406,2026-10-07,0.183,0.1639,0.1944,0.1542
61474,33.46985289330298,35.39927252203406,2026-10-08,0.183,0.1639,0.2631,0.1639
61474,33.46985289330298,35.39927252203406,2026-10-09,0.183,0.1542,0.2173,0.1542
61474,33.46985289330298,35.39927252203406,2026-10-10,0.1716,0.1446,0.1944,0.1542
61474,33.46985289330298,35.39927252203406,2026-10-11,0.1716,0.1446,0.183,0.1446
74131,33.463845701043866,35.742975973712,2026-10-05,0.2039,0.2365,0.2393,0.2571
74131,33.463845701043866,35.742975973712,2026-10-06,0.1595,0.1851,0.1684,0.1851
74131,33.463845701043866,35.742975973712,2026-10-07,0.1418,0.1748,0.1507,0.1645
74131,33.463845701043866,35.742975973712,2026-10-08,0.1418,0.1748,0.2039,0.1748
74131,33.463845701043866,35.742975973712,2026-10-09,0.1418,0.1645,0.1684,0.1645
74131,33.463845701043866,35.742975973712,2026-10-10,0.1329,0.1543,0.1507,0.1645
74131,33.463845701043866,35.742975973712,2026-10-11,0.1329,0.1543,0.1418,0.1543
63331,33.46674620068451,35.53147100996702,2026-10-05,0.2006,0.2373,0.2355,0.258
63331,33.46674620068451,35.53147100996702,2026-10-06,0.157,0.1857,0.1657,0.1857
63331,33.46674620068451,35.53147100996702,2026-10-07,0.1396,0.1754,0.1483,0.1651
63331,33.46674620068451,35.53147100996702,2026-10-08,0.1396,0.1754,0.2006,0.1754
63331,33.46674620068451,35.53147100996702,2026-10-09,0.1396,0.1651,0.1657,0.1651
63331,33.46674620068451,35.53147100996702,2026-10-10,0.1308,0.1548,0.1483,0.1651
63331,33.46674620068451,35.53147100996702,2026-10-11,0.1308,0.1548,0.1396,0.1548
55007,33.45725112388852,35.883807888387764,2026-10-05,0.2436,0.2266,0.2859,0.2463
55007,33.45725112388852,35.883807888387764,2026-10-06,0.1906,0.1773,0.2012,0.1773
55007,33.45725112388852,35.883807888387764,2026-10-07,0.1694,0.1675,0.18,0.1576
55007,33.45725112388852,35.883807888387764,2026-10-08,0.1694,0.1675,0.2436,0.1675
55007,33.45725112388852,35.883807888387764,2026-10-09,0.1694,0.1576,0.2012,0.1576
55007,33.45725112388852,35.883807888387764,2026-10-10,0.1589,0.1478,0.18,0.1576
55007,33.45725112388852,35.883807888387764,2026-10-11,0.1589,0.1478,0.1694,0.1478
55008,33.46528989220956,35.79056184615827,2026-10-05,0.2199,0.2325,0.2581,0.2528
55008,33.46528989220956,35.79056184615827,2026-10-06,0.1721,0.182,0.1816,0.182
55008,33.46528989220956,35.79056184615827,2026-10-07,0.1529,0.1719,0.1625,0.1618
55008,33.46528989220956,35.79056184615827,2026-10-08,0.1529,0.1719,0.2199,0.1719
55008,33.46528989220956,35.79056184615827,2026-10-09,0.1529,0.1618,0.1816,0.1618
55008,33.46528989220956,35.79056184615827,2026-10-10,0.1434,0.1517,0.1625,0.1618
55008,33.46528989220956,35.79056184615827,2026-10-11,0.1434,0.1517,0.1529,0.1517
63003,33.4655778871405,35.539244602846246,2026-10-05,0.1894,0.2402,0.2223,0.261
63003,33.4655778871405,35.539244602846246,2026-10-06,0.1482,0.1879,0.1565,0.1879
63003,33.4655778871405,35.539244602846246,2026-10-07,0.1318,0.1775,0.14,0.1671
63003,33.4655778871405,35.539244602846246,2026-10-08,0.1318,0.1775,0.1894,0.1775
63003,33.4655778871405,35.539244602846246,2026-10-09,0.1318,0.1671,0.1565,0.1671
63003,33.4655778871405,35.539244602846246,2026-10-10,0.1235,0.1566,0.14,0.1671
63003,33.4655778871405,35.539244602846246,2026-10-11,0.1235,0.1566,0.1318,0.1566
61457,33.458855416543095,35.32995677700673,2026-10-05,0.1991,0.2377,0.2337,0.2584
61457,33.458855416543095,35.32995677700673,2026-10-06,0.1558,0.1861,0.1644,0.1861
61457,33.458855416543095,35.32995677700673,2026-10-07,0.1385,0.1757,0.1471,0.1654
61457,33.458855416543095,35.32995677700673,2026-10-08,0.1385,0.1757,0.1991,0.1757
61457,33.458855416543095,35.32995677700673,2026-10-09,0.1385,0.1654,0.1644,0.1654
61457,33.458855416543095,35.32995677700673,2026-10-10,0.1298,0.155,0.1471,0.1654
61457,33.458855416543095,35.32995677700673,2026-10-11,0.1298,0.155,0.1385,0.155
52284,33.45626981252279,35.67329642810552,2026-10-05,0.2619,0.222,0.3074,0.2413
52284,33.45626981252279,35.67329642810552,2026-10-06,0.205,0.1738,0.2163,0.1738
52284,33.45626981252279,35.67329642810552,2026-10-07,0.1822,0.1641,0.1936,0.1545
52284,33.45626981252279,35.67329642810552,2026-10-08,0.1822,0.1641,0.2619,0.1641
52284,33.45626981252279,35.67329642810552,2026-10-09,0.1822,0.1545,0.2163,0.1545
52284,33.45626981252279,35.67329642810552,2026-10-10,0.1708,0.1448,0.1936,0.1545
52284,33.45626981252279,35.67329642810552,2026-10-11,0.1708,0.1448,0.1822,0.1448
71231,33.449081685357584,35.519495343366415,2026-10-05,0.2315,0.2296,0.2718,0.2496
71231,33.449081685357584,35.519495343366415,2026-10-06,0.1812,0.1797,0.1913,0.1797
71231,33.449081685357584,35.519495343366415,2026-10-07,0.1611,0.1697,0.1711,0.1597
71231,33.449081685357584,35.519495343366415,2026-10-08,0.1611,0.1697,0.2315,0.1697
71231,33.449081685357584,35.519495343366415,2026-10-09,0.1611,0.1597,0.1913,0.1597
71231,33.449081685357584,35.519495343366415,2026-10-10,0.151,0.1498,0.1711,0.1597
71231,33.449081685357584,35.519495343366415,2026-10-11,0.151,0.1498,0.1611,0.1498
63323,33.45484257234639,35.54256018053618,2026-10-05,0.2571,0.2232,0.3018,0.2426
63323,33.45484257234639,35.54256018053618,2026-10-06,0.2012,0.1747,0.2124,0.1747
63323,33.45484257234639,35.54256018053618,2026-10-07,0.1789,0.165,0.19,0.1553
63323,33.45484257234639,35.54256018053618,2026-10-08,0.1789,0.165,0.2571,0.165
63323,33.45484257234639,35.54256018053618,2026-10-09,0.1789,0.1553,0.2124,0.1553
63323,33.45484257234639,35.54256018053618,2026-10-10,0.1677,0.1456,0.19,0.1553
63323,33.45484257234639,35.54256018053618,2026-10-11,0.1677,0.1456,0.1789,0.1456
61001,33.45551277506647,35.33738943096476,2026-10-05,0.2127,0.2343,0.2497,0.2547
61001,33.45551277506647,35.33738943096476,2026-10-06,0.1665,0.1834,0.1757,0.1834
61001,33.45551277506647,35.33738943096476,2026-10-07,0.148,0.1732,0.1572,0.163
61001,33.45551277506647,35.33738943096476,2026-10-08,0.148,0.1732,0.2127,0.1732
61001,33.45551277506647,35.33738943096476,2026-10-09,0.148,0.163,0.1757,0.163
61001,33.45551277506647,35.33738943096476,2026-10-10,0.1387,0.1528,0.1572,0.163
61001,33.45551277506647,35.33738943096476,2026-10-11,0.1387,0.1528,0.148,0.1528
61456,33.447617644082754,35.34048922954998,2026-10-05,0.2577,0.2231,0.3025,0.2425
61456,33.447617644082754,35.34048922954998,2026-10-06,0.2017,0.1746,0.2129,0.1746
61456,33.447617644082754,35.34048922954998,2026-10-07,0.1793,0.1649,0.1905,0.1552
61456,33.447617644082754,35.34048922954998,2026-10-08,0.1793,0.1649,0.2577,0.1649
61456,33.447617644082754,35.34048922954998,2026-10-09,0.1793,0.1552,0.2129,0.1552
61456,33.447617644082754,35.34048922954998,2026-10-10,0.1681,0.1455,0.1905,0.1552
61456,33.447617644082754,35.34048922954998,2026-10-11,0.1681,0.1455,0.1793,0.1455
71276,33.44078007122754,35.42010277032742,2026-10-05,0.258,0.223,0.3029,0.2424
71276,33.44078007122754,35.42010277032742,2026-10-06,0.2019,0.1745,0.2132,0.1745
71276,33.44078007122754,35.42010277032742,2026-10-07,0.1795,0.1648,0.1907,0.1551
71276,33.44078007122754,35.42010277032742,2026-10-08,0.1795,0.1648,0.258,0.1648
71276,33.44078007122754,35.42010277032742,2026-10-09,0.1795,0.1551,0.2132,0.1551
71276,33.44078007122754,35.42010277032742,2026-10-10,0.1683,0.1454,0.1907,0.1551
71276,33.44078007122754,35.42010277032742,2026-10-11,0.1683,0.1454,0.1795,0.1454
55009,33.46069947629155,35.93426730368691,2026-10-05,0.1901,0.24,0.2232,0.2608
55009,33.46069947629155,35.93426730368691,2026-10-06,0.1488,0.1878,0.1571,0.1878
55009,33.46069947629155,35.93426730368691,2026-10-07,0.1323,0.1774,0.1405,0.1669
55009,33.46069947629155,35.93426730368691,2026-10-08,0.1323,0.1774,0.1901,0.1774
55009,33.46069947629155,35.93426730368691,2026-10-09,0.1323,0.1669,0.1571,0.1669
55009,33.46069947629155,35.93426730368691,2026-10-10,0.124,0.1565,0.1405,0.1669
55009,33.46069947629155,35.93426730368691,2026-10-11,0.124,0.1565,0.1323,0.1565
71251,33.445845918852456,35.464764836327866,2026-10-05,0.2611,0.2222,0.3065,0.2416
71251,33.445845918852456,35.464764836327866,2026-10-06,0.2043,0.1739,0.2157,0.1739
71251,33.445845918852456,35.464764836327866,2026-10-07,0.1816,0.1643,0.193,0.1546
71251,33.445845918852456,35.464764836327866,2026-10-08,0.1816,0.1643,0.2611,0.1643
71251,33.445845918852456,35.464764836327866,2026-10-09,0.1816,0.1546,0.2157,0.1546
71251,33.445845918852456,35.464764836327866,2026-10-10,0.1703,0.1449,0.193,0.1546
71251,33.445845918852456,35.464764836327866,2026-10-11,0.1703,0.1449,0.1816,0.1449
63327,33.44153165194979,35.6008708280369,2026-10-05,0.2107,0.2348,0.2473,0.2552
63327,33.44153165194979,35.6008708280369,2026-10-06,0.1649,0.1838,0.174,0.1838
63327,33.44153165194979,35.6008708280369,2026-10-07,0.1466,0.1736,0.1557,0.1634
63327,33.44153165194979,35.6008708280369,2026-10-08,0.1466,0.1736,0.2107,0.1736
63327,33.44153165194979,35.6008708280369,2026-10-09,0.1466,0.1634,0.174,0.1634
63327,33.44153165194979,35.6008708280369,2026-10-10,0.1374,0.1531,0.1557,0.1634
63327,33.44153165194979,35.6008708280369,2026-10-11,0.1374,0.1531,0.1466,0.1531
61443,33.43364548560628,35.31676972242755,2026-10-05,0.2661,0.221,0.3124,0.2402
61443,33.43364548560628,35.31676972242755,2026-10-06,0.2082,0.1729,0.2198,0.1729
61443,33.43364548560628,35.31676972242755,2026-10-07,0.1851,0.1633,0.1967,0.1537
61443,33.43364548560628,35.31676972242755,2026-10-08,0.1851,0.1633,0.2661,0.1633
61443,33.43364548560628,35.31676972242755,2026-10-09,0.1851,0.1537,0.2198,0.1537
61443,33.43364548560628,35.31676972242755,2026-10-10,0.1735,0.1441,0.1967,0.1537
61443,33.43364548560628,35.31676972242755,2026-10-11,0.1735,0.1441,0.1851,0.1441
63298,33.4278636380183,35.62078124859188,2026-10-05,0.2565,0.2234,0.3011,0.2428
63298,33.4278636380183,35.62078124859188,2026-10-06,0.2007,0.1748,0.2119,0.1748
63298,33.4278636380183,35.62078124859188,2026-10-07,0.1784,0.1651,0.1896,0.1554
63298,33.4278636380183,35.62078124859188,2026-10-08,0.1784,0.1651,0.2565,0.1651
63298,33.4278636380183,35.62078124859188,2026-10-09,0.1784,0.1554,0.2119,0.1554
63298,33.4278636380183,35.62078124859188,2026-10-10,0.1673,0.1457,0.1896,0.1554
63298,33.4278636380183,35.62078124859188,2026-10-11,0.1673,0.1457,0.1784,0.1457
63339,33.43143151139614,35.572941068833224,2026-10-05,0.1849,0.2413,0.2171,0.2622
63339,33.43143151139614,35.572941068833224,2026-10-06,0.1447,0.1888,0.1528,0.1888
63339,33.43143151139614,35.572941068833224,2026-10-07,0.1286,0.1783,0.1367,0.1678
63339,33.43143151139614,35.572941068833224,2026-10-08,0.1286,0.1783,0.1849,0.1783
63339,33.43143151139614,35.572941068833224,2026-10-09,0.1286,0.1678,0.1528,0.1678
63339,33.43143151139614,35.572941068833224,2026-10-10,0.1206,0.1573,0.1367,0.1678
63339,33.43143151139614,35.572941068833224,2026-10-11,0.1206,0.1573,0.1286,0.1573
55010,33.39585348659892,35.80159259185474,2026-10-05,0.1892,0.2402,0.2221,0.2611
55010,33.39585348659892,35.80159259185474,2026-10-06,0.1481,0.188,0.1563,0.188
55010,33.39585348659892,35.80159259185474,2026-10-07,0.1316,0.1775,0.1399,0.1671
55010,33.39585348659892,35.80159259185474,2026-10-08,0.1316,0.1775,0.1892,0.1775
55010,33.39585348659892,35.80159259185474,2026-10-09,0.1316,0.1671,0.1563,0.1671
55010,33.39585348659892,35.80159259185474,2026-10-10,0.1234,0.1566,0.1399,0.1671
55010,33.39585348659892,35.80159259185474,2026-10-11,0.1234,0.1566,0.1316,0.1566
61441,33.42675841325701,35.29851326856585,2026-10-05,0.2274,0.2306,0.267,0.2507
61441,33.42675841325701,35.29851326856585,2026-10-06,0.178,0.1805,0.1879,0.1805
61441,33.42675841325701,35.29851326856585,2026-10-07,0.1582,0.1705,0.1681,0.1604
61441,33.42675841325701,35.29851326856585,2026-10-08,0.1582,0.1705,0.2274,0.1705
61441,33.42675841325701,35.29851326856585,2026-10-09,0.1582,0.1604,0.1879,0.1604
61441,33.42675841325701,35.29851326856585,2026-10-10,0.1483,0.1504,0.1681,0.1604
61441,33.42675841325701,35.29851326856585,2026-10-11,0.1483,0.1504,0.1582,0.1504
71314,33.42779256474641,35.47708738488477,2026-10-05,0.212,0.2345,0.2489,0.2549
71314,33.42779256474641,35.47708738488477,2026-10-06,0.1659,0.1835,0.1751,0.1835
71314,33.42779256474641,35.47708738488477,2026-10-07,0.1475,0.1733,0.1567,0.1631
71314,33.42779256474641,35.47708738488477,2026-10-08,0.1475,0.1733,0.212,0.1733
71314,33.42779256474641,35.47708738488477,2026-10-09,0.1475,0.1631,0.1751,0.1631
71314,33.42779256474641,35.47708738488477,2026-10-10,0.1383,0.1529,0.1567,0.1631
71314,33.42779256474641,35.47708738488477,2026-10-11,0.1383,0.1529,0.1475,0.1529
63347,33.42338378747626,35.59700960720053,2026-10-05,0.2384,0.2279,0.2798,0.2477
63347,33.42338378747626,35.59700960720053,2026-10-06,0.1865,0.1784,0.1969,0.1784
63347,33.42338378747626,35.59700960720053,2026-10-07,0.1658,0.1685,0.1762,0.1585
63347,33.42338378747626,35.59700960720053,2026-10-08,0.1658,0.1685,0.2384,0.1685
63347,33.42338378747626,35.59700960720053,2026-10-09,0.1658,0.1585,0.1969,0.1585
63347,33.42338378747626,35.59700960720053,2026-10-10,0.1555,0.1486,0.1762,0.1585
63347,33.42338378747626,35.59700960720053,2026-10-11,0.1555,0.1486,0.1658,0.1486
74179,33.42437142298583,35.64426749802345,2026-10-05,0.2557,0.2236,0.3002,0.243
74179,33.42437142298583,35.64426749802345,2026-10-06,0.2001,0.175,0.2112,0.175
74179,33.42437142298583,35.64426749802345,2026-10-07,0.1779,0.1653,0.189,0.1555
74179,33.42437142298583,35.64426749802345,2026-10-08,0.1779,0.1653,0.2557,0.1653
74179,33.42437142298583,35.64426749802345,2026-10-09,0.1779,0.1555,0.2112,0.1555
74179,33.42437142298583,35.64426749802345,2026-10-10,0.1668,0.1458,0.189,0.1555
74179,33.42437142298583,35.64426749802345,2026-10-11,0.1668,0.1458,0.1779,0.1458
63335,33.42671661674382,35.58189449219271,2026-10-05,0.1949,0.2388,0.2288,0.2595
63335,33.42671661674382,35.58189449219271,2026-10-06,0.1526,0.1869,0.161,0.1869
63335,33.42671661674382,35.58189449219271,2026-10-07,0.1356,0.1765,0.1441,0.1661
63335,33.42671661674382,35.58189449219271,2026-10-08,0.1356,0.1765,0.1949,0.1765
63335,33.42671661674382,35.58189449219271,2026-10-09,0.1356,0.1661,0.161,0.1661
63335,33.42671661674382,35.58189449219271,2026-10-10,0.1271,0.1557,0.1441,0.1661
63335,33.42671661674382,35.58189449219271,2026-10-11,0.1271,0.1557,0.1356,0.1557
63343,33.42490462715384,35.55635503912925,2026-10-05,0.2413,0.2272,0.2833,0.2469
63343,33.42490462715384,35.55635503912925,2026-10-06,0.1889,0.1778,0.1994,0.1778
63343,33.42490462715384,35.55635503912925,2026-10-07,0.1679,0.1679,0.1784,0.158
63343,33.42490462715384,35.55635503912925,2026-10-08,0.1679,0.1679,0.2413,0.1679
63343,33.42490462715384,35.55635503912925,2026-10-09,0.1679,0.158,0.1994,0.158
63343,33.42490462715384,35.55635503912925,2026-10-10,0.1574,0.1482,0.1784,0.158
63343,33.42490462715384,35.55635503912925,2026-10-11,0.1574,0.1482,0.1679,0.1482
74155,33.408513608186944,35.624667749187154,2026-10-05,0.2361,0.2285,0.2771,0.2483
74155,33.408513608186944,35.624667749187154,2026-10-06,0.1848,0.1788,0.195,0.1788
74155,33.408513608186944,35.624667749187154,2026-10-07,0.1642,0.1689,0.1745,0.1589
74155,33.408513608186944,35.624667749187154,2026-10-08,0.1642,0.1689,0.2361,0.1689
74155,33.408513608186944,35.624667749187154,2026-10-09,0.1642,0.1589,0.195,0.1589
74155,33.408513608186944,35.624667749187154,2026-10-10,0.154,0.149,0.1745,0.1589
74155,33.408513608186944,35.624667749187154,2026-10-11,0.154,0.149,0.1642,0.149
63355,33.40290541635969,35.56068051527494,2026-10-05,0.2165,0.2334,0.2542,0.2537
63355,33.40290541635969,35.56068051527494,2026-10-06,0.1695,0.1826,0.1789,0.1826
63355,33.40290541635969,35.56068051527494,2026-10-07,0.1506,0.1725,0.16,0.1623
63355,33.40290541635969,35.56068051527494,2026-10-08,0.1506,0.1725,0.2165,0.1725
63355,33.40290541635969,35.56068051527494,2026-10-09,0.1506,0.1623,0.1789,0.1623
63355,33.40290541635969,35.56068051527494,2026-10-10,0.1412,0.1522,0.16,0.1623
63355,33.40290541635969,35.56068051527494,2026-10-11,0.1412,0.1522,0.1506,0.1522
63348,33.41166147376205,35.58746529568628,2026-10-05,0.2021,0.237,0.2373,0.2576
63348,33.41166147376205,35.58746529568628,2026-10-06,0.1582,0.1855,0.167,0.1855
63348,33.41166147376205,35.58746529568628,2026-10-07,0.1406,0.1752,0.1494,0.1649
63348,33.41166147376205,35.58746529568628,2026-10-08,0.1406,0.1752,0.2021,0.1752
63348,33.41166147376205,35.58746529568628,2026-10-09,0.1406,0.1649,0.167,0.1649
63348,33.41166147376205,35.58746529568628,2026-10-10,0.1318,0.1545,0.1494,0.1649
63348,33.41166147376205,35.58746529568628,2026-10-11,0.1318,0.1545,0.1406,0.1545
63367,33.4055824406483,35.539789294352495,2026-10-05,0.2189,0.2328,0.2569,0.253
63367,33.4055824406483,35.539789294352495,2026-10-06,0.1713,0.1822,0.1808,0.1822
63367,33.4055824406483,35.539789294352495,2026-10-07,0.1523,0.1721,0.1618,0.1619
63367,33.4055824406483,35.539789294352495,2026-10-08,0.1523,0.1721,0.2189,0.1721
63367,33.4055824406483,35.539789294352495,2026-10-09,0.1523,0.1619,0.1808,0.1619
63367,33.4055824406483,35.539789294352495,2026-10-10,0.1427,0.1518,0.1618,0.1619
63367,33.4055824406483,35.539789294352495,2026-10-11,0.1427,0.1518,0.1523,0.1518
61431,33.399942271293085,35.29569964003599,2026-10-05,0.2708,0.2198,0.3179,0.2389
61431,33.399942271293085,35.29569964003599,2026-10-06,0.2119,0.172,0.2237,0.172
61431,33.399942271293085,35.29569964003599,2026-10-07,0.1884,0.1625,0.2002,0.1529
61431,33.399942271293085,35.29569964003599,2026-10-08,0.1884,0.1625,0.2708,0.1625
61431,33.399942271293085,35.29569964003599,2026-10-09,0.1884,0.1529,0.2237,0.1529
61431,33.399942271293085,35.29569964003599,2026-10-10,0.1766,0.1433,0.2002,0.1529
61431,33.399942271293085,35.29569964003599,2026-10-11,0.1766,0.1433,0.1884,0.1433
63363,33.39615013809102,35.58818410644011,2026-10-05,0.2628,0.2218,0.3085,0.2411
63363,33.39615013809102,35.58818410644011,2026-10-06,0.2057,0.1736,0.2171,0.1736
63363,33.39615013809102,35.58818410644011,2026-10-07,0.1828,0.1639,0.1943,0.1543
63363,33.39615013809102,35.58818410644011,2026-10-08,0.1828,0.1639,0.2628,0.1639
63363,33.39615013809102,35.58818410644011,2026-10-09,0.1828,0.1543,0.2171,0.1543
63363,33.39615013809102,35.58818410644011,2026-10-10,0.1714,0.1446,0.1943,0.1543
63363,33.39615013809102,35.58818410644011,2026-10-11,0.1714,0.1446,0.1828,0.1446
71386,33.393536136360645,35.38197448955365,2026-10-05,0.2671,0.2207,0.3135,0.2399
71386,33.393536136360645,35.38197448955365,2026-10-06,0.209,0.1728,0.2206,0.1728
71386,33.393536136360645,35.38197448955365,2026-10-07,0.1858,0.1632,0.1974,0.1536
71386,33.393536136360645,35.38197448955365,2026-10-08,0.1858,0.1632,0.2671,0.1632
71386,33.393536136360645,35.38197448955365,2026-10-09,0.1858,0.1536,0.2206,0.1536
71386,33.393536136360645,35.38197448955365,2026-10-10,0.1742,0.144,0.1974,0.1536
71386,33.393536136360645,35.38197448955365,2026-10-11,0.1742,0.144,0.1858,0.144
61429,33.39163551144232,35.276364150343205,2026-10-05,0.2671,0.2207,0.3135,0.2399
61429,33.39163551144232,35.276364150343205,2026-10-06,0.209,0.1727,0.2206,0.1727
61429,33.39163551144232,35.276364150343205,2026-10-07,0.1858,0.1631,0.1974,0.1535
61429,33.39163551144232,35.276364150343205,2026-10-08,0.1858,0.1631,0.2671,0.1631
61429,33.39163551144232,35.276364150343205,2026-10-09,0.1858,0.1535,0.2206,0.1535
61429,33.39163551144232,35.276364150343205,2026-10-10,0.1742,0.144,0.1974,0.1535
61429,33.39163551144232,35.276364150343205,2026-10-11,0.1742,0.144,0.1858,0.144
73135,33.38113223916858,35.60260116377268,2026-10-05,0.1951,0.2387,0.2291,0.2595
73135,33.38113223916858,35.60260116377268,2026-10-06,0.1527,0.1868,0.1612,0.1868
73135,33.38113223916858,35.60260116377268,2026-10-07,0.1357,0.1764,0.1442,0.1661
73135,33.38113223916858,35.60260116377268,2026-10-08,0.1357,0.1764,0.1951,0.1764
73135,33.38113223916858,35.60260116377268,2026-10-09,0.1357,0.1661,0.1612,0.1661
73135,33.38113223916858,35.60260116377268,2026-10-10,0.1273,0.1557,0.1442,0.1661
73135,33.38113223916858,35.60260116377268,2026-10-11,0.1273,0.1557,0.1357,0.1557
61424,33.386319192398574,35.295671012673075,2026-10-05,0.2374,0.2281,0.2787,0.248
61424,33.386319192398574,35.295671012673075,2026-10-06,0.1858,0.1785,0.1961,0.1785
61424,33.386319192398574,35.295671012673075,2026-10-07,0.1652,0.1686,0.1755,0.1587
61424,33.386319192398574,35.295671012673075,2026-10-08,0.1652,0.1686,0.2374,0.1686
61424,33.386319192398574,35.295671012673075,2026-10-09,0.1652,0.1587,0.1961,0.1587
61424,33.386319192398574,35.295671012673075,2026-10-10,0.1548,0.1488,0.1755,0.1587
61424,33.386319192398574,35.295671012673075,2026-10-11,0.1548,0.1488,0.1652,0.1488
74124,33.38736766473806,35.73054252891495,2026-10-05,0.2502,0.2249,0.2937,0.2445
74124,33.38736766473806,35.73054252891495,2026-10-06,0.1958,0.176,0.2067,0.176
74124,33.38736766473806,35.73054252891495,2026-10-07,0.1741,0.1663,0.185,0.1565
74124,33.38736766473806,35.73054252891495,2026-10-08,0.1741,0.1663,0.2502,0.1663
74124,33.38736766473806,35.73054252891495,2026-10-09,0.1741,0.1565,0.2067,0.1565
74124,33.38736766473806,35.73054252891495,2026-10-10,0.1632,0.1467,0.185,0.1565
74124,33.38736766473806,35.73054252891495,2026-10-11,0.1632,0.1467,0.1741,0.1467
63359,33.390551725404244,35.56631906041416,2026-10-05,0.1933,0.2392,0.227,0.26
63359,33.390551725404244,35.56631906041416,2026-10-06,0.1513,0.1872,0.1597,0.1872
63359,33.390551725404244,35.56631906041416,2026-10-07,0.1345,0.1768,0.1429,0.1664
63359,33.390551725404244,35.56631906041416,2026-10-08,0.1345,0.1768,0.1933,0.1768
63359,33.390551725404244,35.56631906041416,2026-10-09,0.1345,0.1664,0.1597,0.1664
63359,33.390551725404244,35.56631906041416,2026-10-10,0.1261,0.156,0.1429,0.1664
63359,33.390551725404244,35.56631906041416,2026-10-11,0.1261,0.156,0.1345,0.156
63375,33.38659127124037,35.532063889277744,2026-10-05,0.2588,0.2228,0.3038,0.2422
63375,33.38659127124037,35.532063889277744,2026-10-06,0.2025,0.1744,0.2138,0.1744
63375,33.38659127124037,35.532063889277744,2026-10-07,0.18,0.1647,0.1913,0.155
63375,33.38659127124037,35.532063889277744,2026-10-08,0.18,0.1647,0.2588,0.1647
63375,33.38659127124037,35.532063889277744,2026-10-09,0.18,0.155,0.2138,0.155
63375,33.38659127124037,35.532063889277744,2026-10-10,0.1688,0.1453,0.1913,0.155
63375,33.38659127124037,35.532063889277744,2026-10-11,0.1688,0.1453,0.18,0.1453
61423,33.384606204186355,35.28016037084883,2026-10-05,0.1965,0.2384,0.2307,0.2591
61423,33.384606204186355,35.28016037084883,2026-10-06,0.1538,0.1866,0.1623,0.1866
61423,33.384606204186355,35.28016037084883,2026-10-07,0.1367,0.1762,0.1452,0.1658
61423,33.384606204186355,35.28016037084883,2026-10-08,0.1367,0.1762,0.1965,0.1762
61423,33.384606204186355,35.28016037084883,2026-10-09,0.1367,0.1658,0.1623,0.1658
61423,33.384606204186355,35.28016037084883,2026-10-10,0.1281,0.1555,0.1452,0.1658
61423,33.384606204186355,35.28016037084883,2026-10-11,0.1281,0.1555,0.1367,0.1555
71341,33.38480275556979,35.38616832722678,2026-10-05,0.2246,0.2313,0.2637,0.2515
71341,33.38480275556979,35.38616832722678,2026-10-06,0.1758,0.1811,0.1855,0.1811
71341,33.38480275556979,35.38616832722678,2026-10-07,0.1563,0.171,0.166,0.1609
71341,33.38480275556979,35.38616832722678,2026-10-08,0.1563,0.171,0.2246,0.171
71341,33.38480275556979,35.38616832722678,2026-10-09,0.1563,0.1609,0.1855,0.1609
71341,33.38480275556979,35.38616832722678,2026-10-10,0.1465,0.1509,0.166,0.1609
71341,33.38480275556979,35.38616832722678,2026-10-11,0.1465,0.1509,0.1563,0.1509
63371,33.38525682686592,35.554097974836765,2026-10-05,0.1917,0.2396,0.2251,0.2604
63371,33.38525682686592,35.554097974836765,2026-10-06,0.1501,0.1875,0.1584,0.1875
63371,33.38525682686592,35.554097974836765,2026-10-07,0.1334,0.1771,0.1417,0.1667
63371,33.38525682686592,35.554097974836765,2026-10-08,0.1334,0.1771,0.1917,0.1771
63371,33.38525682686592,35.554097974836765,2026-10-09,0.1334,0.1667,0.1584,0.1667
63371,33.38525682686592,35.554097974836765,2026-10-10,0.125,0.1562,0.1417,0.1667
63371,33.38525682686592,35.554097974836765,2026-10-11,0.125,0.1562,0.1334,0.1562
74112,33.3799953947417,35.65861472054688,2026-10-05,0.2091,0.2352,0.2455,0.2557
74112,33.3799953947417,35.65861472054688,2026-10-06,0.1637,0.1841,0.1728,0.1841
74112,33.3799953947417,35.65861472054688,2026-10-07,0.1455,0.1739,0.1546,0.1636
74112,33.3799953947417,35.65861472054688,2026-10-08,0.1455,0.1739,0.2091,0.1739
74112,33.3799953947417,35.65861472054688,2026-10-09,0.1455,0.1636,0.1728,0.1636
74112,33.3799953947417,35.65861472054688,2026-10-10,0.1364,0.1534,0.1546,0.1636
74112,33.3799953947417,35.65861472054688,2026-10-11,0.1364,0.1534,0.1455,0.1534
73116,33.364393798487036,35.56608670986048,2026-10-05,0.2534,0.2241,0.2975,0.2436
73116,33.364393798487036,35.56608670986048,2026-10-06,0.1983,0.1754,0.2094,0.1754
73116,33.364393798487036,35.56608670986048,2026-10-07,0.1763,0.1657,0.1873,0.1559
73116,33.364393798487036,35.56608670986048,2026-10-08,0.1763,0.1657,0.2534,0.1657
73116,33.364393798487036,35.56608670986048,2026-10-09,0.1763,0.1559,0.2094,0.1559
73116,33.364393798487036,35.56608670986048,2026-10-10,0.1653,0.1462,0.1873,0.1559
73116,33.364393798487036,35.56608670986048,2026-10-11,0.1653,0.1462,0.1763,0.1462
71357,33.370123949514586,35.37716385658091,2026-10-05,0.1953,0.2387,0.2292,0.2594
71357,33.370123949514586,35.37716385658091,2026-10-06,0.1528,0.1868,0.1613,0.1868
71357,33.370123949514586,35.37716385658091,2026-10-07,0.1358,0.1764,0.1443,0.166
71357,33.370123949514586,35.37716385658091,2026-10-08,0.1358,0.1764,0.1953,0.1764
71357,33.370123949514586,35.37716385658091,2026-10-09,0.1358,0.166,0.1613,0.166
71357,33.370123949514586,35.37716385658091,2026-10-10,0.1274,0.1557,0.1443,0.166
71357,33.370123949514586,35.37716385658091,2026-10-11,0.1274,0.1557,0.1358,0.1557
63379,33.3682406012673,35.54674840778952,2026-10-05,0.2204,0.2324,0.2587,0.2526
63379,33.3682406012673,35.54674840778952,2026-10-06,0.1725,0.1819,0.1821,0.1819
63379,33.3682406012673,35.54674840778952,2026-10-07,0.1533,0.1718,0.1629,0.1617
63379,33.3682406012673,35.54674840778952,2026-10-08,0.1533,0.1718,0.2204,0.1718
63379,33.3682406012673,35.54674840778952,2026-10-09,0.1533,0.1617,0.1821,0.1617
63379,33.3682406012673,35.54674840778952,2026-10-10,0.1437,0.1516,0.1629,0.1617
63379,33.3682406012673,35.54674840778952,2026-10-11,0.1437,0.1516,0.1533,0.1516
61418,33.36657801009662,35.270400329573675,2026-10-05,0.2256,0.2311,0.2649,0.2512
61418,33.36657801009662,35.270400329573675,2026-10-06,0.1766,0.1809,0.1864,0.1809
61418,33.36657801009662,35.270400329573675,2026-10-07,0.1569,0.1708,0.1668,0.1608
61418,33.36657801009662,35.270400329573675,2026-10-08,0.1569,0.1708,0.2256,0.1708
61418,33.36657801009662,35.270400329573675,2026-10-09,0.1569,0.1608,0.1864,0.1608
61418,33.36657801009662,35.270400329573675,2026-10-10,0.1471,0.1507,0.1668,0.1608
61418,33.36657801009662,35.270400329573675,2026-10-11,0.1471,0.1507,0.1569,0.1507
71384,33.35791435798034,35.359524212920306,2026-10-05,0.2492,0.2252,0.2925,0.2448
71384,33.35791435798034,35.359524212920306,2026-10-06,0.195,0.1762,0.2059,0.1762
71384,33.35791435798034,35.359524212920306,2026-10-07,0.1734,0.1665,0.1842,0.1567
71384,33.35791435798034,35.359524212920306,2026-10-08,0.1734,0.1665,0.2492,0.1665
71384,33.35791435798034,35.359524212920306,2026-10-09,0.1734,0.1567,0.2059,0.1567
71384,33.35791435798034,35.359524212920306,2026-10-10,0.1625,0.1469,0.1842,0.1567
71384,33.35791435798034,35.359524212920306,2026-10-11,0.1625,0.1469,0.1734,0.1469
74118,33.35189462607799,35.6544359411592,2026-10-05,0.223,0.2317,0.2618,0.2519
74118,33.35189462607799,35.6544359411592,2026-10-06,0.1746,0.1814,0.1843,0.1814
74118,33.35189462607799,35.6544359411592,2026-10-07,0.1552,0.1713,0.1649,0.1612
74118,33.35189462607799,35.6544359411592,2026-10-08,0.1552,0.1713,0.223,0.1713
74118,33.35189462607799,35.6544359411592,2026-10-09,0.1552,0.1612,0.1843,0.1612
74118,33.35189462607799,35.6544359411592,2026-10-10,0.1455,0.1511,0.1649,0.1612
74118,33.35189462607799,35.6544359411592,2026-10-11,0.1455,0.1511,0.1552,0.1511
61414,33.3496735573452,35.26382539112381,2026-10-05,0.2217,0.2321,0.2603,0.2522
61414,33.3496735573452,35.26382539112381,2026-10-06,0.1735,0.1816,0.1832,0.1816
61414,33.3496735573452,35.26382539112381,2026-10-07,0.1542,0.1715,0.1639,0.1614
61414,33.3496735573452,35.26382539112381,2026-10-08,0.1542,0.1715,0.2217,0.1715
61414,33.3496735573452,35.26382539112381,2026-10-09,0.1542,0.1614,0.1832,0.1614
61414,33.3496735573452,35.26382539112381,2026-10-10,0.1446,0.1513,0.1639,0.1614
61414,33.3496735573452,35.26382539112381,2026-10-11,0.1446,0.1513,0.1542,0.1513
63383,33.356994280369584,35.54137905218986,2026-10-05,0.2104,0.2349,0.247,0.2553
63383,33.356994280369584,35.54137905218986,2026-10-06,0.1647,0.1838,0.1738,0.1838
63383,33.356994280369584,35.54137905218986,2026-10-07,0.1464,0.1736,0.1555,0.1634
63383,33.356994280369584,35.54137905218986,2026-10-08,0.1464,0.1736,0.2104,0.1736
63383,33.356994280369584,35.54137905218986,2026-10-09,0.1464,0.1634,0.1738,0.1634
63383,33.356994280369584,35.54137905218986,2026-10-10,0.1372,0.1532,0.1555,0.1634
63383,33.356994280369584,35.54137905218986,2026-10-11,0.1372,0.1532,0.1464,0.1532
73143,33.34960110679403,35.548507915456426,2026-10-05,0.192,0.2395,0.2253,0.2603
73143,33.34960110679403,35.548507915456426,2026-10-06,0.1502,0.1874,0.1586,0.1874
73143,33.34960110679403,35.548507915456426,2026-10-07,0.1335,0.177,0.1419,0.1666
73143,33.34960110679403,35.548507915456426,2026-10-08,0.1335,0.177,0.192,0.177
73143,33.34960110679403,35.548507915456426,2026-10-09,0.1335,0.1666,0.1586,0.1666
73143,33.34960110679403,35.548507915456426,2026-10-10,0.1252,0.1562,0.1419,0.1666
73143,33.34960110679403,35.548507915456426,2026-10-11,0.1252,0.1562,0.1335,0.1562
71354,33.34506777125614,35.43799092774433,2026-10-05,0.2424,0.2269,0.2846,0.2466
71354,33.34506777125614,35.43799092774433,2026-10-06,0.1897,0.1776,0.2003,0.1776
71354,33.34506777125614,35.43799092774433,2026-10-07,0.1687,0.1677,0.1792,0.1578
71354,33.34506777125614,35.43799092774433,2026-10-08,0.1687,0.1677,0.2424,0.1677
71354,33.34506777125614,35.43799092774433,2026-10-09,0.1687,0.1578,0.2003,0.1578
71354,33.34506777125614,35.43799092774433,2026-10-10,0.1581,0.148,0.1792,0.1578
71354,33.34506777125614,35.43799092774433,2026-10-11,0.1581,0.148,0.1687,0.148
74120,33.34038791226115,35.67294237665611,2026-10-05,0.2579,0.223,0.3028,0.2424
74120,33.34038791226115,35.67294237665611,2026-10-06,0.2018,0.1745,0.213,0.1745
74120,33.34038791226115,35.67294237665611,2026-10-07,0.1794,0.1648,0.1906,0.1551
74120,33.34038791226115,35.67294237665611,2026-10-08,0.1794,0.1648,0.2579,0.1648
74120,33.34038791226115,35.67294237665611,2026-10-09,0.1794,0.1551,0.213,0.1551
74120,33.34038791226115,35.67294237665611,2026-10-10,0.1682,0.1455,0.1906,0.1551
74120,33.34038791226115,35.67294237665611,2026-10-11,0.1682,0.1455,0.1794,0.1455
61411,33.32845261764184,35.268149602499015,2026-10-05,0.2462,0.2259,0.2891,0.2456
61411,33.32845261764184,35.268149602499015,2026-10-06,0.1927,0.1768,0.2034,0.1768
61411,33.32845261764184,35.268149602499015,2026-10-07,0.1713,0.167,0.182,0.1572
61411,33.32845261764184,35.268149602499015,2026-10-08,0.1713,0.167,0.2462,0.167
61411,33.32845261764184,35.268149602499015,2026-10-09,0.1713,0.1572,0.2034,0.1572
61411,33.32845261764184,35.268149602499015,2026-10-10,0.1606,0.1474,0.182,0.1572
61411,33.32845261764184,35.268149602499015,2026-10-11,0.1606,0.1474,0.1713,0.1474
71371,33.32740289490022,35.49575675139461,2026-10-05,0.2422,0.2269,0.2844,0.2467
71371,33.32740289490022,35.49575675139461,2026-10-06,0.1896,0.1776,0.2001,0.1776
71371,33.32740289490022,35.49575675139461,2026-10-07,0.1685,0.1677,0.179,0.1579
71371,33.32740289490022,35.49575675139461,2026-10-08,0.1685,0.1677,0.2422,0.1677
71371,33.32740289490022,35.49575675139461,2026-10-09,0.1685,0.1579,0.2001,0.1579
71371,33.32740289490022,35.49575675139461,2026-10-10,0.158,0.148,0.179,0.1579
71371,33.32740289490022,35.49575675139461,2026-10-11,0.158,0.148,0.1685,0.148
74158,33.31780568928655,35.64259631638439,2026-10-05,0.2333,0.2292,0.2739,0.2491
74158,33.31780568928655,35.64259631638439,2026-10-06,0.1826,0.1794,0.1927,0.1794
74158,33.31780568928655,35.64259631638439,2026-10-07,0.1623,0.1694,0.1724,0.1594
74158,33.31780568928655,35.64259631638439,2026-10-08,0.1623,0.1694,0.2333,0.1694
74158,33.31780568928655,35.64259631638439,2026-10-09,0.1623,0.1594,0.1927,0.1594
74158,33.31780568928655,35.64259631638439,2026-10-10,0.1521,0.1495,0.1724,0.1594
74158,33.31780568928655,35.64259631638439,2026-10-11,0.1521,0.1495,0.1623,0.1495
62284,33.30425824687871,35.41667874595583,2026-10-05,0.2331,0.2292,0.2736,0.2492
62284,33.30425824687871,35.41667874595583,2026-10-06,0.1824,0.1794,0.1926,0.1794
62284,33.30425824687871,35.41667874595583,2026-10-07,0.1622,0.1694,0.1723,0.1595
62284,33.30425824687871,35.41667874595583,2026-10-08,0.1622,0.1694,0.2331,0.1694
62284,33.30425824687871,35.41667874595583,2026-10-09,0.1622,0.1595,0.1926,0.1595
62284,33.30425824687871,35.41667874595583,2026-10-10,0.152,0.1495,0.1723,0.1595
62284,33.30425824687871,35.41667874595583,2026-10-11,0.152,0.1495,0.1622,0.1495
73293,33.30628630165209,35.468343164569276,2026-10-05,0.2595,0.2226,0.3047,0.242
73293,33.30628630165209,35.468343164569276,2026-10-06,0.2031,0.1742,0.2144,0.1742
73293,33.30628630165209,35.468343164569276,2026-10-07,0.1806,0.1645,0.1918,0.1549
73293,33.30628630165209,35.468343164569276,2026-10-08,0.1806,0.1645,0.2595,0.1645
73293,33.30628630165209,35.468343164569276,2026-10-09,0.1806,0.1549,0.2144,0.1549
73293,33.30628630165209,35.468343164569276,2026-10-10,0.1693,0.1452,0.1918,0.1549
73293,33.30628630165209,35.468343164569276,2026-10-11,0.1693,0.1452,0.1806,0.1452
73162,33.30051597873189,35.62450395441294,2026-10-05,0.2395,0.2276,0.2811,0.2474
73162,33.30051597873189,35.62450395441294,2026-10-06,0.1874,0.1781,0.1978,0.1781
73162,33.30051597873189,35.62450395441294,2026-10-07,0.1666,0.1682,0.177,0.1584
73162,33.30051597873189,35.62450395441294,2026-10-08,0.1666,0.1682,0.2395,0.1682
73162,33.30051597873189,35.62450395441294,2026-10-09,0.1666,0.1584,0.1978,0.1584
73162,33.30051597873189,35.62450395441294,2026-10-10,0.1562,0.1485,0.177,0.1584
73162,33.30051597873189,35.62450395441294,2026-10-11,0.1562,0.1485,0.1666,0.1485
62281,33.29713247691758,35.3994100506552,2026-10-05,0.2467,0.2258,0.2897,0.2455
62281,33.29713247691758,35.3994100506552,2026-10-06,0.1931,0.1767,0.2038,0.1767
62281,33.29713247691758,35.3994100506552,2026-10-07,0.1716,0.1669,0.1824,0.1571
62281,33.29713247691758,35.3994100506552,2026-10-08,0.1716,0.1669,0.2467,0.1669
62281,33.29713247691758,35.3994100506552,2026-10-09,0.1716,0.1571,0.2038,0.1571
62281,33.29713247691758,35.3994100506552,2026-10-10,0.1609,0.1473,0.1824,0.1571
62281,33.29713247691758,35.3994100506552,2026-10-11,0.1609,0.1473,0.1716,0.1473
73183,33.2959160057547,35.557813957445035,2026-10-05,0.2262,0.2309,0.2656,0.251
73183,33.2959160057547,35.557813957445035,2026-10-06,0.1771,0.1807,0.1869,0.1807
73183,33.2959160057547,35.557813957445035,2026-10-07,0.1574,0.1707,0.1672,0.1607
73183,33.2959160057547,35.557813957445035,2026-10-08,0.1574,0.1707,0.2262,0.1707
73183,33.2959160057547,35.557813957445035,2026-10-09,0.1574,0.1607,0.1869,0.1607
73183,33.2959160057547,35.557813957445035,2026-10-10,0.1475,0.1506,0.1672,0.1607
73183,33.2959160057547,35.557813957445035,2026-10-11,0.1475,0.1506,0.1574,0.1506
73230,33.292294121120065,35.49739833873282,2026-10-05,0.2316,0.2296,0.2718,0.2496
73230,33.292294121120065,35.49739833873282,2026-10-06,0.1812,0.1797,0.1913,0.1797
73230,33.292294121120065,35.49739833873282,2026-10-07,0.1611,0.1697,0.1712,0.1597
73230,33.292294121120065,35.49739833873282,2026-10-08,0.1611,0.1697,0.2316,0.1697
73230,33.292294121120065,35.49739833873282,2026-10-09,0.1611,0.1597,0.1913,0.1597
73230,33.292294121120065,35.49739833873282,2026-10-10,0.151,0.1497,0.1712,0.1597
73230,33.292294121120065,35.49739833873282,2026-10-11,0.151,0.1497,0.1611,0.1497
74177,33.29333375561405,35.65273898178789,2026-10-05,0.2179,0.233,0.2558,0.2533
74177,33.29333375561405,35.65273898178789,2026-10-06,0.1705,0.1824,0.18,0.1824
74177,33.29333375561405,35.65273898178789,2026-10-07,0.1516,0.1722,0.161,0.1621
74177,33.29333375561405,35.65273898178789,2026-10-08,0.1516,0.1722,0.2179,0.1722
74177,33.29333375561405,35.65273898178789,2026-10-09,0.1516,0.1621,0.18,0.1621
74177,33.29333375561405,35.65273898178789,2026-10-10,0.1421,0.152,0.161,0.1621
74177,33.29333375561405,35.65273898178789,2026-10-11,0.1421,0.152,0.1516,0.152
62249,33.28379284858053,35.35780303268609,2026-10-05,0.2379,0.228,0.2792,0.2479
62249,33.28379284858053,35.35780303268609,2026-10-06,0.1862,0.1785,0.1965,0.1785
62249,33.28379284858053,35.35780303268609,2026-10-07,0.1655,0.1685,0.1758,0.1586
62249,33.28379284858053,35.35780303268609,2026-10-08,0.1655,0.1685,0.2379,0.1685
62249,33.28379284858053,35.35780303268609,2026-10-09,0.1655,0.1586,0.1965,0.1586
62249,33.28379284858053,35.35780303268609,2026-10-10,0.1551,0.1487,0.1758,0.1586
62249,33.28379284858053,35.35780303268609,2026-10-11,0.1551,0.1487,0.1655,0.1487
73191,33.26876501724838,35.609813955190624,2026-10-05,0.1963,0.2384,0.2305,0.2592
73191,33.26876501724838,35.609813955190624,2026-10-06,0.1536,0.1866,0.1622,0.1866
73191,33.26876501724838,35.609813955190624,2026-10-07,0.1366,0.1762,0.1451,0.1659
73191,33.26876501724838,35.609813955190624,2026-10-08,0.1366,0.1762,0.1963,0.1762
73191,33.26876501724838,35.609813955190624,2026-10-09,0.1366,0.1659,0.1622,0.1659
73191,33.26876501724838,35.609813955190624,2026-10-10,0.128,0.1555,0.1451,0.1659
73191,33.26876501724838,35.609813955190624,2026-10-11,0.128,0.1555,0.1366,0.1555
62273,33.27736805340288,35.419428129094726,2026-10-05,0.2417,0.2271,0.2837,0.2468
62273,33.27736805340288,35.419428129094726,2026-10-06,0.1891,0.1777,0.1996,0.1777
62273,33.27736805340288,35.419428129094726,2026-10-07,0.1681,0.1678,0.1786,0.158
62273,33.27736805340288,35.419428129094726,2026-10-08,0.1681,0.1678,0.2417,0.1678
62273,33.27736805340288,35.419428129094726,2026-10-09,0.1681,0.158,0.1996,0.158
62273,33.27736805340288,35.419428129094726,2026-10-10,0.1576,0.1481,0.1786,0.158
62273,33.27736805340288,35.419428129094726,2026-10-11,0.1576,0.1481,0.1681,0.1481
62257,33.27355095008909,35.40056486747107,2026-10-05,0.2177,0.2331,0.2556,0.2533
62257,33.27355095008909,35.40056486747107,2026-10-06,0.1704,0.1824,0.1799,0.1824
62257,33.27355095008909,35.40056486747107,2026-10-07,0.1515,0.1723,0.1609,0.1621
62257,33.27355095008909,35.40056486747107,2026-10-08,0.1515,0.1723,0.2177,0.1723
62257,33.27355095008909,35.40056486747107,2026-10-09,0.1515,0.1621,0.1799,0.1621
62257,33.27355095008909,35.40056486747107,2026-10-10,0.142,0.152,0.1609,0.1621
62257,33.27355095008909,35.40056486747107,2026-10-11,0.142,0.152,0.1515,0.152
73257,33.25124188995333,35.51401951401066,2026-10-05,0.2077,0.2356,0.2438,0.2561
73257,33.25124188995333,35.51401951401066,2026-10-06,0.1626,0.1844,0.1716,0.1844
73257,33.25124188995333,35.51401951401066,2026-10-07,0.1445,0.1741,0.1535,0.1639
73257,33.25124188995333,35.51401951401066,2026-10-08,0.1445,0.1741,0.2077,0.1741
73257,33.25124188995333,35.51401951401066,2026-10-09,0.1445,0.1639,0.1716,0.1639
73257,33.25124188995333,35.51401951401066,2026-10-10,0.1355,0.1536,0.1535,0.1639
73257,33.25124188995333,35.51401951401066,2026-10-11,0.1355,0.1536,0.1445,0.1536
62293,33.18879707731363,35.2180295854459,2026-10-05,0.2342,0.2289,0.275,0.2489
62293,33.18879707731363,35.2180295854459,2026-10-06,0.1833,0.1792,0.1935,0.1792
62293,33.18879707731363,35.2180295854459,2026-10-07,0.1629,0.1692,0.1731,0.1593
62293,33.18879707731363,35.2180295854459,2026-10-08,0.1629,0.1692,0.2342,0.1692
62293,33.18879707731363,35.2180295854459,2026-10-09,0.1629,0.1593,0.1935,0.1593
62293,33.18879707731363,35.2180295854459,2026-10-10,0.1528,0.1493,0.1731,0.1593
62293,33.18879707731363,35.2180295854459,2026-10-11,0.1528,0.1493,0.1629,0.1493
62294,33.179936686458056,35.22967556198918,2026-10-05,0.2569,0.2233,0.3015,0.2427
62294,33.179936686458056,35.22967556198918,2026-10-06,0.201,0.1747,0.2122,0.1747
62294,33.179936686458056,35.22967556198918,2026-10-07,0.1787,0.165,0.1899,0.1553
62294,33.179936686458056,35.22967556198918,2026-10-08,0.1787,0.165,0.2569,0.165
62294,33.179936686458056,35.22967556198918,2026-10-09,0.1787,0.1553,0.2122,0.1553
62294,33.179936686458056,35.22967556198918,2026-10-10,0.1675,0.1456,0.1899,0.1553
62294,33.179936686458056,35.22967556198918,2026-10-11,0.1675,0.1456,0.1787,0.1456
62242,33.180407184177525,35.30870465406606,2026-10-05,0.1837,0.2416,0.2157,0.2626
62242,33.180407184177525,35.30870465406606,2026-10-06,0.1438,0.1891,0.1518,0.1891
62242,33.180407184177525,35.30870465406606,2026-10-07,0.1278,0.1786,0.1358,0.1681
62242,33.180407184177525,35.30870465406606,2026-10-08,0.1278,0.1786,0.1837,0.1786
62242,33.180407184177525,35.30870465406606,2026-10-09,0.1278,0.1681,0.1518,0.1681
62242,33.180407184177525,35.30870465406606,2026-10-10,0.1198,0.1575,0.1358,0.1681
62242,33.180407184177525,35.30870465406606,2026-10-11,0.1198,0.1575,0.1278,0.1575
73248,33.151026731123075,35.49887415512234,2026-10-05,0.2546,0.2238,0.2989,0.2433
73248,33.151026731123075,35.49887415512234,2026-10-06,0.1993,0.1752,0.2103,0.1752
73248,33.151026731123075,35.49887415512234,2026-10-07,0.1771,0.1655,0.1882,0.1557
73248,33.151026731123075,35.49887415512234,2026-10-08,0.1771,0.1655,0.2546,0.1655
73248,33.151026731123075,35.49887415512234,2026-10-09,0.1771,0.1557,0.2103,0.1557
73248,33.151026731123075,35.49887415512234,2026-10-10,0.166,0.146,0.1882,0.1557
73248,33.151026731123075,35.49887415512234,2026-10-11,0.166,0.146,0.1771,0.146
73288,33.13969367122395,35.50721741952277,2026-10-05,0.2006,0.2374,0.2355,0.258
73288,33.13969367122395,35.50721741952277,2026-10-06,0.157,0.1858,0.1657,0.1858
73288,33.13969367122395,35.50721741952277,2026-10-07,0.1395,0.1754,0.1483,0.1651
73288,33.13969367122395,35.50721741952277,2026-10-08,0.1395,0.1754,0.2006,0.1754
73288,33.13969367122395,35.50721741952277,2026-10-09,0.1395,0.1651,0.1657,0.1651
73288,33.13969367122395,35.50721741952277,2026-10-10,0.1308,0.1548,0.1483,0.1651
73288,33.13969367122395,35.50721741952277,2026-10-11,0.1308,0.1548,0.1395,0.1548
62314,33.13439605908923,35.169595504755755,2026-10-05,0.2239,0.2315,0.2628,0.2517
62314,33.13439605908923,35.169595504755755,2026-10-06,0.1752,0.1812,0.1849,0.1812
62314,33.13439605908923,35.169595504755755,2026-10-07,0.1557,0.1711,0.1655,0.1611
62314,33.13439605908923,35.169595504755755,2026-10-08,0.1557,0.1711,0.2239,0.1711
62314,33.13439605908923,35.169595504755755,2026-10-09,0.1557,0.1611,0.1849,0.1611
62314,33.13439605908923,35.169595504755755,2026-10-10,0.146,0.151,0.1655,0.1611
62314,33.13439605908923,35.169595504755755,2026-10-11,0.146,0.151,0.1557,0.151
62318,33.128301092298116,35.18586515214526,2026-10-05,0.2661,0.221,0.3124,0.2402
62318,33.128301092298116,35.18586515214526,2026-10-06,0.2083,0.1729,0.2199,0.1729
62318,33.128301092298116,35.18586515214526,2026-10-07,0.1851,0.1633,0.1967,0.1537
62318,33.128301092298116,35.18586515214526,2026-10-08,0.1851,0.1633,0.2661,0.1633
62318,33.128301092298116,35.18586515214526,2026-10-09,0.1851,0.1537,0.2199,0.1537
62318,33.128301092298116,35.18586515214526,2026-10-10,0.1736,0.1441,0.1967,0.1537
62318,33.128301092298116,35.18586515214526,2026-10-11,0.1736,0.1441,0.1851,0.1441
62319,33.12950127128834,35.207287889502986,2026-10-05,0.2078,0.2356,0.2439,0.256
62319,33.12950127128834,35.207287889502986,2026-10-06,0.1626,0.1843,0.1717,0.1843
62319,33.12950127128834,35.207287889502986,2026-10-07,0.1446,0.1741,0.1536,0.1639
62319,33.12950127128834,35.207287889502986,2026-10-08,0.1446,0.1741,0.2078,0.1741
62319,33.12950127128834,35.207287889502986,2026-10-09,0.1446,0.1639,0.1717,0.1639
62319,33.12950127128834,35.207287889502986,2026-10-10,0.1355,0.1536,0.1536,0.1639
62319,33.12950127128834,35.207287889502986,2026-10-11,0.1355,0.1536,0.1446,0.1536
72135,33.132519793872476,35.30562677167557,2026-10-05,0.2118,0.2346,0.2486,0.255
72135,33.132519793872476,35.30562677167557,2026-10-06,0.1657,0.1836,0.1749,0.1836
72135,33.132519793872476,35.30562677167557,2026-10-07,0.1473,0.1734,0.1565,0.1632
72135,33.132519793872476,35.30562677167557,2026-10-08,0.1473,0.1734,0.2118,0.1734
72135,33.132519793872476,35.30562677167557,2026-10-09,0.1473,0.1632,0.1749,0.1632
72135,33.132519793872476,35.30562677167557,2026-10-10,0.1381,0.153,0.1565,0.1632
72135,33.132519793872476,35.30562677167557,2026-10-11,0.1381,0.153,0.1473,0.153
72291,33.124839679645966,35.33975003488134,2026-10-05,0.2586,0.2229,0.3035,0.2422
72291,33.124839679645966,35.33975003488134,2026-10-06,0.2024,0.1744,0.2136,0.1744
72291,33.124839679645966,35.33975003488134,2026-10-07,0.1799,0.1647,0.1911,0.155
72291,33.124839679645966,35.33975003488134,2026-10-08,0.1799,0.1647,0.2586,0.1647
72291,33.124839679645966,35.33975003488134,2026-10-09,0.1799,0.155,0.2136,0.155
72291,33.124839679645966,35.33975003488134,2026-10-10,0.1686,0.1453,0.1911,0.155
72291,33.124839679645966,35.33975003488134,2026-10-11,0.1686,0.1453,0.1799,0.1453
62331,33.10897296059695,35.20576372482054,2026-10-05,0.1851,0.2412,0.2173,0.2622
62331,33.10897296059695,35.20576372482054,2026-10-06,0.1449,0.1888,0.1529,0.1888
62331,33.10897296059695,35.20576372482054,2026-10-07,0.1288,0.1783,0.1368,0.1678
62331,33.10897296059695,35.20576372482054,2026-10-08,0.1288,0.1783,0.1851,0.1783
62331,33.10897296059695,35.20576372482054,2026-10-09,0.1288,0.1678,0.1529,0.1678
62331,33.10897296059695,35.20576372482054,2026-10-10,0.1207,0.1573,0.1368,0.1678
62331,33.10897296059695,35.20576372482054,2026-10-11,0.1207,0.1573,0.1288,0.1573
62351,33.10924987556928,35.251024944880754,2026-10-05,0.2249,0.2313,0.2641,0.2514
62351,33.10924987556928,35.251024944880754,2026-10-06,0.176,0.181,0.1858,0.181
62351,33.10924987556928,35.251024944880754,2026-10-07,0.1565,0.1709,0.1663,0.1609
62351,33.10924987556928,35.251024944880754,2026-10-08,0.1565,0.1709,0.2249,0.1709
62351,33.10924987556928,35.251024944880754,2026-10-09,0.1565,0.1609,0.1858,0.1609
62351,33.10924987556928,35.251024944880754,2026-10-10,0.1467,0.1508,0.1663,0.1609
62351,33.10924987556928,35.251024944880754,2026-10-11,0.1467,0.1508,0.1565,0.1508
72175,33.06071466180206,35.365731029624285,2026-10-05,0.2428,0.2268,0.285,0.2465
72175,33.06071466180206,35.365731029624285,2026-10-06,0.19,0.1775,0.2006,0.1775
72175,33.06071466180206,35.365731029624285,2026-10-07,0.1689,0.1676,0.1794,0.1578
72175,33.06071466180206,35.365731029624285,2026-10-08,0.1689,0.1676,0.2428,0.1676
72175,33.06071466180206,35.365731029624285,2026-10-09,0.1689,0.1578,0.2006,0.1578
72175,33.06071466180206,35.365731029624285,2026-10-10,0.1583,0.1479,0.1794,0.1578
72175,33.06071466180206,35.365731029624285,2026-10-11,0.1583,0.1479,0.1689,0.1479
