region_id,region_name,date,latitude,longitude,rainfall_1d,rainfall_3d,rainfall_7d,rainfall_14d,humidity_avg_3d,humidity_avg_7d,temperature_avg_7d,wind_avg_7d,elevation_mean,slope_mean,distance_to_river_km,soil_moisture_avg_7d,river_discharge_max_7d,river_discharge_mean_7d,river_discharge_ratio,risk_label,risk_score,main_drivers,recommended_action
0,Conflict,2026-09-21,33.223562,35.537373,0.0,0.0,0.0,0.0,95.59,80.68,18.53,7.78,0,0,0,0.171,0.263,0.183,1.439,Low,0.0,No rain over the last 7 days,No flood-risk action is needed from rainfall-driven conditions.
10110,Aain el-Mraisse foncière,2026-09-21,33.899236,35.475116,0.0,0.0,0.0,0.0,79.28,80.66,19.06,8.22,0,0,0,0.181,0.341,0.171,2.0,Low,0.0,No rain over the last 7 days,No flood-risk action is needed from rainfall-driven conditions.
10150,Ras Beyrouth foncière,2026-09-21,33.890129,35.476005,0.0,0.0,0.0,0.0,79.24,80.62,19.07,8.2,0,0,0,0.18,0.34,0.171,1.989,Low,0.0,No rain over the last 7 days,No flood-risk action is needed from rainfall-driven conditions.
10210,Msaitbe foncière,2026-09-21,33.884024,35.489366,0.0,0.0,0.0,0.0,76.32,77.68,19.07,7.02,0,0,0,0.153,0.26,0.183,1.416,Low,0.0,No rain over the last 7 days,No flood-risk action is needed from rainfall-driven conditions.
10250,Mina el-Hosn foncière,2026-09-21,33.90025,35.495784,0.0,0.0,0.0,0.0,78.99,80.37,19.04,8.11,0,0,0,0.178,0.335,0.172,1.948,Low,0.0,No rain over the last 7 days,No flood-risk action is needed from rainfall-driven conditions.
10310,Mazraa foncière,2026-09-21,33.873537,35.50657,0.0,0.0,0.0,0.0,78.5,79.88,19.07,7.92,0,0,0,0.174,0.321,0.174,1.844,Low,0.0,No rain over the last 7 days,No flood-risk action is needed from rainfall-driven conditions.
10350,Bachoura foncière,2026-09-21,33.8904,35.503876,0.0,0.0,0.0,0.0,76.46,77.82,19.05,7.08,0,0,0,0.154,0.264,0.183,1.449,Low,0.0,No rain over the last 7 days,No flood-risk action is needed from rainfall-driven conditions.
10410,Zqaq el-Blat foncière,2026-09-21,33.893186,35.498067,0.0,0.0,0.0,0.0,76.07,77.43,19.05,6.93,0,0,0,0.151,0.254,0.184,1.377,Low,0.0,No rain over the last 7 days,No flood-risk action is needed from rainfall-driven conditions.
10450,Marfa' foncière,2026-09-21,33.899762,35.51065,0.0,0.0,0.0,0.0,76.53,77.89,19.02,7.12,0,0,0,0.155,0.267,0.182,1.468,Low,0.0,No rain over the last 7 days,No flood-risk action is needed from rainfall-driven conditions.
10510,Saifi foncière,2026-09-21,33.89328,35.508256,0.0,0.0,0.0,0.0,79.24,80.62,19.04,8.22,0,0,0,0.181,0.342,0.171,2.007,Low,0.0,No rain over the last 7 days,No flood-risk action is needed from rainfall-driven conditions.
10550,Rmeil foncière,2026-09-21,33.894116,35.521205,0.0,0.0,0.0,0.0,75.98,77.34,19.02,6.9,0,0,0,0.15,0.253,0.184,1.37,Low,0.0,No rain over the last 7 days,No flood-risk action is needed from rainfall-driven conditions.
10610,Mdaouar foncière,2026-09-21,33.902121,35.526841,0.0,0.0,0.0,0.0,78.66,80.04,19.01,7.99,0,0,0,0.176,0.327,0.173,1.893,Low,0.0,No rain over the last 7 days,No flood-risk action is needed from rainfall-driven conditions.
10650,Achrafieh foncière,2026-09-21,33.88518,35.520298,0.0,0.0,0.0,0.0,77.2,78.56,19.04,7.39,0,0,0,0.162,0.286,0.179,1.593,Low,0.0,No rain over the last 7 days,No flood-risk action is needed from rainfall-driven conditions.
10999,Beirut Central District,2026-09-21,33.905203,35.508491,0.0,0.0,0.0,0.0,78.66,80.04,19.02,7.98,0,0,0,0.176,0.326,0.173,1.887,Low,0.0,No rain over the last 7 days,No flood-risk action is needed from rainfall-driven conditions.
21111,Chiyah,2026-09-21,33.856549,35.503471,0.0,0.0,0.0,0.0,79.44,80.82,19.1,8.3,0,0,0,0.182,0.346,0.17,2.036,Low,0.0,No rain over the last 7 days,No flood-risk action is needed from rainfall-driven conditions.
21133,Furn Ech-Chebbak,2026-09-21,33.871741,35.526111,0.0,0.0,0.0,0.0,76.04,77.4,19.06,6.93,0,0,0,0.151,0.254,0.184,1.377,Low,0.0,No rain over the last 7 days,No flood-risk action is needed from rainfall-driven conditions.
21144,Haret Hreik,2026-09-21,33.852356,35.511486,0.0,0.0,0.0,0.0,78.14,79.51,19.1,7.77,0,0,0,0.17,0.31,0.176,1.765,Low,0.0,No rain over the last 7 days,No flood-risk action is needed from rainfall-driven conditions.
21166,Laylake,2026-09-21,33.831931,35.513023,0.0,0.0,0.0,0.0,78.95,80.34,19.14,8.11,0,0,0,0.178,0.332,0.172,1.93,Low,0.0,No rain over the last 7 days,No flood-risk action is needed from rainfall-driven conditions.
21177,Bourj El-Brajneh,2026-09-21,33.841016,35.509041,0.0,0.0,0.0,0.0,79.48,80.86,19.13,8.32,0,0,0,0.183,0.347,0.17,2.043,Low,0.0,No rain over the last 7 days,No flood-risk action is needed from rainfall-driven conditions.
21188,Tahouitat El Ghadir,2026-09-21,33.829571,35.497339,0.0,0.0,0.0,0.0,79.45,80.83,19.16,8.3,0,0,0,0.182,0.345,0.17,2.028,Low,0.0,No rain over the last 7 days,No flood-risk action is needed from rainfall-driven conditions.
21211,Baabda,2026-09-21,33.845021,35.544324,0.0,0.0,0.0,0.0,76.45,77.81,19.09,7.1,0,0,0,0.155,0.265,0.182,1.452,Low,0.0,No rain over the last 7 days,No flood-risk action is needed from rainfall-driven conditions.
21219,Hadath Beyrouth,2026-09-21,33.839489,35.526181,0.0,0.0,0.0,0.0,78.65,80.03,19.11,7.99,0,0,0,0.175,0.325,0.173,1.875,Low,0.0,No rain over the last 7 days,No flood-risk action is needed from rainfall-driven conditions.
21227,Boutchay,2026-09-21,33.826008,35.543081,0.0,0.0,0.0,0.0,76.64,78.0,19.12,7.18,0,0,0,0.156,0.27,0.182,1.483,Low,0.0,No rain over the last 7 days,No flood-risk action is needed from rainfall-driven conditions.
21235,Merdache,2026-09-21,33.823234,35.54127,0.0,0.0,0.0,0.0,77.74,79.11,19.13,7.62,0,0,0,0.166,0.3,0.177,1.692,Low,0.0,No rain over the last 7 days,No flood-risk action is needed from rainfall-driven conditions.
21243,Louayze Baabda,2026-09-21,33.838616,35.568282,0.0,0.0,0.0,0.0,78.74,80.12,19.08,8.05,0,0,0,0.177,0.33,0.172,1.913,Low,0.0,No rain over the last 7 days,No flood-risk action is needed from rainfall-driven conditions.
21251,Kfar Chima,2026-09-21,33.81469,35.536072,0.0,0.0,0.0,0.0,76.65,78.01,19.15,7.18,0,0,0,0.156,0.269,0.182,1.478,Low,0.0,No rain over the last 7 days,No flood-risk action is needed from rainfall-driven conditions.
21259,Ouadi Chahrour Es-Soufla,2026-09-21,33.82356,35.553737,0.0,0.0,0.0,0.0,79.34,80.72,19.12,8.29,0,0,0,0.182,0.345,0.17,2.03,Low,0.0,No rain over the last 7 days,No flood-risk action is needed from rainfall-driven conditions.
21267,Ouadi Chahrour El Aaoulia,2026-09-21,33.818169,35.565197,0.0,0.0,0.0,0.0,77.51,78.88,19.11,7.54,0,0,0,0.165,0.294,0.178,1.656,Low,0.0,No rain over the last 7 days,No flood-risk action is needed from rainfall-driven conditions.
21275,Haret Es-Sit,2026-09-21,33.826013,35.56543,0.0,0.0,0.0,0.0,76.73,78.09,19.1,7.23,0,0,0,0.157,0.273,0.181,1.509,Low,0.0,No rain over the last 7 days,No flood-risk action is needed from rainfall-driven conditions.
21283,Bsaba Baabda,2026-09-21,33.803933,35.536751,0.0,0.0,0.0,0.0,77.01,78.38,19.16,7.33,0,0,0,0.159,0.279,0.18,1.544,Low,0.0,No rain over the last 7 days,No flood-risk action is needed from rainfall-driven conditions.
21311,Baalchmay,2026-09-21,33.816114,35.641977,0.0,0.0,0.0,0.0,78.65,80.04,19.05,8.06,0,0,0,0.177,0.331,0.172,1.924,Low,0.0,No rain over the last 7 days,No flood-risk action is needed from rainfall-driven conditions.
21314,Aain Mouaffaq,2026-09-21,33.821614,35.652456,0.0,0.0,0.0,0.0,78.26,79.64,19.03,7.9,0,0,0,0.173,0.321,0.174,1.849,Low,0.0,No rain over the last 7 days,No flood-risk action is needed from rainfall-driven conditions.
21317,Rouayssrt El-Ballout,2026-09-21,33.827049,35.650765,0.0,0.0,0.0,0.0,77.54,78.91,19.02,7.61,0,0,0,0.166,0.301,0.177,1.704,Low,0.0,No rain over the last 7 days,No flood-risk action is needed from rainfall-driven conditions.
21321,Mzairaa Baabda,2026-09-21,33.831375,35.653947,0.0,0.0,0.0,0.0,77.46,78.83,19.01,7.58,0,0,0,0.166,0.299,0.177,1.69,Low,0.0,No rain over the last 7 days,No flood-risk action is needed from rainfall-driven conditions.
21324,Hlaliye Baabda,2026-09-21,33.831352,35.637869,0.0,0.0,0.0,0.0,77.78,79.15,19.03,7.7,0,0,0,0.168,0.307,0.176,1.746,Low,0.0,No rain over the last 7 days,No flood-risk action is needed from rainfall-driven conditions.
21327,Haret Hamze,2026-09-21,33.820895,35.661759,0.0,0.0,0.0,0.0,76.68,78.04,19.02,7.26,0,0,0,0.158,0.278,0.18,1.54,Low,0.0,No rain over the last 7 days,No flood-risk action is needed from rainfall-driven conditions.
21331,Qtale Baabda,2026-09-21,33.820739,35.676746,0.0,0.0,0.0,0.0,76.68,78.04,19.01,7.27,0,0,0,0.159,0.279,0.18,1.548,Low,0.0,No rain over the last 7 days,No flood-risk action is needed from rainfall-driven conditions.
21334,Ras El-Href,2026-09-21,33.814589,35.673017,0.0,0.0,0.0,0.0,77.4,78.77,19.02,7.56,0,0,0,0.165,0.298,0.177,1.683,Low,0.0,No rain over the last 7 days,No flood-risk action is needed from rainfall-driven conditions.
21337,Deir Khouna,2026-09-21,33.832328,35.66168,0.0,0.0,0.0,0.0,77.14,78.5,19.0,7.45,0,0,0,0.163,0.291,0.178,1.631,Low,0.0,No rain over the last 7 days,No flood-risk action is needed from rainfall-driven conditions.
21341,Aabadiye,2026-09-21,33.828073,35.624,0.0,0.0,0.0,0.0,78.3,79.67,19.04,7.9,0,0,0,0.173,0.321,0.174,1.844,Low,0.0,No rain over the last 7 days,No flood-risk action is needed from rainfall-driven conditions.
21344,Qrayet Baabda,2026-09-21,33.80794,35.6764,0.0,0.0,0.0,0.0,78.35,79.73,19.03,7.95,0,0,0,0.174,0.325,0.173,1.875,Low,0.0,No rain over the last 7 days,No flood-risk action is needed from rainfall-driven conditions.
21347,Chmeisset Baabda,2026-09-21,33.829471,35.680927,0.0,0.0,0.0,0.0,76.66,78.02,18.99,7.27,0,0,0,0.158,0.279,0.18,1.548,Low,0.0,No rain over the last 7 days,No flood-risk action is needed from rainfall-driven conditions.
21351,Ras El Matn,2026-09-21,33.846576,35.656934,0.0,0.0,0.0,0.0,78.44,79.82,18.98,7.98,0,0,0,0.175,0.328,0.173,1.895,Low,0.0,No rain over the last 7 days,No flood-risk action is needed from rainfall-driven conditions.
21354,Chouit,2026-09-21,33.830911,35.603045,0.0,0.0,0.0,0.0,77.05,78.42,19.06,7.38,0,0,0,0.161,0.285,0.179,1.588,Low,0.0,No rain over the last 7 days,No flood-risk action is needed from rainfall-driven conditions.
21357,Qobbayaa,2026-09-21,33.812819,35.692689,0.0,0.0,0.0,0.0,76.93,78.29,19.01,7.38,0,0,0,0.161,0.286,0.179,1.599,Low,0.0,No rain over the last 7 days,No flood-risk action is needed from rainfall-driven conditions.
21361,Qordata,2026-09-21,33.860814,35.625886,0.0,0.0,0.0,0.0,78.94,80.33,18.99,8.17,0,0,0,0.18,0.34,0.171,1.99,Low,0.0,No rain over the last 7 days,No flood-risk action is needed from rainfall-driven conditions.
21364,Qsaibe Baabda,2026-09-21,33.863707,35.648572,0.0,0.0,0.0,0.0,78.64,80.03,18.96,8.06,0,0,0,0.177,0.333,0.172,1.939,Low,0.0,No rain over the last 7 days,No flood-risk action is needed from rainfall-driven conditions.
21367,Deir El-harf,2026-09-21,33.850816,35.687115,0.0,0.0,0.0,0.0,75.9,77.27,18.95,6.97,0,0,0,0.152,0.26,0.183,1.417,Low,0.0,No rain over the last 7 days,No flood-risk action is needed from rainfall-driven conditions.
21371,Aaraiya,2026-09-21,33.831791,35.58636,0.0,0.0,0.0,0.0,76.35,77.72,19.07,7.09,0,0,0,0.154,0.265,0.182,1.45,Low,0.0,No rain over the last 7 days,No flood-risk action is needed from rainfall-driven conditions.
21374,Zandouqa,2026-09-21,33.865325,35.637154,0.0,0.0,0.0,0.0,78.52,79.9,18.97,8.0,0,0,0,0.176,0.329,0.173,1.908,Low,0.0,No rain over the last 7 days,No flood-risk action is needed from rainfall-driven conditions.
21377,Kneisset Baabda,2026-09-21,33.86348,35.66406,0.0,0.0,0.0,0.0,76.76,78.13,18.95,7.3,0,0,0,0.16,0.282,0.18,1.569,Low,0.0,No rain over the last 7 days,No flood-risk action is needed from rainfall-driven conditions.
21381,Aarbaniye,2026-09-21,33.873213,35.675908,0.0,0.0,0.0,0.0,76.52,77.88,18.92,7.21,0,0,0,0.157,0.276,0.181,1.529,Low,0.0,No rain over the last 7 days,No flood-risk action is needed from rainfall-driven conditions.
21391,Dlaybe,2026-09-21,33.87883,35.68982,0.0,0.0,0.0,0.0,76.27,77.63,18.9,7.11,0,0,0,0.155,0.271,0.182,1.49,Low,0.0,No rain over the last 7 days,No flood-risk action is needed from rainfall-driven conditions.
21394,Salima Baabda,2026-09-21,33.872137,35.698953,0.0,0.0,0.0,0.0,76.4,77.76,18.9,7.17,0,0,0,0.157,0.275,0.181,1.517,Low,0.0,No rain over the last 7 days,No flood-risk action is needed from rainfall-driven conditions.
21397,Hasbaiya El-Matn,2026-09-21,33.875878,35.721378,0.0,0.0,0.0,0.0,76.63,77.99,18.88,7.28,0,0,0,0.159,0.282,0.18,1.571,Low,0.0,No rain over the last 7 days,No flood-risk action is needed from rainfall-driven conditions.
21411,Hammana,2026-09-21,33.816901,35.736857,0.0,0.0,0.0,0.0,78.3,79.68,18.96,7.96,0,0,0,0.175,0.328,0.173,1.895,Low,0.0,No rain over the last 7 days,No flood-risk action is needed from rainfall-driven conditions.
21416,Qalaat Baabda,2026-09-21,33.839143,35.727289,0.0,0.0,0.0,0.0,75.91,77.28,18.93,7.0,0,0,0,0.152,0.262,0.183,1.432,Low,0.0,No rain over the last 7 days,No flood-risk action is needed from rainfall-driven conditions.
21421,Khalouat Baabda,2026-09-21,33.840029,35.734256,0.0,0.0,0.0,0.0,77.18,78.55,18.92,7.51,0,0,0,0.164,0.297,0.177,1.675,Low,0.0,No rain over the last 7 days,No flood-risk action is needed from rainfall-driven conditions.
21426,Chbaniye,2026-09-21,33.815995,35.708938,0.0,0.0,0.0,0.0,76.96,78.32,18.99,7.4,0,0,0,0.162,0.288,0.179,1.614,Low,0.0,No rain over the last 7 days,No flood-risk action is needed from rainfall-driven conditions.
21431,Khreibet Baabda,2026-09-21,33.822933,35.716878,0.0,0.0,0.0,0.0,76.25,77.61,18.97,7.12,0,0,0,0.155,0.27,0.182,1.485,Low,0.0,No rain over the last 7 days,No flood-risk action is needed from rainfall-driven conditions.
21436,Bmaryam,2026-09-21,33.82893,35.706294,0.0,0.0,0.0,0.0,77.6,78.97,18.97,7.66,0,0,0,0.168,0.306,0.176,1.741,Low,0.0,No rain over the last 7 days,No flood-risk action is needed from rainfall-driven conditions.
21441,Btekhnay,2026-09-21,33.840166,35.713989,0.0,0.0,0.0,0.0,78.26,79.63,18.94,7.93,0,0,0,0.174,0.326,0.173,1.882,Low,0.0,No rain over the last 7 days,No flood-risk action is needed from rainfall-driven conditions.
21446,Falougha,2026-09-21,33.829713,35.759982,0.0,0.0,0.0,0.0,74.94,76.32,18.92,6.64,0,0,0,0.144,0.238,0.187,1.276,Low,0.0,No rain over the last 7 days,No flood-risk action is needed from rainfall-driven conditions.
21451,Btibyat,2026-09-21,33.836724,35.695976,0.0,0.0,0.0,0.0,75.79,77.16,18.96,6.93,0,0,0,0.151,0.257,0.184,1.397,Low,0.0,No rain over the last 7 days,No flood-risk action is needed from rainfall-driven conditions.
21456,Qornayel,2026-09-21,33.857765,35.727931,0.0,0.0,0.0,0.0,76.59,77.96,18.9,7.27,0,0,0,0.159,0.281,0.18,1.563,Low,0.0,No rain over the last 7 days,No flood-risk action is needed from rainfall-driven conditions.
21461,Jouar El-Haouz,2026-09-21,33.862176,35.75648,0.0,0.0,0.0,0.0,75.45,76.82,18.87,6.83,0,0,0,0.149,0.253,0.184,1.37,Low,0.0,No rain over the last 7 days,No flood-risk action is needed from rainfall-driven conditions.
21466,Bzebdine,2026-09-21,33.87327,35.73225,0.0,0.0,0.0,0.0,77.15,78.51,18.87,7.49,0,0,0,0.164,0.297,0.177,1.675,Low,0.0,No rain over the last 7 days,No flood-risk action is needed from rainfall-driven conditions.
21471,Arsoun,2026-09-21,33.857222,35.69339,0.0,0.0,0.0,0.0,76.79,78.16,18.93,7.33,0,0,0,0.16,0.284,0.179,1.585,Low,0.0,No rain over the last 7 days,No flood-risk action is needed from rainfall-driven conditions.
21476,Kfar Selouane,2026-09-21,33.856853,35.777786,0.0,0.0,0.0,0.0,76.08,77.44,18.86,7.09,0,0,0,0.155,0.27,0.182,1.487,Low,0.0,No rain over the last 7 days,No flood-risk action is needed from rainfall-driven conditions.
21481,Tarchich,2026-09-21,33.876247,35.816084,0.0,0.0,0.0,0.0,77.95,79.32,18.79,7.87,0,0,0,0.173,0.325,0.173,1.876,Low,0.0,No rain over the last 7 days,No flood-risk action is needed from rainfall-driven conditions.
21487,Jouret Arsoun,2026-09-21,33.851974,35.710971,0.0,0.0,0.0,0.0,76.33,77.69,18.93,7.15,0,0,0,0.156,0.273,0.181,1.504,Low,0.0,No rain over the last 7 days,No flood-risk action is needed from rainfall-driven conditions.
22001,22001,2026-09-21,33.892321,35.704682,0.0,0.0,0.0,0.0,76.53,77.9,18.86,7.23,0,0,0,0.158,0.279,0.18,1.55,Low,0.0,No rain over the last 7 days,No flood-risk action is needed from rainfall-driven conditions.
22002,22002,2026-09-21,33.885629,35.770067,0.0,0.0,0.0,0.0,76.04,77.4,18.81,7.07,0,0,0,0.155,0.27,0.182,1.484,Low,0.0,No rain over the last 7 days,No flood-risk action is needed from rainfall-driven conditions.
22111,Bourj Hammoud,2026-09-21,33.89342,35.543369,0.0,0.0,0.0,0.0,79.55,80.93,19.01,8.37,0,0,0,0.185,0.353,0.169,2.092,Low,0.0,No rain over the last 7 days,No flood-risk action is needed from rainfall-driven conditions.
22155,Sinn El-Fil,2026-09-21,33.876364,35.534723,0.0,0.0,0.0,0.0,77.87,79.24,19.04,7.67,0,0,0,0.168,0.305,0.176,1.729,Low,0.0,No rain over the last 7 days,No flood-risk action is needed from rainfall-driven conditions.
22211,Jdaidet El-Matn,2026-09-21,33.888506,35.57202,0.0,0.0,0.0,0.0,77.53,78.9,18.99,7.56,0,0,0,0.166,0.298,0.177,1.682,Low,0.0,No rain over the last 7 days,No flood-risk action is needed from rainfall-driven conditions.
22228,Baouchriye,2026-09-21,33.884079,35.561047,0.0,0.0,0.0,0.0,76.58,77.94,19.01,7.17,0,0,0,0.156,0.271,0.181,1.494,Low,0.0,No rain over the last 7 days,No flood-risk action is needed from rainfall-driven conditions.
22245,Deir mar Roukoz,2026-09-21,33.868437,35.560061,0.0,0.0,0.0,0.0,77.04,78.41,19.03,7.35,0,0,0,0.161,0.283,0.18,1.578,Low,0.0,No rain over the last 7 days,No flood-risk action is needed from rainfall-driven conditions.
22262,Dekouane,2026-09-21,33.878434,35.546178,0.0,0.0,0.0,0.0,76.62,77.99,19.03,7.17,0,0,0,0.157,0.271,0.181,1.494,Low,0.0,No rain over the last 7 days,No flood-risk action is needed from rainfall-driven conditions.
22279,Mkalles,2026-09-21,33.860317,35.55361,0.0,0.0,0.0,0.0,78.6,79.98,19.05,7.98,0,0,0,0.175,0.326,0.173,1.882,Low,0.0,No rain over the last 7 days,No flood-risk action is needed from rainfall-driven conditions.
22311,Antelias,2026-09-21,33.914865,35.591369,0.0,0.0,0.0,0.0,77.84,79.21,18.93,7.69,0,0,0,0.169,0.309,0.176,1.76,Low,0.0,No rain over the last 7 days,No flood-risk action is needed from rainfall-driven conditions.
22319,Menqlet Mezher,2026-09-21,33.909057,35.596445,0.0,0.0,0.0,0.0,75.78,77.14,18.93,6.87,0,0,0,0.15,0.253,0.184,1.371,Low,0.0,No rain over the last 7 days,No flood-risk action is needed from rainfall-driven conditions.
22327,Jall Ed-Did,2026-09-21,33.905708,35.582534,0.0,0.0,0.0,0.0,76.35,77.71,18.95,7.08,0,0,0,0.155,0.267,0.182,1.466,Low,0.0,No rain over the last 7 days,No flood-risk action is needed from rainfall-driven conditions.
22335,Naqqach,2026-09-21,33.924152,35.596233,0.0,0.0,0.0,0.0,78.66,80.04,18.91,8.03,0,0,0,0.177,0.333,0.172,1.934,Low,0.0,No rain over the last 7 days,No flood-risk action is needed from rainfall-driven conditions.
22343,Aamaret Chalhoub,2026-09-21,33.901535,35.567889,0.0,0.0,0.0,0.0,76.28,77.64,18.97,7.05,0,0,0,0.154,0.264,0.183,1.445,Low,0.0,No rain over the last 7 days,No flood-risk action is needed from rainfall-driven conditions.
22351,Zalqa,2026-09-21,33.899775,35.574795,0.0,0.0,0.0,0.0,79.32,80.7,18.97,8.29,0,0,0,0.183,0.349,0.17,2.059,Low,0.0,No rain over the last 7 days,No flood-risk action is needed from rainfall-driven conditions.
22359,Byaqout,2026-09-21,33.895224,35.586277,0.0,0.0,0.0,0.0,76.9,78.26,18.96,7.31,0,0,0,0.16,0.282,0.18,1.568,Low,0.0,No rain over the last 7 days,No flood-risk action is needed from rainfall-driven conditions.
22367,Mazraat El-Hdaira,2026-09-21,33.932276,35.6048,0.0,0.0,0.0,0.0,78.88,80.26,18.88,8.13,0,0,0,0.179,0.34,0.171,1.986,Low,0.0,No rain over the last 7 days,No flood-risk action is needed from rainfall-driven conditions.
22375,Dbaye,2026-09-21,33.938361,35.587824,0.0,0.0,0.0,0.0,75.82,77.18,18.89,6.88,0,0,0,0.15,0.254,0.184,1.381,Low,0.0,No rain over the last 7 days,No flood-risk action is needed from rainfall-driven conditions.
22383,Haret El-Ballane,2026-09-21,33.93854,35.602455,0.0,0.0,0.0,0.0,76.7,78.06,18.88,7.24,0,0,0,0.159,0.279,0.18,1.548,Low,0.0,No rain over the last 7 days,No flood-risk action is needed from rainfall-driven conditions.
22391,Mazraat Deir Aaoukar,2026-09-21,33.934503,35.59825,0.0,0.0,0.0,0.0,76.45,77.81,18.89,7.13,0,0,0,0.156,0.272,0.181,1.499,Low,0.0,No rain over the last 7 days,No flood-risk action is needed from rainfall-driven conditions.
22411,Mansouriyet El-Matn,2026-09-21,33.85429,35.56747,0.0,0.0,0.0,0.0,76.65,78.02,19.05,7.2,0,0,0,0.157,0.273,0.181,1.503,Low,0.0,No rain over the last 7 days,No flood-risk action is needed from rainfall-driven conditions.
22415,Daychouniye,2026-09-21,33.846142,35.575575,0.0,0.0,0.0,0.0,78.74,80.13,19.06,8.05,0,0,0,0.177,0.331,0.172,1.919,Low,0.0,No rain over the last 7 days,No flood-risk action is needed from rainfall-driven conditions.
22419,Fanar,2026-09-21,33.878777,35.571707,0.0,0.0,0.0,0.0,79.39,80.77,19.01,8.32,0,0,0,0.183,0.35,0.169,2.065,Low,0.0,No rain over the last 7 days,No flood-risk action is needed from rainfall-driven conditions.
22423,Aain Saade,2026-09-21,33.868888,35.583532,0.0,0.0,0.0,0.0,77.95,79.32,19.01,7.73,0,0,0,0.17,0.31,0.176,1.765,Low,0.0,No rain over the last 7 days,No flood-risk action is needed from rainfall-driven conditions.
22427,Roumie,2026-09-21,33.883742,35.60244,0.0,0.0,0.0,0.0,78.36,79.74,18.97,7.91,0,0,0,0.174,0.323,0.173,1.863,Low,0.0,No rain over the last 7 days,No flood-risk action is needed from rainfall-driven conditions.
22431,Bqennaya,2026-09-21,33.902184,35.58778,0.0,0.0,0.0,0.0,76.53,77.9,18.95,7.16,0,0,0,0.157,0.272,0.181,1.502,Low,0.0,No rain over the last 7 days,No flood-risk action is needed from rainfall-driven conditions.
22435,Majzoub,2026-09-21,33.901044,35.595092,0.0,0.0,0.0,0.0,75.78,77.14,18.95,6.87,0,0,0,0.15,0.252,0.184,1.368,Low,0.0,No rain over the last 7 days,No flood-risk action is needed from rainfall-driven conditions.
22439,Bsalim,2026-09-21,33.900058,35.604549,0.0,0.0,0.0,0.0,77.94,79.31,18.94,7.74,0,0,0,0.17,0.312,0.175,1.781,Low,0.0,No rain over the last 7 days,No flood-risk action is needed from rainfall-driven conditions.
22443,Nabay,2026-09-21,33.905355,35.624616,0.0,0.0,0.0,0.0,77.75,79.12,18.91,7.68,0,0,0,0.169,0.308,0.176,1.754,Low,0.0,No rain over the last 7 days,No flood-risk action is needed from rainfall-driven conditions.
22447,Mtayleb,2026-09-21,33.923112,35.611217,0.0,0.0,0.0,0.0,77.5,78.87,18.89,7.57,0,0,0,0.166,0.301,0.177,1.704,Low,0.0,No rain over the last 7 days,No flood-risk action is needed from rainfall-driven conditions.
22451,Beit El-Kekko,2026-09-21,33.924122,35.636866,0.0,0.0,0.0,0.0,77.56,78.94,18.87,7.61,0,0,0,0.167,0.305,0.176,1.728,Low,0.0,No rain over the last 7 days,No flood-risk action is needed from rainfall-driven conditions.
22455,Qornet Chehouane,2026-09-21,33.916501,35.633186,0.0,0.0,0.0,0.0,78.42,79.79,18.89,7.95,0,0,0,0.175,0.328,0.173,1.898,Low,0.0,No rain over the last 7 days,No flood-risk action is needed from rainfall-driven conditions.
22459,Beit Ech-Chaar,2026-09-21,33.92924,35.617355,0.0,0.0,0.0,0.0,75.59,76.96,18.88,6.81,0,0,0,0.149,0.25,0.185,1.352,Low,0.0,No rain over the last 7 days,No flood-risk action is needed from rainfall-driven conditions.
22463,Dik El-Mehdi,2026-09-21,33.933929,35.619003,0.0,0.0,0.0,0.0,76.95,78.32,18.87,7.35,0,0,0,0.161,0.287,0.179,1.604,Low,0.0,No rain over the last 7 days,No flood-risk action is needed from rainfall-driven conditions.
22467,Zouk El-Kharab,2026-09-21,33.947163,35.604756,0.0,0.0,0.0,0.0,77.01,78.38,18.86,7.37,0,0,0,0.162,0.288,0.179,1.612,Low,0.0,No rain over the last 7 days,No flood-risk action is needed from rainfall-driven conditions.
22471,Aain Aar,2026-09-21,33.922536,35.640894,0.0,0.0,0.0,0.0,78.79,80.17,18.87,8.11,0,0,0,0.179,0.339,0.171,1.983,Low,0.0,No rain over the last 7 days,No flood-risk action is needed from rainfall-driven conditions.
22475,Mazraat Yachouaa,2026-09-21,33.931173,35.632325,0.0,0.0,0.0,0.0,77.63,79.0,18.86,7.63,0,0,0,0.168,0.307,0.176,1.742,Low,0.0,No rain over the last 7 days,No flood-risk action is needed from rainfall-driven conditions.
22479,Deir Tamich,2026-09-21,33.940502,35.61941,0.0,0.0,0.0,0.0,75.73,77.09,18.86,6.86,0,0,0,0.15,0.254,0.184,1.379,Low,0.0,No rain over the last 7 days,No flood-risk action is needed from rainfall-driven conditions.
22483,Zakrit,2026-09-21,33.939467,35.63048,0.0,0.0,0.0,0.0,78.77,80.16,18.85,8.1,0,0,0,0.179,0.339,0.171,1.979,Low,0.0,No rain over the last 7 days,No flood-risk action is needed from rainfall-driven conditions.
22487,Deir Mar Aabda el Mchammar,2026-09-21,33.944096,35.628685,0.0,0.0,0.0,0.0,77.88,79.26,18.84,7.73,0,0,0,0.17,0.314,0.175,1.794,Low,0.0,No rain over the last 7 days,No flood-risk action is needed from rainfall-driven conditions.
22511,Bikfaya,2026-09-21,33.920482,35.688147,0.0,0.0,0.0,0.0,76.95,78.31,18.83,7.39,0,0,0,0.162,0.291,0.178,1.63,Low,0.0,No rain over the last 7 days,No flood-risk action is needed from rainfall-driven conditions.
22515,Mhaidset Matn,2026-09-21,33.921807,35.698055,0.0,0.0,0.0,0.0,77.57,78.94,18.82,7.65,0,0,0,0.168,0.309,0.176,1.757,Low,0.0,No rain over the last 7 days,No flood-risk action is needed from rainfall-driven conditions.
22519,Ouadi Chahine,2026-09-21,33.931778,35.692102,0.0,0.0,0.0,0.0,75.94,77.3,18.81,6.99,0,0,0,0.153,0.264,0.183,1.445,Low,0.0,No rain over the last 7 days,No flood-risk action is needed from rainfall-driven conditions.
22523,Aain El-Qach,2026-09-21,33.926099,35.700719,0.0,0.0,0.0,0.0,76.49,77.85,18.81,7.21,0,0,0,0.158,0.279,0.18,1.548,Low,0.0,No rain over the last 7 days,No flood-risk action is needed from rainfall-driven conditions.
22527,Mar Boutros Karm Et-Tine,2026-09-21,33.935437,35.684001,0.0,0.0,0.0,0.0,77.06,78.43,18.81,7.43,0,0,0,0.163,0.294,0.178,1.654,Low,0.0,No rain over the last 7 days,No flood-risk action is needed from rainfall-driven conditions.
22531,Beit Chabab,2026-09-21,33.927311,35.667521,0.0,0.0,0.0,0.0,75.55,76.92,18.84,6.82,0,0,0,0.149,0.252,0.184,1.364,Low,0.0,No rain over the last 7 days,No flood-risk action is needed from rainfall-driven conditions.
22535,Bhersaf,2026-09-21,33.91215,35.666111,0.0,0.0,0.0,0.0,78.34,79.71,18.86,7.94,0,0,0,0.175,0.328,0.173,1.896,Low,0.0,No rain over the last 7 days,No flood-risk action is needed from rainfall-driven conditions.
22539,Mayasse,2026-09-21,33.941531,35.692369,0.0,0.0,0.0,0.0,76.73,78.09,18.79,7.3,0,0,0,0.16,0.286,0.179,1.595,Low,0.0,No rain over the last 7 days,No flood-risk action is needed from rainfall-driven conditions.
22543,Aain El-Kharroube,2026-09-21,33.932333,35.700588,0.0,0.0,0.0,0.0,78.21,79.59,18.8,7.91,0,0,0,0.174,0.327,0.173,1.892,Low,0.0,No rain over the last 7 days,No flood-risk action is needed from rainfall-driven conditions.
22547,Himlaya,2026-09-21,33.941133,35.707616,0.0,0.0,0.0,0.0,76.65,78.02,18.78,7.28,0,0,0,0.16,0.285,0.179,1.587,Low,0.0,No rain over the last 7 days,No flood-risk action is needed from rainfall-driven conditions.
22551,aain Aalaq,2026-09-21,33.918551,35.65833,0.0,0.0,0.0,0.0,75.58,76.95,18.86,6.83,0,0,0,0.149,0.252,0.184,1.365,Low,0.0,No rain over the last 7 days,No flood-risk action is needed from rainfall-driven conditions.
22555,Aatchane,2026-09-21,33.91114,35.649184,0.0,0.0,0.0,0.0,75.76,77.13,18.88,6.89,0,0,0,0.15,0.256,0.184,1.39,Low,0.0,No rain over the last 7 days,No flood-risk action is needed from rainfall-driven conditions.
22559,Chaouiye,2026-09-21,33.930265,35.657343,0.0,0.0,0.0,0.0,75.44,76.81,18.84,6.77,0,0,0,0.148,0.248,0.185,1.343,Low,0.0,No rain over the last 7 days,No flood-risk action is needed from rainfall-driven conditions.
22563,Aain Et-Teffaha,2026-09-21,33.934509,35.724781,0.0,0.0,0.0,0.0,77.25,78.62,18.77,7.53,0,0,0,0.166,0.302,0.177,1.71,Low,0.0,No rain over the last 7 days,No flood-risk action is needed from rainfall-driven conditions.
22567,Sfeilet Bikfaya,2026-09-21,33.944222,35.698575,0.0,0.0,0.0,0.0,78.89,80.27,18.78,8.18,0,0,0,0.181,0.346,0.17,2.039,Low,0.0,No rain over the last 7 days,No flood-risk action is needed from rainfall-driven conditions.
22571,Fraike,2026-09-21,33.937694,35.656998,0.0,0.0,0.0,0.0,77.51,78.88,18.83,7.6,0,0,0,0.167,0.305,0.176,1.731,Low,0.0,No rain over the last 7 days,No flood-risk action is needed from rainfall-driven conditions.
22575,Abou Mizane,2026-09-21,33.93861,35.720405,0.0,0.0,0.0,0.0,75.66,77.02,18.77,6.89,0,0,0,0.151,0.258,0.183,1.409,Low,0.0,No rain over the last 7 days,No flood-risk action is needed from rainfall-driven conditions.
22579,Deir Chamra,2026-09-21,33.94888,35.71944,0.0,0.0,0.0,0.0,78.04,79.42,18.75,7.85,0,0,0,0.173,0.324,0.173,1.87,Low,0.0,No rain over the last 7 days,No flood-risk action is needed from rainfall-driven conditions.
22583,Hbous,2026-09-21,33.927963,35.641145,0.0,0.0,0.0,0.0,78.45,79.83,18.86,7.97,0,0,0,0.176,0.33,0.172,1.913,Low,0.0,No rain over the last 7 days,No flood-risk action is needed from rainfall-driven conditions.
22587,Jouar El-Matn,2026-09-21,33.931135,35.732342,0.0,0.0,0.0,0.0,76.1,77.46,18.77,7.07,0,0,0,0.155,0.271,0.182,1.492,Low,0.0,No rain over the last 7 days,No flood-risk action is needed from rainfall-driven conditions.
22591,Chrine,2026-09-21,33.936231,35.731224,0.0,0.0,0.0,0.0,78.07,79.44,18.76,7.87,0,0,0,0.174,0.325,0.173,1.879,Low,0.0,No rain over the last 7 days,No flood-risk action is needed from rainfall-driven conditions.
22595,Qornet El-Hamra,2026-09-21,33.935283,35.645137,0.0,0.0,0.0,0.0,77.63,79.0,18.84,7.64,0,0,0,0.168,0.307,0.176,1.748,Low,0.0,No rain over the last 7 days,No flood-risk action is needed from rainfall-driven conditions.
22611,Broummana El-Matn,2026-09-21,33.881481,35.630212,0.0,0.0,0.0,0.0,79.09,80.47,18.95,8.23,0,0,0,0.181,0.345,0.17,2.03,Low,0.0,No rain over the last 7 days,No flood-risk action is needed from rainfall-driven conditions.
22619,Jouret El-Ballout,2026-09-21,33.895176,35.633487,0.0,0.0,0.0,0.0,78.34,79.72,18.92,7.92,0,0,0,0.174,0.325,0.173,1.876,Low,0.0,No rain over the last 7 days,No flood-risk action is needed from rainfall-driven conditions.
22627,Masqa,2026-09-21,33.879813,35.640244,0.0,0.0,0.0,0.0,76.6,77.96,18.94,7.22,0,0,0,0.158,0.277,0.181,1.531,Low,0.0,No rain over the last 7 days,No flood-risk action is needed from rainfall-driven conditions.
22635,Aayoun El-Matn,2026-09-21,33.88154,35.65798,0.0,0.0,0.0,0.0,77.73,79.1,18.92,7.69,0,0,0,0.169,0.309,0.176,1.76,Low,0.0,No rain over the last 7 days,No flood-risk action is needed from rainfall-driven conditions.
22643,Qennabet Broummana,2026-09-21,33.89219,35.617576,0.0,0.0,0.0,0.0,77.67,79.04,18.94,7.64,0,0,0,0.168,0.305,0.176,1.731,Low,0.0,No rain over the last 7 days,No flood-risk action is needed from rainfall-driven conditions.
22651,Mzakke,2026-09-21,33.894337,35.64385,0.0,0.0,0.0,0.0,78.88,80.26,18.91,8.15,0,0,0,0.18,0.341,0.171,1.996,Low,0.0,No rain over the last 7 days,No flood-risk action is needed from rainfall-driven conditions.
22659,Baabdat,2026-09-21,33.893411,35.674054,0.0,0.0,0.0,0.0,76.95,78.31,18.89,7.38,0,0,0,0.162,0.289,0.179,1.616,Low,0.0,No rain over the last 7 days,No flood-risk action is needed from rainfall-driven conditions.
22667,Beit Meri,2026-09-21,33.857181,35.595456,0.0,0.0,0.0,0.0,77.1,78.46,19.02,7.39,0,0,0,0.162,0.287,0.179,1.6,Low,0.0,No rain over the last 7 days,No flood-risk action is needed from rainfall-driven conditions.
22675,Dahr Es-Souane El-Matn,2026-09-21,33.900337,35.662075,0.0,0.0,0.0,0.0,78.08,79.45,18.89,7.83,0,0,0,0.172,0.32,0.174,1.837,Low,0.0,No rain over the last 7 days,No flood-risk action is needed from rainfall-driven conditions.
22683,Qannebet Salima,2026-09-21,33.887643,35.691637,0.0,0.0,0.0,0.0,76.75,78.12,18.88,7.31,0,0,0,0.16,0.284,0.179,1.585,Low,0.0,No rain over the last 7 days,No flood-risk action is needed from rainfall-driven conditions.
22691,Bsifrine,2026-09-21,33.885634,35.705667,0.0,0.0,0.0,0.0,76.72,78.08,18.87,7.3,0,0,0,0.16,0.284,0.179,1.584,Low,0.0,No rain over the last 7 days,No flood-risk action is needed from rainfall-driven conditions.
22711,Mtain,2026-09-21,33.909378,35.807752,0.0,0.0,0.0,0.0,75.73,77.1,18.74,6.97,0,0,0,0.153,0.265,0.182,1.452,Low,0.0,No rain over the last 7 days,No flood-risk action is needed from rainfall-driven conditions.
22714,Aain Ez-Zeitoune,2026-09-21,33.905525,35.740347,0.0,0.0,0.0,0.0,75.51,76.88,18.81,6.85,0,0,0,0.15,0.255,0.184,1.384,Low,0.0,No rain over the last 7 days,No flood-risk action is needed from rainfall-driven conditions.
22717,Mchikha,2026-09-21,33.883299,35.744155,0.0,0.0,0.0,0.0,76.46,77.82,18.84,7.22,0,0,0,0.158,0.28,0.18,1.551,Low,0.0,No rain over the last 7 days,No flood-risk action is needed from rainfall-driven conditions.
22722,Khillet El-Mtain,2026-09-21,33.89484,35.724813,0.0,0.0,0.0,0.0,75.2,76.58,18.84,6.72,0,0,0,0.146,0.245,0.185,1.321,Low,0.0,No rain over the last 7 days,No flood-risk action is needed from rainfall-driven conditions.
22724,Bnabil,2026-09-21,33.901299,35.73443,0.0,0.0,0.0,0.0,76.37,77.73,18.82,7.18,0,0,0,0.157,0.277,0.181,1.535,Low,0.0,No rain over the last 7 days,No flood-risk action is needed from rainfall-driven conditions.
22727,Aain es-Sofsaf El-Matn,2026-09-21,33.911931,35.727006,0.0,0.0,0.0,0.0,76.78,78.15,18.81,7.34,0,0,0,0.161,0.288,0.179,1.613,Low,0.0,No rain over the last 7 days,No flood-risk action is needed from rainfall-driven conditions.
22731,Ouata El-Mrouj,2026-09-21,33.908278,35.735887,0.0,0.0,0.0,0.0,78.78,80.16,18.81,8.16,0,0,0,0.18,0.344,0.17,2.023,Low,0.0,No rain over the last 7 days,No flood-risk action is needed from rainfall-driven conditions.
22733,Mrouj,2026-09-21,33.910498,35.758078,0.0,0.0,0.0,0.0,75.28,76.65,18.78,6.77,0,0,0,0.148,0.25,0.185,1.351,Low,0.0,No rain over the last 7 days,No flood-risk action is needed from rainfall-driven conditions.
22734,Marjaba,2026-09-21,33.916918,35.755236,0.0,0.0,0.0,0.0,76.54,77.91,18.78,7.26,0,0,0,0.159,0.284,0.18,1.581,Low,0.0,No rain over the last 7 days,No flood-risk action is needed from rainfall-driven conditions.
22737,Aain Es-Sindiane,2026-09-21,33.90209,35.727886,0.0,0.0,0.0,0.0,78.39,79.76,18.82,7.99,0,0,0,0.176,0.333,0.172,1.933,Low,0.0,No rain over the last 7 days,No flood-risk action is needed from rainfall-driven conditions.
22741,Zaraaoun,2026-09-21,33.898102,35.705952,0.0,0.0,0.0,0.0,78.19,79.57,18.85,7.9,0,0,0,0.174,0.326,0.173,1.88,Low,0.0,No rain over the last 7 days,No flood-risk action is needed from rainfall-driven conditions.
22744,Qaaqour,2026-09-21,33.893902,35.712775,0.0,0.0,0.0,0.0,77.52,78.89,18.85,7.63,0,0,0,0.168,0.307,0.176,1.746,Low,0.0,No rain over the last 7 days,No flood-risk action is needed from rainfall-driven conditions.
22747,Khinchara,2026-09-21,33.920729,35.740317,0.0,0.0,0.0,0.0,78.53,79.91,18.78,8.06,0,0,0,0.178,0.338,0.171,1.974,Low,0.0,No rain over the last 7 days,No flood-risk action is needed from rainfall-driven conditions.
22751,Aintoura El-Matn,2026-09-21,33.896436,35.794959,0.0,0.0,0.0,0.0,74.95,76.33,18.77,6.66,0,0,0,0.145,0.243,0.186,1.308,Low,0.0,No rain over the last 7 days,No flood-risk action is needed from rainfall-driven conditions.
22754,Choueir,2026-09-21,33.916206,35.717961,0.0,0.0,0.0,0.0,75.92,77.29,18.81,6.99,0,0,0,0.153,0.265,0.182,1.45,Low,0.0,No rain over the last 7 days,No flood-risk action is needed from rainfall-driven conditions.
22757,Bteghrine,2026-09-21,33.927551,35.758476,0.0,0.0,0.0,0.0,76.59,77.96,18.75,7.29,0,0,0,0.16,0.286,0.179,1.595,Low,0.0,No rain over the last 7 days,No flood-risk action is needed from rainfall-driven conditions.
22761,Douar El-Matn,2026-09-21,33.901724,35.698885,0.0,0.0,0.0,0.0,78.82,80.21,18.85,8.16,0,0,0,0.18,0.343,0.17,2.013,Low,0.0,No rain over the last 7 days,No flood-risk action is needed from rainfall-driven conditions.
22764,Chouaya El-Matn,2026-09-21,33.930515,35.713752,0.0,0.0,0.0,0.0,78.17,79.55,18.79,7.9,0,0,0,0.174,0.327,0.173,1.89,Low,0.0,No rain over the last 7 days,No flood-risk action is needed from rainfall-driven conditions.
22767,Aayroun,2026-09-21,33.904922,35.703681,0.0,0.0,0.0,0.0,77.4,78.77,18.84,7.58,0,0,0,0.167,0.304,0.176,1.722,Low,0.0,No rain over the last 7 days,No flood-risk action is needed from rainfall-driven conditions.
22771,Zighrine El-Matn,2026-09-21,33.923891,35.714395,0.0,0.0,0.0,0.0,77.06,78.43,18.8,7.45,0,0,0,0.164,0.296,0.178,1.664,Low,0.0,No rain over the last 7 days,No flood-risk action is needed from rainfall-driven conditions.
22774,Majdel tarchich,2026-09-21,33.892652,35.8207,0.0,0.0,0.0,0.0,75.06,76.44,18.76,6.72,0,0,0,0.147,0.247,0.185,1.336,Low,0.0,No rain over the last 7 days,No flood-risk action is needed from rainfall-driven conditions.
22777,Aain El-Qabu,2026-09-21,33.938863,35.767593,0.0,0.0,0.0,0.0,78.08,79.45,18.73,7.89,0,0,0,0.174,0.328,0.173,1.897,Low,0.0,No rain over the last 7 days,No flood-risk action is needed from rainfall-driven conditions.
22781,Kfar Aaqab,2026-09-21,33.942839,35.747252,0.0,0.0,0.0,0.0,75.01,76.38,18.74,6.66,0,0,0,0.145,0.243,0.186,1.309,Low,0.0,No rain over the last 7 days,No flood-risk action is needed from rainfall-driven conditions.
22784,Mar Moussa Ed-Douar,2026-09-21,33.898263,35.688764,0.0,0.0,0.0,0.0,78.59,79.97,18.87,8.06,0,0,0,0.178,0.336,0.172,1.957,Low,0.0,No rain over the last 7 days,No flood-risk action is needed from rainfall-driven conditions.
22787,Machraah El-Matn,2026-09-21,33.943786,35.754893,0.0,0.0,0.0,0.0,76.93,78.29,18.73,7.42,0,0,0,0.163,0.295,0.178,1.662,Low,0.0,No rain over the last 7 days,No flood-risk action is needed from rainfall-driven conditions.
22791,Ouadi El-Karm El-Matn,2026-09-21,33.954208,35.749214,0.0,0.0,0.0,0.0,77.44,78.81,18.72,7.62,0,0,0,0.168,0.31,0.176,1.764,Low,0.0,No rain over the last 7 days,No flood-risk action is needed from rainfall-driven conditions.
22794,Zabbougha,2026-09-21,33.954062,35.737162,0.0,0.0,0.0,0.0,77.45,78.82,18.73,7.62,0,0,0,0.168,0.309,0.176,1.76,Low,0.0,No rain over the last 7 days,No flood-risk action is needed from rainfall-driven conditions.
22797,Baskinta,2026-09-21,33.946718,35.80303,0.0,0.0,0.0,0.0,77.79,79.16,18.68,7.79,0,0,0,0.172,0.322,0.174,1.857,Low,0.0,No rain over the last 7 days,No flood-risk action is needed from rainfall-driven conditions.
22799,Kfar Tay El-Matn,2026-09-21,33.954686,35.761658,0.0,0.0,0.0,0.0,74.63,76.59,18.37,7.06,0,0,0,0.162,0.274,0.181,1.511,Low,0.0,No rain over the last 7 days,No flood-risk action is needed from rainfall-driven conditions.
23001,23001,2026-09-21,33.744494,35.733478,0.0,0.0,0.0,0.0,75.85,77.21,19.09,6.97,0,0,0,0.151,0.257,0.184,1.399,Low,0.0,No rain over the last 7 days,No flood-risk action is needed from rainfall-driven conditions.
23002,23002,2026-09-21,33.729202,35.67591,0.0,0.0,0.0,0.0,75.31,76.68,19.17,6.73,0,0,0,0.145,0.238,0.186,1.279,Low,0.0,No rain over the last 7 days,No flood-risk action is needed from rainfall-driven conditions.
23003,23003,2026-09-21,33.667305,35.557136,0.0,0.0,0.0,0.0,76.94,79.07,19.03,7.93,0,0,0,0.179,0.316,0.175,1.81,Low,0.0,No rain over the last 7 days,No flood-risk action is needed from rainfall-driven conditions.
23004,23004,2026-09-21,33.630709,35.670743,0.0,0.0,0.0,0.0,77.22,78.59,19.34,7.49,0,0,0,0.162,0.286,0.179,1.599,Low,0.0,No rain over the last 7 days,No flood-risk action is needed from rainfall-driven conditions.
23005,23005,2026-09-21,33.621625,35.475705,0.0,0.0,0.0,0.0,78.32,79.7,19.53,7.82,0,0,0,0.169,0.304,0.176,1.724,Low,0.0,No rain over the last 7 days,No flood-risk action is needed from rainfall-driven conditions.
23006,23006,2026-09-21,33.590374,35.475082,0.0,0.0,0.0,0.0,77.83,79.21,19.58,7.62,0,0,0,0.164,0.289,0.179,1.619,Low,0.0,No rain over the last 7 days,No flood-risk action is needed from rainfall-driven conditions.
23007,23007,2026-09-21,33.589242,35.586184,0.0,0.0,0.0,0.0,77.8,79.17,19.48,7.67,0,0,0,0.165,0.295,0.178,1.662,Low,0.0,No rain over the last 7 days,No flood-risk action is needed from rainfall-driven conditions.
23111,Damour,2026-09-21,33.711256,35.45772,0.0,0.0,0.0,0.0,77.87,79.24,19.39,7.63,0,0,0,0.165,0.294,0.178,1.65,Low,0.0,No rain over the last 7 days,No flood-risk action is needed from rainfall-driven conditions.
23141,Naame,2026-09-21,33.744685,35.463564,0.0,0.0,0.0,0.0,79.46,80.84,19.33,8.28,0,0,0,0.181,0.34,0.171,1.988,Low,0.0,No rain over the last 7 days,No flood-risk action is needed from rainfall-driven conditions.
23171,Mechref,2026-09-21,33.708406,35.476554,0.0,0.0,0.0,0.0,77.69,79.06,19.38,7.57,0,0,0,0.164,0.29,0.179,1.623,Low,0.0,No rain over the last 7 days,No flood-risk action is needed from rainfall-driven conditions.
23211,Chhim,2026-09-21,33.628085,35.484185,0.0,0.0,0.0,0.0,76.22,77.58,19.51,6.98,0,0,0,0.149,0.247,0.185,1.332,Low,0.0,No rain over the last 7 days,No flood-risk action is needed from rainfall-driven conditions.
23215,mazboud,2026-09-21,33.61014,35.477289,0.0,0.0,0.0,0.0,78.27,79.65,19.55,7.8,0,0,0,0.168,0.302,0.177,1.711,Low,0.0,No rain over the last 7 days,No flood-risk action is needed from rainfall-driven conditions.
23219,Dalhoun,2026-09-21,33.626392,35.460215,0.0,0.0,0.0,0.0,76.81,78.17,19.53,7.2,0,0,0,0.155,0.261,0.183,1.428,Low,0.0,No rain over the last 7 days,No flood-risk action is needed from rainfall-driven conditions.
23223,Chammis Ech-Chouf,2026-09-21,33.639378,35.460822,0.0,0.0,0.0,0.0,79.4,80.78,19.51,8.26,0,0,0,0.179,0.334,0.172,1.944,Low,0.0,No rain over the last 7 days,No flood-risk action is needed from rainfall-driven conditions.
23227,Daraiya Ech-Chouf,2026-09-21,33.648025,35.50576,0.0,0.0,0.0,0.0,76.79,78.16,19.46,7.22,0,0,0,0.155,0.265,0.182,1.451,Low,0.0,No rain over the last 7 days,No flood-risk action is needed from rainfall-driven conditions.
23231,Ketermaya,2026-09-21,33.615419,35.45038,0.0,0.0,0.0,0.0,77.11,78.48,19.56,7.32,0,0,0,0.157,0.269,0.182,1.477,Low,0.0,No rain over the last 7 days,No flood-risk action is needed from rainfall-driven conditions.
23235,maaniye,2026-09-21,33.631056,35.443345,0.0,0.0,0.0,0.0,78.51,79.89,19.54,7.88,0,0,0,0.17,0.308,0.176,1.75,Low,0.0,No rain over the last 7 days,No flood-risk action is needed from rainfall-driven conditions.
23237,Ouadi Abou Youssef,2026-09-21,33.678831,35.494574,0.0,0.0,0.0,0.0,76.59,77.95,19.41,7.13,0,0,0,0.153,0.26,0.183,1.416,Low,0.0,No rain over the last 7 days,No flood-risk action is needed from rainfall-driven conditions.
23239,Aanout,2026-09-21,33.624887,35.509916,0.0,0.0,0.0,0.0,76.53,77.89,19.49,7.12,0,0,0,0.153,0.257,0.184,1.398,Low,0.0,No rain over the last 7 days,No flood-risk action is needed from rainfall-driven conditions.
23243,Sibline,2026-09-21,33.624093,35.422352,0.0,0.0,0.0,0.0,78.58,79.96,19.57,7.9,0,0,0,0.171,0.308,0.176,1.752,Low,0.0,No rain over the last 7 days,No flood-risk action is needed from rainfall-driven conditions.
23247,Bourjein,2026-09-21,33.653529,35.476073,0.0,0.0,0.0,0.0,79.29,80.67,19.47,8.22,0,0,0,0.179,0.333,0.172,1.933,Low,0.0,No rain over the last 7 days,No flood-risk action is needed from rainfall-driven conditions.
23251,Barja,2026-09-21,33.646282,35.440837,0.0,0.0,0.0,0.0,77.24,78.61,19.52,7.36,0,0,0,0.158,0.273,0.181,1.505,Low,0.0,No rain over the last 7 days,No flood-risk action is needed from rainfall-driven conditions.
23253,Bkechtine Ouel Mcheiaa,2026-09-21,33.671451,35.494546,0.0,0.0,0.0,0.0,77.57,78.94,19.43,7.53,0,0,0,0.163,0.286,0.179,1.598,Low,0.0,No rain over the last 7 days,No flood-risk action is needed from rainfall-driven conditions.
23255,Baassir,2026-09-21,33.658992,35.448378,0.0,0.0,0.0,0.0,76.88,78.25,19.49,7.22,0,0,0,0.155,0.264,0.183,1.445,Low,0.0,No rain over the last 7 days,No flood-risk action is needed from rainfall-driven conditions.
23259,Dibbiye,2026-09-21,33.654717,35.496958,0.0,0.0,0.0,0.0,74.83,76.8,19.15,6.97,0,0,0,0.156,0.247,0.185,1.337,Low,0.0,No rain over the last 7 days,No flood-risk action is needed from rainfall-driven conditions.
23263,Benouati Ech-Chouf,2026-09-21,33.676447,35.512856,0.0,0.0,0.0,0.0,79.43,80.81,19.4,8.3,0,0,0,0.181,0.34,0.171,1.986,Low,0.0,No rain over the last 7 days,No flood-risk action is needed from rainfall-driven conditions.
23267,Jiye,2026-09-21,33.664747,35.419872,0.0,0.0,0.0,0.0,78.21,79.59,19.51,7.75,0,0,0,0.168,0.299,0.177,1.688,Low,0.0,No rain over the last 7 days,No flood-risk action is needed from rainfall-driven conditions.
23271,Jadra,2026-09-21,33.635326,35.409018,0.0,0.0,0.0,0.0,77.65,79.02,19.57,7.51,0,0,0,0.162,0.281,0.18,1.565,Low,0.0,No rain over the last 7 days,No flood-risk action is needed from rainfall-driven conditions.
23275,Chmaarine,2026-09-21,33.67933,35.502533,0.0,0.0,0.0,0.0,78.71,80.09,19.41,8.0,0,0,0,0.174,0.319,0.174,1.831,Low,0.0,No rain over the last 7 days,No flood-risk action is needed from rainfall-driven conditions.
23279,Dahr Ech-Chouf,2026-09-21,33.680597,35.445544,0.0,0.0,0.0,0.0,76.77,78.13,19.46,7.17,0,0,0,0.154,0.261,0.183,1.428,Low,0.0,No rain over the last 7 days,No flood-risk action is needed from rainfall-driven conditions.
23311,Aalmane Ech-Chouf,2026-09-21,33.591272,35.410858,0.0,0.0,0.0,0.0,76.39,77.75,19.64,7.0,0,0,0,0.149,0.245,0.185,1.323,Low,0.0,No rain over the last 7 days,No flood-risk action is needed from rainfall-driven conditions.
23316,Jmailiye,2026-09-21,33.597609,35.427817,0.0,0.0,0.0,0.0,78.91,80.29,19.61,8.04,0,0,0,0.174,0.317,0.174,1.815,Low,0.0,No rain over the last 7 days,No flood-risk action is needed from rainfall-driven conditions.
23321,Rmeilet Ech-Chouf,2026-09-21,33.605099,35.403719,0.0,0.0,0.0,0.0,78.33,79.71,19.62,7.79,0,0,0,0.168,0.299,0.177,1.687,Low,0.0,No rain over the last 7 days,No flood-risk action is needed from rainfall-driven conditions.
23326,Majdalouna,2026-09-21,33.597014,35.442597,0.0,0.0,0.0,0.0,78.11,79.49,19.6,7.72,0,0,0,0.166,0.295,0.178,1.661,Low,0.0,No rain over the last 7 days,No flood-risk action is needed from rainfall-driven conditions.
23331,Ouardaniye,2026-09-21,33.611504,35.425216,0.0,0.0,0.0,0.0,78.33,79.71,19.59,7.8,0,0,0,0.168,0.301,0.177,1.7,Low,0.0,No rain over the last 7 days,No flood-risk action is needed from rainfall-driven conditions.
23336,Joun,2026-09-21,33.578386,35.449251,0.0,0.0,0.0,0.0,78.32,79.69,19.63,7.81,0,0,0,0.168,0.301,0.177,1.699,Low,0.0,No rain over the last 7 days,No flood-risk action is needed from rainfall-driven conditions.
23341,Mghairiye Ech-Chouf,2026-09-21,33.601893,35.458814,0.0,0.0,0.0,0.0,77.82,79.19,19.58,7.61,0,0,0,0.164,0.288,0.179,1.612,Low,0.0,No rain over the last 7 days,No flood-risk action is needed from rainfall-driven conditions.
23346,Deir  El-Moukhalles Ech-Chouf,2026-09-21,33.582158,35.492103,0.0,0.0,0.0,0.0,77.54,78.91,19.58,7.51,0,0,0,0.161,0.282,0.18,1.568,Low,0.0,No rain over the last 7 days,No flood-risk action is needed from rainfall-driven conditions.
23351,Qreiaa,2026-09-21,33.599616,35.492981,0.0,0.0,0.0,0.0,76.09,77.45,19.55,6.93,0,0,0,0.148,0.243,0.186,1.306,Low,0.0,No rain over the last 7 days,No flood-risk action is needed from rainfall-driven conditions.
23356,Bkifa Ech-Chouf,2026-09-21,33.589535,35.501924,0.0,0.0,0.0,0.0,77.27,78.64,19.56,7.41,0,0,0,0.159,0.275,0.181,1.522,Low,0.0,No rain over the last 7 days,No flood-risk action is needed from rainfall-driven conditions.
23361,Mazmoura,2026-09-21,33.594392,35.507623,0.0,0.0,0.0,0.0,76.9,78.27,19.55,7.27,0,0,0,0.156,0.266,0.182,1.458,Low,0.0,No rain over the last 7 days,No flood-risk action is needed from rainfall-driven conditions.
23365,Mtolle,2026-09-21,33.608286,35.540845,0.0,0.0,0.0,0.0,77.77,79.14,19.49,7.64,0,0,0,0.165,0.292,0.178,1.641,Low,0.0,No rain over the last 7 days,No flood-risk action is needed from rainfall-driven conditions.
23366,Mazraat Es-Dahr,2026-09-21,33.593545,35.52922,0.0,0.0,0.0,0.0,77.95,79.33,19.53,7.7,0,0,0,0.166,0.296,0.178,1.667,Low,0.0,No rain over the last 7 days,No flood-risk action is needed from rainfall-driven conditions.
23371,Khirbet Bisri,2026-09-21,33.583204,35.521802,0.0,0.0,0.0,0.0,76.4,77.76,19.55,7.07,0,0,0,0.151,0.252,0.184,1.369,Low,0.0,No rain over the last 7 days,No flood-risk action is needed from rainfall-driven conditions.
23376,Jleiliye,2026-09-21,33.606884,35.526683,0.0,0.0,0.0,0.0,76.55,77.91,19.51,7.13,0,0,0,0.153,0.258,0.184,1.404,Low,0.0,No rain over the last 7 days,No flood-risk action is needed from rainfall-driven conditions.
23381,Zaarouriye,2026-09-21,33.608022,35.513257,0.0,0.0,0.0,0.0,77.02,78.39,19.52,7.32,0,0,0,0.157,0.27,0.182,1.486,Low,0.0,No rain over the last 7 days,No flood-risk action is needed from rainfall-driven conditions.
23386,Bsaba Ech-Chouf,2026-09-21,33.604411,35.553553,0.0,0.0,0.0,0.0,78.84,80.23,19.49,8.08,0,0,0,0.175,0.323,0.174,1.861,Low,0.0,No rain over the last 7 days,No flood-risk action is needed from rainfall-driven conditions.
23411,Beit Ed-Dine,2026-09-21,33.693732,35.579665,0.0,0.0,0.0,0.0,78.01,79.39,19.31,7.76,0,0,0,0.168,0.305,0.176,1.728,Low,0.0,No rain over the last 7 days,No flood-risk action is needed from rainfall-driven conditions.
23413,Deir El-Qamar,2026-09-21,33.696284,35.561769,0.0,0.0,0.0,0.0,79.17,80.56,19.32,8.22,0,0,0,0.179,0.336,0.171,1.961,Low,0.0,No rain over the last 7 days,No flood-risk action is needed from rainfall-driven conditions.
23415,Kfar Hamal,2026-09-21,33.710027,35.566343,0.0,0.0,0.0,0.0,78.41,79.79,19.3,7.91,0,0,0,0.172,0.316,0.175,1.808,Low,0.0,No rain over the last 7 days,No flood-risk action is needed from rainfall-driven conditions.
23417,Semqaniye,2026-09-21,33.677289,35.589063,0.0,0.0,0.0,0.0,76.05,77.41,19.33,6.97,0,0,0,0.15,0.251,0.185,1.357,Low,0.0,No rain over the last 7 days,No flood-risk action is needed from rainfall-driven conditions.
23419,Kfar Qatra,2026-09-21,33.710359,35.585121,0.0,0.0,0.0,0.0,76.82,78.19,19.28,7.28,0,0,0,0.157,0.273,0.181,1.506,Low,0.0,No rain over the last 7 days,No flood-risk action is needed from rainfall-driven conditions.
23421,Maasser Beit Ed-Dine,2026-09-21,33.697201,35.599295,0.0,0.0,0.0,0.0,77.92,79.29,19.29,7.73,0,0,0,0.168,0.303,0.176,1.72,Low,0.0,No rain over the last 7 days,No flood-risk action is needed from rainfall-driven conditions.
23423,Bchtfine,2026-09-21,33.715341,35.551889,0.0,0.0,0.0,0.0,76.79,78.16,19.3,7.25,0,0,0,0.157,0.27,0.182,1.487,Low,0.0,No rain over the last 7 days,No flood-risk action is needed from rainfall-driven conditions.
23425,Kneisset Ech-Chouf,2026-09-21,33.719238,35.573508,0.0,0.0,0.0,0.0,78.75,80.14,19.27,8.06,0,0,0,0.176,0.326,0.173,1.885,Low,0.0,No rain over the last 7 days,No flood-risk action is needed from rainfall-driven conditions.
23427,Aammiq Ech-Chouf,2026-09-21,33.718764,35.590926,0.0,0.0,0.0,0.0,76.68,78.04,19.26,7.22,0,0,0,0.156,0.27,0.182,1.483,Low,0.0,No rain over the last 7 days,No flood-risk action is needed from rainfall-driven conditions.
23429,Deir Kouche,2026-09-21,33.720498,35.565139,0.0,0.0,0.0,0.0,77.86,79.23,19.28,7.69,0,0,0,0.167,0.3,0.177,1.698,Low,0.0,No rain over the last 7 days,No flood-risk action is needed from rainfall-driven conditions.
23431,Mazraat Ed-Douair,2026-09-21,33.706874,35.604769,0.0,0.0,0.0,0.0,78.82,80.2,19.27,8.1,0,0,0,0.177,0.33,0.173,1.91,Low,0.0,No rain over the last 7 days,No flood-risk action is needed from rainfall-driven conditions.
23433,Kfar Faqoud,2026-09-21,33.703417,35.530638,0.0,0.0,0.0,0.0,78.78,80.17,19.34,8.04,0,0,0,0.175,0.324,0.173,1.866,Low,0.0,No rain over the last 7 days,No flood-risk action is needed from rainfall-driven conditions.
23435,Deir Baba,2026-09-21,33.6993,35.516651,0.0,0.0,0.0,0.0,79.18,80.56,19.36,8.2,0,0,0,0.179,0.334,0.172,1.942,Low,0.0,No rain over the last 7 days,No flood-risk action is needed from rainfall-driven conditions.
23437,Sirjbal,2026-09-21,33.686032,35.506891,0.0,0.0,0.0,0.0,78.3,79.68,19.39,7.83,0,0,0,0.17,0.308,0.176,1.751,Low,0.0,No rain over the last 7 days,No flood-risk action is needed from rainfall-driven conditions.
23438,GHabet Jaafar,2026-09-21,33.693381,35.5271,0.0,0.0,0.0,0.0,79.49,80.87,19.36,8.33,0,0,0,0.182,0.343,0.17,2.011,Low,0.0,No rain over the last 7 days,No flood-risk action is needed from rainfall-driven conditions.
23439,Kfar Him,2026-09-21,33.688715,35.524659,0.0,0.0,0.0,0.0,79.2,80.58,19.37,8.21,0,0,0,0.179,0.334,0.172,1.946,Low,0.0,No rain over the last 7 days,No flood-risk action is needed from rainfall-driven conditions.
23441,Ouadi Ed-Deir,2026-09-21,33.68508,35.527746,0.0,0.0,0.0,0.0,77.4,78.77,19.37,7.48,0,0,0,0.162,0.284,0.179,1.583,Low,0.0,No rain over the last 7 days,No flood-risk action is needed from rainfall-driven conditions.
23443,Ouadi Es-Sitt,2026-09-21,33.71449,35.624728,0.0,0.0,0.0,0.0,78.77,80.16,19.24,8.1,0,0,0,0.177,0.33,0.172,1.913,Low,0.0,No rain over the last 7 days,No flood-risk action is needed from rainfall-driven conditions.
23445,Majdel El-Meouch,2026-09-21,33.726449,35.62273,0.0,0.0,0.0,0.0,78.81,80.2,19.22,8.11,0,0,0,0.177,0.331,0.172,1.923,Low,0.0,No rain over the last 7 days,No flood-risk action is needed from rainfall-driven conditions.
23447,Dmit,2026-09-21,33.69374,35.50086,0.0,0.0,0.0,0.0,78.85,80.23,19.38,8.06,0,0,0,0.175,0.323,0.173,1.863,Low,0.0,No rain over the last 7 days,No flood-risk action is needed from rainfall-driven conditions.
23449,Faouarat Jaafar,2026-09-21,33.712772,35.637279,0.0,0.0,0.0,0.0,78.93,80.32,19.23,8.17,0,0,0,0.178,0.335,0.172,1.952,Low,0.0,No rain over the last 7 days,No flood-risk action is needed from rainfall-driven conditions.
23451,Biret Ech-Chouf,2026-09-21,33.726125,35.652401,0.0,0.0,0.0,0.0,75.88,77.24,19.19,6.94,0,0,0,0.15,0.252,0.184,1.367,Low,0.0,No rain over the last 7 days,No flood-risk action is needed from rainfall-driven conditions.
23453,Chourit,2026-09-21,33.743699,35.637138,0.0,0.0,0.0,0.0,76.58,77.94,19.18,7.21,0,0,0,0.156,0.271,0.182,1.491,Low,0.0,No rain over the last 7 days,No flood-risk action is needed from rainfall-driven conditions.
23454,Kfar hay,2026-09-21,33.747748,35.637497,0.0,0.0,0.0,0.0,79.16,80.54,19.17,8.26,0,0,0,0.181,0.343,0.17,2.01,Low,0.0,No rain over the last 7 days,No flood-risk action is needed from rainfall-driven conditions.
23455,Kfar Niss,2026-09-21,33.735385,35.648493,0.0,0.0,0.0,0.0,77.7,79.07,19.18,7.67,0,0,0,0.167,0.302,0.177,1.71,Low,0.0,No rain over the last 7 days,No flood-risk action is needed from rainfall-driven conditions.
23457,Bqaiaa Ech-Chouf,2026-09-21,33.686519,35.49096,0.0,0.0,0.0,0.0,77.49,78.86,19.4,7.49,0,0,0,0.162,0.284,0.179,1.585,Low,0.0,No rain over the last 7 days,No flood-risk action is needed from rainfall-driven conditions.
23459,Brih,2026-09-21,33.715557,35.659306,0.0,0.0,0.0,0.0,78.43,79.81,19.2,7.97,0,0,0,0.174,0.322,0.174,1.857,Low,0.0,No rain over the last 7 days,No flood-risk action is needed from rainfall-driven conditions.
23461,Moughayret Ech-Chouf,2026-09-21,33.696708,35.484594,0.0,0.0,0.0,0.0,79.66,81.04,19.39,8.38,0,0,0,0.183,0.345,0.17,2.028,Low,0.0,No rain over the last 7 days,No flood-risk action is needed from rainfall-driven conditions.
23463,Ouarhaniye,2026-09-21,33.717357,35.671886,0.0,0.0,0.0,0.0,76.37,77.73,19.19,7.14,0,0,0,0.154,0.266,0.182,1.459,Low,0.0,No rain over the last 7 days,No flood-risk action is needed from rainfall-driven conditions.
23467,Fraudis Ech-Chouf,2026-09-21,33.713658,35.704591,0.0,0.0,0.0,0.0,76.78,78.14,19.17,7.33,0,0,0,0.159,0.279,0.18,1.55,Low,0.0,No rain over the last 7 days,No flood-risk action is needed from rainfall-driven conditions.
23469,Aain Zhalta,2026-09-21,33.733085,35.716685,0.0,0.0,0.0,0.0,75.47,76.84,19.12,6.82,0,0,0,0.147,0.245,0.185,1.324,Low,0.0,No rain over the last 7 days,No flood-risk action is needed from rainfall-driven conditions.
23511,Baaqline,2026-09-21,33.670546,35.548456,0.0,0.0,0.0,0.0,76.82,78.19,19.38,7.26,0,0,0,0.156,0.269,0.182,1.48,Low,0.0,No rain over the last 7 days,No flood-risk action is needed from rainfall-driven conditions.
23522,Deir Dourit,2026-09-21,33.675802,35.530456,0.0,0.0,0.0,0.0,79.25,80.63,19.39,8.24,0,0,0,0.179,0.336,0.172,1.956,Low,0.0,No rain over the last 7 days,No flood-risk action is needed from rainfall-driven conditions.
23533,Aainbal,2026-09-21,33.656471,35.554763,0.0,0.0,0.0,0.0,79.48,80.86,19.4,8.34,0,0,0,0.182,0.343,0.17,2.011,Low,0.0,No rain over the last 7 days,No flood-risk action is needed from rainfall-driven conditions.
23544,Aathrine,2026-09-21,33.660943,35.574856,0.0,0.0,0.0,0.0,78.96,80.34,19.37,8.14,0,0,0,0.177,0.33,0.172,1.913,Low,0.0,No rain over the last 7 days,No flood-risk action is needed from rainfall-driven conditions.
23555,Ouadi bnehlay,2026-09-21,33.678377,35.522355,0.0,0.0,0.0,0.0,79.37,80.75,19.39,8.28,0,0,0,0.18,0.339,0.171,1.979,Low,0.0,No rain over the last 7 days,No flood-risk action is needed from rainfall-driven conditions.
23566,Gharife,2026-09-21,33.631272,35.548595,0.0,0.0,0.0,0.0,76.29,77.65,19.45,7.04,0,0,0,0.151,0.253,0.184,1.373,Low,0.0,No rain over the last 7 days,No flood-risk action is needed from rainfall-driven conditions.
23577,Jahliye,2026-09-21,33.66346,35.511696,0.0,0.0,0.0,0.0,76.3,77.66,19.43,7.02,0,0,0,0.151,0.252,0.184,1.366,Low,0.0,No rain over the last 7 days,No flood-risk action is needed from rainfall-driven conditions.
23588,Hasrout,2026-09-21,33.626426,35.53413,0.0,0.0,0.0,0.0,78.54,79.92,19.47,7.95,0,0,0,0.172,0.314,0.175,1.795,Low,0.0,No rain over the last 7 days,No flood-risk action is needed from rainfall-driven conditions.
23611,Moukhtara,2026-09-21,33.658144,35.622097,0.0,0.0,0.0,0.0,76.43,77.8,19.33,7.14,0,0,0,0.154,0.263,0.183,1.436,Low,0.0,No rain over the last 7 days,No flood-risk action is needed from rainfall-driven conditions.
23615,Botme,2026-09-21,33.67139,35.636505,0.0,0.0,0.0,0.0,76.83,78.2,19.3,7.31,0,0,0,0.158,0.275,0.181,1.52,Low,0.0,No rain over the last 7 days,No flood-risk action is needed from rainfall-driven conditions.
23619,Aain Qania,2026-09-21,33.646943,35.612203,0.0,0.0,0.0,0.0,76.37,77.73,19.36,7.11,0,0,0,0.153,0.26,0.183,1.418,Low,0.0,No rain over the last 7 days,No flood-risk action is needed from rainfall-driven conditions.
23623,Jdeidet Ech-Chouf,2026-09-21,33.667198,35.602374,0.0,0.0,0.0,0.0,75.64,77.01,19.34,6.82,0,0,0,0.146,0.24,0.186,1.29,Low,0.0,No rain over the last 7 days,No flood-risk action is needed from rainfall-driven conditions.
23625,Niha El-Chouf,2026-09-21,33.552528,35.625014,0.0,0.0,0.0,0.0,76.38,77.74,19.51,7.12,0,0,0,0.152,0.257,0.184,1.401,Low,0.0,No rain over the last 7 days,No flood-risk action is needed from rainfall-driven conditions.
23627,Aain Ouzain,2026-09-21,33.678332,35.622914,0.0,0.0,0.0,0.0,78.91,80.3,19.3,8.15,0,0,0,0.178,0.332,0.172,1.93,Low,0.0,No rain over the last 7 days,No flood-risk action is needed from rainfall-driven conditions.
23631,Baadarane,2026-09-21,33.631202,35.628381,0.0,0.0,0.0,0.0,78.3,79.67,19.37,7.9,0,0,0,0.171,0.314,0.175,1.792,Low,0.0,No rain over the last 7 days,No flood-risk action is needed from rainfall-driven conditions.
23635,Khereibet Ech-Chouf,2026-09-21,33.644865,35.646888,0.0,0.0,0.0,0.0,78.06,79.44,19.34,7.82,0,0,0,0.169,0.309,0.176,1.757,Low,0.0,No rain over the last 7 days,No flood-risk action is needed from rainfall-driven conditions.
23639,Aammatour,2026-09-21,33.610817,35.594066,0.0,0.0,0.0,0.0,78.52,79.9,19.44,7.97,0,0,0,0.173,0.317,0.174,1.815,Low,0.0,No rain over the last 7 days,No flood-risk action is needed from rainfall-driven conditions.
23643,Kahlouniet Ech-Chouf,2026-09-21,33.651069,35.587759,0.0,0.0,0.0,0.0,78.85,80.23,19.38,8.11,0,0,0,0.176,0.327,0.173,1.893,Low,0.0,No rain over the last 7 days,No flood-risk action is needed from rainfall-driven conditions.
23647,Haret Jandal,2026-09-21,33.620632,35.611307,0.0,0.0,0.0,0.0,79.23,80.62,19.41,8.28,0,0,0,0.18,0.338,0.171,1.977,Low,0.0,No rain over the last 7 days,No flood-risk action is needed from rainfall-driven conditions.
23651,Mazraat Ech-Chouf,2026-09-21,33.617521,35.572423,0.0,0.0,0.0,0.0,75.75,77.12,19.45,6.84,0,0,0,0.146,0.239,0.186,1.285,Low,0.0,No rain over the last 7 days,No flood-risk action is needed from rainfall-driven conditions.
23655,Kfar Nabrakh,2026-09-21,33.699048,35.627465,0.0,0.0,0.0,0.0,78.39,79.77,19.26,7.94,0,0,0,0.173,0.319,0.174,1.829,Low,0.0,No rain over the last 7 days,No flood-risk action is needed from rainfall-driven conditions.
23659,Mristi,2026-09-21,33.621282,35.654646,0.0,0.0,0.0,0.0,77.08,78.45,19.37,7.42,0,0,0,0.16,0.281,0.18,1.563,Low,0.0,No rain over the last 7 days,No flood-risk action is needed from rainfall-driven conditions.
23663,Batloun,2026-09-21,33.690432,35.650586,0.0,0.0,0.0,0.0,77.64,79.01,19.25,7.65,0,0,0,0.166,0.299,0.177,1.686,Low,0.0,No rain over the last 7 days,No flood-risk action is needed from rainfall-driven conditions.
23667,Maasser Ech-Chouf,2026-09-21,33.663594,35.678123,0.0,0.0,0.0,0.0,76.97,78.34,19.28,7.39,0,0,0,0.16,0.281,0.18,1.563,Low,0.0,No rain over the last 7 days,No flood-risk action is needed from rainfall-driven conditions.
23671,Jbaa Ech-Chouf,2026-09-21,33.605403,35.638445,0.0,0.0,0.0,0.0,77.14,78.51,19.41,7.44,0,0,0,0.16,0.281,0.18,1.562,Low,0.0,No rain over the last 7 days,No flood-risk action is needed from rainfall-driven conditions.
23675,Bater,2026-09-21,33.594572,35.603931,0.0,0.0,0.0,0.0,78.83,80.21,19.46,8.11,0,0,0,0.176,0.326,0.173,1.88,Low,0.0,No rain over the last 7 days,No flood-risk action is needed from rainfall-driven conditions.
23679,Barouk,2026-09-21,33.69816,35.703856,0.0,0.0,0.0,0.0,78.31,79.69,19.19,7.95,0,0,0,0.173,0.321,0.174,1.848,Low,0.0,No rain over the last 7 days,No flood-risk action is needed from rainfall-driven conditions.
23687,Bayqoun,2026-09-21,33.614335,35.579462,0.0,0.0,0.0,0.0,77.51,78.88,19.45,7.55,0,0,0,0.163,0.288,0.179,1.609,Low,0.0,No rain over the last 7 days,No flood-risk action is needed from rainfall-driven conditions.
24001,24001,2026-09-21,33.768917,35.641726,0.0,0.0,0.0,0.0,79.07,80.45,19.13,8.23,0,0,0,0.18,0.341,0.171,1.999,Low,0.0,No rain over the last 7 days,No flood-risk action is needed from rainfall-driven conditions.
24002,24002,2026-09-21,33.761662,35.594698,0.0,0.0,0.0,0.0,77.44,78.81,19.18,7.53,0,0,0,0.164,0.292,0.178,1.641,Low,0.0,No rain over the last 7 days,No flood-risk action is needed from rainfall-driven conditions.
24003,24003,2026-09-21,33.758079,35.634463,0.0,0.0,0.0,0.0,77.07,78.44,19.15,7.41,0,0,0,0.161,0.285,0.179,1.587,Low,0.0,No rain over the last 7 days,No flood-risk action is needed from rainfall-driven conditions.
24004,24004,2026-09-21,33.752363,35.628799,0.0,0.0,0.0,0.0,76.17,77.53,19.17,7.04,0,0,0,0.152,0.259,0.183,1.414,Low,0.0,No rain over the last 7 days,No flood-risk action is needed from rainfall-driven conditions.
24005,24005,2026-09-21,33.750933,35.640997,0.0,0.0,0.0,0.0,76.12,77.48,19.16,7.03,0,0,0,0.152,0.259,0.183,1.41,Low,0.0,No rain over the last 7 days,No flood-risk action is needed from rainfall-driven conditions.
24006,24006,2026-09-21,33.749515,35.639596,0.0,0.0,0.0,0.0,75.75,77.11,19.16,6.88,0,0,0,0.149,0.249,0.185,1.344,Low,0.0,No rain over the last 7 days,No flood-risk action is needed from rainfall-driven conditions.
24007,24007,2026-09-21,33.743824,35.573009,0.0,0.0,0.0,0.0,78.96,80.35,19.23,8.14,0,0,0,0.178,0.333,0.172,1.936,Low,0.0,No rain over the last 7 days,No flood-risk action is needed from rainfall-driven conditions.
24008,24008,2026-09-21,33.743747,35.542938,0.0,0.0,0.0,0.0,79.39,80.77,19.26,8.3,0,0,0,0.181,0.343,0.17,2.013,Low,0.0,No rain over the last 7 days,No flood-risk action is needed from rainfall-driven conditions.
24009,24009,2026-09-21,33.722393,35.554923,0.0,0.0,0.0,0.0,76.71,78.08,19.29,7.22,0,0,0,0.156,0.268,0.182,1.475,Low,0.0,No rain over the last 7 days,No flood-risk action is needed from rainfall-driven conditions.
24111,Choueifat El-Aamrousiye,2026-09-21,33.818156,35.507854,0.0,0.0,0.0,0.0,77.49,78.86,19.17,7.5,0,0,0,0.164,0.29,0.178,1.627,Low,0.0,No rain over the last 7 days,No flood-risk action is needed from rainfall-driven conditions.
24133,Choueifat El-Quoubbe,2026-09-21,33.78488,35.481477,0.0,0.0,0.0,0.0,79.12,80.51,19.25,8.16,0,0,0,0.178,0.333,0.172,1.937,Low,0.0,No rain over the last 7 days,No flood-risk action is needed from rainfall-driven conditions.
24155,Choueifat El-Oumara,2026-09-21,33.811723,35.50208,0.0,0.0,0.0,0.0,76.72,78.09,19.18,7.19,0,0,0,0.156,0.269,0.182,1.477,Low,0.0,No rain over the last 7 days,No flood-risk action is needed from rainfall-driven conditions.
24177,Deir Qoubel,2026-09-21,33.793071,35.516889,0.0,0.0,0.0,0.0,77.04,78.41,19.2,7.33,0,0,0,0.159,0.278,0.18,1.539,Low,0.0,No rain over the last 7 days,No flood-risk action is needed from rainfall-driven conditions.
24211,Aaramoun Aaley,2026-09-21,33.7625,35.498717,0.0,0.0,0.0,0.0,77.16,78.53,19.27,7.36,0,0,0,0.16,0.279,0.18,1.545,Low,0.0,No rain over the last 7 days,No flood-risk action is needed from rainfall-driven conditions.
24219,Aain Drafil,2026-09-21,33.751151,35.496649,0.0,0.0,0.0,0.0,79.44,80.82,19.29,8.3,0,0,0,0.181,0.342,0.171,2.003,Low,0.0,No rain over the last 7 days,No flood-risk action is needed from rainfall-driven conditions.
24227,Sirhmoul,2026-09-21,33.767807,35.530121,0.0,0.0,0.0,0.0,77.41,78.78,19.23,7.49,0,0,0,0.163,0.288,0.179,1.609,Low,0.0,No rain over the last 7 days,No flood-risk action is needed from rainfall-driven conditions.
24235,Baaouerta,2026-09-21,33.739638,35.483031,0.0,0.0,0.0,0.0,77.54,78.92,19.32,7.51,0,0,0,0.163,0.287,0.179,1.606,Low,0.0,No rain over the last 7 days,No flood-risk action is needed from rainfall-driven conditions.
24243,Bchamoun,2026-09-21,33.78494,35.516372,0.0,0.0,0.0,0.0,78.32,79.69,19.21,7.85,0,0,0,0.171,0.313,0.175,1.786,Low,0.0,No rain over the last 7 days,No flood-risk action is needed from rainfall-driven conditions.
24251,Daqqoun,2026-09-21,33.728778,35.50402,0.0,0.0,0.0,0.0,78.5,79.88,19.32,7.91,0,0,0,0.172,0.315,0.175,1.801,Low,0.0,No rain over the last 7 days,No flood-risk action is needed from rainfall-driven conditions.
24259,Aain Aanoub,2026-09-21,33.794377,35.536187,0.0,0.0,0.0,0.0,78.47,79.85,19.18,7.92,0,0,0,0.173,0.319,0.174,1.83,Low,0.0,No rain over the last 7 days,No flood-risk action is needed from rainfall-driven conditions.
24267,Blaybel,2026-09-21,33.809992,35.547634,0.0,0.0,0.0,0.0,77.66,79.03,19.14,7.59,0,0,0,0.166,0.297,0.177,1.675,Low,0.0,No rain over the last 7 days,No flood-risk action is needed from rainfall-driven conditions.
24275,Houmal,2026-09-21,33.811312,35.556251,0.0,0.0,0.0,0.0,76.43,77.79,19.13,7.1,0,0,0,0.154,0.264,0.183,1.446,Low,0.0,No rain over the last 7 days,No flood-risk action is needed from rainfall-driven conditions.
24283,Bdadoun,2026-09-21,33.808361,35.567132,0.0,0.0,0.0,0.0,76.08,77.44,19.13,6.97,0,0,0,0.151,0.255,0.184,1.386,Low,0.0,No rain over the last 7 days,No flood-risk action is needed from rainfall-driven conditions.
24291,Bsous,2026-09-21,33.812411,35.578998,0.0,0.0,0.0,0.0,78.46,79.84,19.11,7.94,0,0,0,0.174,0.322,0.174,1.852,Low,0.0,No rain over the last 7 days,No flood-risk action is needed from rainfall-driven conditions.
24311,Aaley,2026-09-21,33.808961,35.602482,0.0,0.0,0.0,0.0,75.63,77.0,19.1,6.82,0,0,0,0.148,0.245,0.185,1.324,Low,0.0,No rain over the last 7 days,No flood-risk action is needed from rainfall-driven conditions.
24313,Kahhale,2026-09-21,33.820794,35.586345,0.0,0.0,0.0,0.0,75.73,77.1,19.09,6.84,0,0,0,0.148,0.247,0.185,1.336,Low,0.0,No rain over the last 7 days,No flood-risk action is needed from rainfall-driven conditions.
24315,Qmatiye,2026-09-21,33.802664,35.576417,0.0,0.0,0.0,0.0,79.03,80.42,19.13,8.17,0,0,0,0.179,0.337,0.171,1.968,Low,0.0,No rain over the last 7 days,No flood-risk action is needed from rainfall-driven conditions.
24317,Aain Er-Roummane Aaley,2026-09-21,33.805179,35.586507,0.0,0.0,0.0,0.0,78.41,79.79,19.12,7.93,0,0,0,0.173,0.321,0.174,1.844,Low,0.0,No rain over the last 7 days,No flood-risk action is needed from rainfall-driven conditions.
24319,Bmakine,2026-09-21,33.799228,35.568021,0.0,0.0,0.0,0.0,78.15,79.53,19.14,7.81,0,0,0,0.171,0.312,0.175,1.78,Low,0.0,No rain over the last 7 days,No flood-risk action is needed from rainfall-driven conditions.
24321,Bkhichtay,2026-09-21,33.800337,35.619088,0.0,0.0,0.0,0.0,77.03,78.4,19.1,7.38,0,0,0,0.161,0.284,0.179,1.584,Low,0.0,No rain over the last 7 days,No flood-risk action is needed from rainfall-driven conditions.
24323,Ghaboune,2026-09-21,33.782363,35.589747,0.0,0.0,0.0,0.0,75.62,76.99,19.15,6.8,0,0,0,0.147,0.243,0.186,1.309,Low,0.0,No rain over the last 7 days,No flood-risk action is needed from rainfall-driven conditions.
24325,Aain Ej-Jdide Aaley,2026-09-21,33.807733,35.628565,0.0,0.0,0.0,0.0,77.93,79.3,19.07,7.75,0,0,0,0.169,0.31,0.176,1.765,Low,0.0,No rain over the last 7 days,No flood-risk action is needed from rainfall-driven conditions.
24327,Behouara,2026-09-21,33.789953,35.597218,0.0,0.0,0.0,0.0,77.93,79.31,19.13,7.73,0,0,0,0.169,0.307,0.176,1.747,Low,0.0,No rain over the last 7 days,No flood-risk action is needed from rainfall-driven conditions.
24329,Aaytat,2026-09-21,33.794735,35.555483,0.0,0.0,0.0,0.0,78.98,80.36,19.16,8.14,0,0,0,0.178,0.334,0.172,1.944,Low,0.0,No rain over the last 7 days,No flood-risk action is needed from rainfall-driven conditions.
24331,Souq El-Gharb,2026-09-21,33.791374,35.570021,0.0,0.0,0.0,0.0,78.25,79.62,19.16,7.85,0,0,0,0.171,0.314,0.175,1.798,Low,0.0,No rain over the last 7 days,No flood-risk action is needed from rainfall-driven conditions.
24333,Taazaniye,2026-09-21,33.783467,35.621694,0.0,0.0,0.0,0.0,76.09,77.45,19.12,7.01,0,0,0,0.152,0.258,0.183,1.405,Low,0.0,No rain over the last 7 days,No flood-risk action is needed from rainfall-driven conditions.
24335,Rijme,2026-09-21,33.78994,35.615755,0.0,0.0,0.0,0.0,78.95,80.33,19.12,8.16,0,0,0,0.179,0.337,0.171,1.967,Low,0.0,No rain over the last 7 days,No flood-risk action is needed from rainfall-driven conditions.
24337,Keyfoun,2026-09-21,33.780852,35.567038,0.0,0.0,0.0,0.0,76.47,77.83,19.18,7.12,0,0,0,0.154,0.265,0.182,1.45,Low,0.0,No rain over the last 7 days,No flood-risk action is needed from rainfall-driven conditions.
24339,Chimlane,2026-09-21,33.779265,35.547625,0.0,0.0,0.0,0.0,77.91,79.29,19.2,7.7,0,0,0,0.168,0.303,0.177,1.717,Low,0.0,No rain over the last 7 days,No flood-risk action is needed from rainfall-driven conditions.
24341,Kfar Aamay,2026-09-21,33.770385,35.591636,0.0,0.0,0.0,0.0,77.75,79.12,19.17,7.66,0,0,0,0.167,0.301,0.177,1.702,Low,0.0,No rain over the last 7 days,No flood-risk action is needed from rainfall-driven conditions.
24343,Bayssour Aaley,2026-09-21,33.768934,35.568698,0.0,0.0,0.0,0.0,75.86,77.23,19.19,6.89,0,0,0,0.149,0.248,0.185,1.34,Low,0.0,No rain over the last 7 days,No flood-risk action is needed from rainfall-driven conditions.
24345,Douair Er-Remmane,2026-09-21,33.754496,35.57934,0.0,0.0,0.0,0.0,77.83,79.2,19.21,7.68,0,0,0,0.167,0.302,0.177,1.708,Low,0.0,No rain over the last 7 days,No flood-risk action is needed from rainfall-driven conditions.
24347,Rouayssat En-Naamane,2026-09-21,33.754075,35.602467,0.0,0.0,0.0,0.0,77.29,78.66,19.19,7.48,0,0,0,0.162,0.288,0.179,1.614,Low,0.0,No rain over the last 7 days,No flood-risk action is needed from rainfall-driven conditions.
24349,Mejdlaiya,2026-09-21,33.760585,35.572316,0.0,0.0,0.0,0.0,78.57,79.96,19.21,7.98,0,0,0,0.174,0.323,0.174,1.859,Low,0.0,No rain over the last 7 days,No flood-risk action is needed from rainfall-driven conditions.
24351,Aaynab,2026-09-21,33.764973,35.543924,0.0,0.0,0.0,0.0,77.93,79.31,19.22,7.7,0,0,0,0.168,0.303,0.177,1.716,Low,0.0,No rain over the last 7 days,No flood-risk action is needed from rainfall-driven conditions.
24353,Chartoun,2026-09-21,33.756546,35.585054,0.0,0.0,0.0,0.0,77.23,78.6,19.2,7.44,0,0,0,0.162,0.286,0.179,1.595,Low,0.0,No rain over the last 7 days,No flood-risk action is needed from rainfall-driven conditions.
24355,Bou Zride,2026-09-21,33.746174,35.575216,0.0,0.0,0.0,0.0,77.9,79.28,19.23,7.71,0,0,0,0.168,0.303,0.176,1.719,Low,0.0,No rain over the last 7 days,No flood-risk action is needed from rainfall-driven conditions.
24357,Dfoun,2026-09-21,33.750482,35.556647,0.0,0.0,0.0,0.0,78.53,79.91,19.24,7.96,0,0,0,0.174,0.32,0.174,1.839,Low,0.0,No rain over the last 7 days,No flood-risk action is needed from rainfall-driven conditions.
24359,Richmaiya,2026-09-21,33.741875,35.608844,0.0,0.0,0.0,0.0,78.82,80.2,19.2,8.11,0,0,0,0.177,0.331,0.172,1.922,Low,0.0,No rain over the last 7 days,No flood-risk action is needed from rainfall-driven conditions.
24361,Aain Traz,2026-09-21,33.735698,35.579647,0.0,0.0,0.0,0.0,76.11,77.47,19.24,6.99,0,0,0,0.151,0.254,0.184,1.378,Low,0.0,No rain over the last 7 days,No flood-risk action is needed from rainfall-driven conditions.
24363,Selfaya,2026-09-21,33.734343,35.569338,0.0,0.0,0.0,0.0,78.01,79.39,19.25,7.75,0,0,0,0.169,0.306,0.176,1.734,Low,0.0,No rain over the last 7 days,No flood-risk action is needed from rainfall-driven conditions.
24365,Aaley Bsatine,2026-09-21,33.754381,35.526594,0.0,0.0,0.0,0.0,76.02,77.38,19.26,6.92,0,0,0,0.149,0.249,0.185,1.345,Low,0.0,No rain over the last 7 days,No flood-risk action is needed from rainfall-driven conditions.
24367,Rimhala,2026-09-21,33.74908,35.552051,0.0,0.0,0.0,0.0,79.35,80.73,19.24,8.29,0,0,0,0.181,0.343,0.17,2.01,Low,0.0,No rain over the last 7 days,No flood-risk action is needed from rainfall-driven conditions.
24369,Binnay,2026-09-21,33.731565,35.55082,0.0,0.0,0.0,0.0,77.0,78.36,19.27,7.33,0,0,0,0.159,0.276,0.181,1.529,Low,0.0,No rain over the last 7 days,No flood-risk action is needed from rainfall-driven conditions.
24371,Aain Ksour,2026-09-21,33.747298,35.534671,0.0,0.0,0.0,0.0,77.58,78.95,19.26,7.55,0,0,0,0.164,0.292,0.178,1.638,Low,0.0,No rain over the last 7 days,No flood-risk action is needed from rainfall-driven conditions.
24373,Jisr El Qadi,2026-09-21,33.727857,35.56113,0.0,0.0,0.0,0.0,75.98,77.35,19.27,6.93,0,0,0,0.149,0.249,0.185,1.347,Low,0.0,No rain over the last 7 days,No flood-risk action is needed from rainfall-driven conditions.
24375,Aabey,2026-09-21,33.740238,35.522118,0.0,0.0,0.0,0.0,76.45,77.82,19.29,7.09,0,0,0,0.153,0.26,0.183,1.418,Low,0.0,No rain over the last 7 days,No flood-risk action is needed from rainfall-driven conditions.
24377,Kfar Matta,2026-09-21,33.70635,35.502762,0.0,0.0,0.0,0.0,77.77,79.97,19.06,8.26,0,0,0,0.188,0.339,0.171,1.98,Low,0.0,No rain over the last 7 days,No flood-risk action is needed from rainfall-driven conditions.
24411,Bhamdoun El-Mhatta,2026-09-21,33.8062,35.659623,0.0,0.0,0.0,0.0,77.7,79.07,19.05,7.68,0,0,0,0.168,0.305,0.176,1.734,Low,0.0,No rain over the last 7 days,No flood-risk action is needed from rainfall-driven conditions.
24414,Bhamdoun Ed-Dayaa,2026-09-21,33.798833,35.647237,0.0,0.0,0.0,0.0,75.72,77.09,19.07,6.87,0,0,0,0.149,0.25,0.185,1.355,Low,0.0,No rain over the last 7 days,No flood-risk action is needed from rainfall-driven conditions.
24417,Chanay,2026-09-21,33.787664,35.658722,0.0,0.0,0.0,0.0,77.18,78.55,19.08,7.46,0,0,0,0.163,0.29,0.179,1.626,Low,0.0,No rain over the last 7 days,No flood-risk action is needed from rainfall-driven conditions.
24421,Btalloun,2026-09-21,33.790378,35.632584,0.0,0.0,0.0,0.0,77.02,78.39,19.1,7.39,0,0,0,0.161,0.284,0.179,1.585,Low,0.0,No rain over the last 7 days,No flood-risk action is needed from rainfall-driven conditions.
24424,Majdel Baana,2026-09-21,33.783154,35.671558,0.0,0.0,0.0,0.0,78.31,79.69,19.08,7.93,0,0,0,0.174,0.322,0.174,1.857,Low,0.0,No rain over the last 7 days,No flood-risk action is needed from rainfall-driven conditions.
24427,Saoufar,2026-09-21,33.801699,35.694481,0.0,0.0,0.0,0.0,77.06,78.42,19.03,7.44,0,0,0,0.162,0.29,0.179,1.623,Low,0.0,No rain over the last 7 days,No flood-risk action is needed from rainfall-driven conditions.
24431,Aain El Halazoun,2026-09-21,33.770921,35.647641,0.0,0.0,0.0,0.0,79.17,80.55,19.12,8.27,0,0,0,0.181,0.344,0.17,2.023,Low,0.0,No rain over the last 7 days,No flood-risk action is needed from rainfall-driven conditions.
24434,Bedghan Oua Ouadi Bedghan,2026-09-21,33.766223,35.648448,0.0,0.0,0.0,0.0,76.09,78.16,18.81,7.62,0,0,0,0.173,0.302,0.177,1.707,Low,0.0,No rain over the last 7 days,No flood-risk action is needed from rainfall-driven conditions.
24437,Homs Oua Hama,2026-09-21,33.768841,35.651628,0.0,0.0,0.0,0.0,76.95,78.31,19.12,7.37,0,0,0,0.16,0.283,0.18,1.574,Low,0.0,No rain over the last 7 days,No flood-risk action is needed from rainfall-driven conditions.
24441,Mansouriyet Bhamdoun,2026-09-21,33.780447,35.622084,0.0,0.0,0.0,0.0,77.22,78.59,19.13,7.46,0,0,0,0.162,0.289,0.179,1.617,Low,0.0,No rain over the last 7 days,No flood-risk action is needed from rainfall-driven conditions.
24443,Mchekhti,2026-09-21,33.757752,35.703225,0.0,0.0,0.0,0.0,77.47,78.84,19.09,7.61,0,0,0,0.166,0.3,0.177,1.696,Low,0.0,No rain over the last 7 days,No flood-risk action is needed from rainfall-driven conditions.
24444,Charoun,2026-09-21,33.778362,35.69331,0.0,0.0,0.0,0.0,77.45,78.82,19.07,7.6,0,0,0,0.166,0.3,0.177,1.694,Low,0.0,No rain over the last 7 days,No flood-risk action is needed from rainfall-driven conditions.
24447,Btater,2026-09-21,33.768761,35.626893,0.0,0.0,0.0,0.0,78.57,79.95,19.14,8.01,0,0,0,0.175,0.326,0.173,1.885,Low,0.0,No rain over the last 7 days,No flood-risk action is needed from rainfall-driven conditions.
24451,Ighmid,2026-09-21,33.760492,35.693655,0.0,0.0,0.0,0.0,76.19,77.55,19.1,7.08,0,0,0,0.154,0.264,0.183,1.447,Low,0.0,No rain over the last 7 days,No flood-risk action is needed from rainfall-driven conditions.
24454,Aazouniye,2026-09-21,33.780648,35.710507,0.0,0.0,0.0,0.0,76.22,77.58,19.05,7.11,0,0,0,0.154,0.267,0.182,1.465,Low,0.0,No rain over the last 7 days,No flood-risk action is needed from rainfall-driven conditions.
24457,Mcherfe,2026-09-21,33.762337,35.655683,0.0,0.0,0.0,0.0,78.98,80.37,19.13,8.2,0,0,0,0.18,0.339,0.171,1.985,Low,0.0,No rain over the last 7 days,No flood-risk action is needed from rainfall-driven conditions.
24461,Habramoun,2026-09-21,33.758112,35.644359,0.0,0.0,0.0,0.0,77.06,78.43,19.14,7.41,0,0,0,0.161,0.285,0.179,1.59,Low,0.0,No rain over the last 7 days,No flood-risk action is needed from rainfall-driven conditions.
24464,Bserrine,2026-09-21,33.757153,35.639925,0.0,0.0,0.0,0.0,75.43,76.8,19.15,6.76,0,0,0,0.146,0.24,0.186,1.291,Low,0.0,No rain over the last 7 days,No flood-risk action is needed from rainfall-driven conditions.
24467,Ramlie,2026-09-21,33.746111,35.656177,0.0,0.0,0.0,0.0,77.05,78.41,19.15,7.41,0,0,0,0.161,0.285,0.179,1.589,Low,0.0,No rain over the last 7 days,No flood-risk action is needed from rainfall-driven conditions.
24471,Maasrati,2026-09-21,33.74936,35.63227,0.0,0.0,0.0,0.0,78.64,80.02,19.17,8.05,0,0,0,0.176,0.328,0.173,1.898,Low,0.0,No rain over the last 7 days,No flood-risk action is needed from rainfall-driven conditions.
24474,Mazraat En-Nahr Aaley,2026-09-21,33.752206,35.642887,0.0,0.0,0.0,0.0,76.96,78.33,19.16,7.37,0,0,0,0.16,0.282,0.18,1.568,Low,0.0,No rain over the last 7 days,No flood-risk action is needed from rainfall-driven conditions.
24477,Aain Dara,2026-09-21,33.782534,35.759092,0.0,0.0,0.0,0.0,75.76,77.12,19.0,6.95,0,0,0,0.151,0.258,0.184,1.404,Low,0.0,No rain over the last 7 days,No flood-risk action is needed from rainfall-driven conditions.
24481,Mrayjat Aaley,2026-09-21,33.744769,35.673274,0.0,0.0,0.0,0.0,75.76,77.12,19.14,6.9,0,0,0,0.149,0.251,0.185,1.359,Low,0.0,No rain over the last 7 days,No flood-risk action is needed from rainfall-driven conditions.
24484,Bmahray,2026-09-21,33.759697,35.748654,0.0,0.0,0.0,0.0,77.65,79.02,19.05,7.71,0,0,0,0.168,0.308,0.176,1.753,Low,0.0,No rain over the last 7 days,No flood-risk action is needed from rainfall-driven conditions.
25001,25001,2026-09-21,34.056018,35.915515,0.0,0.0,0.0,0.0,77.13,78.49,18.39,7.59,0,0,0,0.169,0.315,0.175,1.805,Low,0.0,No rain over the last 7 days,No flood-risk action is needed from rainfall-driven conditions.
25002,25002,2026-09-21,34.015216,35.885919,0.0,0.0,0.0,0.0,75.01,76.38,18.49,6.74,0,0,0,0.148,0.255,0.184,1.385,Low,0.0,No rain over the last 7 days,No flood-risk action is needed from rainfall-driven conditions.
25003,25003,2026-09-21,33.977904,35.689278,0.0,0.0,0.0,0.0,76.59,77.95,18.73,7.24,0,0,0,0.159,0.283,0.18,1.575,Low,0.0,No rain over the last 7 days,No flood-risk action is needed from rainfall-driven conditions.
25111,Jounie Sarba,2026-09-21,33.982707,35.619747,0.0,0.0,0.0,0.0,77.24,78.61,18.79,7.47,0,0,0,0.165,0.297,0.177,1.674,Low,0.0,No rain over the last 7 days,No flood-risk action is needed from rainfall-driven conditions.
25116,Zouk Mkayel,2026-09-21,33.970887,35.614175,0.0,0.0,0.0,0.0,75.52,76.89,18.81,6.78,0,0,0,0.148,0.249,0.185,1.348,Low,0.0,No rain over the last 7 days,No flood-risk action is needed from rainfall-driven conditions.
25121,Jounie Ghadir,2026-09-21,33.97443,35.633491,0.0,0.0,0.0,0.0,78.14,79.52,18.79,7.84,0,0,0,0.173,0.322,0.174,1.857,Low,0.0,No rain over the last 7 days,No flood-risk action is needed from rainfall-driven conditions.
25126,Zouk Mousbeh,2026-09-21,33.958193,35.610699,0.0,0.0,0.0,0.0,78.55,79.93,18.83,8.0,0,0,0,0.177,0.332,0.172,1.928,Low,0.0,No rain over the last 7 days,No flood-risk action is needed from rainfall-driven conditions.
25131,Jounie Haret Sakhr,2026-09-21,33.992336,35.643238,0.0,0.0,0.0,0.0,79.13,80.52,18.75,8.25,0,0,0,0.183,0.351,0.169,2.079,Low,0.0,No rain over the last 7 days,No flood-risk action is needed from rainfall-driven conditions.
25136,Sahel Aalma,2026-09-21,33.994024,35.650958,0.0,0.0,0.0,0.0,77.02,78.39,18.74,7.4,0,0,0,0.163,0.293,0.178,1.646,Low,0.0,No rain over the last 7 days,No flood-risk action is needed from rainfall-driven conditions.
25141,Ouata Sillam,2026-09-21,34.023556,35.626921,0.0,0.0,0.0,0.0,79.15,80.53,18.71,8.25,0,0,0,0.183,0.352,0.169,2.083,Low,0.0,No rain over the last 7 days,No flood-risk action is needed from rainfall-driven conditions.
25146,Kfar Yassine,2026-09-21,34.019019,35.633912,0.0,0.0,0.0,0.0,77.02,78.38,18.71,7.39,0,0,0,0.163,0.293,0.178,1.645,Low,0.0,No rain over the last 7 days,No flood-risk action is needed from rainfall-driven conditions.
25151,Tabarja,2026-09-21,34.029074,35.634256,0.0,0.0,0.0,0.0,78.85,80.24,18.69,8.13,0,0,0,0.181,0.344,0.17,2.024,Low,0.0,No rain over the last 7 days,No flood-risk action is needed from rainfall-driven conditions.
25156,Adma Oua Dafine,2026-09-21,34.024196,35.646067,0.0,0.0,0.0,0.0,77.55,78.92,18.69,7.61,0,0,0,0.168,0.309,0.176,1.757,Low,0.0,No rain over the last 7 days,No flood-risk action is needed from rainfall-driven conditions.
25161,Safra Kesrouane,2026-09-21,34.035794,35.638799,0.0,0.0,0.0,0.0,76.09,77.45,18.68,7.01,0,0,0,0.155,0.269,0.182,1.476,Low,0.0,No rain over the last 7 days,No flood-risk action is needed from rainfall-driven conditions.
25166,Bouar,2026-09-21,34.044732,35.645019,0.0,0.0,0.0,0.0,77.48,78.85,18.66,7.58,0,0,0,0.168,0.307,0.176,1.748,Low,0.0,No rain over the last 7 days,No flood-risk action is needed from rainfall-driven conditions.
25171,Aaqaibe Kesrouane,2026-09-21,34.052312,35.648723,0.0,0.0,0.0,0.0,75.54,76.91,18.64,6.81,0,0,0,0.15,0.255,0.184,1.386,Low,0.0,No rain over the last 7 days,No flood-risk action is needed from rainfall-driven conditions.
25176,Bqaq Ed-Dine,2026-09-21,34.059097,35.646501,0.0,0.0,0.0,0.0,78.03,79.41,18.63,7.8,0,0,0,0.173,0.323,0.173,1.864,Low,0.0,No rain over the last 7 days,No flood-risk action is needed from rainfall-driven conditions.
25181,Kharayeb Nahr Ibrahim,2026-09-21,34.070287,35.66034,0.0,0.0,0.0,0.0,76.91,78.28,18.6,7.36,0,0,0,0.163,0.294,0.178,1.65,Low,0.0,No rain over the last 7 days,No flood-risk action is needed from rainfall-driven conditions.
25211,Aajaltoun,2026-09-21,33.963079,35.684737,0.0,0.0,0.0,0.0,76.14,77.49,18.76,7.06,0,0,0,0.155,0.27,0.182,1.485,Low,0.0,No rain over the last 7 days,No flood-risk action is needed from rainfall-driven conditions.
25221,Balloune,2026-09-21,33.950982,35.666746,0.0,0.0,0.0,0.0,75.45,76.82,18.8,6.78,0,0,0,0.148,0.25,0.185,1.354,Low,0.0,No rain over the last 7 days,No flood-risk action is needed from rainfall-driven conditions.
25231,Shayle Kesrouane,2026-09-21,33.96042,35.658834,0.0,0.0,0.0,0.0,76.43,77.79,18.79,7.16,0,0,0,0.157,0.276,0.181,1.527,Low,0.0,No rain over the last 7 days,No flood-risk action is needed from rainfall-driven conditions.
25241,Daraiya Kesrouane,2026-09-21,33.954822,35.696597,0.0,0.0,0.0,0.0,77.91,79.29,18.76,7.78,0,0,0,0.172,0.319,0.174,1.834,Low,0.0,No rain over the last 7 days,No flood-risk action is needed from rainfall-driven conditions.
25251,Aain Er-Rihane,2026-09-21,33.961853,35.646669,0.0,0.0,0.0,0.0,78.56,79.94,18.8,8.02,0,0,0,0.177,0.335,0.172,1.948,Low,0.0,No rain over the last 7 days,No flood-risk action is needed from rainfall-driven conditions.
25261,Jaaita,2026-09-21,33.949445,35.645682,0.0,0.0,0.0,0.0,77.16,78.53,18.82,7.45,0,0,0,0.164,0.295,0.178,1.66,Low,0.0,No rain over the last 7 days,No flood-risk action is needed from rainfall-driven conditions.
25271,Aintoura Kesrouane,2026-09-21,33.960215,35.636409,0.0,0.0,0.0,0.0,76.14,77.5,18.81,7.03,0,0,0,0.154,0.267,0.182,1.465,Low,0.0,No rain over the last 7 days,No flood-risk action is needed from rainfall-driven conditions.
25281,Mazraat Er-Ras,2026-09-21,33.952659,35.631777,0.0,0.0,0.0,0.0,77.33,78.69,18.83,7.51,0,0,0,0.165,0.299,0.177,1.687,Low,0.0,No rain over the last 7 days,No flood-risk action is needed from rainfall-driven conditions.
25311,Ghazir,2026-09-21,34.017373,35.664827,0.0,0.0,0.0,0.0,78.81,80.19,18.69,8.13,0,0,0,0.18,0.345,0.17,2.027,Low,0.0,No rain over the last 7 days,No flood-risk action is needed from rainfall-driven conditions.
25313,Bourj El-Ftouh,2026-09-21,34.03435,35.664783,0.0,0.0,0.0,0.0,76.12,77.48,18.66,7.04,0,0,0,0.155,0.271,0.181,1.492,Low,0.0,No rain over the last 7 days,No flood-risk action is needed from rainfall-driven conditions.
25315,Chnanaair,2026-09-21,34.005722,35.669058,0.0,0.0,0.0,0.0,77.13,78.5,18.7,7.45,0,0,0,0.164,0.298,0.177,1.68,Low,0.0,No rain over the last 7 days,No flood-risk action is needed from rainfall-driven conditions.
25317,Jdaidet Ghazir,2026-09-21,34.019354,35.689186,0.0,0.0,0.0,0.0,77.35,78.72,18.66,7.55,0,0,0,0.167,0.306,0.176,1.735,Low,0.0,No rain over the last 7 days,No flood-risk action is needed from rainfall-driven conditions.
25319,Ghosta,2026-09-21,33.990262,35.675133,0.0,0.0,0.0,0.0,76.27,77.63,18.72,7.11,0,0,0,0.156,0.274,0.181,1.513,Low,0.0,No rain over the last 7 days,No flood-risk action is needed from rainfall-driven conditions.
25321,Maarab,2026-09-21,33.998928,35.683102,0.0,0.0,0.0,0.0,76.51,77.87,18.7,7.21,0,0,0,0.159,0.281,0.18,1.564,Low,0.0,No rain over the last 7 days,No flood-risk action is needed from rainfall-driven conditions.
25323,Dlebta,2026-09-21,34.007841,35.687639,0.0,0.0,0.0,0.0,78.2,79.58,18.68,7.9,0,0,0,0.175,0.329,0.173,1.905,Low,0.0,No rain over the last 7 days,No flood-risk action is needed from rainfall-driven conditions.
25325,Batha,2026-09-21,33.990487,35.662325,0.0,0.0,0.0,0.0,78.79,80.17,18.73,8.12,0,0,0,0.18,0.343,0.17,2.013,Low,0.0,No rain over the last 7 days,No flood-risk action is needed from rainfall-driven conditions.
25327,Aaramoun Kesrouane,2026-09-21,34.017981,35.697688,0.0,0.0,0.0,0.0,78.27,79.64,18.66,7.93,0,0,0,0.176,0.332,0.172,1.926,Low,0.0,No rain over the last 7 days,No flood-risk action is needed from rainfall-driven conditions.
25329,Kfour Kesrouane,2026-09-21,34.03446,35.686649,0.0,0.0,0.0,0.0,76.12,77.48,18.64,7.05,0,0,0,0.155,0.272,0.181,1.501,Low,0.0,No rain over the last 7 days,No flood-risk action is needed from rainfall-driven conditions.
25331,Ghidras,2026-09-21,34.04866,35.682864,0.0,0.0,0.0,0.0,76.82,78.94,18.31,7.95,0,0,0,0.184,0.335,0.172,1.953,Low,0.0,No rain over the last 7 days,No flood-risk action is needed from rainfall-driven conditions.
25333,Harharaya,2026-09-21,34.02931,35.703092,0.0,0.0,0.0,0.0,77.13,78.5,18.63,7.47,0,0,0,0.165,0.301,0.177,1.702,Low,0.0,No rain over the last 7 days,No flood-risk action is needed from rainfall-driven conditions.
25335,Deir Baqlouch,2026-09-21,33.990021,35.656792,0.0,0.0,0.0,0.0,75.81,77.18,18.74,6.92,0,0,0,0.152,0.261,0.183,1.422,Low,0.0,No rain over the last 7 days,No flood-risk action is needed from rainfall-driven conditions.
25337,Bzoummar,2026-09-21,33.987339,35.682721,0.0,0.0,0.0,0.0,78.13,79.5,18.72,7.86,0,0,0,0.174,0.326,0.173,1.881,Low,0.0,No rain over the last 7 days,No flood-risk action is needed from rainfall-driven conditions.
25339,Harissa Kesrouane,2026-09-21,33.981947,35.650954,0.0,0.0,0.0,0.0,77.51,78.88,18.76,7.59,0,0,0,0.168,0.306,0.176,1.739,Low,0.0,No rain over the last 7 days,No flood-risk action is needed from rainfall-driven conditions.
25341,Nammoura Kesrouane,2026-09-21,34.05239,35.671686,0.0,0.0,0.0,0.0,79.01,80.4,18.62,8.22,0,0,0,0.183,0.352,0.169,2.084,Low,0.0,No rain over the last 7 days,No flood-risk action is needed from rainfall-driven conditions.
25343,Ghine,2026-09-21,34.040362,35.70497,0.0,0.0,0.0,0.0,75.8,77.17,18.61,6.94,0,0,0,0.153,0.265,0.182,1.454,Low,0.0,No rain over the last 7 days,No flood-risk action is needed from rainfall-driven conditions.
25345,Hsayn,2026-09-21,34.051156,35.702522,0.0,0.0,0.0,0.0,76.52,77.88,18.59,7.22,0,0,0,0.16,0.285,0.179,1.588,Low,0.0,No rain over the last 7 days,No flood-risk action is needed from rainfall-driven conditions.
25347,Daraaoun,2026-09-21,33.974227,35.652206,0.0,0.0,0.0,0.0,78.93,80.32,18.77,8.18,0,0,0,0.181,0.346,0.17,2.034,Low,0.0,No rain over the last 7 days,No flood-risk action is needed from rainfall-driven conditions.
25349,Hayata,2026-09-21,34.024865,35.719795,0.0,0.0,0.0,0.0,78.69,80.07,18.62,8.11,0,0,0,0.18,0.345,0.17,2.029,Low,0.0,No rain over the last 7 days,No flood-risk action is needed from rainfall-driven conditions.
25351,Chahtoul,2026-09-21,34.033988,35.72505,0.0,0.0,0.0,0.0,77.42,78.79,18.6,7.6,0,0,0,0.168,0.31,0.175,1.77,Low,0.0,No rain over the last 7 days,No flood-risk action is needed from rainfall-driven conditions.
25353,Zaaitre,2026-09-21,34.069786,35.695824,0.0,0.0,0.0,0.0,77.36,78.73,18.57,7.56,0,0,0,0.168,0.308,0.176,1.754,Low,0.0,No rain over the last 7 days,No flood-risk action is needed from rainfall-driven conditions.
25355,Jouret E-Tourmos,2026-09-21,34.046143,35.709433,0.0,0.0,0.0,0.0,77.53,78.9,18.6,7.63,0,0,0,0.169,0.313,0.175,1.788,Low,0.0,No rain over the last 7 days,No flood-risk action is needed from rainfall-driven conditions.
25357,Maaysra Kesrouane,2026-09-21,34.07056,35.67729,0.0,0.0,0.0,0.0,77.9,79.27,18.58,7.77,0,0,0,0.172,0.322,0.174,1.854,Low,0.0,No rain over the last 7 days,No flood-risk action is needed from rainfall-driven conditions.
25359,Jouret Mhad,2026-09-21,34.036946,35.73467,0.0,0.0,0.0,0.0,75.86,77.23,18.59,6.98,0,0,0,0.154,0.269,0.182,1.476,Low,0.0,No rain over the last 7 days,No flood-risk action is needed from rainfall-driven conditions.
25361,Aazra ouel Aazr,2026-09-21,34.063457,35.703587,0.0,0.0,0.0,0.0,75.23,76.6,18.57,6.72,0,0,0,0.148,0.251,0.185,1.359,Low,0.0,No rain over the last 7 days,No flood-risk action is needed from rainfall-driven conditions.
25363,Ghbale Kesrouane,2026-09-21,34.055273,35.720405,0.0,0.0,0.0,0.0,77.18,78.54,18.57,7.5,0,0,0,0.166,0.304,0.176,1.725,Low,0.0,No rain over the last 7 days,No flood-risk action is needed from rainfall-driven conditions.
25365,Jouret Bedrane,2026-09-21,34.064266,35.714323,0.0,0.0,0.0,0.0,77.01,78.38,18.56,7.43,0,0,0,0.165,0.3,0.177,1.692,Low,0.0,No rain over the last 7 days,No flood-risk action is needed from rainfall-driven conditions.
25367,Mradiye,2026-09-21,34.071306,35.710479,0.0,0.0,0.0,0.0,75.97,77.33,18.55,7.01,0,0,0,0.155,0.271,0.181,1.493,Low,0.0,No rain over the last 7 days,No flood-risk action is needed from rainfall-driven conditions.
25369,Bizhel,2026-09-21,34.077916,35.692545,0.0,0.0,0.0,0.0,76.86,78.23,18.56,7.36,0,0,0,0.163,0.295,0.178,1.657,Low,0.0,No rain over the last 7 days,No flood-risk action is needed from rainfall-driven conditions.
25371,Nahr Ed-Dahab,2026-09-21,34.058081,35.758248,0.0,0.0,0.0,0.0,75.03,76.41,18.53,6.67,0,0,0,0.147,0.249,0.185,1.347,Low,0.0,No rain over the last 7 days,No flood-risk action is needed from rainfall-driven conditions.
25373,yahchouch,2026-09-21,34.068579,35.736032,0.0,0.0,0.0,0.0,75.02,76.4,18.53,6.66,0,0,0,0.147,0.248,0.185,1.339,Low,0.0,No rain over the last 7 days,No flood-risk action is needed from rainfall-driven conditions.
25375,Zaitoun,2026-09-21,34.061328,35.67535,0.0,0.0,0.0,0.0,76.21,77.57,18.6,7.08,0,0,0,0.156,0.275,0.181,1.52,Low,0.0,No rain over the last 7 days,No flood-risk action is needed from rainfall-driven conditions.
25391,Ighbe,2026-09-21,34.015251,35.711063,0.0,0.0,0.0,0.0,78.53,79.91,18.65,8.04,0,0,0,0.178,0.34,0.171,1.988,Low,0.0,No rain over the last 7 days,No flood-risk action is needed from rainfall-driven conditions.
25411,Rayfoun,2026-09-21,33.978998,35.703222,0.0,0.0,0.0,0.0,77.86,79.23,18.72,7.77,0,0,0,0.172,0.319,0.174,1.833,Low,0.0,No rain over the last 7 days,No flood-risk action is needed from rainfall-driven conditions.
25415,Qleiaat Kesrouane,2026-09-21,33.972567,35.716008,0.0,0.0,0.0,0.0,77.81,79.18,18.72,7.75,0,0,0,0.171,0.318,0.174,1.827,Low,0.0,No rain over the last 7 days,No flood-risk action is needed from rainfall-driven conditions.
25419,Mazraat Mrah El-Mir,2026-09-21,33.964877,35.701615,0.0,0.0,0.0,0.0,75.42,76.79,18.74,6.79,0,0,0,0.149,0.252,0.184,1.367,Low,0.0,No rain over the last 7 days,No flood-risk action is needed from rainfall-driven conditions.
25423,Aachqout,2026-09-21,33.992716,35.704315,0.0,0.0,0.0,0.0,75.51,76.88,18.69,6.83,0,0,0,0.15,0.256,0.184,1.391,Low,0.0,No rain over the last 7 days,No flood-risk action is needed from rainfall-driven conditions.
25427,Faytroun,2026-09-21,33.996029,35.737713,0.0,0.0,0.0,0.0,78.38,79.76,18.66,8.0,0,0,0,0.177,0.337,0.171,1.964,Low,0.0,No rain over the last 7 days,No flood-risk action is needed from rainfall-driven conditions.
25431,Beqaata Aachqout,2026-09-21,34.006693,35.731042,0.0,0.0,0.0,0.0,78.25,79.63,18.64,7.94,0,0,0,0.176,0.333,0.172,1.936,Low,0.0,No rain over the last 7 days,No flood-risk action is needed from rainfall-driven conditions.
25435,Raachine,2026-09-21,34.013443,35.725633,0.0,0.0,0.0,0.0,77.67,79.05,18.64,7.7,0,0,0,0.171,0.317,0.174,1.816,Low,0.0,No rain over the last 7 days,No flood-risk action is needed from rainfall-driven conditions.
25439,Kfar Dibiane,2026-09-21,33.991533,35.798108,0.0,0.0,0.0,0.0,76.37,77.73,18.61,7.22,0,0,0,0.159,0.284,0.179,1.585,Low,0.0,No rain over the last 7 days,No flood-risk action is needed from rainfall-driven conditions.
25443,Beqaata Kanaan,2026-09-21,33.964398,35.761347,0.0,0.0,0.0,0.0,76.28,77.64,18.69,7.16,0,0,0,0.157,0.279,0.18,1.546,Low,0.0,No rain over the last 7 days,No flood-risk action is needed from rainfall-driven conditions.
25447,Kfar Tay Kesrouane,2026-09-21,33.957201,35.771844,0.0,0.0,0.0,0.0,74.36,76.32,18.41,6.94,0,0,0,0.159,0.264,0.183,1.443,Low,0.0,No rain over the last 7 days,No flood-risk action is needed from rainfall-driven conditions.
25451,Bqaatouta,2026-09-21,33.974141,35.782483,0.0,0.0,0.0,0.0,76.36,77.72,18.65,7.2,0,0,0,0.159,0.282,0.18,1.572,Low,0.0,No rain over the last 7 days,No flood-risk action is needed from rainfall-driven conditions.
25455,Ouata El-Jaouz,2026-09-21,34.023071,35.756441,0.0,0.0,0.0,0.0,77.56,78.93,18.59,7.68,0,0,0,0.17,0.316,0.175,1.81,Low,0.0,No rain over the last 7 days,No flood-risk action is needed from rainfall-driven conditions.
25459,Mayrouba,2026-09-21,34.030777,35.773964,0.0,0.0,0.0,0.0,77.26,78.63,18.56,7.56,0,0,0,0.168,0.309,0.176,1.759,Low,0.0,No rain over the last 7 days,No flood-risk action is needed from rainfall-driven conditions.
25463,Aain Ed-Delbe Kesrouane,2026-09-21,34.039349,35.76525,0.0,0.0,0.0,0.0,76.91,78.27,18.56,7.42,0,0,0,0.164,0.299,0.177,1.688,Low,0.0,No rain over the last 7 days,No flood-risk action is needed from rainfall-driven conditions.
25467,Mghayer,2026-09-21,34.040054,35.770597,0.0,0.0,0.0,0.0,78.22,79.6,18.55,7.95,0,0,0,0.177,0.336,0.172,1.958,Low,0.0,No rain over the last 7 days,No flood-risk action is needed from rainfall-driven conditions.
25471,Hrajel,2026-09-21,34.028464,35.803836,0.0,0.0,0.0,0.0,76.98,78.35,18.54,7.47,0,0,0,0.165,0.303,0.177,1.717,Low,0.0,No rain over the last 7 days,No flood-risk action is needed from rainfall-driven conditions.
25475,Faraya,2026-09-21,34.021663,35.825737,0.0,0.0,0.0,0.0,76.65,78.01,18.53,7.34,0,0,0,0.162,0.295,0.178,1.66,Low,0.0,No rain over the last 7 days,No flood-risk action is needed from rainfall-driven conditions.
25479,Chouane,2026-09-21,34.073442,35.773223,0.0,0.0,0.0,0.0,76.0,77.36,18.49,7.05,0,0,0,0.156,0.276,0.181,1.527,Low,0.0,No rain over the last 7 days,No flood-risk action is needed from rainfall-driven conditions.
25482,Mchaa Kfar Dibiane,2026-09-21,33.99181,35.850416,0.0,0.0,0.0,0.0,75.09,76.47,18.56,6.75,0,0,0,0.148,0.254,0.184,1.378,Low,0.0,No rain over the last 7 days,No flood-risk action is needed from rainfall-driven conditions.
25485,Mchaa Faraya,2026-09-21,34.038296,35.840242,0.0,0.0,0.0,0.0,78.21,79.58,18.49,7.99,0,0,0,0.178,0.34,0.171,1.988,Low,0.0,No rain over the last 7 days,No flood-risk action is needed from rainfall-driven conditions.
25488,Mchaa El Ftouh,2026-09-21,34.044409,35.884636,0.0,0.0,0.0,0.0,77.66,79.03,18.44,7.79,0,0,0,0.173,0.328,0.173,1.897,Low,0.0,No rain over the last 7 days,No flood-risk action is needed from rainfall-driven conditions.
26001,26001,2026-09-21,34.122828,35.756941,0.0,0.0,0.0,0.0,77.27,78.64,18.42,7.56,0,0,0,0.168,0.312,0.175,1.78,Low,0.0,No rain over the last 7 days,No flood-risk action is needed from rainfall-driven conditions.
26002,26002,2026-09-21,34.097161,35.759974,0.0,0.0,0.0,0.0,76.51,77.87,18.46,7.25,0,0,0,0.161,0.29,0.179,1.623,Low,0.0,No rain over the last 7 days,No flood-risk action is needed from rainfall-driven conditions.
26003,26003,2026-09-21,34.082189,35.848193,0.0,0.0,0.0,0.0,76.85,78.21,18.41,7.44,0,0,0,0.165,0.304,0.176,1.725,Low,0.0,No rain over the last 7 days,No flood-risk action is needed from rainfall-driven conditions.
26004,26004,2026-09-21,34.079255,35.833974,0.0,0.0,0.0,0.0,74.97,76.35,18.43,6.69,0,0,0,0.148,0.253,0.184,1.373,Low,0.0,No rain over the last 7 days,No flood-risk action is needed from rainfall-driven conditions.
26005,26005,2026-09-21,34.077545,35.878112,0.0,0.0,0.0,0.0,76.79,78.15,18.39,7.43,0,0,0,0.165,0.304,0.176,1.726,Low,0.0,No rain over the last 7 days,No flood-risk action is needed from rainfall-driven conditions.
26006,26006,2026-09-21,34.078594,35.865252,0.0,0.0,0.0,0.0,77.77,79.14,18.4,7.82,0,0,0,0.174,0.331,0.172,1.92,Low,0.0,No rain over the last 7 days,No flood-risk action is needed from rainfall-driven conditions.
26007,26007,2026-09-21,34.06899,35.867472,0.0,0.0,0.0,0.0,75.54,76.91,18.42,6.93,0,0,0,0.153,0.27,0.182,1.485,Low,0.0,No rain over the last 7 days,No flood-risk action is needed from rainfall-driven conditions.
26008,26008,2026-09-21,34.071401,35.942089,0.0,0.0,0.0,0.0,77.87,79.24,18.34,7.91,0,0,0,0.176,0.338,0.171,1.976,Low,0.0,No rain over the last 7 days,No flood-risk action is needed from rainfall-driven conditions.
26009,26009,2026-09-21,34.067702,35.835611,0.0,0.0,0.0,0.0,76.78,78.15,18.45,7.41,0,0,0,0.164,0.301,0.177,1.703,Low,0.0,No rain over the last 7 days,No flood-risk action is needed from rainfall-driven conditions.
26111,Jbayl,2026-09-21,34.123412,35.655115,0.0,0.0,0.0,0.0,75.99,77.36,18.51,6.99,0,0,0,0.155,0.27,0.182,1.488,Low,0.0,No rain over the last 7 days,No flood-risk action is needed from rainfall-driven conditions.
26117,Mastita,2026-09-21,34.104963,35.657726,0.0,0.0,0.0,0.0,77.84,79.21,18.54,7.73,0,0,0,0.172,0.321,0.174,1.843,Low,0.0,No rain over the last 7 days,No flood-risk action is needed from rainfall-driven conditions.
26123,Qartaboun,2026-09-21,34.109449,35.657095,0.0,0.0,0.0,0.0,77.52,78.89,18.54,7.6,0,0,0,0.169,0.312,0.175,1.779,Low,0.0,No rain over the last 7 days,No flood-risk action is needed from rainfall-driven conditions.
26129,Blat Jbeil,2026-09-21,34.109585,35.673154,0.0,0.0,0.0,0.0,76.77,78.13,18.52,7.31,0,0,0,0.162,0.292,0.178,1.638,Low,0.0,No rain over the last 7 days,No flood-risk action is needed from rainfall-driven conditions.
26135,Edde Jbayl,2026-09-21,34.140397,35.670249,0.0,0.0,0.0,0.0,78.12,79.49,18.47,7.85,0,0,0,0.175,0.33,0.172,1.917,Low,0.0,No rain over the last 7 days,No flood-risk action is needed from rainfall-driven conditions.
26141,Aamchit,2026-09-21,34.151725,35.638891,0.0,0.0,0.0,0.0,78.51,79.89,18.48,7.99,0,0,0,0.178,0.34,0.171,1.988,Low,0.0,No rain over the last 7 days,No flood-risk action is needed from rainfall-driven conditions.
26147,Halate,2026-09-21,34.089458,35.663943,0.0,0.0,0.0,0.0,78.11,79.48,18.56,7.84,0,0,0,0.174,0.328,0.173,1.897,Low,0.0,No rain over the last 7 days,No flood-risk action is needed from rainfall-driven conditions.
26153,Hasrayel,2026-09-21,34.163013,35.656146,0.0,0.0,0.0,0.0,75.91,77.27,18.45,6.95,0,0,0,0.154,0.27,0.182,1.483,Low,0.0,No rain over the last 7 days,No flood-risk action is needed from rainfall-driven conditions.
26159,Rihanet Jbayl,2026-09-21,34.168281,35.634089,0.0,0.0,0.0,0.0,75.9,77.27,18.46,6.94,0,0,0,0.154,0.268,0.182,1.474,Low,0.0,No rain over the last 7 days,No flood-risk action is needed from rainfall-driven conditions.
26165,Jeoddayel Jbayl,2026-09-21,34.164041,35.642874,0.0,0.0,0.0,0.0,77.62,78.99,18.46,7.63,0,0,0,0.17,0.316,0.175,1.807,Low,0.0,No rain over the last 7 days,No flood-risk action is needed from rainfall-driven conditions.
26171,Nahr Ibrahim,2026-09-21,34.066982,35.649416,0.0,0.0,0.0,0.0,77.24,78.6,18.62,7.48,0,0,0,0.166,0.302,0.177,1.707,Low,0.0,No rain over the last 7 days,No flood-risk action is needed from rainfall-driven conditions.
26177,Mounsef,2026-09-21,34.179112,35.643049,0.0,0.0,0.0,0.0,76.11,77.47,18.43,7.02,0,0,0,0.156,0.275,0.181,1.518,Low,0.0,No rain over the last 7 days,No flood-risk action is needed from rainfall-driven conditions.
26183,Berbara Jbayl,2026-09-21,34.192491,35.644945,0.0,0.0,0.0,0.0,76.62,77.98,18.41,7.23,0,0,0,0.161,0.289,0.179,1.619,Low,0.0,No rain over the last 7 days,No flood-risk action is needed from rainfall-driven conditions.
26189,Kfar Kidde,2026-09-21,34.201136,35.65331,0.0,0.0,0.0,0.0,77.06,78.42,18.38,7.41,0,0,0,0.165,0.302,0.177,1.71,Low,0.0,No rain over the last 7 days,No flood-risk action is needed from rainfall-driven conditions.
26211,Ehmej,2026-09-21,34.127387,35.815644,0.0,0.0,0.0,0.0,76.5,77.86,18.36,7.28,0,0,0,0.162,0.294,0.178,1.654,Low,0.0,No rain over the last 7 days,No flood-risk action is needed from rainfall-driven conditions.
26212,Aalmat Ech-Chamliye,2026-09-21,34.111024,35.785694,0.0,0.0,0.0,0.0,75.47,76.84,18.42,6.86,0,0,0,0.152,0.264,0.183,1.447,Low,0.0,No rain over the last 7 days,No flood-risk action is needed from rainfall-driven conditions.
26213,Mazraat El-Maaden,2026-09-21,34.11632,35.79532,0.0,0.0,0.0,0.0,77.27,78.64,18.4,7.58,0,0,0,0.169,0.314,0.175,1.795,Low,0.0,No rain over the last 7 days,No flood-risk action is needed from rainfall-driven conditions.
26214,Aalmat Ej-Jnoubiye,2026-09-21,34.104343,35.800931,0.0,0.0,0.0,0.0,76.12,77.48,18.42,7.12,0,0,0,0.158,0.282,0.18,1.569,Low,0.0,No rain over the last 7 days,No flood-risk action is needed from rainfall-driven conditions.
26215,Tourzaiya,2026-09-21,34.108886,35.754308,0.0,0.0,0.0,0.0,78.09,79.46,18.45,7.89,0,0,0,0.176,0.334,0.172,1.942,Low,0.0,No rain over the last 7 days,No flood-risk action is needed from rainfall-driven conditions.
26217,Ferhet,2026-09-21,34.101267,35.756018,0.0,0.0,0.0,0.0,75.73,77.09,18.46,6.94,0,0,0,0.154,0.269,0.182,1.478,Low,0.0,No rain over the last 7 days,No flood-risk action is needed from rainfall-driven conditions.
26218,Michmich Jbayl,2026-09-21,34.144324,35.76695,0.0,0.0,0.0,0.0,78.48,79.86,18.38,8.06,0,0,0,0.18,0.347,0.17,2.042,Low,0.0,No rain over the last 7 days,No flood-risk action is needed from rainfall-driven conditions.
26219,Aalita,2026-09-21,34.090062,35.689071,0.0,0.0,0.0,0.0,76.32,77.68,18.54,7.13,0,0,0,0.158,0.28,0.18,1.554,Low,0.0,No rain over the last 7 days,No flood-risk action is needed from rainfall-driven conditions.
26220,Souanet Jbayl,2026-09-21,34.093936,35.774724,0.0,0.0,0.0,0.0,76.02,77.38,18.46,7.07,0,0,0,0.157,0.278,0.18,1.538,Low,0.0,No rain over the last 7 days,No flood-risk action is needed from rainfall-driven conditions.
26221,Aain Ed-Delbe Jbayl,2026-09-21,34.091896,35.761409,0.0,0.0,0.0,0.0,77.39,78.76,18.47,7.61,0,0,0,0.169,0.314,0.175,1.796,Low,0.0,No rain over the last 7 days,No flood-risk action is needed from rainfall-driven conditions.
26223,Frat,2026-09-21,34.087489,35.787841,0.0,0.0,0.0,0.0,75.04,76.42,18.46,6.69,0,0,0,0.148,0.252,0.184,1.368,Low,0.0,No rain over the last 7 days,No flood-risk action is needed from rainfall-driven conditions.
26224,Kfar Baal,2026-09-21,34.113529,35.746352,0.0,0.0,0.0,0.0,75.8,77.16,18.45,6.96,0,0,0,0.154,0.271,0.182,1.49,Low,0.0,No rain over the last 7 days,No flood-risk action is needed from rainfall-driven conditions.
26226,Hjoula,2026-09-21,34.134271,35.741579,0.0,0.0,0.0,0.0,75.44,76.81,18.42,6.82,0,0,0,0.151,0.261,0.183,1.429,Low,0.0,No rain over the last 7 days,No flood-risk action is needed from rainfall-driven conditions.
26227,Aain Jrain,2026-09-21,34.085356,35.766961,0.0,0.0,0.0,0.0,77.67,79.04,18.48,7.73,0,0,0,0.172,0.322,0.174,1.854,Low,0.0,No rain over the last 7 days,No flood-risk action is needed from rainfall-driven conditions.
26229,Hsoun,2026-09-21,34.095172,35.741791,0.0,0.0,0.0,0.0,77.76,79.14,18.48,7.75,0,0,0,0.172,0.323,0.173,1.865,Low,0.0,No rain over the last 7 days,No flood-risk action is needed from rainfall-driven conditions.
26231,Mchane,2026-09-21,34.082416,35.745751,0.0,0.0,0.0,0.0,76.8,78.16,18.5,7.36,0,0,0,0.163,0.296,0.178,1.669,Low,0.0,No rain over the last 7 days,No flood-risk action is needed from rainfall-driven conditions.
26233,Lehfed,2026-09-21,34.164067,35.773928,0.0,0.0,0.0,0.0,75.33,76.7,18.34,6.8,0,0,0,0.151,0.262,0.183,1.431,Low,0.0,No rain over the last 7 days,No flood-risk action is needed from rainfall-driven conditions.
26234,Habil,2026-09-21,34.152416,35.739142,0.0,0.0,0.0,0.0,77.26,78.63,18.39,7.54,0,0,0,0.168,0.311,0.175,1.778,Low,0.0,No rain over the last 7 days,No flood-risk action is needed from rainfall-driven conditions.
26236,Jouret El-Qattine,2026-09-21,34.105358,35.72527,0.0,0.0,0.0,0.0,76.03,77.39,18.48,7.04,0,0,0,0.156,0.275,0.181,1.519,Low,0.0,No rain over the last 7 days,No flood-risk action is needed from rainfall-driven conditions.
26237,Birket Hjoula,2026-09-21,34.146084,35.726702,0.0,0.0,0.0,0.0,76.23,77.59,18.41,7.12,0,0,0,0.158,0.282,0.18,1.568,Low,0.0,No rain over the last 7 days,No flood-risk action is needed from rainfall-driven conditions.
26239,Adonis Jbayl,2026-09-21,34.082174,35.727516,0.0,0.0,0.0,0.0,75.6,76.97,18.52,6.88,0,0,0,0.152,0.263,0.183,1.439,Low,0.0,No rain over the last 7 days,No flood-risk action is needed from rainfall-driven conditions.
26241,Ras Osta,2026-09-21,34.115933,35.726229,0.0,0.0,0.0,0.0,75.45,76.82,18.46,6.82,0,0,0,0.151,0.26,0.183,1.421,Low,0.0,No rain over the last 7 days,No flood-risk action is needed from rainfall-driven conditions.
26243,Bichtlida,2026-09-21,34.12981,35.711478,0.0,0.0,0.0,0.0,77.44,78.81,18.45,7.6,0,0,0,0.169,0.314,0.175,1.795,Low,0.0,No rain over the last 7 days,No flood-risk action is needed from rainfall-driven conditions.
26244,Bchille Jbayl,2026-09-21,34.10311,35.70998,0.0,0.0,0.0,0.0,78.03,79.4,18.5,7.84,0,0,0,0.175,0.329,0.173,1.906,Low,0.0,No rain over the last 7 days,No flood-risk action is needed from rainfall-driven conditions.
26246,Zibdine Jbayl,2026-09-21,34.094975,35.708911,0.0,0.0,0.0,0.0,78.35,79.73,18.51,7.97,0,0,0,0.177,0.338,0.171,1.972,Low,0.0,No rain over the last 7 days,No flood-risk action is needed from rainfall-driven conditions.
26247,Haqel,2026-09-21,34.167258,35.744673,0.0,0.0,0.0,0.0,77.52,78.89,18.36,7.65,0,0,0,0.171,0.32,0.174,1.836,Low,0.0,No rain over the last 7 days,No flood-risk action is needed from rainfall-driven conditions.
26249,Kharbet Jbayl,2026-09-21,34.176905,35.744169,0.0,0.0,0.0,0.0,76.15,77.51,18.34,7.1,0,0,0,0.158,0.282,0.18,1.568,Low,0.0,No rain over the last 7 days,No flood-risk action is needed from rainfall-driven conditions.
26251,Qottara Jbayl,2026-09-21,34.178543,35.796159,0.0,0.0,0.0,0.0,77.27,78.64,18.29,7.58,0,0,0,0.169,0.317,0.175,1.813,Low,0.0,No rain over the last 7 days,No flood-risk action is needed from rainfall-driven conditions.
26253,Brayj Jbayl,2026-09-21,34.119046,35.702664,0.0,0.0,0.0,0.0,76.31,77.67,18.48,7.14,0,0,0,0.158,0.281,0.18,1.565,Low,0.0,No rain over the last 7 days,No flood-risk action is needed from rainfall-driven conditions.
26254,Sebrine,2026-09-21,34.112583,35.708919,0.0,0.0,0.0,0.0,77.03,78.39,18.48,7.43,0,0,0,0.165,0.302,0.177,1.706,Low,0.0,No rain over the last 7 days,No flood-risk action is needed from rainfall-driven conditions.
26256,Aabaydat,2026-09-21,34.163453,35.726146,0.0,0.0,0.0,0.0,78.49,79.87,18.38,8.04,0,0,0,0.18,0.345,0.17,2.03,Low,0.0,No rain over the last 7 days,No flood-risk action is needed from rainfall-driven conditions.
26257,Mayfouq,2026-09-21,34.182745,35.771898,0.0,0.0,0.0,0.0,75.26,76.63,18.31,6.77,0,0,0,0.15,0.26,0.183,1.421,Low,0.0,No rain over the last 7 days,No flood-risk action is needed from rainfall-driven conditions.
26259,Behdaydat,2026-09-21,34.148424,35.710915,0.0,0.0,0.0,0.0,78.62,80.0,18.42,8.08,0,0,0,0.181,0.347,0.17,2.045,Low,0.0,No rain over the last 7 days,No flood-risk action is needed from rainfall-driven conditions.
26261,Ramout,2026-09-21,34.166437,35.709846,0.0,0.0,0.0,0.0,76.08,77.44,18.39,7.05,0,0,0,0.157,0.278,0.18,1.538,Low,0.0,No rain over the last 7 days,No flood-risk action is needed from rainfall-driven conditions.
26263,Saqiet El-Khayt,2026-09-21,34.161359,35.713912,0.0,0.0,0.0,0.0,76.65,78.01,18.4,7.28,0,0,0,0.162,0.293,0.178,1.646,Low,0.0,No rain over the last 7 days,No flood-risk action is needed from rainfall-driven conditions.
26264,Kfar Qouas,2026-09-21,34.122621,35.700056,0.0,0.0,0.0,0.0,76.86,78.23,18.47,7.36,0,0,0,0.164,0.297,0.178,1.672,Low,0.0,No rain over the last 7 days,No flood-risk action is needed from rainfall-driven conditions.
26266,Fatre,2026-09-21,34.085571,35.709341,0.0,0.0,0.0,0.0,76.13,77.49,18.53,7.07,0,0,0,0.156,0.276,0.181,1.527,Low,0.0,No rain over the last 7 days,No flood-risk action is needed from rainfall-driven conditions.
26267,Kfoun,2026-09-21,34.154707,35.709507,0.0,0.0,0.0,0.0,77.76,79.13,18.41,7.73,0,0,0,0.172,0.323,0.173,1.865,Low,0.0,No rain over the last 7 days,No flood-risk action is needed from rainfall-driven conditions.
26269,Bintaael,2026-09-21,34.141014,35.696287,0.0,0.0,0.0,0.0,77.86,79.23,18.45,7.76,0,0,0,0.173,0.325,0.173,1.875,Low,0.0,No rain over the last 7 days,No flood-risk action is needed from rainfall-driven conditions.
26271,Beit Habbaq,2026-09-21,34.162799,35.705665,0.0,0.0,0.0,0.0,77.14,78.51,18.4,7.48,0,0,0,0.167,0.306,0.176,1.741,Low,0.0,No rain over the last 7 days,No flood-risk action is needed from rainfall-driven conditions.
26273,kafr,2026-09-21,34.153511,35.69293,0.0,0.0,0.0,0.0,76.36,77.72,18.43,7.15,0,0,0,0.159,0.284,0.18,1.58,Low,0.0,No rain over the last 7 days,No flood-risk action is needed from rainfall-driven conditions.
26274,Jlisse,2026-09-21,34.113001,35.695294,0.0,0.0,0.0,0.0,77.5,78.87,18.5,7.61,0,0,0,0.169,0.314,0.175,1.794,Low,0.0,No rain over the last 7 days,No flood-risk action is needed from rainfall-driven conditions.
26276,Bejje,2026-09-21,34.182554,35.714794,0.0,0.0,0.0,0.0,78.48,79.86,18.36,8.03,0,0,0,0.18,0.345,0.17,2.029,Low,0.0,No rain over the last 7 days,No flood-risk action is needed from rainfall-driven conditions.
26277,Ghalboun,2026-09-21,34.174999,35.697902,0.0,0.0,0.0,0.0,77.19,78.56,18.39,7.49,0,0,0,0.167,0.308,0.176,1.75,Low,0.0,No rain over the last 7 days,No flood-risk action is needed from rainfall-driven conditions.
26279,Chamate,2026-09-21,34.166005,35.701627,0.0,0.0,0.0,0.0,77.05,78.41,18.4,7.44,0,0,0,0.166,0.304,0.176,1.721,Low,0.0,No rain over the last 7 days,No flood-risk action is needed from rainfall-driven conditions.
26281,Hbaline,2026-09-21,34.159207,35.680476,0.0,0.0,0.0,0.0,78.36,79.74,18.43,7.96,0,0,0,0.178,0.339,0.171,1.978,Low,0.0,No rain over the last 7 days,No flood-risk action is needed from rainfall-driven conditions.
26283,Bmehrayn,2026-09-21,34.12223,35.678136,0.0,0.0,0.0,0.0,76.54,77.9,18.5,7.22,0,0,0,0.16,0.286,0.179,1.599,Low,0.0,No rain over the last 7 days,No flood-risk action is needed from rainfall-driven conditions.
26284,Hboub,2026-09-21,34.1283,35.68116,0.0,0.0,0.0,0.0,78.26,79.63,18.48,7.92,0,0,0,0.177,0.335,0.172,1.948,Low,0.0,No rain over the last 7 days,No flood-risk action is needed from rainfall-driven conditions.
26286,Hsarat,2026-09-21,34.167143,35.681008,0.0,0.0,0.0,0.0,77.53,78.9,18.42,7.62,0,0,0,0.17,0.316,0.175,1.808,Low,0.0,No rain over the last 7 days,No flood-risk action is needed from rainfall-driven conditions.
26287,Kfar Mashoun,2026-09-21,34.146642,35.67798,0.0,0.0,0.0,0.0,76.0,77.36,18.45,7.0,0,0,0,0.155,0.273,0.181,1.505,Low,0.0,No rain over the last 7 days,No flood-risk action is needed from rainfall-driven conditions.
26289,Aain Kfaa,2026-09-21,34.186692,35.69663,0.0,0.0,0.0,0.0,78.03,79.41,18.37,7.83,0,0,0,0.175,0.331,0.172,1.925,Low,0.0,No rain over the last 7 days,No flood-risk action is needed from rainfall-driven conditions.
26291,Ghofrine,2026-09-21,34.156878,35.666891,0.0,0.0,0.0,0.0,77.25,78.61,18.45,7.5,0,0,0,0.167,0.307,0.176,1.742,Low,0.0,No rain over the last 7 days,No flood-risk action is needed from rainfall-driven conditions.
26293,Maad,2026-09-21,34.189369,35.680177,0.0,0.0,0.0,0.0,76.8,78.16,18.38,7.32,0,0,0,0.163,0.296,0.178,1.668,Low,0.0,No rain over the last 7 days,No flood-risk action is needed from rainfall-driven conditions.
26294,Gharzouz,2026-09-21,34.1799,35.670665,0.0,0.0,0.0,0.0,77.64,79.01,18.4,7.66,0,0,0,0.171,0.319,0.174,1.83,Low,0.0,No rain over the last 7 days,No flood-risk action is needed from rainfall-driven conditions.
26295,Chikhane,2026-09-21,34.17224,35.651065,0.0,0.0,0.0,0.0,78.43,79.81,18.43,7.97,0,0,0,0.178,0.339,0.171,1.983,Low,0.0,No rain over the last 7 days,No flood-risk action is needed from rainfall-driven conditions.
26296,Chmout,2026-09-21,34.198051,35.665974,0.0,0.0,0.0,0.0,77.65,79.02,18.38,7.66,0,0,0,0.171,0.319,0.174,1.833,Low,0.0,No rain over the last 7 days,No flood-risk action is needed from rainfall-driven conditions.
26297,Bekhaaz,2026-09-21,34.188142,35.659376,0.0,0.0,0.0,0.0,76.85,78.22,18.4,7.33,0,0,0,0.163,0.296,0.178,1.669,Low,0.0,No rain over the last 7 days,No flood-risk action is needed from rainfall-driven conditions.
26298,Fghal,2026-09-21,34.206804,35.667053,0.0,0.0,0.0,0.0,77.16,78.53,18.36,7.46,0,0,0,0.167,0.306,0.176,1.739,Low,0.0,No rain over the last 7 days,No flood-risk action is needed from rainfall-driven conditions.
26299,Bayzoun,2026-09-21,34.095964,35.756187,0.0,0.0,0.0,0.0,78.67,80.05,18.47,8.13,0,0,0,0.181,0.349,0.169,2.063,Low,0.0,No rain over the last 7 days,No flood-risk action is needed from rainfall-driven conditions.
26311,Qartaba,2026-09-21,34.094726,35.835485,0.0,0.0,0.0,0.0,76.24,77.6,18.4,7.19,0,0,0,0.16,0.287,0.179,1.605,Low,0.0,No rain over the last 7 days,No flood-risk action is needed from rainfall-driven conditions.
26314,Mar Sarkis,2026-09-21,34.095953,35.857441,0.0,0.0,0.0,0.0,78.37,79.75,18.38,8.06,0,0,0,0.18,0.348,0.17,2.049,Low,0.0,No rain over the last 7 days,No flood-risk action is needed from rainfall-driven conditions.
26317,Aain El-Ghouaybe,2026-09-21,34.084063,35.858218,0.0,0.0,0.0,0.0,78.27,79.65,18.4,8.02,0,0,0,0.179,0.344,0.17,2.024,Low,0.0,No rain over the last 7 days,No flood-risk action is needed from rainfall-driven conditions.
26321,Mazraat Es Siyad,2026-09-21,34.114409,35.859249,0.0,0.0,0.0,0.0,75.29,76.66,18.35,6.83,0,0,0,0.151,0.264,0.183,1.448,Low,0.0,No rain over the last 7 days,No flood-risk action is needed from rainfall-driven conditions.
26324,Hdeine,2026-09-21,34.091889,35.867798,0.0,0.0,0.0,0.0,74.71,76.1,18.38,6.61,0,0,0,0.146,0.249,0.185,1.345,Low,0.0,No rain over the last 7 days,No flood-risk action is needed from rainfall-driven conditions.
26327,Janne,2026-09-21,34.081723,35.835262,0.0,0.0,0.0,0.0,76.59,77.95,18.42,7.33,0,0,0,0.163,0.296,0.178,1.669,Low,0.0,No rain over the last 7 days,No flood-risk action is needed from rainfall-driven conditions.
26331,Lassa,2026-09-21,34.069246,35.846633,0.0,0.0,0.0,0.0,74.92,76.3,18.43,6.68,0,0,0,0.147,0.252,0.184,1.367,Low,0.0,No rain over the last 7 days,No flood-risk action is needed from rainfall-driven conditions.
26334,Seraaiita,2026-09-21,34.084074,35.868699,0.0,0.0,0.0,0.0,75.98,77.34,18.39,7.1,0,0,0,0.157,0.282,0.18,1.568,Low,0.0,No rain over the last 7 days,No flood-risk action is needed from rainfall-driven conditions.
26337,Ghabat,2026-09-21,34.080314,35.871397,0.0,0.0,0.0,0.0,75.04,76.41,18.39,6.74,0,0,0,0.149,0.257,0.184,1.4,Low,0.0,No rain over the last 7 days,No flood-risk action is needed from rainfall-driven conditions.
26341,Mghayre Jbeil,2026-09-21,34.109698,35.879586,0.0,0.0,0.0,0.0,76.22,77.58,18.34,7.2,0,0,0,0.16,0.29,0.179,1.624,Low,0.0,No rain over the last 7 days,No flood-risk action is needed from rainfall-driven conditions.
26344,Tadmor,2026-09-21,34.102889,35.868373,0.0,0.0,0.0,0.0,77.6,78.97,18.36,7.76,0,0,0,0.173,0.327,0.173,1.893,Low,0.0,No rain over the last 7 days,No flood-risk action is needed from rainfall-driven conditions.
26347,Yanouh Jbayl,2026-09-21,34.098099,35.884767,0.0,0.0,0.0,0.0,78.19,79.57,18.35,8.0,0,0,0,0.179,0.344,0.17,2.024,Low,0.0,No rain over the last 7 days,No flood-risk action is needed from rainfall-driven conditions.
26351,Qorqraiya,2026-09-21,34.077299,35.80735,0.0,0.0,0.0,0.0,75.96,77.32,18.46,7.06,0,0,0,0.156,0.277,0.181,1.535,Low,0.0,No rain over the last 7 days,No flood-risk action is needed from rainfall-driven conditions.
26354,Boulhos,2026-09-21,34.094489,35.811216,0.0,0.0,0.0,0.0,78.3,79.68,18.42,8.01,0,0,0,0.179,0.343,0.17,2.011,Low,0.0,No rain over the last 7 days,No flood-risk action is needed from rainfall-driven conditions.
26357,Majdel El-Aqoura,2026-09-21,34.087863,35.907576,0.0,0.0,0.0,0.0,75.47,76.84,18.35,6.93,0,0,0,0.154,0.271,0.181,1.494,Low,0.0,No rain over the last 7 days,No flood-risk action is needed from rainfall-driven conditions.
26361,Laqlouq,2026-09-21,34.132083,35.865169,0.0,0.0,0.0,0.0,76.51,77.87,18.31,7.31,0,0,0,0.163,0.298,0.177,1.68,Low,0.0,No rain over the last 7 days,No flood-risk action is needed from rainfall-driven conditions.
26364,Afqa Jbayl,2026-09-21,34.064246,35.900831,0.0,0.0,0.0,0.0,75.21,76.59,18.39,6.82,0,0,0,0.151,0.263,0.183,1.439,Low,0.0,No rain over the last 7 days,No flood-risk action is needed from rainfall-driven conditions.
26367,Qahmez,2026-09-21,34.062492,35.811763,0.0,0.0,0.0,0.0,77.49,78.86,18.48,7.68,0,0,0,0.171,0.319,0.174,1.832,Low,0.0,No rain over the last 7 days,No flood-risk action is needed from rainfall-driven conditions.
26371,Aaqoura,2026-09-21,34.124364,35.925245,0.0,0.0,0.0,0.0,74.37,75.76,18.27,6.52,0,0,0,0.144,0.245,0.185,1.32,Low,0.0,No rain over the last 7 days,No flood-risk action is needed from rainfall-driven conditions.
26374,Aarab El-Lahib,2026-09-21,34.152506,35.894935,0.0,0.0,0.0,0.0,75.23,76.61,18.25,6.83,0,0,0,0.152,0.267,0.182,1.463,Low,0.0,No rain over the last 7 days,No flood-risk action is needed from rainfall-driven conditions.
26377,Saqi Richmaya,2026-09-21,34.153095,35.800588,0.0,0.0,0.0,0.0,78.33,79.7,18.33,8.01,0,0,0,0.179,0.345,0.17,2.028,Low,0.0,No rain over the last 7 days,No flood-risk action is needed from rainfall-driven conditions.
26381,Jaj,2026-09-21,34.16511,35.814079,0.0,0.0,0.0,0.0,75.83,77.2,18.3,7.01,0,0,0,0.156,0.278,0.18,1.539,Low,0.0,No rain over the last 7 days,No flood-risk action is needed from rainfall-driven conditions.
26384,Tartij,2026-09-21,34.180442,35.82826,0.0,0.0,0.0,0.0,76.72,78.08,18.26,7.38,0,0,0,0.165,0.303,0.177,1.717,Low,0.0,No rain over the last 7 days,No flood-risk action is needed from rainfall-driven conditions.
26388,Hema Mar Maroun Aannaya,2026-09-21,34.131926,35.848587,0.0,0.0,0.0,0.0,75.59,76.96,18.33,6.94,0,0,0,0.154,0.272,0.181,1.5,Low,0.0,No rain over the last 7 days,No flood-risk action is needed from rainfall-driven conditions.
26390,Hema Er-Rehban,2026-09-21,34.14684,35.860667,0.0,0.0,0.0,0.0,76.61,77.98,18.29,7.35,0,0,0,0.164,0.301,0.177,1.702,Low,0.0,No rain over the last 7 days,No flood-risk action is needed from rainfall-driven conditions.
26392,Aarasta,2026-09-21,34.083223,35.879828,0.0,0.0,0.0,0.0,75.51,76.88,18.38,6.93,0,0,0,0.153,0.27,0.182,1.488,Low,0.0,No rain over the last 7 days,No flood-risk action is needed from rainfall-driven conditions.
31111,Trablous Ez-Zeitoun,2026-09-21,34.425162,35.853779,0.0,0.0,0.0,0.0,76.58,77.94,17.82,7.33,0,0,0,0.166,0.31,0.175,1.767,Low,0.0,No rain over the last 7 days,No flood-risk action is needed from rainfall-driven conditions.
31116,"Trablous El-Haddadine, El-Hadid, El-Mharta",2026-09-21,34.430612,35.839163,0.0,0.0,0.0,0.0,77.55,78.92,17.83,7.72,0,0,0,0.175,0.336,0.171,1.962,Low,0.0,No rain over the last 7 days,No flood-risk action is needed from rainfall-driven conditions.
31121,Trablous Et-Tell,2026-09-21,34.439384,35.840645,0.0,0.0,0.0,0.0,76.47,77.84,17.81,7.28,0,0,0,0.165,0.307,0.176,1.745,Low,0.0,No rain over the last 7 days,No flood-risk action is needed from rainfall-driven conditions.
31126,Trablous En-Nouri,2026-09-21,34.435309,35.840867,0.0,0.0,0.0,0.0,78.23,79.61,17.82,8.0,0,0,0,0.182,0.355,0.169,2.11,Low,0.0,No rain over the last 7 days,No flood-risk action is needed from rainfall-driven conditions.
31131,Trablous El Mhatra,2026-09-21,34.433909,35.843085,0.0,0.0,0.0,0.0,77.94,79.31,17.82,7.88,0,0,0,0.179,0.347,0.17,2.047,Low,0.0,No rain over the last 7 days,No flood-risk action is needed from rainfall-driven conditions.
31136,Trablous Er-Remmaneh,2026-09-21,34.436082,35.842082,0.0,0.0,0.0,0.0,77.87,79.24,17.81,7.85,0,0,0,0.178,0.345,0.17,2.032,Low,0.0,No rain over the last 7 days,No flood-risk action is needed from rainfall-driven conditions.
31141,Trablous Es-Souayqa,2026-09-21,34.434871,35.846138,0.0,0.0,0.0,0.0,77.53,78.91,17.81,7.72,0,0,0,0.175,0.337,0.171,1.963,Low,0.0,No rain over the last 7 days,No flood-risk action is needed from rainfall-driven conditions.
31146,Trablous El Hadid,2026-09-21,34.435669,35.844214,0.0,0.0,0.0,0.0,77.13,78.5,17.81,7.55,0,0,0,0.171,0.325,0.173,1.879,Low,0.0,No rain over the last 7 days,No flood-risk action is needed from rainfall-driven conditions.
31151,Trablous El-Qobbe,2026-09-21,34.437982,35.850883,0.0,0.0,0.0,0.0,78.09,79.46,17.8,7.94,0,0,0,0.18,0.352,0.169,2.084,Low,0.0,No rain over the last 7 days,No flood-risk action is needed from rainfall-driven conditions.
31156,Trablous Ez-Zahrieh,2026-09-21,34.438881,35.843556,0.0,0.0,0.0,0.0,75.44,76.81,17.81,6.88,0,0,0,0.156,0.28,0.18,1.551,Low,0.0,No rain over the last 7 days,No flood-risk action is needed from rainfall-driven conditions.
31161,Trablous et Tabbaneh,2026-09-21,34.440653,35.847666,0.0,0.0,0.0,0.0,76.51,77.87,17.8,7.3,0,0,0,0.166,0.308,0.176,1.755,Low,0.0,No rain over the last 7 days,No flood-risk action is needed from rainfall-driven conditions.
31166,Trablous jardins,2026-09-21,34.442197,35.835527,0.0,0.0,0.0,0.0,75.49,76.86,17.81,6.89,0,0,0,0.156,0.28,0.18,1.557,Low,0.0,No rain over the last 7 days,No flood-risk action is needed from rainfall-driven conditions.
31171,Mina N 1,2026-09-21,34.450911,35.817553,0.0,0.0,0.0,0.0,76.96,78.32,17.81,7.47,0,0,0,0.169,0.319,0.174,1.835,Low,0.0,No rain over the last 7 days,No flood-risk action is needed from rainfall-driven conditions.
31176,Mina N 2,2026-09-21,34.449093,35.81133,0.0,0.0,0.0,0.0,75.38,76.75,17.82,6.84,0,0,0,0.155,0.276,0.181,1.529,Low,0.0,No rain over the last 7 days,No flood-risk action is needed from rainfall-driven conditions.
31181,Mina N 3,2026-09-21,34.453496,35.810387,0.0,0.0,0.0,0.0,78.21,79.59,17.81,7.97,0,0,0,0.181,0.354,0.169,2.096,Low,0.0,No rain over the last 7 days,No flood-risk action is needed from rainfall-driven conditions.
31186,Mina Jardin,2026-09-21,34.445172,35.820748,0.0,0.0,0.0,0.0,76.07,77.44,17.82,7.11,0,0,0,0.161,0.295,0.178,1.659,Low,0.0,No rain over the last 7 days,No flood-risk action is needed from rainfall-driven conditions.
31221,Qalamoun,2026-09-21,34.3892,35.788275,0.0,0.0,0.0,0.0,76.08,77.44,17.94,7.09,0,0,0,0.16,0.291,0.178,1.63,Low,0.0,No rain over the last 7 days,No flood-risk action is needed from rainfall-driven conditions.
32111,Amioun,2026-09-21,34.300319,35.805146,0.0,0.0,0.0,0.0,75.56,76.93,18.08,6.9,0,0,0,0.155,0.275,0.181,1.52,Low,0.0,No rain over the last 7 days,No flood-risk action is needed from rainfall-driven conditions.
32113,Kfar Aaqqa,2026-09-21,34.311458,35.832858,0.0,0.0,0.0,0.0,75.72,77.08,18.03,6.98,0,0,0,0.157,0.281,0.18,1.564,Low,0.0,No rain over the last 7 days,No flood-risk action is needed from rainfall-driven conditions.
32115,Kfar Saroun El-Koura,2026-09-21,34.295769,35.82888,0.0,0.0,0.0,0.0,75.78,77.15,18.06,7.0,0,0,0,0.157,0.282,0.18,1.57,Low,0.0,No rain over the last 7 days,No flood-risk action is needed from rainfall-driven conditions.
32117,Bechmizzine,2026-09-21,34.320342,35.795408,0.0,0.0,0.0,0.0,77.11,78.48,18.05,7.52,0,0,0,0.169,0.317,0.174,1.819,Low,0.0,No rain over the last 7 days,No flood-risk action is needed from rainfall-driven conditions.
32119,Bterram,2026-09-21,34.336344,35.812037,0.0,0.0,0.0,0.0,75.42,76.79,18.01,6.85,0,0,0,0.154,0.273,0.181,1.508,Low,0.0,No rain over the last 7 days,No flood-risk action is needed from rainfall-driven conditions.
32121,Bziza,2026-09-21,34.278134,35.81752,0.0,0.0,0.0,0.0,77.61,78.98,18.1,7.73,0,0,0,0.174,0.331,0.172,1.919,Low,0.0,No rain over the last 7 days,No flood-risk action is needed from rainfall-driven conditions.
32123,Kfar Hazir,2026-09-21,34.30971,35.760022,0.0,0.0,0.0,0.0,76.15,77.51,18.1,7.11,0,0,0,0.16,0.288,0.179,1.61,Low,0.0,No rain over the last 7 days,No flood-risk action is needed from rainfall-driven conditions.
32125,Bsarma,2026-09-21,34.335837,35.844656,0.0,0.0,0.0,0.0,77.9,79.27,17.98,7.86,0,0,0,0.178,0.343,0.17,2.011,Low,0.0,No rain over the last 7 days,No flood-risk action is needed from rainfall-driven conditions.
32127,Aafsdiq,2026-09-21,34.331148,35.785364,0.0,0.0,0.0,0.0,76.91,78.28,18.04,7.43,0,0,0,0.167,0.312,0.175,1.778,Low,0.0,No rain over the last 7 days,No flood-risk action is needed from rainfall-driven conditions.
32129,Dar Chmizzine,2026-09-21,34.28646,35.779825,0.0,0.0,0.0,0.0,77.2,78.57,18.12,7.54,0,0,0,0.17,0.317,0.174,1.821,Low,0.0,No rain over the last 7 days,No flood-risk action is needed from rainfall-driven conditions.
32131,Dar Baaechtar,2026-09-21,34.273987,35.796866,0.0,0.0,0.0,0.0,76.9,78.26,18.13,7.43,0,0,0,0.167,0.31,0.176,1.764,Low,0.0,No rain over the last 7 days,No flood-risk action is needed from rainfall-driven conditions.
32133,Bhabbouch El-Koura,2026-09-21,34.277603,35.834628,0.0,0.0,0.0,0.0,78.03,79.4,18.09,7.91,0,0,0,0.178,0.344,0.17,2.017,Low,0.0,No rain over the last 7 days,No flood-risk action is needed from rainfall-driven conditions.
32135,Ain Aakrine,2026-09-21,34.283068,35.843643,0.0,0.0,0.0,0.0,74.66,76.05,18.07,6.58,0,0,0,0.147,0.253,0.184,1.374,Low,0.0,No rain over the last 7 days,No flood-risk action is needed from rainfall-driven conditions.
32137,Kousba,2026-09-21,34.309468,35.848828,0.0,0.0,0.0,0.0,76.35,77.71,18.02,7.24,0,0,0,0.163,0.299,0.177,1.688,Low,0.0,No rain over the last 7 days,No flood-risk action is needed from rainfall-driven conditions.
32139,Rechdibbine,2026-09-21,34.288881,35.856634,0.0,0.0,0.0,0.0,78.31,79.69,18.05,8.04,0,0,0,0.181,0.353,0.169,2.092,Low,0.0,No rain over the last 7 days,No flood-risk action is needed from rainfall-driven conditions.
32141,Bnehran,2026-09-21,34.274911,35.858096,0.0,0.0,0.0,0.0,75.59,76.96,18.07,6.95,0,0,0,0.156,0.278,0.18,1.542,Low,0.0,No rain over the last 7 days,No flood-risk action is needed from rainfall-driven conditions.
32143,Aaba,2026-09-21,34.343136,35.829726,0.0,0.0,0.0,0.0,75.35,76.72,17.98,6.84,0,0,0,0.154,0.273,0.181,1.503,Low,0.0,No rain over the last 7 days,No flood-risk action is needed from rainfall-driven conditions.
32145,Bdebba,2026-09-21,34.349148,35.816382,0.0,0.0,0.0,0.0,77.61,78.98,17.99,7.73,0,0,0,0.175,0.333,0.172,1.939,Low,0.0,No rain over the last 7 days,No flood-risk action is needed from rainfall-driven conditions.
32147,Fiaa,2026-09-21,34.347341,35.782504,0.0,0.0,0.0,0.0,75.65,77.01,18.02,6.92,0,0,0,0.156,0.278,0.18,1.538,Low,0.0,No rain over the last 7 days,No flood-risk action is needed from rainfall-driven conditions.
32149,Majdel el-Koura,2026-09-21,34.255462,35.79181,0.0,0.0,0.0,0.0,74.92,76.3,18.17,6.65,0,0,0,0.148,0.256,0.184,1.391,Low,0.0,No rain over the last 7 days,No flood-risk action is needed from rainfall-driven conditions.
32151,Kaftoun,2026-09-21,34.266041,35.765665,0.0,0.0,0.0,0.0,76.18,77.54,18.17,7.12,0,0,0,0.16,0.288,0.179,1.607,Low,0.0,No rain over the last 7 days,No flood-risk action is needed from rainfall-driven conditions.
32153,Btaaboura,2026-09-21,34.275439,35.758539,0.0,0.0,0.0,0.0,78.46,79.84,18.16,8.04,0,0,0,0.181,0.351,0.169,2.073,Low,0.0,No rain over the last 7 days,No flood-risk action is needed from rainfall-driven conditions.
32155,Kfar Hata El-Koura,2026-09-21,34.285079,35.745608,0.0,0.0,0.0,0.0,77.0,78.37,18.16,7.44,0,0,0,0.167,0.31,0.176,1.764,Low,0.0,No rain over the last 7 days,No flood-risk action is needed from rainfall-driven conditions.
32157,Ijdaabrine,2026-09-21,34.271222,35.740185,0.0,0.0,0.0,0.0,78.44,79.82,18.19,8.03,0,0,0,0.181,0.349,0.17,2.057,Low,0.0,No rain over the last 7 days,No flood-risk action is needed from rainfall-driven conditions.
32159,Batroumine,2026-09-21,34.363306,35.809024,0.0,0.0,0.0,0.0,74.92,76.3,17.97,6.66,0,0,0,0.15,0.261,0.183,1.425,Low,0.0,No rain over the last 7 days,No flood-risk action is needed from rainfall-driven conditions.
32161,Badbhoun,2026-09-21,34.331951,35.761916,0.0,0.0,0.0,0.0,75.8,77.16,18.06,6.97,0,0,0,0.157,0.28,0.18,1.553,Low,0.0,No rain over the last 7 days,No flood-risk action is needed from rainfall-driven conditions.
32163,Barghoun,2026-09-21,34.341957,35.760916,0.0,0.0,0.0,0.0,77.09,78.45,18.05,7.49,0,0,0,0.169,0.315,0.175,1.805,Low,0.0,No rain over the last 7 days,No flood-risk action is needed from rainfall-driven conditions.
32165,Bednayel El-Koura,2026-09-21,34.293555,35.731832,0.0,0.0,0.0,0.0,77.88,79.25,18.16,7.79,0,0,0,0.175,0.333,0.172,1.94,Low,0.0,No rain over the last 7 days,No flood-risk action is needed from rainfall-driven conditions.
32167,Kfar Kahel,2026-09-21,34.35567,35.84971,0.0,0.0,0.0,0.0,76.88,78.24,17.94,7.45,0,0,0,0.168,0.316,0.175,1.807,Low,0.0,No rain over the last 7 days,No flood-risk action is needed from rainfall-driven conditions.
32169,Btouratij,2026-09-21,34.361058,35.838917,0.0,0.0,0.0,0.0,76.04,77.4,17.94,7.11,0,0,0,0.16,0.292,0.178,1.639,Low,0.0,No rain over the last 7 days,No flood-risk action is needed from rainfall-driven conditions.
32171,Qalhat,2026-09-21,34.359219,35.7786,0.0,0.0,0.0,0.0,76.46,77.82,18.0,7.24,0,0,0,0.163,0.3,0.177,1.692,Low,0.0,No rain over the last 7 days,No flood-risk action is needed from rainfall-driven conditions.
32173,Deir El-Balamand,2026-09-21,34.367268,35.781263,0.0,0.0,0.0,0.0,75.54,76.9,17.99,6.88,0,0,0,0.155,0.275,0.181,1.522,Low,0.0,No rain over the last 7 days,No flood-risk action is needed from rainfall-driven conditions.
32175,Zakroun,2026-09-21,34.354537,35.754174,0.0,0.0,0.0,0.0,77.01,78.38,18.03,7.45,0,0,0,0.168,0.313,0.175,1.79,Low,0.0,No rain over the last 7 days,No flood-risk action is needed from rainfall-driven conditions.
32177,Kafraya El-Koura,2026-09-21,34.298675,35.71972,0.0,0.0,0.0,0.0,78.49,79.87,18.16,8.03,0,0,0,0.181,0.35,0.169,2.065,Low,0.0,No rain over the last 7 days,No flood-risk action is needed from rainfall-driven conditions.
32179,Dedde,2026-09-21,34.379802,35.803943,0.0,0.0,0.0,0.0,76.06,77.42,17.94,7.1,0,0,0,0.16,0.291,0.178,1.632,Low,0.0,No rain over the last 7 days,No flood-risk action is needed from rainfall-driven conditions.
32181,Enfe,2026-09-21,34.352862,35.738586,0.0,0.0,0.0,0.0,76.4,77.76,18.05,7.19,0,0,0,0.162,0.295,0.178,1.66,Low,0.0,No rain over the last 7 days,No flood-risk action is needed from rainfall-driven conditions.
32183,Hraiche,2026-09-21,34.372584,35.758182,0.0,0.0,0.0,0.0,77.89,79.26,18.0,7.81,0,0,0,0.177,0.338,0.171,1.977,Low,0.0,No rain over the last 7 days,No flood-risk action is needed from rainfall-driven conditions.
32185,Ras Masqa,2026-09-21,34.401792,35.822475,0.0,0.0,0.0,0.0,75.55,76.92,17.89,6.91,0,0,0,0.156,0.28,0.18,1.553,Low,0.0,No rain over the last 7 days,No flood-risk action is needed from rainfall-driven conditions.
32187,Barsa,2026-09-21,34.389435,35.830393,0.0,0.0,0.0,0.0,76.24,77.6,17.9,7.18,0,0,0,0.162,0.298,0.177,1.681,Low,0.0,No rain over the last 7 days,No flood-risk action is needed from rainfall-driven conditions.
32189,Bkeftine,2026-09-21,34.386601,35.861973,0.0,0.0,0.0,0.0,77.67,79.04,17.88,7.78,0,0,0,0.176,0.34,0.171,1.986,Low,0.0,No rain over the last 7 days,No flood-risk action is needed from rainfall-driven conditions.
32191,Nakhle,2026-09-21,34.366822,35.830799,0.0,0.0,0.0,0.0,77.62,78.99,17.94,7.74,0,0,0,0.175,0.335,0.172,1.955,Low,0.0,No rain over the last 7 days,No flood-risk action is needed from rainfall-driven conditions.
32193,Bqaiaa El-Koura,2026-09-21,34.372048,35.855111,0.0,0.0,0.0,0.0,77.79,79.17,17.91,7.83,0,0,0,0.177,0.342,0.171,2.004,Low,0.0,No rain over the last 7 days,No flood-risk action is needed from rainfall-driven conditions.
32195,Zgharta El-Mtaouile,2026-09-21,34.255093,35.836856,0.0,0.0,0.0,0.0,75.45,76.82,18.13,6.88,0,0,0,0.154,0.272,0.181,1.502,Low,0.0,No rain over the last 7 days,No flood-risk action is needed from rainfall-driven conditions.
33111,Zgharta,2026-09-21,34.396865,35.890637,0.0,0.0,0.0,0.0,77.65,79.02,17.84,7.79,0,0,0,0.177,0.341,0.171,1.998,Low,0.0,No rain over the last 7 days,No flood-risk action is needed from rainfall-driven conditions.
33113,Aardat,2026-09-21,34.41168,35.87382,0.0,0.0,0.0,0.0,77.22,78.59,17.83,7.6,0,0,0,0.172,0.329,0.173,1.904,Low,0.0,No rain over the last 7 days,No flood-risk action is needed from rainfall-driven conditions.
33115,Kfardlaqous,2026-09-21,34.399858,35.90586,0.0,0.0,0.0,0.0,76.64,78.0,17.82,7.39,0,0,0,0.167,0.314,0.175,1.797,Low,0.0,No rain over the last 7 days,No flood-risk action is needed from rainfall-driven conditions.
33117,Rachaaine,2026-09-21,34.399864,35.924369,0.0,0.0,0.0,0.0,74.51,75.89,17.8,6.57,0,0,0,0.148,0.259,0.183,1.411,Low,0.0,No rain over the last 7 days,No flood-risk action is needed from rainfall-driven conditions.
33119,Qarah Bach,2026-09-21,34.383118,35.892906,0.0,0.0,0.0,0.0,76.7,78.07,17.86,7.41,0,0,0,0.168,0.315,0.175,1.8,Low,0.0,No rain over the last 7 days,No flood-risk action is needed from rainfall-driven conditions.
33121,Kfarhata Zgharta,2026-09-21,34.382894,35.90146,0.0,0.0,0.0,0.0,76.41,77.77,17.85,7.29,0,0,0,0.165,0.307,0.176,1.746,Low,0.0,No rain over the last 7 days,No flood-risk action is needed from rainfall-driven conditions.
33123,Arde,2026-09-21,34.41668,35.915334,0.0,0.0,0.0,0.0,76.23,77.59,17.78,7.23,0,0,0,0.164,0.304,0.176,1.725,Low,0.0,No rain over the last 7 days,No flood-risk action is needed from rainfall-driven conditions.
33125,Asnoun,2026-09-21,34.386244,35.890347,0.0,0.0,0.0,0.0,78.25,79.63,17.86,8.03,0,0,0,0.182,0.357,0.168,2.125,Low,0.0,No rain over the last 7 days,No flood-risk action is needed from rainfall-driven conditions.
33127,Mazraat Ajbeaa,2026-09-21,34.385007,35.880177,0.0,0.0,0.0,0.0,75.98,77.34,17.87,7.11,0,0,0,0.161,0.294,0.178,1.651,Low,0.0,No rain over the last 7 days,No flood-risk action is needed from rainfall-driven conditions.
33129,Mejdlaiya Zgharta,2026-09-21,34.429377,35.876697,0.0,0.0,0.0,0.0,76.1,77.46,17.79,7.15,0,0,0,0.162,0.299,0.177,1.685,Low,0.0,No rain over the last 7 days,No flood-risk action is needed from rainfall-driven conditions.
33131,Hariq Zgharta,2026-09-21,34.377771,35.917688,0.0,0.0,0.0,0.0,74.86,76.25,17.85,6.7,0,0,0,0.151,0.267,0.182,1.464,Low,0.0,No rain over the last 7 days,No flood-risk action is needed from rainfall-driven conditions.
33133,Aalma,2026-09-21,34.425094,35.899303,0.0,0.0,0.0,0.0,77.6,78.97,17.78,7.77,0,0,0,0.176,0.341,0.171,2.0,Low,0.0,No rain over the last 7 days,No flood-risk action is needed from rainfall-driven conditions.
33135,Mazraat Jnaid,2026-09-21,34.376459,35.892398,0.0,0.0,0.0,0.0,75.03,76.41,17.87,6.75,0,0,0,0.152,0.269,0.182,1.483,Low,0.0,No rain over the last 7 days,No flood-risk action is needed from rainfall-driven conditions.
33137,Deir Jdeide,2026-09-21,34.361504,35.889426,0.0,0.0,0.0,0.0,77.15,78.51,17.9,7.58,0,0,0,0.171,0.326,0.173,1.882,Low,0.0,No rain over the last 7 days,No flood-risk action is needed from rainfall-driven conditions.
33139,Khaldiye,2026-09-21,34.371837,35.909509,0.0,0.0,0.0,0.0,76.69,78.05,17.86,7.41,0,0,0,0.168,0.315,0.175,1.802,Low,0.0,No rain over the last 7 days,No flood-risk action is needed from rainfall-driven conditions.
33141,Iaal,2026-09-21,34.354934,35.911305,0.0,0.0,0.0,0.0,77.77,79.14,17.89,7.85,0,0,0,0.178,0.344,0.17,2.021,Low,0.0,No rain over the last 7 days,No flood-risk action is needed from rainfall-driven conditions.
33143,Kfarhoura,2026-09-21,34.382447,35.871351,0.0,0.0,0.0,0.0,76.04,77.41,17.88,7.13,0,0,0,0.161,0.295,0.178,1.66,Low,0.0,No rain over the last 7 days,No flood-risk action is needed from rainfall-driven conditions.
33145,Kfarzaina,2026-09-21,34.372752,35.878913,0.0,0.0,0.0,0.0,75.2,76.58,17.89,6.81,0,0,0,0.153,0.273,0.181,1.506,Low,0.0,No rain over the last 7 days,No flood-risk action is needed from rainfall-driven conditions.
33147,Kfarchakhna,2026-09-21,34.361782,35.865669,0.0,0.0,0.0,0.0,75.97,77.34,17.92,7.1,0,0,0,0.16,0.292,0.178,1.639,Low,0.0,No rain over the last 7 days,No flood-risk action is needed from rainfall-driven conditions.
33149,Bsebaal,2026-09-21,34.352361,35.876343,0.0,0.0,0.0,0.0,75.19,76.57,17.93,6.8,0,0,0,0.153,0.272,0.181,1.499,Low,0.0,No rain over the last 7 days,No flood-risk action is needed from rainfall-driven conditions.
33151,Sakhra,2026-09-21,34.365206,35.921559,0.0,0.0,0.0,0.0,76.03,77.39,17.86,7.15,0,0,0,0.162,0.297,0.177,1.675,Low,0.0,No rain over the last 7 days,No flood-risk action is needed from rainfall-driven conditions.
33152,Houakir,2026-09-21,34.365799,35.929677,0.0,0.0,0.0,0.0,75.6,76.97,17.85,6.99,0,0,0,0.158,0.286,0.179,1.6,Low,0.0,No rain over the last 7 days,No flood-risk action is needed from rainfall-driven conditions.
33153,Kfaryachit,2026-09-21,34.353869,35.89324,0.0,0.0,0.0,0.0,76.09,77.45,17.91,7.16,0,0,0,0.162,0.297,0.178,1.671,Low,0.0,No rain over the last 7 days,No flood-risk action is needed from rainfall-driven conditions.
33155,Morh Kfarsghab,2026-09-21,34.349242,35.90432,0.0,0.0,0.0,0.0,75.81,77.17,17.91,7.06,0,0,0,0.159,0.29,0.179,1.622,Low,0.0,No rain over the last 7 days,No flood-risk action is needed from rainfall-driven conditions.
33157,Bchannine,2026-09-21,34.345369,35.863998,0.0,0.0,0.0,0.0,74.86,76.25,17.95,6.67,0,0,0,0.15,0.262,0.183,1.434,Low,0.0,No rain over the last 7 days,No flood-risk action is needed from rainfall-driven conditions.
33159,Bnechaai,2026-09-21,34.334218,35.895943,0.0,0.0,0.0,0.0,74.78,76.16,17.94,6.66,0,0,0,0.15,0.262,0.183,1.429,Low,0.0,No rain over the last 7 days,No flood-risk action is needed from rainfall-driven conditions.
33161,Aarjis,2026-09-21,34.337671,35.880779,0.0,0.0,0.0,0.0,75.74,77.1,17.95,7.02,0,0,0,0.158,0.286,0.179,1.595,Low,0.0,No rain over the last 7 days,No flood-risk action is needed from rainfall-driven conditions.
33163,Daraiya Zgharta,2026-09-21,34.333601,35.866909,0.0,0.0,0.0,0.0,76.22,77.58,17.97,7.19,0,0,0,0.162,0.298,0.177,1.677,Low,0.0,No rain over the last 7 days,No flood-risk action is needed from rainfall-driven conditions.
33165,Kfarfou,2026-09-21,34.321533,35.880097,0.0,0.0,0.0,0.0,74.75,76.14,17.97,6.64,0,0,0,0.149,0.259,0.183,1.415,Low,0.0,No rain over the last 7 days,No flood-risk action is needed from rainfall-driven conditions.
33167,Ras Kifa,2026-09-21,34.315346,35.868859,0.0,0.0,0.0,0.0,75.44,76.81,18.0,6.89,0,0,0,0.155,0.276,0.181,1.53,Low,0.0,No rain over the last 7 days,No flood-risk action is needed from rainfall-driven conditions.
33169,Karm Sadde,2026-09-21,34.304277,35.884428,0.0,0.0,0.0,0.0,76.04,77.4,18.0,7.14,0,0,0,0.16,0.293,0.178,1.644,Low,0.0,No rain over the last 7 days,No flood-risk action is needed from rainfall-driven conditions.
33171,Tallet Zgharta,2026-09-21,34.395482,35.877733,0.0,0.0,0.0,0.0,74.53,75.91,17.85,6.55,0,0,0,0.148,0.256,0.184,1.393,Low,0.0,No rain over the last 7 days,No flood-risk action is needed from rainfall-driven conditions.
33211,Ehden,2026-09-21,34.292009,35.977029,0.0,0.0,0.0,0.0,75.27,76.64,17.94,6.89,0,0,0,0.155,0.278,0.18,1.54,Low,0.0,No rain over the last 7 days,No flood-risk action is needed from rainfall-driven conditions.
33215,Beslouqit,2026-09-21,34.307808,35.966411,0.0,0.0,0.0,0.0,76.65,78.02,17.92,7.43,0,0,0,0.167,0.315,0.175,1.803,Low,0.0,No rain over the last 7 days,No flood-risk action is needed from rainfall-driven conditions.
33219,Aintourine,2026-09-21,34.287762,35.948981,0.0,0.0,0.0,0.0,74.77,76.15,17.97,6.68,0,0,0,0.15,0.263,0.183,1.438,Low,0.0,No rain over the last 7 days,No flood-risk action is needed from rainfall-driven conditions.
33223,Kfarsghab,2026-09-21,34.275711,35.970278,0.0,0.0,0.0,0.0,76.02,77.38,17.97,7.18,0,0,0,0.161,0.297,0.178,1.671,Low,0.0,No rain over the last 7 days,No flood-risk action is needed from rainfall-driven conditions.
33227,Aarbet Qozhaiya,2026-09-21,34.283391,35.935231,0.0,0.0,0.0,0.0,77.75,79.12,17.99,7.85,0,0,0,0.177,0.343,0.171,2.009,Low,0.0,No rain over the last 7 days,No flood-risk action is needed from rainfall-driven conditions.
33231,Toula Zgharta,2026-09-21,34.322401,35.965451,0.0,0.0,0.0,0.0,75.89,77.26,17.9,7.12,0,0,0,0.161,0.295,0.178,1.658,Low,0.0,No rain over the last 7 days,No flood-risk action is needed from rainfall-driven conditions.
33235,Mazraat Et-Teffah,2026-09-21,34.320823,35.943609,0.0,0.0,0.0,0.0,77.64,79.01,17.92,7.81,0,0,0,0.177,0.341,0.171,1.999,Low,0.0,No rain over the last 7 days,No flood-risk action is needed from rainfall-driven conditions.
33239,Bhairet Toula,2026-09-21,34.324544,35.970731,0.0,0.0,0.0,0.0,75.71,77.07,17.89,7.06,0,0,0,0.159,0.29,0.179,1.626,Low,0.0,No rain over the last 7 days,No flood-risk action is needed from rainfall-driven conditions.
33243,Ayto,2026-09-21,34.313353,35.918123,0.0,0.0,0.0,0.0,76.25,77.61,17.95,7.24,0,0,0,0.163,0.301,0.177,1.701,Low,0.0,No rain over the last 7 days,No flood-risk action is needed from rainfall-driven conditions.
33251,Miziara,2026-09-21,34.335003,35.928615,0.0,0.0,0.0,0.0,76.29,77.65,17.91,7.26,0,0,0,0.164,0.303,0.176,1.72,Low,0.0,No rain over the last 7 days,No flood-risk action is needed from rainfall-driven conditions.
33255,Seraal,2026-09-21,34.291404,35.905953,0.0,0.0,0.0,0.0,74.58,75.97,18.0,6.59,0,0,0,0.148,0.255,0.184,1.389,Low,0.0,No rain over the last 7 days,No flood-risk action is needed from rainfall-driven conditions.
33259,Sebaal Zgharta,2026-09-21,34.318087,35.908031,0.0,0.0,0.0,0.0,76.46,77.82,17.96,7.32,0,0,0,0.165,0.306,0.176,1.74,Low,0.0,No rain over the last 7 days,No flood-risk action is needed from rainfall-driven conditions.
33263,Danha,2026-09-21,34.395645,35.934873,0.0,0.0,0.0,0.0,76.77,78.14,17.8,7.46,0,0,0,0.169,0.32,0.174,1.837,Low,0.0,No rain over the last 7 days,No flood-risk action is needed from rainfall-driven conditions.
33267,Aachach,2026-09-21,34.41978,35.936514,0.0,0.0,0.0,0.0,76.0,77.36,17.76,7.15,0,0,0,0.162,0.299,0.177,1.691,Low,0.0,No rain over the last 7 days,No flood-risk action is needed from rainfall-driven conditions.
33271,Miriata,2026-09-21,34.417814,35.928335,0.0,0.0,0.0,0.0,74.34,75.73,17.77,6.51,0,0,0,0.147,0.255,0.184,1.388,Low,0.0,No rain over the last 7 days,No flood-risk action is needed from rainfall-driven conditions.
33275,Hailan,2026-09-21,34.432853,35.957292,0.0,0.0,0.0,0.0,75.49,76.86,17.72,6.97,0,0,0,0.158,0.288,0.179,1.609,Low,0.0,No rain over the last 7 days,No flood-risk action is needed from rainfall-driven conditions.
33279,Boussit,2026-09-21,34.441451,35.921008,0.0,0.0,0.0,0.0,76.29,77.65,17.73,7.26,0,0,0,0.165,0.307,0.176,1.746,Low,0.0,No rain over the last 7 days,No flood-risk action is needed from rainfall-driven conditions.
33283,Mzraat Kefraya,2026-09-21,34.447458,35.964258,0.0,0.0,0.0,0.0,76.0,77.37,17.68,7.17,0,0,0,0.163,0.302,0.177,1.712,Low,0.0,No rain over the last 7 days,No flood-risk action is needed from rainfall-driven conditions.
33287,Hraiqis,2026-09-21,34.452702,35.927967,0.0,0.0,0.0,0.0,74.37,75.76,17.71,6.52,0,0,0,0.148,0.257,0.184,1.401,Low,0.0,No rain over the last 7 days,No flood-risk action is needed from rainfall-driven conditions.
33291,Ijbaa,2026-09-21,34.310955,35.942541,0.0,0.0,0.0,0.0,75.55,76.92,17.94,6.98,0,0,0,0.157,0.284,0.179,1.582,Low,0.0,No rain over the last 7 days,No flood-risk action is needed from rainfall-driven conditions.
34001,34001,2026-09-21,34.264128,35.757479,0.0,0.0,0.0,0.0,77.72,79.09,18.18,7.74,0,0,0,0.174,0.33,0.172,1.911,Low,0.0,No rain over the last 7 days,No flood-risk action is needed from rainfall-driven conditions.
34002,34002,2026-09-21,34.240459,35.748198,0.0,0.0,0.0,0.0,76.84,78.2,18.23,7.38,0,0,0,0.165,0.304,0.176,1.721,Low,0.0,No rain over the last 7 days,No flood-risk action is needed from rainfall-driven conditions.
34111,Batroun,2026-09-21,34.253466,35.667916,0.0,0.0,0.0,0.0,76.84,78.2,18.28,7.33,0,0,0,0.164,0.299,0.177,1.688,Low,0.0,No rain over the last 7 days,No flood-risk action is needed from rainfall-driven conditions.
34122,Rachana,2026-09-21,34.215299,35.667908,0.0,0.0,0.0,0.0,77.12,78.49,18.35,7.45,0,0,0,0.166,0.305,0.176,1.734,Low,0.0,No rain over the last 7 days,No flood-risk action is needed from rainfall-driven conditions.
34133,Thoum,2026-09-21,34.213432,35.660564,0.0,0.0,0.0,0.0,75.81,77.18,18.36,6.92,0,0,0,0.154,0.269,0.182,1.48,Low,0.0,No rain over the last 7 days,No flood-risk action is needed from rainfall-driven conditions.
34144,Kfar Aabida,2026-09-21,34.231248,35.663102,0.0,0.0,0.0,0.0,77.72,79.09,18.32,7.68,0,0,0,0.172,0.322,0.174,1.856,Low,0.0,No rain over the last 7 days,No flood-risk action is needed from rainfall-driven conditions.
34155,Koubba,2026-09-21,34.271505,35.663293,0.0,0.0,0.0,0.0,75.58,76.95,18.25,6.83,0,0,0,0.153,0.265,0.182,1.455,Low,0.0,No rain over the last 7 days,No flood-risk action is needed from rainfall-driven conditions.
34166,Selaata,2026-09-21,34.281824,35.66009,0.0,0.0,0.0,0.0,76.89,78.26,18.24,7.35,0,0,0,0.165,0.301,0.177,1.702,Low,0.0,No rain over the last 7 days,No flood-risk action is needed from rainfall-driven conditions.
34177,Heri,2026-09-21,34.308962,35.712774,0.0,0.0,0.0,0.0,76.91,78.28,18.15,7.39,0,0,0,0.166,0.306,0.176,1.738,Low,0.0,No rain over the last 7 days,No flood-risk action is needed from rainfall-driven conditions.
34188,Chikka,2026-09-21,34.324786,35.737333,0.0,0.0,0.0,0.0,76.15,77.51,18.1,7.09,0,0,0,0.159,0.287,0.179,1.604,Low,0.0,No rain over the last 7 days,No flood-risk action is needed from rainfall-driven conditions.
34211,Dahr Abi Yaghi,2026-09-21,34.188976,35.729056,0.0,0.0,0.0,0.0,76.8,78.17,18.34,7.35,0,0,0,0.164,0.299,0.177,1.691,Low,0.0,No rain over the last 7 days,No flood-risk action is needed from rainfall-driven conditions.
34212,Toula El-Batroun,2026-09-21,34.199201,35.730429,0.0,0.0,0.0,0.0,75.76,77.12,18.32,6.94,0,0,0,0.154,0.272,0.181,1.497,Low,0.0,No rain over the last 7 days,No flood-risk action is needed from rainfall-driven conditions.
34214,Masrah,2026-09-21,34.187584,35.738137,0.0,0.0,0.0,0.0,77.71,79.08,18.33,7.73,0,0,0,0.173,0.325,0.173,1.879,Low,0.0,No rain over the last 7 days,No flood-risk action is needed from rainfall-driven conditions.
34215,Daraya El-Batroun,2026-09-21,34.214624,35.729523,0.0,0.0,0.0,0.0,76.03,77.39,18.29,7.04,0,0,0,0.157,0.279,0.18,1.55,Low,0.0,No rain over the last 7 days,No flood-risk action is needed from rainfall-driven conditions.
34217,AAbdelli,2026-09-21,34.209034,35.715004,0.0,0.0,0.0,0.0,75.53,76.9,18.31,6.84,0,0,0,0.152,0.265,0.182,1.454,Low,0.0,No rain over the last 7 days,No flood-risk action is needed from rainfall-driven conditions.
34218,Douq,2026-09-21,34.197324,35.744162,0.0,0.0,0.0,0.0,77.66,79.03,18.31,7.71,0,0,0,0.172,0.324,0.173,1.872,Low,0.0,No rain over the last 7 days,No flood-risk action is needed from rainfall-driven conditions.
34219,Jrabta El-Batroun,2026-09-21,34.201201,35.704539,0.0,0.0,0.0,0.0,75.77,77.13,18.34,6.93,0,0,0,0.154,0.27,0.182,1.488,Low,0.0,No rain over the last 7 days,No flood-risk action is needed from rainfall-driven conditions.
34221,Chibtine,2026-09-21,34.212157,35.749324,0.0,0.0,0.0,0.0,77.87,79.24,18.28,7.8,0,0,0,0.175,0.331,0.172,1.923,Low,0.0,No rain over the last 7 days,No flood-risk action is needed from rainfall-driven conditions.
34223,Deir Kfifane,2026-09-21,34.225078,35.723766,0.0,0.0,0.0,0.0,76.82,78.19,18.28,7.36,0,0,0,0.165,0.301,0.177,1.702,Low,0.0,No rain over the last 7 days,No flood-risk action is needed from rainfall-driven conditions.
34224,Sghar,2026-09-21,34.203135,35.691697,0.0,0.0,0.0,0.0,76.35,77.71,18.35,7.15,0,0,0,0.159,0.285,0.179,1.59,Low,0.0,No rain over the last 7 days,No flood-risk action is needed from rainfall-driven conditions.
34226,Mar Mama,2026-09-21,34.188972,35.753635,0.0,0.0,0.0,0.0,76.57,77.93,18.31,7.27,0,0,0,0.162,0.295,0.178,1.656,Low,0.0,No rain over the last 7 days,No flood-risk action is needed from rainfall-driven conditions.
34227,Deir Mar Youssef Jrabta,2026-09-21,34.208281,35.699499,0.0,0.0,0.0,0.0,75.64,77.01,18.33,6.87,0,0,0,0.153,0.267,0.182,1.465,Low,0.0,No rain over the last 7 days,No flood-risk action is needed from rainfall-driven conditions.
34229,Mrah Ez Ziyat,2026-09-21,34.217029,35.705545,0.0,0.0,0.0,0.0,78.41,79.78,18.31,7.99,0,0,0,0.179,0.344,0.17,2.017,Low,0.0,No rain over the last 7 days,No flood-risk action is needed from rainfall-driven conditions.
34231,Ghouma,2026-09-21,34.21329,35.687355,0.0,0.0,0.0,0.0,77.29,78.66,18.33,7.53,0,0,0,0.168,0.311,0.175,1.776,Low,0.0,No rain over the last 7 days,No flood-risk action is needed from rainfall-driven conditions.
34233,Kfifane,2026-09-21,34.233863,35.719893,0.0,0.0,0.0,0.0,78.0,79.37,18.27,7.83,0,0,0,0.176,0.334,0.172,1.942,Low,0.0,No rain over the last 7 days,No flood-risk action is needed from rainfall-driven conditions.
34234,Jrane El-Batroun,2026-09-21,34.225673,35.704972,0.0,0.0,0.0,0.0,76.94,78.3,18.3,7.39,0,0,0,0.165,0.303,0.177,1.717,Low,0.0,No rain over the last 7 days,No flood-risk action is needed from rainfall-driven conditions.
34236,Mehmarch,2026-09-21,34.199609,35.764737,0.0,0.0,0.0,0.0,78.59,79.97,18.29,8.1,0,0,0,0.182,0.352,0.169,2.081,Low,0.0,No rain over the last 7 days,No flood-risk action is needed from rainfall-driven conditions.
34237,Aalali,2026-09-21,34.207336,35.77461,0.0,0.0,0.0,0.0,76.25,77.61,18.26,7.16,0,0,0,0.16,0.288,0.179,1.61,Low,0.0,No rain over the last 7 days,No flood-risk action is needed from rainfall-driven conditions.
34239,Smar Jbayl,2026-09-21,34.221944,35.682438,0.0,0.0,0.0,0.0,77.39,78.76,18.32,7.56,0,0,0,0.169,0.314,0.175,1.795,Low,0.0,No rain over the last 7 days,No flood-risk action is needed from rainfall-driven conditions.
34241,Kfar Hatna,2026-09-21,34.231333,35.744142,0.0,0.0,0.0,0.0,76.03,77.39,18.25,7.05,0,0,0,0.157,0.281,0.18,1.562,Low,0.0,No rain over the last 7 days,No flood-risk action is needed from rainfall-driven conditions.
34243,Zane,2026-09-21,34.224605,35.750408,0.0,0.0,0.0,0.0,75.12,76.5,18.26,6.7,0,0,0,0.149,0.257,0.184,1.399,Low,0.0,No rain over the last 7 days,No flood-risk action is needed from rainfall-driven conditions.
34244,Ftahat El-Batroun,2026-09-21,34.231049,35.759462,0.0,0.0,0.0,0.0,78.63,80.02,18.24,8.12,0,0,0,0.182,0.354,0.169,2.097,Low,0.0,No rain over the last 7 days,No flood-risk action is needed from rainfall-driven conditions.
34246,Kour,2026-09-21,34.238282,35.733297,0.0,0.0,0.0,0.0,76.38,77.74,18.25,7.18,0,0,0,0.161,0.29,0.179,1.624,Low,0.0,No rain over the last 7 days,No flood-risk action is needed from rainfall-driven conditions.
34247,Racha,2026-09-21,34.201204,35.787135,0.0,0.0,0.0,0.0,75.2,76.57,18.26,6.75,0,0,0,0.15,0.26,0.183,1.422,Low,0.0,No rain over the last 7 days,No flood-risk action is needed from rainfall-driven conditions.
34249,Basbina,2026-09-21,34.236006,35.704336,0.0,0.0,0.0,0.0,75.93,77.97,17.99,7.56,0,0,0,0.176,0.315,0.175,1.8,Low,0.0,No rain over the last 7 days,No flood-risk action is needed from rainfall-driven conditions.
34251,Aartiz,2026-09-21,34.234498,35.749846,0.0,0.0,0.0,0.0,77.51,78.88,18.24,7.65,0,0,0,0.172,0.322,0.174,1.856,Low,0.0,No rain over the last 7 days,No flood-risk action is needed from rainfall-driven conditions.
34253,Harbouna,2026-09-21,34.241417,35.743623,0.0,0.0,0.0,0.0,76.73,78.09,18.23,7.33,0,0,0,0.164,0.3,0.177,1.697,Low,0.0,No rain over the last 7 days,No flood-risk action is needed from rainfall-driven conditions.
34254,Mrah El-Hajj,2026-09-21,34.210292,35.776677,0.0,0.0,0.0,0.0,78.46,79.84,18.26,8.06,0,0,0,0.181,0.349,0.169,2.063,Low,0.0,No rain over the last 7 days,No flood-risk action is needed from rainfall-driven conditions.
34256,Mrah Chdid,2026-09-21,34.225816,35.683658,0.0,0.0,0.0,0.0,76.55,77.91,18.31,7.22,0,0,0,0.161,0.291,0.178,1.631,Low,0.0,No rain over the last 7 days,No flood-risk action is needed from rainfall-driven conditions.
34257,Kfarb Shlaimane,2026-09-21,34.230992,35.77141,0.0,0.0,0.0,0.0,75.7,77.07,18.23,6.94,0,0,0,0.155,0.274,0.181,1.513,Low,0.0,No rain over the last 7 days,No flood-risk action is needed from rainfall-driven conditions.
34259,Edde El-Batroun,2026-09-21,34.235558,35.683302,0.0,0.0,0.0,0.0,78.56,79.94,18.3,8.04,0,0,0,0.18,0.347,0.17,2.044,Low,0.0,No rain over the last 7 days,No flood-risk action is needed from rainfall-driven conditions.
34261,Sourat El-Batroun,2026-09-21,34.241514,35.759972,0.0,0.0,0.0,0.0,76.99,78.35,18.22,7.44,0,0,0,0.167,0.309,0.176,1.757,Low,0.0,No rain over the last 7 days,No flood-risk action is needed from rainfall-driven conditions.
34263,Assia,2026-09-21,34.217132,35.795758,0.0,0.0,0.0,0.0,77.73,79.1,18.23,7.77,0,0,0,0.174,0.331,0.172,1.918,Low,0.0,No rain over the last 7 days,No flood-risk action is needed from rainfall-driven conditions.
34264,Bijdarfil,2026-09-21,34.246822,35.718956,0.0,0.0,0.0,0.0,77.47,78.84,18.25,7.62,0,0,0,0.171,0.32,0.174,1.837,Low,0.0,No rain over the last 7 days,No flood-risk action is needed from rainfall-driven conditions.
34266,Ijdabra,2026-09-21,34.247053,35.689366,0.0,0.0,0.0,0.0,75.85,77.22,18.27,6.95,0,0,0,0.155,0.273,0.181,1.509,Low,0.0,No rain over the last 7 days,No flood-risk action is needed from rainfall-driven conditions.
34267,Helta,2026-09-21,34.238474,35.778181,0.0,0.0,0.0,0.0,77.04,78.4,18.21,7.48,0,0,0,0.168,0.311,0.175,1.774,Low,0.0,No rain over the last 7 days,No flood-risk action is needed from rainfall-driven conditions.
34269,Aabrine,2026-09-21,34.258139,35.698747,0.0,0.0,0.0,0.0,78.6,79.98,18.25,8.07,0,0,0,0.181,0.35,0.169,2.068,Low,0.0,No rain over the last 7 days,No flood-risk action is needed from rainfall-driven conditions.
34271,Kfar Hay,2026-09-21,34.257294,35.743439,0.0,0.0,0.0,0.0,76.7,78.06,18.21,7.32,0,0,0,0.164,0.3,0.177,1.696,Low,0.0,No rain over the last 7 days,No flood-risk action is needed from rainfall-driven conditions.
34273,Nahle El-Batroun,2026-09-21,34.216287,35.807587,0.0,0.0,0.0,0.0,75.49,76.86,18.22,6.88,0,0,0,0.153,0.27,0.182,1.487,Low,0.0,No rain over the last 7 days,No flood-risk action is needed from rainfall-driven conditions.
34274,Jebla,2026-09-21,34.247796,35.782608,0.0,0.0,0.0,0.0,75.39,76.76,18.19,6.82,0,0,0,0.152,0.267,0.182,1.466,Low,0.0,No rain over the last 7 days,No flood-risk action is needed from rainfall-driven conditions.
34276,Rachkida,2026-09-21,34.268801,35.718379,0.0,0.0,0.0,0.0,77.91,79.28,18.21,7.79,0,0,0,0.175,0.332,0.172,1.932,Low,0.0,No rain over the last 7 days,No flood-risk action is needed from rainfall-driven conditions.
34277,Boqsmaiya,2026-09-21,34.255738,35.762139,0.0,0.0,0.0,0.0,76.53,77.89,18.19,7.26,0,0,0,0.163,0.297,0.178,1.67,Low,0.0,No rain over the last 7 days,No flood-risk action is needed from rainfall-driven conditions.
34279,Daael,2026-09-21,34.241328,35.796407,0.0,0.0,0.0,0.0,77.45,78.82,18.19,7.65,0,0,0,0.172,0.324,0.173,1.868,Low,0.0,No rain over the last 7 days,No flood-risk action is needed from rainfall-driven conditions.
34281,Kfar Khollos,2026-09-21,34.264882,35.682463,0.0,0.0,0.0,0.0,76.53,77.89,18.25,7.21,0,0,0,0.161,0.292,0.178,1.636,Low,0.0,No rain over the last 7 days,No flood-risk action is needed from rainfall-driven conditions.
34283,Qatnaaoun,2026-09-21,34.272755,35.694211,0.0,0.0,0.0,0.0,78.87,80.26,18.23,8.18,0,0,0,0.184,0.358,0.168,2.13,Low,0.0,No rain over the last 7 days,No flood-risk action is needed from rainfall-driven conditions.
34284,Ras Nahhach,2026-09-21,34.281231,35.715022,0.0,0.0,0.0,0.0,78.71,80.09,18.19,8.12,0,0,0,0.183,0.355,0.169,2.106,Low,0.0,No rain over the last 7 days,No flood-risk action is needed from rainfall-driven conditions.
34286,Ouajh El-Hajjar,2026-09-21,34.282057,35.676454,0.0,0.0,0.0,0.0,76.52,77.88,18.23,7.21,0,0,0,0.161,0.292,0.178,1.638,Low,0.0,No rain over the last 7 days,No flood-risk action is needed from rainfall-driven conditions.
34287,Hamat,2026-09-21,34.29022,35.687035,0.0,0.0,0.0,0.0,75.86,77.23,18.2,6.95,0,0,0,0.156,0.275,0.181,1.521,Low,0.0,No rain over the last 7 days,No flood-risk action is needed from rainfall-driven conditions.
34311,Douma,2026-09-21,34.199971,35.853515,0.0,0.0,0.0,0.0,78.22,79.6,18.21,8.0,0,0,0,0.179,0.347,0.17,2.045,Low,0.0,No rain over the last 7 days,No flood-risk action is needed from rainfall-driven conditions.
34316,Bcheaali,2026-09-21,34.206446,35.814898,0.0,0.0,0.0,0.0,76.2,77.56,18.23,7.16,0,0,0,0.16,0.289,0.179,1.618,Low,0.0,No rain over the last 7 days,No flood-risk action is needed from rainfall-driven conditions.
34321,Beit Chlala,2026-09-21,34.221094,35.840271,0.0,0.0,0.0,0.0,76.58,77.95,18.18,7.33,0,0,0,0.164,0.302,0.177,1.707,Low,0.0,No rain over the last 7 days,No flood-risk action is needed from rainfall-driven conditions.
34326,Deir Mar Youhanna EL-Batroun,2026-09-21,34.218799,35.833234,0.0,0.0,0.0,0.0,78.4,79.78,18.19,8.06,0,0,0,0.181,0.352,0.169,2.08,Low,0.0,No rain over the last 7 days,No flood-risk action is needed from rainfall-driven conditions.
34331,Bechtoudar,2026-09-21,34.229363,35.814819,0.0,0.0,0.0,0.0,78.47,79.85,18.19,8.08,0,0,0,0.182,0.353,0.169,2.089,Low,0.0,No rain over the last 7 days,No flood-risk action is needed from rainfall-driven conditions.
34336,Kfar Hilda,2026-09-21,34.233741,35.833548,0.0,0.0,0.0,0.0,74.86,76.24,18.17,6.65,0,0,0,0.148,0.256,0.184,1.392,Low,0.0,No rain over the last 7 days,No flood-risk action is needed from rainfall-driven conditions.
34341,Kfour El-Aarbi,2026-09-21,34.221423,35.876968,0.0,0.0,0.0,0.0,76.12,77.48,18.15,7.16,0,0,0,0.16,0.291,0.178,1.633,Low,0.0,No rain over the last 7 days,No flood-risk action is needed from rainfall-driven conditions.
34346,Ram El-Batroun,2026-09-21,34.185357,35.799108,0.0,0.0,0.0,0.0,74.86,76.24,18.28,6.63,0,0,0,0.147,0.252,0.184,1.365,Low,0.0,No rain over the last 7 days,No flood-risk action is needed from rainfall-driven conditions.
34351,Hadtoun,2026-09-21,34.194862,35.79871,0.0,0.0,0.0,0.0,77.97,79.35,18.26,7.87,0,0,0,0.176,0.337,0.171,1.963,Low,0.0,No rain over the last 7 days,No flood-risk action is needed from rainfall-driven conditions.
34356,Tannourine Et-Tahta,2026-09-21,34.207666,35.900868,0.0,0.0,0.0,0.0,74.69,76.07,18.15,6.62,0,0,0,0.148,0.255,0.184,1.383,Low,0.0,No rain over the last 7 days,No flood-risk action is needed from rainfall-driven conditions.
34361,Hardine,2026-09-21,34.24038,35.847671,0.0,0.0,0.0,0.0,76.6,77.96,18.14,7.34,0,0,0,0.164,0.303,0.176,1.72,Low,0.0,No rain over the last 7 days,No flood-risk action is needed from rainfall-driven conditions.
34366,Chatine,2026-09-21,34.181596,35.880299,0.0,0.0,0.0,0.0,74.48,75.87,18.21,6.53,0,0,0,0.145,0.247,0.185,1.333,Low,0.0,No rain over the last 7 days,No flood-risk action is needed from rainfall-driven conditions.
34371,Beit Kassab,2026-09-21,34.24753,35.84871,0.0,0.0,0.0,0.0,76.57,77.93,18.13,7.33,0,0,0,0.164,0.303,0.177,1.715,Low,0.0,No rain over the last 7 days,No flood-risk action is needed from rainfall-driven conditions.
34374,Deir Billa,2026-09-21,34.253353,35.820559,0.0,0.0,0.0,0.0,76.13,77.49,18.14,7.13,0,0,0,0.16,0.289,0.179,1.618,Low,0.0,No rain over the last 7 days,No flood-risk action is needed from rainfall-driven conditions.
34376,Niha El-Batroun,2026-09-21,34.231208,35.888987,0.0,0.0,0.0,0.0,76.71,78.07,18.12,7.41,0,0,0,0.166,0.309,0.176,1.758,Low,0.0,No rain over the last 7 days,No flood-risk action is needed from rainfall-driven conditions.
34381,Ouata Houb,2026-09-21,34.194595,35.903257,0.0,0.0,0.0,0.0,75.16,76.54,18.17,6.81,0,0,0,0.152,0.267,0.182,1.464,Low,0.0,No rain over the last 7 days,No flood-risk action is needed from rainfall-driven conditions.
34386,Tannourine El-Faouqa,2026-09-21,34.178448,35.93673,0.0,0.0,0.0,0.0,77.3,78.67,18.17,7.67,0,0,0,0.172,0.326,0.173,1.886,Low,0.0,No rain over the last 7 days,No flood-risk action is needed from rainfall-driven conditions.
35001,35001,2026-09-21,34.632392,36.114868,0.0,0.0,0.0,0.0,76.94,78.31,17.24,7.63,0,0,0,0.176,0.345,0.17,2.025,Low,0.0,No rain over the last 7 days,No flood-risk action is needed from rainfall-driven conditions.
35002,35002,2026-09-21,34.489454,36.245614,0.0,0.0,0.0,0.0,74.89,76.27,17.36,6.9,0,0,0,0.157,0.292,0.178,1.641,Low,0.0,No rain over the last 7 days,No flood-risk action is needed from rainfall-driven conditions.
35003,35003,2026-09-21,34.49987,36.262828,0.0,0.0,0.0,0.0,76.31,77.67,17.33,7.46,0,0,0,0.171,0.332,0.172,1.927,Low,0.0,No rain over the last 7 days,No flood-risk action is needed from rainfall-driven conditions.
35111,Halba,2026-09-21,34.552891,36.073782,0.0,0.0,0.0,0.0,76.32,77.68,17.41,7.35,0,0,0,0.168,0.322,0.174,1.854,Low,0.0,No rain over the last 7 days,No flood-risk action is needed from rainfall-driven conditions.
35113,Cheikh Mohammad,2026-09-21,34.553751,36.082829,0.0,0.0,0.0,0.0,75.58,76.94,17.4,7.07,0,0,0,0.162,0.303,0.177,1.713,Low,0.0,No rain over the last 7 days,No flood-risk action is needed from rainfall-driven conditions.
35115,Nfisse,2026-09-21,34.547331,36.087978,0.0,0.0,0.0,0.0,73.66,75.05,17.4,6.34,0,0,0,0.145,0.253,0.184,1.37,Low,0.0,No rain over the last 7 days,No flood-risk action is needed from rainfall-driven conditions.
35117,Idbil,2026-09-21,34.533635,36.093204,0.0,0.0,0.0,0.0,75.12,76.49,17.42,6.9,0,0,0,0.158,0.29,0.178,1.628,Low,0.0,No rain over the last 7 days,No flood-risk action is needed from rainfall-driven conditions.
35119,Kroum El-Aarab,2026-09-21,34.556224,36.088976,0.0,0.0,0.0,0.0,75.01,76.39,17.39,6.85,0,0,0,0.157,0.288,0.179,1.612,Low,0.0,No rain over the last 7 days,No flood-risk action is needed from rainfall-driven conditions.
35121,Cheikh Taba Es-Sahl,2026-09-21,34.552233,36.061899,0.0,0.0,0.0,0.0,76.48,77.84,17.42,7.41,0,0,0,0.17,0.326,0.173,1.88,Low,0.0,No rain over the last 7 days,No flood-risk action is needed from rainfall-driven conditions.
35123,Cheikh Taba,2026-09-21,34.535384,36.077672,0.0,0.0,0.0,0.0,74.8,76.19,17.43,6.77,0,0,0,0.155,0.281,0.18,1.564,Low,0.0,No rain over the last 7 days,No flood-risk action is needed from rainfall-driven conditions.
35125,Jdidet Ej-Joumeh,2026-09-21,34.539307,36.063517,0.0,0.0,0.0,0.0,73.87,75.26,17.44,6.4,0,0,0,0.146,0.256,0.184,1.394,Low,0.0,No rain over the last 7 days,No flood-risk action is needed from rainfall-driven conditions.
35126,Daouret Aakkar,2026-09-21,34.544921,36.217746,0.0,0.0,0.0,0.0,76.18,77.54,17.29,7.38,0,0,0,0.169,0.327,0.173,1.892,Low,0.0,No rain over the last 7 days,No flood-risk action is needed from rainfall-driven conditions.
35127,Zouarib,2026-09-21,34.535017,36.070987,0.0,0.0,0.0,0.0,74.91,76.29,17.44,6.81,0,0,0,0.155,0.284,0.18,1.58,Low,0.0,No rain over the last 7 days,No flood-risk action is needed from rainfall-driven conditions.
35128,Majdel Akkar,2026-09-21,34.57201,36.21062,0.0,0.0,0.0,0.0,73.21,74.61,17.25,6.24,0,0,0,0.143,0.25,0.185,1.351,Low,0.0,No rain over the last 7 days,No flood-risk action is needed from rainfall-driven conditions.
35129,Minyara,2026-09-21,34.536747,36.058676,0.0,0.0,0.0,0.0,75.0,76.38,17.45,6.83,0,0,0,0.156,0.285,0.179,1.591,Low,0.0,No rain over the last 7 days,No flood-risk action is needed from rainfall-driven conditions.
35131,Hakour,2026-09-21,34.525336,36.052042,0.0,0.0,0.0,0.0,76.52,77.88,17.47,7.42,0,0,0,0.17,0.325,0.173,1.877,Low,0.0,No rain over the last 7 days,No flood-risk action is needed from rainfall-driven conditions.
35133,Karm Aasfour,2026-09-21,34.524132,36.062818,0.0,0.0,0.0,0.0,74.72,76.1,17.47,6.73,0,0,0,0.153,0.278,0.18,1.539,Low,0.0,No rain over the last 7 days,No flood-risk action is needed from rainfall-driven conditions.
35134,Mazraat Beit Ghattas,2026-09-21,34.524243,36.06002,0.0,0.0,0.0,0.0,76.47,77.83,17.47,7.41,0,0,0,0.169,0.324,0.173,1.87,Low,0.0,No rain over the last 7 days,No flood-risk action is needed from rainfall-driven conditions.
35135,Qantarat Aakkar,2026-09-21,34.523279,36.077069,0.0,0.0,0.0,0.0,76.82,78.18,17.45,7.56,0,0,0,0.173,0.335,0.172,1.95,Low,0.0,No rain over the last 7 days,No flood-risk action is needed from rainfall-driven conditions.
35137,Machha,2026-09-21,34.546375,36.105507,0.0,0.0,0.0,0.0,73.97,75.37,17.39,6.47,0,0,0,0.148,0.262,0.183,1.432,Low,0.0,No rain over the last 7 days,No flood-risk action is needed from rainfall-driven conditions.
35139,Hayzouq,2026-09-21,34.553631,36.13329,0.0,0.0,0.0,0.0,74.07,75.47,17.35,6.52,0,0,0,0.149,0.267,0.182,1.463,Low,0.0,No rain over the last 7 days,No flood-risk action is needed from rainfall-driven conditions.
35141,Aarqa,2026-09-21,34.537965,36.041914,0.0,0.0,0.0,0.0,76.03,77.39,17.46,7.22,0,0,0,0.165,0.311,0.175,1.776,Low,0.0,No rain over the last 7 days,No flood-risk action is needed from rainfall-driven conditions.
35143,Souaisset Aakkar,2026-09-21,34.556219,36.117573,0.0,0.0,0.0,0.0,76.07,77.43,17.36,7.28,0,0,0,0.167,0.318,0.174,1.824,Low,0.0,No rain over the last 7 days,No flood-risk action is needed from rainfall-driven conditions.
35145,Ilat,2026-09-21,34.518434,36.100355,0.0,0.0,0.0,0.0,74.27,75.66,17.44,6.58,0,0,0,0.15,0.268,0.182,1.474,Low,0.0,No rain over the last 7 days,No flood-risk action is needed from rainfall-driven conditions.
35147,Bqerzla,2026-09-21,34.515115,36.066481,0.0,0.0,0.0,0.0,75.46,76.83,17.48,7.02,0,0,0,0.16,0.297,0.177,1.675,Low,0.0,No rain over the last 7 days,No flood-risk action is needed from rainfall-driven conditions.
35149,Deir Dalloum,2026-09-21,34.52523,36.020567,0.0,0.0,0.0,0.0,76.91,78.27,17.5,7.56,0,0,0,0.173,0.334,0.172,1.941,Low,0.0,No rain over the last 7 days,No flood-risk action is needed from rainfall-driven conditions.
35151,Zouq El Hosniye,2026-09-21,34.521355,36.041947,0.0,0.0,0.0,0.0,76.91,78.28,17.49,7.58,0,0,0,0.173,0.335,0.172,1.952,Low,0.0,No rain over the last 7 days,No flood-risk action is needed from rainfall-driven conditions.
35153,Zouq El-Hbalsa,2026-09-21,34.515927,36.0408,0.0,0.0,0.0,0.0,76.97,78.34,17.5,7.6,0,0,0,0.174,0.337,0.171,1.963,Low,0.0,No rain over the last 7 days,No flood-risk action is needed from rainfall-driven conditions.
35155,Dahr Laissine,2026-09-21,34.539022,36.139017,0.0,0.0,0.0,0.0,75.0,76.37,17.37,6.88,0,0,0,0.157,0.29,0.179,1.627,Low,0.0,No rain over the last 7 days,No flood-risk action is needed from rainfall-driven conditions.
35157,Kfar Harra,2026-09-21,34.567683,36.137029,0.0,0.0,0.0,0.0,74.24,75.64,17.33,6.59,0,0,0,0.151,0.272,0.181,1.498,Low,0.0,No rain over the last 7 days,No flood-risk action is needed from rainfall-driven conditions.
35158,Balde WaMazraatBalde,2026-09-21,34.560225,36.148951,0.0,0.0,0.0,0.0,73.89,75.28,17.33,6.46,0,0,0,0.148,0.263,0.183,1.438,Low,0.0,No rain over the last 7 days,No flood-risk action is needed from rainfall-driven conditions.
35159,Zouq El-Hadara,2026-09-21,34.512844,36.032692,0.0,0.0,0.0,0.0,75.31,76.68,17.51,6.94,0,0,0,0.158,0.291,0.178,1.63,Low,0.0,No rain over the last 7 days,No flood-risk action is needed from rainfall-driven conditions.
35161,Zouq El-Moqachrine,2026-09-21,34.517839,36.028516,0.0,0.0,0.0,0.0,74.72,76.11,17.51,6.71,0,0,0,0.153,0.275,0.181,1.523,Low,0.0,No rain over the last 7 days,No flood-risk action is needed from rainfall-driven conditions.
35163,Jebrayel,2026-09-21,34.523509,36.124534,0.0,0.0,0.0,0.0,74.9,76.28,17.41,6.83,0,0,0,0.156,0.286,0.179,1.598,Low,0.0,No rain over the last 7 days,No flood-risk action is needed from rainfall-driven conditions.
35167,Mar Touma,2026-09-21,34.513825,36.02106,0.0,0.0,0.0,0.0,76.03,77.39,17.52,7.21,0,0,0,0.164,0.309,0.176,1.76,Low,0.0,No rain over the last 7 days,No flood-risk action is needed from rainfall-driven conditions.
35169,Hedd,2026-09-21,34.56237,36.154017,0.0,0.0,0.0,0.0,73.48,74.87,17.32,6.31,0,0,0,0.144,0.253,0.184,1.37,Low,0.0,No rain over the last 7 days,No flood-risk action is needed from rainfall-driven conditions.
35171,Tikrit,2026-09-21,34.519368,36.156942,0.0,0.0,0.0,0.0,73.94,75.33,17.39,6.48,0,0,0,0.148,0.263,0.183,1.44,Low,0.0,No rain over the last 7 days,No flood-risk action is needed from rainfall-driven conditions.
35173,Tallet Chattaha,2026-09-21,34.533519,36.16993,0.0,0.0,0.0,0.0,77.0,78.37,17.35,7.69,0,0,0,0.176,0.346,0.17,2.037,Low,0.0,No rain over the last 7 days,No flood-risk action is needed from rainfall-driven conditions.
35174,Beit Mellat,2026-09-21,34.531961,36.162899,0.0,0.0,0.0,0.0,74.92,76.3,17.36,6.86,0,0,0,0.157,0.29,0.179,1.621,Low,0.0,No rain over the last 7 days,No flood-risk action is needed from rainfall-driven conditions.
35175,Beino,2026-09-21,34.546793,36.173749,0.0,0.0,0.0,0.0,77.17,78.54,17.33,7.76,0,0,0,0.178,0.352,0.169,2.079,Low,0.0,No rain over the last 7 days,No flood-risk action is needed from rainfall-driven conditions.
35177,Aayoun Aakkar,2026-09-21,34.531572,36.17182,0.0,0.0,0.0,0.0,74.66,76.04,17.36,6.77,0,0,0,0.155,0.283,0.18,1.578,Low,0.0,No rain over the last 7 days,No flood-risk action is needed from rainfall-driven conditions.
35179,Qboula,2026-09-21,34.531916,36.180081,0.0,0.0,0.0,0.0,77.07,78.44,17.35,7.72,0,0,0,0.177,0.349,0.17,2.056,Low,0.0,No rain over the last 7 days,No flood-risk action is needed from rainfall-driven conditions.
35181,Chaqdouf,2026-09-21,34.529408,36.190168,0.0,0.0,0.0,0.0,75.5,76.86,17.34,7.1,0,0,0,0.162,0.306,0.176,1.741,Low,0.0,No rain over the last 7 days,No flood-risk action is needed from rainfall-driven conditions.
35183,Borj Aakkar,2026-09-21,34.532355,36.184543,0.0,0.0,0.0,0.0,73.34,74.74,17.34,6.27,0,0,0,0.143,0.25,0.185,1.353,Low,0.0,No rain over the last 7 days,No flood-risk action is needed from rainfall-driven conditions.
35185,Aaiyat,2026-09-21,34.53756,36.197579,0.0,0.0,0.0,0.0,75.54,76.91,17.32,7.12,0,0,0,0.163,0.308,0.176,1.755,Low,0.0,No rain over the last 7 days,No flood-risk action is needed from rainfall-driven conditions.
35187,Aain Yaaqoub,2026-09-21,34.525203,36.196402,0.0,0.0,0.0,0.0,74.17,75.57,17.34,6.6,0,0,0,0.151,0.272,0.181,1.5,Low,0.0,No rain over the last 7 days,No flood-risk action is needed from rainfall-driven conditions.
35189,Bezbina,2026-09-21,34.512333,36.192158,0.0,0.0,0.0,0.0,76.52,77.89,17.37,7.51,0,0,0,0.172,0.334,0.172,1.941,Low,0.0,No rain over the last 7 days,No flood-risk action is needed from rainfall-driven conditions.
35191,Aakkar El-Aatiqa,2026-09-21,34.529516,36.234906,0.0,0.0,0.0,0.0,76.54,77.9,17.3,7.54,0,0,0,0.173,0.337,0.171,1.969,Low,0.0,No rain over the last 7 days,No flood-risk action is needed from rainfall-driven conditions.
35211,Tall Aabbas El-Gharbi,2026-09-21,34.584611,36.070342,0.0,0.0,0.0,0.0,74.91,76.29,17.36,6.8,0,0,0,0.156,0.285,0.179,1.592,Low,0.0,No rain over the last 7 days,No flood-risk action is needed from rainfall-driven conditions.
35213,Tall Aabbas Ech-Charqi,2026-09-21,34.597441,36.075535,0.0,0.0,0.0,0.0,75.83,77.19,17.33,7.16,0,0,0,0.164,0.31,0.175,1.769,Low,0.0,No rain over the last 7 days,No flood-risk action is needed from rainfall-driven conditions.
35215,Koueikhat,2026-09-21,34.583604,36.088974,0.0,0.0,0.0,0.0,73.94,75.34,17.34,6.45,0,0,0,0.147,0.261,0.183,1.429,Low,0.0,No rain over the last 7 days,No flood-risk action is needed from rainfall-driven conditions.
35216,Khreibet Ej-Jindi,2026-09-21,34.566451,36.094334,0.0,0.0,0.0,0.0,73.75,75.15,17.37,6.38,0,0,0,0.146,0.256,0.184,1.394,Low,0.0,No rain over the last 7 days,No flood-risk action is needed from rainfall-driven conditions.
35217,Saadine,2026-09-21,34.600928,36.087801,0.0,0.0,0.0,0.0,75.03,76.41,17.31,6.86,0,0,0,0.157,0.29,0.179,1.626,Low,0.0,No rain over the last 7 days,No flood-risk action is needed from rainfall-driven conditions.
35219,Haouchab,2026-09-21,34.586606,36.099607,0.0,0.0,0.0,0.0,75.74,77.1,17.33,7.14,0,0,0,0.164,0.309,0.176,1.761,Low,0.0,No rain over the last 7 days,No flood-risk action is needed from rainfall-driven conditions.
35221,Hayssa,2026-09-21,34.589043,36.046417,0.0,0.0,0.0,0.0,77.68,79.05,17.37,7.89,0,0,0,0.181,0.359,0.168,2.137,Low,0.0,No rain over the last 7 days,No flood-risk action is needed from rainfall-driven conditions.
35223,Hokr Etti,2026-09-21,34.569043,36.106992,0.0,0.0,0.0,0.0,75.98,77.34,17.35,7.24,0,0,0,0.166,0.315,0.175,1.805,Low,0.0,No rain over the last 7 days,No flood-risk action is needed from rainfall-driven conditions.
35224,Chir Hmairine,2026-09-21,34.625081,36.102169,0.0,0.0,0.0,0.0,76.44,77.8,17.26,7.42,0,0,0,0.171,0.33,0.172,1.913,Low,0.0,No rain over the last 7 days,No flood-risk action is needed from rainfall-driven conditions.
35225,Darine,2026-09-21,34.611023,36.101535,0.0,0.0,0.0,0.0,76.41,77.77,17.28,7.41,0,0,0,0.17,0.328,0.173,1.901,Low,0.0,No rain over the last 7 days,No flood-risk action is needed from rainfall-driven conditions.
35227,Sammouniye,2026-09-21,34.570775,36.04595,0.0,0.0,0.0,0.0,73.92,75.31,17.4,6.41,0,0,0,0.147,0.258,0.184,1.403,Low,0.0,No rain over the last 7 days,No flood-risk action is needed from rainfall-driven conditions.
35229,Massaaoudiye,2026-09-21,34.616317,36.041766,0.0,0.0,0.0,0.0,76.05,77.41,17.33,7.23,0,0,0,0.166,0.315,0.175,1.803,Low,0.0,No rain over the last 7 days,No flood-risk action is needed from rainfall-driven conditions.
35231,Tall Meaayan Tall Kiri,2026-09-21,34.597579,36.035259,0.0,0.0,0.0,0.0,76.8,78.16,17.37,7.53,0,0,0,0.173,0.334,0.172,1.946,Low,0.0,No rain over the last 7 days,No flood-risk action is needed from rainfall-driven conditions.
35233,Qaabrine,2026-09-21,34.572248,36.024204,0.0,0.0,0.0,0.0,77.25,78.62,17.42,7.7,0,0,0,0.177,0.345,0.17,2.029,Low,0.0,No rain over the last 7 days,No flood-risk action is needed from rainfall-driven conditions.
35234,Kfar Melki Aakkar,2026-09-21,34.560834,36.013382,0.0,0.0,0.0,0.0,76.4,77.76,17.45,7.35,0,0,0,0.168,0.321,0.174,1.843,Low,0.0,No rain over the last 7 days,No flood-risk action is needed from rainfall-driven conditions.
35235,Tall Bire,2026-09-21,34.6214,36.055414,0.0,0.0,0.0,0.0,76.43,77.79,17.31,7.39,0,0,0,0.17,0.326,0.173,1.886,Low,0.0,No rain over the last 7 days,No flood-risk action is needed from rainfall-driven conditions.
35237,Tall Hmayra,2026-09-21,34.624197,36.074703,0.0,0.0,0.0,0.0,77.44,78.81,17.29,7.81,0,0,0,0.18,0.356,0.169,2.11,Low,0.0,No rain over the last 7 days,No flood-risk action is needed from rainfall-driven conditions.
35239,Hokr Jouret Srar,2026-09-21,34.631016,36.10728,0.0,0.0,0.0,0.0,73.7,75.1,17.24,6.36,0,0,0,0.146,0.258,0.183,1.407,Low,0.0,No rain over the last 7 days,No flood-risk action is needed from rainfall-driven conditions.
35241,Barcha,2026-09-21,34.626935,36.118963,0.0,0.0,0.0,0.0,75.75,77.11,17.24,7.16,0,0,0,0.165,0.312,0.175,1.783,Low,0.0,No rain over the last 7 days,No flood-risk action is needed from rainfall-driven conditions.
35243,Qleiaat Aakkar,2026-09-21,34.591953,36.008704,0.0,0.0,0.0,0.0,76.02,77.38,17.4,7.2,0,0,0,0.165,0.311,0.175,1.774,Low,0.0,No rain over the last 7 days,No flood-risk action is needed from rainfall-driven conditions.
35245,Kneisset Aakkar,2026-09-21,34.616241,36.021666,0.0,0.0,0.0,0.0,74.22,75.62,17.35,6.51,0,0,0,0.149,0.266,0.182,1.456,Low,0.0,No rain over the last 7 days,No flood-risk action is needed from rainfall-driven conditions.
35247,Tall Sebaal,2026-09-21,34.551676,36.030349,0.0,0.0,0.0,0.0,76.09,77.45,17.45,7.24,0,0,0,0.166,0.313,0.175,1.786,Low,0.0,No rain over the last 7 days,No flood-risk action is needed from rainfall-driven conditions.
35249,Aabboudiye,2026-09-21,34.636522,36.117938,0.0,0.0,0.0,0.0,75.5,76.87,17.23,7.06,0,0,0,0.162,0.306,0.176,1.738,Low,0.0,No rain over the last 7 days,No flood-risk action is needed from rainfall-driven conditions.
35251,Mighraq Aakkar,2026-09-21,34.612931,36.014687,0.0,0.0,0.0,0.0,77.23,78.6,17.36,7.69,0,0,0,0.177,0.345,0.17,2.032,Low,0.0,No rain over the last 7 days,No flood-risk action is needed from rainfall-driven conditions.
35253,Hokr Ed-Dahri,2026-09-21,34.63166,36.021342,0.0,0.0,0.0,0.0,75.07,76.45,17.32,6.84,0,0,0,0.157,0.288,0.179,1.613,Low,0.0,No rain over the last 7 days,No flood-risk action is needed from rainfall-driven conditions.
35255,Marlaya Melhem,2026-09-21,34.540675,36.024613,0.0,0.0,0.0,0.0,74.73,76.11,17.47,6.71,0,0,0,0.153,0.276,0.181,1.529,Low,0.0,No rain over the last 7 days,No flood-risk action is needed from rainfall-driven conditions.
35257,Kharnoubet Aakkar,2026-09-21,34.629018,36.129473,0.0,0.0,0.0,0.0,74.38,75.77,17.23,6.64,0,0,0,0.152,0.277,0.181,1.535,Low,0.0,No rain over the last 7 days,No flood-risk action is needed from rainfall-driven conditions.
35259,Semmaqli,2026-09-21,34.543403,36.014495,0.0,0.0,0.0,0.0,75.76,77.12,17.48,7.1,0,0,0,0.162,0.303,0.177,1.714,Low,0.0,No rain over the last 7 days,No flood-risk action is needed from rainfall-driven conditions.
35261,Mqaiteaa,2026-09-21,34.560665,35.997031,0.0,0.0,0.0,0.0,75.88,77.25,17.46,7.14,0,0,0,0.163,0.305,0.176,1.734,Low,0.0,No rain over the last 7 days,No flood-risk action is needed from rainfall-driven conditions.
35263,Janine,2026-09-21,34.6336,36.13567,0.0,0.0,0.0,0.0,74.17,75.56,17.21,6.56,0,0,0,0.151,0.272,0.181,1.501,Low,0.0,No rain over the last 7 days,No flood-risk action is needed from rainfall-driven conditions.
35265,Aamaret Aakkar,2026-09-21,34.532887,36.01003,0.0,0.0,0.0,0.0,75.61,76.98,17.5,7.04,0,0,0,0.161,0.298,0.177,1.681,Low,0.0,No rain over the last 7 days,No flood-risk action is needed from rainfall-driven conditions.
35267,Cheikh Zennad,2026-09-21,34.617364,36.001143,0.0,0.0,0.0,0.0,75.79,77.16,17.36,7.11,0,0,0,0.163,0.306,0.176,1.734,Low,0.0,No rain over the last 7 days,No flood-risk action is needed from rainfall-driven conditions.
35269,Qoubber Chamra,2026-09-21,34.539743,35.999191,0.0,0.0,0.0,0.0,75.02,76.39,17.5,6.8,0,0,0,0.155,0.282,0.18,1.568,Low,0.0,No rain over the last 7 days,No flood-risk action is needed from rainfall-driven conditions.
35271,Sammaqiye,2026-09-21,34.63617,36.002334,0.0,0.0,0.0,0.0,74.32,75.71,17.33,6.54,0,0,0,0.15,0.268,0.182,1.471,Low,0.0,No rain over the last 7 days,No flood-risk action is needed from rainfall-driven conditions.
35273,AAridet Cheikh Zennad,2026-09-21,34.63692,35.98877,0.0,0.0,0.0,0.0,75.65,77.02,17.34,7.04,0,0,0,0.162,0.302,0.177,1.707,Low,0.0,No rain over the last 7 days,No flood-risk action is needed from rainfall-driven conditions.
35275,Bebnine,2026-09-21,34.506181,35.990437,0.0,0.0,0.0,0.0,75.67,77.03,17.56,7.05,0,0,0,0.161,0.297,0.177,1.675,Low,0.0,No rain over the last 7 days,No flood-risk action is needed from rainfall-driven conditions.
35277,Mhammaret,2026-09-21,34.508154,35.969564,0.0,0.0,0.0,0.0,77.56,78.93,17.58,7.8,0,0,0,0.178,0.348,0.17,2.049,Low,0.0,No rain over the last 7 days,No flood-risk action is needed from rainfall-driven conditions.
35281,Rmoul,2026-09-21,34.576093,36.007681,0.0,0.0,0.0,0.0,76.9,78.26,17.43,7.55,0,0,0,0.173,0.335,0.172,1.948,Low,0.0,No rain over the last 7 days,No flood-risk action is needed from rainfall-driven conditions.
35311,Sayssouq,2026-09-21,34.487224,36.057599,0.0,0.0,0.0,0.0,76.53,77.89,17.53,7.43,0,0,0,0.169,0.324,0.173,1.871,Low,0.0,No rain over the last 7 days,No flood-risk action is needed from rainfall-driven conditions.
35314,berqayel,2026-09-21,34.487088,36.021862,0.0,0.0,0.0,0.0,73.92,75.31,17.57,6.4,0,0,0,0.145,0.253,0.184,1.371,Low,0.0,No rain over the last 7 days,No flood-risk action is needed from rainfall-driven conditions.
35316,Bzal,2026-09-21,34.465092,36.048725,0.0,0.0,0.0,0.0,74.81,76.19,17.58,6.75,0,0,0,0.153,0.277,0.181,1.533,Low,0.0,No rain over the last 7 days,No flood-risk action is needed from rainfall-driven conditions.
35317,Qloud El-Baqie,2026-09-21,34.497247,36.057885,0.0,0.0,0.0,0.0,76.66,78.02,17.52,7.48,0,0,0,0.171,0.328,0.173,1.9,Low,0.0,No rain over the last 7 days,No flood-risk action is needed from rainfall-driven conditions.
35318,Dinbou,2026-09-21,34.488391,36.086522,0.0,0.0,0.0,0.0,74.68,76.06,17.51,6.72,0,0,0,0.153,0.277,0.181,1.533,Low,0.0,No rain over the last 7 days,No flood-risk action is needed from rainfall-driven conditions.
35320,Chane,2026-09-21,34.485715,36.111497,0.0,0.0,0.0,0.0,74.25,75.64,17.49,6.58,0,0,0,0.15,0.267,0.182,1.467,Low,0.0,No rain over the last 7 days,No flood-risk action is needed from rainfall-driven conditions.
35321,Beit Younes,2026-09-21,34.473773,36.1443,0.0,0.0,0.0,0.0,74.08,75.47,17.48,6.53,0,0,0,0.149,0.264,0.183,1.449,Low,0.0,No rain over the last 7 days,No flood-risk action is needed from rainfall-driven conditions.
35322,Houaich,2026-09-21,34.493888,36.115416,0.0,0.0,0.0,0.0,73.63,75.03,17.47,6.34,0,0,0,0.144,0.252,0.184,1.364,Low,0.0,No rain over the last 7 days,No flood-risk action is needed from rainfall-driven conditions.
35324,Sfaynet El-Qaitaa,2026-09-21,34.453577,36.016202,0.0,0.0,0.0,0.0,76.08,77.44,17.63,7.22,0,0,0,0.164,0.308,0.176,1.751,Low,0.0,No rain over the last 7 days,No flood-risk action is needed from rainfall-driven conditions.
35325,Qabaait,2026-09-21,34.45497,36.076675,0.0,0.0,0.0,0.0,76.63,78.0,17.57,7.48,0,0,0,0.17,0.327,0.173,1.892,Low,0.0,No rain over the last 7 days,No flood-risk action is needed from rainfall-driven conditions.
35326,Habchit,2026-09-21,34.46727,36.090007,0.0,0.0,0.0,0.0,75.2,76.57,17.54,6.93,0,0,0,0.158,0.29,0.179,1.623,Low,0.0,No rain over the last 7 days,No flood-risk action is needed from rainfall-driven conditions.
35327,Sadaqa,2026-09-21,34.466361,36.150895,0.0,0.0,0.0,0.0,74.03,75.42,17.48,6.51,0,0,0,0.148,0.263,0.183,1.441,Low,0.0,No rain over the last 7 days,No flood-risk action is needed from rainfall-driven conditions.
35328,Hrar,2026-09-21,34.45817,36.127638,0.0,0.0,0.0,0.0,76.73,78.1,17.52,7.55,0,0,0,0.172,0.333,0.172,1.938,Low,0.0,No rain over the last 7 days,No flood-risk action is needed from rainfall-driven conditions.
35330,Khreibet Aakkar,2026-09-21,34.477866,36.127683,0.0,0.0,0.0,0.0,73.58,74.98,17.49,6.33,0,0,0,0.144,0.251,0.185,1.357,Low,0.0,No rain over the last 7 days,No flood-risk action is needed from rainfall-driven conditions.
35331,Hmaire Aakkar,2026-09-21,34.496606,36.041822,0.0,0.0,0.0,0.0,74.91,76.29,17.53,6.79,0,0,0,0.155,0.28,0.18,1.557,Low,0.0,No rain over the last 7 days,No flood-risk action is needed from rainfall-driven conditions.
35334,Qraiyat,2026-09-21,34.482502,36.151171,0.0,0.0,0.0,0.0,73.84,75.23,17.46,6.44,0,0,0,0.147,0.259,0.183,1.411,Low,0.0,No rain over the last 7 days,No flood-risk action is needed from rainfall-driven conditions.
35337,Beit Ayoub,2026-09-21,34.472644,36.15863,0.0,0.0,0.0,0.0,74.63,76.02,17.47,6.75,0,0,0,0.154,0.28,0.18,1.553,Low,0.0,No rain over the last 7 days,No flood-risk action is needed from rainfall-driven conditions.
35341,Qardaf,2026-09-21,34.49043,36.011276,0.0,0.0,0.0,0.0,76.94,78.3,17.57,7.57,0,0,0,0.173,0.333,0.172,1.934,Low,0.0,No rain over the last 7 days,No flood-risk action is needed from rainfall-driven conditions.
35344,Jdeidet El-Qaitaa,2026-09-21,34.464846,35.996871,0.0,0.0,0.0,0.0,76.03,77.39,17.63,7.2,0,0,0,0.164,0.306,0.176,1.737,Low,0.0,No rain over the last 7 days,No flood-risk action is needed from rainfall-driven conditions.
35347,Aayoun El-Ghizlane,2026-09-21,34.473131,36.016527,0.0,0.0,0.0,0.0,76.48,77.84,17.59,7.39,0,0,0,0.168,0.32,0.174,1.837,Low,0.0,No rain over the last 7 days,No flood-risk action is needed from rainfall-driven conditions.
35351,Michmich Aakkar,2026-09-21,34.446999,36.1799,0.0,0.0,0.0,0.0,73.76,75.15,17.49,6.43,0,0,0,0.146,0.257,0.184,1.401,Low,0.0,No rain over the last 7 days,No flood-risk action is needed from rainfall-driven conditions.
35352,Qornet Aakkar,2026-09-21,34.482201,36.165305,0.0,0.0,0.0,0.0,75.03,76.41,17.44,6.91,0,0,0,0.157,0.291,0.178,1.63,Low,0.0,No rain over the last 7 days,No flood-risk action is needed from rainfall-driven conditions.
35353,Fnaydeq,2026-09-21,34.464136,36.208908,0.0,0.0,0.0,0.0,76.28,77.64,17.44,7.42,0,0,0,0.169,0.326,0.173,1.884,Low,0.0,No rain over the last 7 days,No flood-risk action is needed from rainfall-driven conditions.
35354,Majdala,2026-09-21,34.501788,36.033033,0.0,0.0,0.0,0.0,74.53,75.91,17.53,6.64,0,0,0,0.151,0.27,0.182,1.486,Low,0.0,No rain over the last 7 days,No flood-risk action is needed from rainfall-driven conditions.
35356,Tshea,2026-09-21,34.499335,36.191659,0.0,0.0,0.0,0.0,74.64,76.02,17.39,6.77,0,0,0,0.154,0.283,0.18,1.575,Low,0.0,No rain over the last 7 days,No flood-risk action is needed from rainfall-driven conditions.
35357,Rahbe,2026-09-21,34.505044,36.138551,0.0,0.0,0.0,0.0,74.96,76.34,17.43,6.86,0,0,0,0.157,0.288,0.179,1.61,Low,0.0,No rain over the last 7 days,No flood-risk action is needed from rainfall-driven conditions.
35364,Ouadi El-Jamous,2026-09-21,34.507492,36.008112,0.0,0.0,0.0,0.0,75.25,76.62,17.54,6.9,0,0,0,0.157,0.287,0.179,1.606,Low,0.0,No rain over the last 7 days,No flood-risk action is needed from rainfall-driven conditions.
35367,Beit El-Haouch,2026-09-21,34.478251,35.995563,0.0,0.0,0.0,0.0,76.35,77.71,17.6,7.32,0,0,0,0.167,0.315,0.175,1.801,Low,0.0,No rain over the last 7 days,No flood-risk action is needed from rainfall-driven conditions.
35371,Menneaa,2026-09-21,34.504285,36.175445,0.0,0.0,0.0,0.0,75.71,77.08,17.4,7.17,0,0,0,0.164,0.31,0.175,1.768,Low,0.0,No rain over the last 7 days,No flood-risk action is needed from rainfall-driven conditions.
35402,Cheikhlar,2026-09-21,34.620454,36.277268,0.0,0.0,0.0,0.0,75.47,76.84,17.11,7.14,0,0,0,0.164,0.315,0.175,1.801,Low,0.0,No rain over the last 7 days,No flood-risk action is needed from rainfall-driven conditions.
35404,Rmah,2026-09-21,34.618138,36.260275,0.0,0.0,0.0,0.0,74.65,76.04,17.13,6.82,0,0,0,0.157,0.292,0.178,1.639,Low,0.0,No rain over the last 7 days,No flood-risk action is needed from rainfall-driven conditions.
35406,Kfar Noun,2026-09-21,34.628811,36.249901,0.0,0.0,0.0,0.0,73.37,74.77,17.12,6.32,0,0,0,0.145,0.259,0.183,1.41,Low,0.0,No rain over the last 7 days,No flood-risk action is needed from rainfall-driven conditions.
35408,Barde,2026-09-21,34.596433,36.253875,0.0,0.0,0.0,0.0,75.82,77.18,17.17,7.26,0,0,0,0.167,0.322,0.174,1.852,Low,0.0,No rain over the last 7 days,No flood-risk action is needed from rainfall-driven conditions.
35410,Khirbet Er Remmane,2026-09-21,34.628621,36.284756,0.0,0.0,0.0,0.0,75.6,76.97,17.09,7.19,0,0,0,0.166,0.319,0.174,1.832,Low,0.0,No rain over the last 7 days,No flood-risk action is needed from rainfall-driven conditions.
35411,Sindianet Zeidane,2026-09-21,34.575016,36.236733,0.0,0.0,0.0,0.0,75.0,76.38,17.22,6.94,0,0,0,0.159,0.298,0.177,1.682,Low,0.0,No rain over the last 7 days,No flood-risk action is needed from rainfall-driven conditions.
35412,Fraydes Aakkar,2026-09-21,34.618323,36.225443,0.0,0.0,0.0,0.0,75.84,77.2,17.16,7.25,0,0,0,0.167,0.321,0.174,1.848,Low,0.0,No rain over the last 7 days,No flood-risk action is needed from rainfall-driven conditions.
35414,Mounjez,2026-09-21,34.620235,36.240315,0.0,0.0,0.0,0.0,75.5,76.87,17.14,7.13,0,0,0,0.164,0.313,0.175,1.79,Low,0.0,No rain over the last 7 days,No flood-risk action is needed from rainfall-driven conditions.
35415,Qsair Aakkar,2026-09-21,34.607277,36.237846,0.0,0.0,0.0,0.0,75.77,77.13,17.17,7.23,0,0,0,0.166,0.32,0.174,1.836,Low,0.0,No rain over the last 7 days,No flood-risk action is needed from rainfall-driven conditions.
35416,Biret Aakkar,2026-09-21,34.595899,36.234203,0.0,0.0,0.0,0.0,76.58,77.95,17.19,7.55,0,0,0,0.174,0.341,0.171,1.997,Low,0.0,No rain over the last 7 days,No flood-risk action is needed from rainfall-driven conditions.
35417,Khirbet Daoud Aakkar,2026-09-21,34.587814,36.218242,0.0,0.0,0.0,0.0,74.65,76.04,17.22,6.79,0,0,0,0.156,0.288,0.179,1.612,Low,0.0,No rain over the last 7 days,No flood-risk action is needed from rainfall-driven conditions.
35419,Daghle,2026-09-21,34.579915,36.209795,0.0,0.0,0.0,0.0,76.45,77.81,17.24,7.49,0,0,0,0.172,0.335,0.172,1.953,Low,0.0,No rain over the last 7 days,No flood-risk action is needed from rainfall-driven conditions.
35420,Aaouaainat Aakkar,2026-09-21,34.629172,36.301796,0.0,0.0,0.0,0.0,73.29,74.68,17.07,6.32,0,0,0,0.145,0.26,0.183,1.417,Low,0.0,No rain over the last 7 days,No flood-risk action is needed from rainfall-driven conditions.
35421,Aamriyet Aakkar,2026-09-21,34.601117,36.224082,0.0,0.0,0.0,0.0,74.14,75.53,17.19,6.6,0,0,0,0.151,0.276,0.181,1.526,Low,0.0,No rain over the last 7 days,No flood-risk action is needed from rainfall-driven conditions.
35423,Kafr,2026-09-21,34.59119,36.212143,0.0,0.0,0.0,0.0,73.47,74.86,17.22,6.33,0,0,0,0.145,0.257,0.184,1.4,Low,0.0,No rain over the last 7 days,No flood-risk action is needed from rainfall-driven conditions.
35425,Bsatine Aakkar,2026-09-21,34.579116,36.198147,0.0,0.0,0.0,0.0,77.05,78.42,17.25,7.72,0,0,0,0.177,0.351,0.169,2.075,Low,0.0,No rain over the last 7 days,No flood-risk action is needed from rainfall-driven conditions.
35427,Aain Ez-Zeit,2026-09-21,34.589843,36.198799,0.0,0.0,0.0,0.0,75.9,77.27,17.23,7.26,0,0,0,0.167,0.32,0.174,1.841,Low,0.0,No rain over the last 7 days,No flood-risk action is needed from rainfall-driven conditions.
35429,Kouachra,2026-09-21,34.610518,36.20456,0.0,0.0,0.0,0.0,74.12,75.51,17.19,6.58,0,0,0,0.151,0.274,0.181,1.517,Low,0.0,No rain over the last 7 days,No flood-risk action is needed from rainfall-driven conditions.
35430,Khalsa,2026-09-21,34.633557,36.313058,0.0,0.0,0.0,0.0,74.16,75.55,17.05,6.66,0,0,0,0.153,0.283,0.18,1.577,Low,0.0,No rain over the last 7 days,No flood-risk action is needed from rainfall-driven conditions.
35431,Khirbet Char,2026-09-21,34.579734,36.187696,0.0,0.0,0.0,0.0,75.31,76.68,17.26,7.03,0,0,0,0.161,0.303,0.177,1.717,Low,0.0,No rain over the last 7 days,No flood-risk action is needed from rainfall-driven conditions.
35432,Dibbabiye,2026-09-21,34.627204,36.206132,0.0,0.0,0.0,0.0,73.64,75.03,17.16,6.4,0,0,0,0.147,0.263,0.183,1.436,Low,0.0,No rain over the last 7 days,No flood-risk action is needed from rainfall-driven conditions.
35433,Berbara Aakkar,2026-09-21,34.574357,36.183833,0.0,0.0,0.0,0.0,77.03,78.4,17.27,7.71,0,0,0,0.177,0.349,0.169,2.063,Low,0.0,No rain over the last 7 days,No flood-risk action is needed from rainfall-driven conditions.
35435,Aain Tinta,2026-09-21,34.585992,36.182467,0.0,0.0,0.0,0.0,73.8,75.19,17.25,6.45,0,0,0,0.148,0.264,0.183,1.444,Low,0.0,No rain over the last 7 days,No flood-risk action is needed from rainfall-driven conditions.
35437,Machta Hammoud,2026-09-21,34.63745,36.336925,0.0,0.0,0.0,0.0,75.71,77.08,17.03,7.27,0,0,0,0.168,0.326,0.173,1.881,Low,0.0,No rain over the last 7 days,No flood-risk action is needed from rainfall-driven conditions.
35439,Baghdadi,2026-09-21,34.602614,36.182803,0.0,0.0,0.0,0.0,75.67,77.04,17.22,7.16,0,0,0,0.165,0.313,0.175,1.791,Low,0.0,No rain over the last 7 days,No flood-risk action is needed from rainfall-driven conditions.
35441,Deir Jannine,2026-09-21,34.567633,36.17946,0.0,0.0,0.0,0.0,73.82,75.22,17.29,6.45,0,0,0,0.148,0.263,0.183,1.442,Low,0.0,No rain over the last 7 days,No flood-risk action is needed from rainfall-driven conditions.
35443,Douair Aadouiye,2026-09-21,34.580621,36.173897,0.0,0.0,0.0,0.0,75.14,76.51,17.27,6.95,0,0,0,0.159,0.298,0.177,1.68,Low,0.0,No rain over the last 7 days,No flood-risk action is needed from rainfall-driven conditions.
35445,Noura Et-Tahta,2026-09-21,34.623039,36.185911,0.0,0.0,0.0,0.0,76.35,77.71,17.19,7.43,0,0,0,0.171,0.333,0.172,1.933,Low,0.0,No rain over the last 7 days,No flood-risk action is needed from rainfall-driven conditions.
35447,Sfinet Ed-Draib,2026-09-21,34.576589,36.161021,0.0,0.0,0.0,0.0,76.85,78.21,17.29,7.62,0,0,0,0.175,0.343,0.17,2.012,Low,0.0,No rain over the last 7 days,No flood-risk action is needed from rainfall-driven conditions.
35449,Aamaret El-Baykat,2026-09-21,34.61155,36.165106,0.0,0.0,0.0,0.0,75.71,77.07,17.23,7.17,0,0,0,0.165,0.314,0.175,1.792,Low,0.0,No rain over the last 7 days,No flood-risk action is needed from rainfall-driven conditions.
35451,Msalla,2026-09-21,34.595143,36.170398,0.0,0.0,0.0,0.0,77.17,78.54,17.25,7.75,0,0,0,0.178,0.353,0.169,2.092,Low,0.0,No rain over the last 7 days,No flood-risk action is needed from rainfall-driven conditions.
35453,Qachlaq,2026-09-21,34.619644,36.14716,0.0,0.0,0.0,0.0,77.22,78.59,17.23,7.76,0,0,0,0.179,0.354,0.169,2.097,Low,0.0,No rain over the last 7 days,No flood-risk action is needed from rainfall-driven conditions.
35455,Ouadi El-Haour,2026-09-21,34.61114,36.151585,0.0,0.0,0.0,0.0,74.46,75.85,17.24,6.68,0,0,0,0.153,0.28,0.18,1.554,Low,0.0,No rain over the last 7 days,No flood-risk action is needed from rainfall-driven conditions.
35457,Charbila,2026-09-21,34.583204,36.147307,0.0,0.0,0.0,0.0,74.85,76.23,17.29,6.83,0,0,0,0.156,0.289,0.179,1.615,Low,0.0,No rain over the last 7 days,No flood-risk action is needed from rainfall-driven conditions.
35459,Tleil,2026-09-21,34.596217,36.137337,0.0,0.0,0.0,0.0,74.58,75.97,17.28,6.72,0,0,0,0.154,0.282,0.18,1.565,Low,0.0,No rain over the last 7 days,No flood-risk action is needed from rainfall-driven conditions.
35461,Mzeihme,2026-09-21,34.610591,36.143518,0.0,0.0,0.0,0.0,76.93,78.3,17.25,7.64,0,0,0,0.176,0.345,0.17,2.032,Low,0.0,No rain over the last 7 days,No flood-risk action is needed from rainfall-driven conditions.
35463,Haytla,2026-09-21,34.605854,36.129584,0.0,0.0,0.0,0.0,76.17,77.53,17.27,7.33,0,0,0,0.168,0.323,0.173,1.865,Low,0.0,No rain over the last 7 days,No flood-risk action is needed from rainfall-driven conditions.
35465,Knisse,2026-09-21,34.563601,36.120492,0.0,0.0,0.0,0.0,74.62,76.01,17.35,6.72,0,0,0,0.154,0.28,0.18,1.557,Low,0.0,No rain over the last 7 days,No flood-risk action is needed from rainfall-driven conditions.
35467,Rihaniyet Aakkar,2026-09-21,34.582585,36.115212,0.0,0.0,0.0,0.0,76.81,78.17,17.32,7.58,0,0,0,0.174,0.339,0.171,1.983,Low,0.0,No rain over the last 7 days,No flood-risk action is needed from rainfall-driven conditions.
35469,Saidnaya,2026-09-21,34.590053,36.124005,0.0,0.0,0.0,0.0,76.87,78.23,17.3,7.6,0,0,0,0.175,0.342,0.171,2.002,Low,0.0,No rain over the last 7 days,No flood-risk action is needed from rainfall-driven conditions.
35470,Hmaiss Aakkar,2026-09-21,34.574721,36.122608,0.0,0.0,0.0,0.0,77.06,78.43,17.33,7.68,0,0,0,0.176,0.346,0.17,2.038,Low,0.0,No rain over the last 7 days,No flood-risk action is needed from rainfall-driven conditions.
35471,Srar,2026-09-21,34.616399,36.130472,0.0,0.0,0.0,0.0,74.39,75.78,17.25,6.64,0,0,0,0.152,0.277,0.181,1.533,Low,0.0,No rain over the last 7 days,No flood-risk action is needed from rainfall-driven conditions.
35475,Ghazayle,2026-09-21,34.59675,36.109819,0.0,0.0,0.0,0.0,73.53,74.92,17.3,6.3,0,0,0,0.144,0.253,0.184,1.37,Low,0.0,No rain over the last 7 days,No flood-risk action is needed from rainfall-driven conditions.
35484,Aarme,2026-09-21,34.627844,36.163691,0.0,0.0,0.0,0.0,75.33,76.7,17.2,7.02,0,0,0,0.161,0.304,0.176,1.724,Low,0.0,No rain over the last 7 days,No flood-risk action is needed from rainfall-driven conditions.
35486,Mazraat En-Nahriye,2026-09-21,34.600189,36.281056,0.0,0.0,0.0,0.0,76.08,77.44,17.14,7.38,0,0,0,0.17,0.33,0.172,1.917,Low,0.0,No rain over the last 7 days,No flood-risk action is needed from rainfall-driven conditions.
35487,Qbaiyat Aakkar,2026-09-21,34.549642,36.271363,0.0,0.0,0.0,0.0,74.99,76.37,17.23,6.95,0,0,0,0.159,0.299,0.177,1.688,Low,0.0,No rain over the last 7 days,No flood-risk action is needed from rainfall-driven conditions.
35498,Aandqet,2026-09-21,34.578401,36.300988,0.0,0.0,0.0,0.0,74.7,76.09,17.16,6.86,0,0,0,0.157,0.294,0.178,1.656,Low,0.0,No rain over the last 7 days,No flood-risk action is needed from rainfall-driven conditions.
35511,Dayret Nahr El-Kabir,2026-09-21,34.680717,36.333736,0.0,0.0,0.0,0.0,76.45,77.82,16.96,7.56,0,0,0,0.175,0.347,0.17,2.044,Low,0.0,No rain over the last 7 days,No flood-risk action is needed from rainfall-driven conditions.
35512,Aamayer,2026-09-21,34.622776,36.379017,0.0,0.0,0.0,0.0,73.74,75.13,17.01,6.53,0,0,0,0.151,0.276,0.181,1.527,Low,0.0,No rain over the last 7 days,No flood-risk action is needed from rainfall-driven conditions.
35514,Hnaider,2026-09-21,34.615121,36.422412,0.0,0.0,0.0,0.0,73.15,74.55,16.99,6.34,0,0,0,0.146,0.263,0.183,1.441,Low,0.0,No rain over the last 7 days,No flood-risk action is needed from rainfall-driven conditions.
35515,Kneisset Hnaider,2026-09-21,34.60012,36.437056,0.0,0.0,0.0,0.0,74.29,75.69,17.0,6.78,0,0,0,0.156,0.293,0.178,1.648,Low,0.0,No rain over the last 7 days,No flood-risk action is needed from rainfall-driven conditions.
35516,Mazareaa Jabal Akroum,2026-09-21,34.560982,36.334102,0.0,0.0,0.0,0.0,75.91,77.27,17.16,7.34,0,0,0,0.169,0.328,0.173,1.897,Low,0.0,No rain over the last 7 days,No flood-risk action is needed from rainfall-driven conditions.
35518,Qarha Aakkar,2026-09-21,34.623616,36.450524,0.0,0.0,0.0,0.0,72.42,73.81,16.95,6.07,0,0,0,0.14,0.246,0.185,1.329,Low,0.0,No rain over the last 7 days,No flood-risk action is needed from rainfall-driven conditions.
36110,Mchaa Ej-Jibbe,2026-09-21,34.202661,36.012407,0.0,0.0,0.0,0.0,76.4,77.76,18.06,7.35,0,0,0,0.165,0.307,0.176,1.744,Low,0.0,No rain over the last 7 days,No flood-risk action is needed from rainfall-driven conditions.
36111,Bcharre,2026-09-21,34.266403,36.055573,0.0,0.0,0.0,0.0,76.17,77.53,17.91,7.28,0,0,0,0.164,0.306,0.176,1.736,Low,0.0,No rain over the last 7 days,No flood-risk action is needed from rainfall-driven conditions.
36114,Qnayouer,2026-09-21,34.269206,35.922665,0.0,0.0,0.0,0.0,75.28,76.65,18.03,6.86,0,0,0,0.154,0.274,0.181,1.512,Low,0.0,No rain over the last 7 days,No flood-risk action is needed from rainfall-driven conditions.
36117,Billa,2026-09-21,34.265975,35.889552,0.0,0.0,0.0,0.0,75.54,76.91,18.06,6.94,0,0,0,0.156,0.278,0.18,1.544,Low,0.0,No rain over the last 7 days,No flood-risk action is needed from rainfall-driven conditions.
36121,Aabdine,2026-09-21,34.278046,35.881691,0.0,0.0,0.0,0.0,75.99,77.35,18.05,7.11,0,0,0,0.16,0.29,0.179,1.626,Low,0.0,No rain over the last 7 days,No flood-risk action is needed from rainfall-driven conditions.
36124,Tourza,2026-09-21,34.278621,35.89903,0.0,0.0,0.0,0.0,76.83,78.2,18.03,7.46,0,0,0,0.168,0.315,0.175,1.8,Low,0.0,No rain over the last 7 days,No flood-risk action is needed from rainfall-driven conditions.
36127,Qnat,2026-09-21,34.246439,35.907701,0.0,0.0,0.0,0.0,74.59,75.97,18.08,6.59,0,0,0,0.147,0.254,0.184,1.379,Low,0.0,No rain over the last 7 days,No flood-risk action is needed from rainfall-driven conditions.
36131,Haqath Ej-Jebbe,2026-09-21,34.233017,35.927114,0.0,0.0,0.0,0.0,75.46,76.83,18.08,6.94,0,0,0,0.155,0.278,0.18,1.538,Low,0.0,No rain over the last 7 days,No flood-risk action is needed from rainfall-driven conditions.
36134,Mazraat Bani Saab,2026-09-21,34.243409,35.884541,0.0,0.0,0.0,0.0,77.25,78.62,18.1,7.62,0,0,0,0.171,0.324,0.173,1.869,Low,0.0,No rain over the last 7 days,No flood-risk action is needed from rainfall-driven conditions.
36137,Berhalioun,2026-09-21,34.264474,35.876758,0.0,0.0,0.0,0.0,76.57,77.93,18.07,7.34,0,0,0,0.165,0.305,0.176,1.732,Low,0.0,No rain over the last 7 days,No flood-risk action is needed from rainfall-driven conditions.
36141,Ouadi Qannoubine,2026-09-21,34.259228,35.942329,0.0,0.0,0.0,0.0,75.16,76.54,18.02,6.83,0,0,0,0.153,0.272,0.181,1.497,Low,0.0,No rain over the last 7 days,No flood-risk action is needed from rainfall-driven conditions.
36144,Mazraat Aassaf,2026-09-21,34.24967,35.871183,0.0,0.0,0.0,0.0,76.96,78.32,18.1,7.5,0,0,0,0.168,0.315,0.175,1.805,Low,0.0,No rain over the last 7 days,No flood-risk action is needed from rainfall-driven conditions.
36147,Bane,2026-09-21,34.271153,35.96711,0.0,0.0,0.0,0.0,77.62,78.99,17.98,7.82,0,0,0,0.176,0.341,0.171,1.994,Low,0.0,No rain over the last 7 days,No flood-risk action is needed from rainfall-driven conditions.
36151,Blaouza,2026-09-21,34.264512,35.951293,0.0,0.0,0.0,0.0,77.73,79.1,18.01,7.85,0,0,0,0.177,0.342,0.171,2.005,Low,0.0,No rain over the last 7 days,No flood-risk action is needed from rainfall-driven conditions.
36154,Moghr El-Ahoual,2026-09-21,34.289507,35.877256,0.0,0.0,0.0,0.0,77.13,78.5,18.03,7.57,0,0,0,0.17,0.322,0.174,1.854,Low,0.0,No rain over the last 7 days,No flood-risk action is needed from rainfall-driven conditions.
36157,Breissat,2026-09-21,34.23809,35.941327,0.0,0.0,0.0,0.0,77.31,78.67,18.06,7.68,0,0,0,0.173,0.329,0.173,1.905,Low,0.0,No rain over the last 7 days,No flood-risk action is needed from rainfall-driven conditions.
36161,Dimane,2026-09-21,34.239001,35.950306,0.0,0.0,0.0,0.0,74.45,75.84,18.05,6.56,0,0,0,0.147,0.253,0.184,1.371,Low,0.0,No rain over the last 7 days,No flood-risk action is needed from rainfall-driven conditions.
36164,Metrit,2026-09-21,34.265086,35.841334,0.0,0.0,0.0,0.0,74.62,76.0,18.11,6.56,0,0,0,0.147,0.251,0.185,1.36,Low,0.0,No rain over the last 7 days,No flood-risk action is needed from rainfall-driven conditions.
36171,Hasroun,2026-09-21,34.231791,35.973308,0.0,0.0,0.0,0.0,76.71,78.08,18.04,7.46,0,0,0,0.167,0.314,0.175,1.797,Low,0.0,No rain over the last 7 days,No flood-risk action is needed from rainfall-driven conditions.
36177,Hadchit,2026-09-21,34.258988,35.977286,0.0,0.0,0.0,0.0,75.58,76.95,17.99,7.01,0,0,0,0.157,0.285,0.179,1.589,Low,0.0,No rain over the last 7 days,No flood-risk action is needed from rainfall-driven conditions.
36181,Bazaaoun,2026-09-21,34.230863,35.988265,0.0,0.0,0.0,0.0,75.9,77.26,18.03,7.14,0,0,0,0.16,0.293,0.178,1.644,Low,0.0,No rain over the last 7 days,No flood-risk action is needed from rainfall-driven conditions.
36184,Bqerqacha,2026-09-21,34.229358,35.996403,0.0,0.0,0.0,0.0,77.76,79.14,18.03,7.89,0,0,0,0.178,0.345,0.17,2.025,Low,0.0,No rain over the last 7 days,No flood-risk action is needed from rainfall-driven conditions.
36187,Beit Menzer,2026-09-21,34.261615,35.913485,0.0,0.0,0.0,0.0,77.8,79.18,18.05,7.86,0,0,0,0.177,0.342,0.171,2.003,Low,0.0,No rain over the last 7 days,No flood-risk action is needed from rainfall-driven conditions.
36191,Bqaa Kafra,2026-09-21,34.22603,36.015047,0.0,0.0,0.0,0.0,76.51,77.88,18.02,7.4,0,0,0,0.166,0.311,0.175,1.775,Low,0.0,No rain over the last 7 days,No flood-risk action is needed from rainfall-driven conditions.
37001,37001,2026-09-21,34.413249,36.043332,0.0,0.0,0.0,0.0,77.32,78.69,17.67,7.74,0,0,0,0.176,0.342,0.171,2.008,Low,0.0,No rain over the last 7 days,No flood-risk action is needed from rainfall-driven conditions.
37002,37002,2026-09-21,34.358405,36.077738,0.0,0.0,0.0,0.0,77.17,78.54,17.73,7.7,0,0,0,0.175,0.338,0.171,1.978,Low,0.0,No rain over the last 7 days,No flood-risk action is needed from rainfall-driven conditions.
37003,37003,2026-09-21,34.354702,35.980927,0.0,0.0,0.0,0.0,75.71,77.08,17.83,7.06,0,0,0,0.159,0.292,0.178,1.639,Low,0.0,No rain over the last 7 days,No flood-risk action is needed from rainfall-driven conditions.
37004,37004,2026-09-21,34.350092,35.961854,0.0,0.0,0.0,0.0,77.75,79.12,17.85,7.87,0,0,0,0.178,0.347,0.17,2.041,Low,0.0,No rain over the last 7 days,No flood-risk action is needed from rainfall-driven conditions.
37005,37005,2026-09-21,34.344742,35.964238,0.0,0.0,0.0,0.0,75.59,76.96,17.86,7.01,0,0,0,0.158,0.288,0.179,1.607,Low,0.0,No rain over the last 7 days,No flood-risk action is needed from rainfall-driven conditions.
37006,37006,2026-09-21,34.322309,36.035185,0.0,0.0,0.0,0.0,77.03,78.39,17.83,7.62,0,0,0,0.172,0.33,0.172,1.916,Low,0.0,No rain over the last 7 days,No flood-risk action is needed from rainfall-driven conditions.
37231,Beddaoui,2026-09-21,34.447992,35.868009,0.0,0.0,0.0,0.0,77.96,79.33,17.77,7.9,0,0,0,0.18,0.35,0.169,2.068,Low,0.0,No rain over the last 7 days,No flood-risk action is needed from rainfall-driven conditions.
37241,Deir Aammar,2026-09-21,34.459046,35.894782,0.0,0.0,0.0,0.0,76.76,78.12,17.73,7.43,0,0,0,0.169,0.319,0.174,1.832,Low,0.0,No rain over the last 7 days,No flood-risk action is needed from rainfall-driven conditions.
37251,Borj El-Yahoudiye,2026-09-21,34.457876,35.913969,0.0,0.0,0.0,0.0,77.31,78.68,17.71,7.66,0,0,0,0.174,0.336,0.172,1.956,Low,0.0,No rain over the last 7 days,No flood-risk action is needed from rainfall-driven conditions.
37261,Nabi Youcheaa,2026-09-21,34.462323,35.932099,0.0,0.0,0.0,0.0,75.52,76.89,17.69,6.96,0,0,0,0.158,0.288,0.179,1.611,Low,0.0,No rain over the last 7 days,No flood-risk action is needed from rainfall-driven conditions.
37271,Minie,2026-09-21,34.481913,35.935701,0.0,0.0,0.0,0.0,75.47,76.84,17.65,6.94,0,0,0,0.158,0.288,0.179,1.608,Low,0.0,No rain over the last 7 days,No flood-risk action is needed from rainfall-driven conditions.
37281,Rihaniyet-Miniye,2026-09-21,34.490718,35.983093,0.0,0.0,0.0,0.0,75.27,76.65,17.59,6.89,0,0,0,0.157,0.286,0.179,1.595,Low,0.0,No rain over the last 7 days,No flood-risk action is needed from rainfall-driven conditions.
37291,Zouq Bhannine,2026-09-21,34.494348,35.956517,0.0,0.0,0.0,0.0,76.58,77.95,17.61,7.39,0,0,0,0.168,0.32,0.174,1.836,Low,0.0,No rain over the last 7 days,No flood-risk action is needed from rainfall-driven conditions.
37311,Sir Ed-Danniye,2026-09-21,34.382112,36.023847,0.0,0.0,0.0,0.0,75.59,76.96,17.74,7.04,0,0,0,0.159,0.293,0.178,1.643,Low,0.0,No rain over the last 7 days,No flood-risk action is needed from rainfall-driven conditions.
37313,Aassoun,2026-09-21,34.387481,36.008942,0.0,0.0,0.0,0.0,75.47,76.84,17.75,6.98,0,0,0,0.158,0.289,0.179,1.615,Low,0.0,No rain over the last 7 days,No flood-risk action is needed from rainfall-driven conditions.
37314,Mazraat Ketrane,2026-09-21,34.383829,35.999263,0.0,0.0,0.0,0.0,77.68,79.05,17.76,7.86,0,0,0,0.178,0.348,0.17,2.053,Low,0.0,No rain over the last 7 days,No flood-risk action is needed from rainfall-driven conditions.
37315,Qattine-Miniyé,2026-09-21,34.393257,36.025959,0.0,0.0,0.0,0.0,76.35,77.71,17.72,7.34,0,0,0,0.166,0.314,0.175,1.794,Low,0.0,No rain over the last 7 days,No flood-risk action is needed from rainfall-driven conditions.
37317,Bqaa Sefrine,2026-09-21,34.331843,36.07004,0.0,0.0,0.0,0.0,75.25,76.63,17.79,6.94,0,0,0,0.156,0.285,0.179,1.588,Low,0.0,No rain over the last 7 days,No flood-risk action is needed from rainfall-driven conditions.
37319,Bqarsouna,2026-09-21,34.374008,36.048435,0.0,0.0,0.0,0.0,75.67,77.04,17.73,7.09,0,0,0,0.16,0.296,0.178,1.668,Low,0.0,No rain over the last 7 days,No flood-risk action is needed from rainfall-driven conditions.
37321,Hazmiyet-Miniye,2026-09-21,34.392134,36.039918,0.0,0.0,0.0,0.0,74.9,76.28,17.71,6.78,0,0,0,0.153,0.276,0.181,1.527,Low,0.0,No rain over the last 7 days,No flood-risk action is needed from rainfall-driven conditions.
37323,tarane,2026-09-21,34.406038,36.030526,0.0,0.0,0.0,0.0,76.69,78.05,17.7,7.48,0,0,0,0.17,0.324,0.173,1.867,Low,0.0,No rain over the last 7 days,No flood-risk action is needed from rainfall-driven conditions.
37325,Mimrine,2026-09-21,34.376216,36.074435,0.0,0.0,0.0,0.0,75.19,76.56,17.71,6.91,0,0,0,0.156,0.285,0.179,1.59,Low,0.0,No rain over the last 7 days,No flood-risk action is needed from rainfall-driven conditions.
37327,Haql el Aazime,2026-09-21,34.397066,36.016923,0.0,0.0,0.0,0.0,77.45,78.82,17.72,7.78,0,0,0,0.177,0.344,0.17,2.018,Low,0.0,No rain over the last 7 days,No flood-risk action is needed from rainfall-driven conditions.
37329,Beit El-Faqs,2026-09-21,34.394541,36.056192,0.0,0.0,0.0,0.0,74.36,75.75,17.69,6.59,0,0,0,0.149,0.263,0.183,1.439,Low,0.0,No rain over the last 7 days,No flood-risk action is needed from rainfall-driven conditions.
37331,Mrah Es-Sfire,2026-09-21,34.398323,36.037339,0.0,0.0,0.0,0.0,77.41,78.78,17.7,7.78,0,0,0,0.177,0.344,0.17,2.019,Low,0.0,No rain over the last 7 days,No flood-risk action is needed from rainfall-driven conditions.
37333,Aain Et-Tine-Miniyé,2026-09-21,34.393049,36.044065,0.0,0.0,0.0,0.0,75.96,77.32,17.71,7.19,0,0,0,0.163,0.304,0.176,1.725,Low,0.0,No rain over the last 7 days,No flood-risk action is needed from rainfall-driven conditions.
37335,Kharroub-Miniye,2026-09-21,34.402669,36.005261,0.0,0.0,0.0,0.0,76.01,77.38,17.72,7.19,0,0,0,0.163,0.304,0.176,1.721,Low,0.0,No rain over the last 7 days,No flood-risk action is needed from rainfall-driven conditions.
37337,Sfire,2026-09-21,34.402159,36.058846,0.0,0.0,0.0,0.0,76.67,78.04,17.68,7.49,0,0,0,0.17,0.325,0.173,1.877,Low,0.0,No rain over the last 7 days,No flood-risk action is needed from rainfall-driven conditions.
37339,Qarsaita,2026-09-21,34.389629,36.064278,0.0,0.0,0.0,0.0,74.8,76.18,17.69,6.76,0,0,0,0.153,0.275,0.181,1.519,Low,0.0,No rain over the last 7 days,No flood-risk action is needed from rainfall-driven conditions.
37341,Izal,2026-09-21,34.378554,35.985509,0.0,0.0,0.0,0.0,76.42,77.79,17.78,7.35,0,0,0,0.166,0.313,0.175,1.785,Low,0.0,No rain over the last 7 days,No flood-risk action is needed from rainfall-driven conditions.
37343,Btermaz,2026-09-21,34.429799,36.037774,0.0,0.0,0.0,0.0,76.4,77.76,17.65,7.37,0,0,0,0.167,0.317,0.174,1.819,Low,0.0,No rain over the last 7 days,No flood-risk action is needed from rainfall-driven conditions.
37344,Qemmamine,2026-09-21,34.410178,36.140281,0.0,0.0,0.0,0.0,73.69,75.09,17.59,6.38,0,0,0,0.144,0.252,0.184,1.364,Low,0.0,No rain over the last 7 days,No flood-risk action is needed from rainfall-driven conditions.
37345,Harf Es-Sayad,2026-09-21,34.420148,36.023534,0.0,0.0,0.0,0.0,73.67,75.62,17.38,6.82,0,0,0,0.161,0.28,0.18,1.551,Low,0.0,No rain over the last 7 days,No flood-risk action is needed from rainfall-driven conditions.
37347,Karm El-Mohr,2026-09-21,34.350304,35.999635,0.0,0.0,0.0,0.0,77.56,78.93,17.82,7.81,0,0,0,0.177,0.344,0.17,2.019,Low,0.0,No rain over the last 7 days,No flood-risk action is needed from rainfall-driven conditions.
37349,Beit Zoud,2026-09-21,34.406393,35.986804,0.0,0.0,0.0,0.0,77.62,78.99,17.73,7.83,0,0,0,0.178,0.347,0.17,2.041,Low,0.0,No rain over the last 7 days,No flood-risk action is needed from rainfall-driven conditions.
37351,Mrah Es-Srayj,2026-09-21,34.416917,35.986639,0.0,0.0,0.0,0.0,74.48,75.87,17.72,6.59,0,0,0,0.149,0.263,0.183,1.437,Low,0.0,No rain over the last 7 days,No flood-risk action is needed from rainfall-driven conditions.
37353,Qraine,2026-09-21,34.397623,36.031482,0.0,0.0,0.0,0.0,76.6,77.97,17.71,7.45,0,0,0,0.169,0.321,0.174,1.848,Low,0.0,No rain over the last 7 days,No flood-risk action is needed from rainfall-driven conditions.
37355,Haouaret-Miniye,2026-09-21,34.419657,36.079874,0.0,0.0,0.0,0.0,76.61,77.97,17.63,7.48,0,0,0,0.17,0.325,0.173,1.879,Low,0.0,No rain over the last 7 days,No flood-risk action is needed from rainfall-driven conditions.
37356,Debaael,2026-09-21,34.43669,36.067429,0.0,0.0,0.0,0.0,75.96,77.33,17.61,7.21,0,0,0,0.164,0.307,0.176,1.748,Low,0.0,No rain over the last 7 days,No flood-risk action is needed from rainfall-driven conditions.
37357,Beit Haouik,2026-09-21,34.424264,36.073906,0.0,0.0,0.0,0.0,74.67,76.06,17.63,6.72,0,0,0,0.152,0.274,0.181,1.51,Low,0.0,No rain over the last 7 days,No flood-risk action is needed from rainfall-driven conditions.
37358,Jayroun,2026-09-21,34.408266,36.113101,0.0,0.0,0.0,0.0,73.82,75.22,17.62,6.41,0,0,0,0.145,0.253,0.184,1.374,Low,0.0,No rain over the last 7 days,No flood-risk action is needed from rainfall-driven conditions.
37359,Bechnnata,2026-09-21,34.329865,35.999612,0.0,0.0,0.0,0.0,76.66,78.02,17.85,7.45,0,0,0,0.168,0.318,0.174,1.825,Low,0.0,No rain over the last 7 days,No flood-risk action is needed from rainfall-driven conditions.
37360,Qarhaiya,2026-09-21,34.440132,36.079752,0.0,0.0,0.0,0.0,74.64,76.02,17.59,6.71,0,0,0,0.152,0.274,0.181,1.51,Low,0.0,No rain over the last 7 days,No flood-risk action is needed from rainfall-driven conditions.
37361,Aazqai,2026-09-21,34.435074,35.990041,0.0,0.0,0.0,0.0,77.48,78.85,17.68,7.77,0,0,0,0.177,0.344,0.17,2.021,Low,0.0,No rain over the last 7 days,No flood-risk action is needed from rainfall-driven conditions.
37362,Aasaymout,2026-09-21,34.440096,36.0977,0.0,0.0,0.0,0.0,75.36,76.73,17.58,6.99,0,0,0,0.159,0.293,0.178,1.649,Low,0.0,No rain over the last 7 days,No flood-risk action is needed from rainfall-driven conditions.
37363,Kfar Chellane,2026-09-21,34.424916,35.979148,0.0,0.0,0.0,0.0,74.43,75.81,17.71,6.57,0,0,0,0.149,0.261,0.183,1.426,Low,0.0,No rain over the last 7 days,No flood-risk action is needed from rainfall-driven conditions.
37365,Kfar Habou,2026-09-21,34.412579,35.963413,0.0,0.0,0.0,0.0,74.66,76.04,17.75,6.65,0,0,0,0.15,0.266,0.182,1.456,Low,0.0,No rain over the last 7 days,No flood-risk action is needed from rainfall-driven conditions.
37367,Aaymar,2026-09-21,34.352292,35.972228,0.0,0.0,0.0,0.0,76.28,77.64,17.84,7.28,0,0,0,0.164,0.307,0.176,1.742,Low,0.0,No rain over the last 7 days,No flood-risk action is needed from rainfall-driven conditions.
37369,Zaghartaghrine,2026-09-21,34.357573,35.951157,0.0,0.0,0.0,0.0,76.72,78.09,17.85,7.45,0,0,0,0.168,0.318,0.174,1.824,Low,0.0,No rain over the last 7 days,No flood-risk action is needed from rainfall-driven conditions.
37371,Behouaita,2026-09-21,34.335958,35.966871,0.0,0.0,0.0,0.0,77.46,78.83,17.87,7.75,0,0,0,0.175,0.338,0.171,1.977,Low,0.0,No rain over the last 7 days,No flood-risk action is needed from rainfall-driven conditions.
37373,Kahf El-Malloul,2026-09-21,34.348966,35.950963,0.0,0.0,0.0,0.0,75.23,76.6,17.86,6.86,0,0,0,0.155,0.277,0.18,1.537,Low,0.0,No rain over the last 7 days,No flood-risk action is needed from rainfall-driven conditions.
37375,Jarjour,2026-09-21,34.354435,35.935349,0.0,0.0,0.0,0.0,76.22,77.58,17.87,7.24,0,0,0,0.163,0.303,0.177,1.715,Low,0.0,No rain over the last 7 days,No flood-risk action is needed from rainfall-driven conditions.
37377,Deir Nbouh,2026-09-21,34.37597,35.939494,0.0,0.0,0.0,0.0,77.07,78.44,17.83,7.58,0,0,0,0.172,0.327,0.173,1.895,Low,0.0,No rain over the last 7 days,No flood-risk action is needed from rainfall-driven conditions.
37379,Bechehhara,2026-09-21,34.360605,35.937038,0.0,0.0,0.0,0.0,76.24,77.6,17.86,7.25,0,0,0,0.164,0.304,0.176,1.722,Low,0.0,No rain over the last 7 days,No flood-risk action is needed from rainfall-driven conditions.
37381,Merkebta,2026-09-21,34.466092,35.962295,0.0,0.0,0.0,0.0,76.45,77.81,17.66,7.34,0,0,0,0.167,0.315,0.175,1.804,Low,0.0,No rain over the last 7 days,No flood-risk action is needed from rainfall-driven conditions.
37382,Raouda-Aadoua,2026-09-21,34.465155,35.982687,0.0,0.0,0.0,0.0,77.85,79.23,17.64,7.92,0,0,0,0.181,0.355,0.169,2.107,Low,0.0,No rain over the last 7 days,No flood-risk action is needed from rainfall-driven conditions.
37383,Qarne,2026-09-21,34.428086,36.12132,0.0,0.0,0.0,0.0,75.14,76.52,17.58,6.92,0,0,0,0.157,0.289,0.179,1.617,Low,0.0,No rain over the last 7 days,No flood-risk action is needed from rainfall-driven conditions.
37385,Mrebbine,2026-09-21,34.376411,36.140416,0.0,0.0,0.0,0.0,76.63,77.99,17.65,7.52,0,0,0,0.171,0.328,0.173,1.899,Low,0.0,No rain over the last 7 days,No flood-risk action is needed from rainfall-driven conditions.
37387,Terbol-Miniye,2026-09-21,34.445935,35.945957,0.0,0.0,0.0,0.0,76.22,77.58,17.7,7.24,0,0,0,0.164,0.307,0.176,1.744,Low,0.0,No rain over the last 7 days,No flood-risk action is needed from rainfall-driven conditions.
37389,Mazraat El-Kreme,2026-09-21,34.363771,35.961456,0.0,0.0,0.0,0.0,76.59,77.95,17.83,7.4,0,0,0,0.167,0.315,0.175,1.804,Low,0.0,No rain over the last 7 days,No flood-risk action is needed from rainfall-driven conditions.
37391,Bakhaaoun,2026-09-21,34.414222,36.005963,0.0,0.0,0.0,0.0,74.75,76.14,17.7,6.71,0,0,0,0.152,0.271,0.181,1.492,Low,0.0,No rain over the last 7 days,No flood-risk action is needed from rainfall-driven conditions.
37395,Kfar Bibnine,2026-09-21,34.403699,36.087571,0.0,0.0,0.0,0.0,73.77,75.16,17.65,6.38,0,0,0,0.144,0.25,0.185,1.353,Low,0.0,No rain over the last 7 days,No flood-risk action is needed from rainfall-driven conditions.
51001,51001,2026-09-21,33.783786,35.811111,0.0,0.0,0.0,0.0,76.8,78.16,18.95,7.4,0,0,0,0.161,0.289,0.179,1.619,Low,0.0,No rain over the last 7 days,No flood-risk action is needed from rainfall-driven conditions.
51111,Zahle El-Midane,2026-09-21,33.848105,35.903381,0.0,0.0,0.0,0.0,76.66,78.02,18.76,7.4,0,0,0,0.162,0.294,0.178,1.651,Low,0.0,No rain over the last 7 days,No flood-risk action is needed from rainfall-driven conditions.
51113,Zahle Haouch Ez-Zaraane,2026-09-21,33.844191,35.909753,0.0,0.0,0.0,0.0,75.52,76.89,18.76,6.95,0,0,0,0.152,0.263,0.183,1.442,Low,0.0,No rain over the last 7 days,No flood-risk action is needed from rainfall-driven conditions.
51115,Zahle Mar Gerges,2026-09-21,33.844646,35.902447,0.0,0.0,0.0,0.0,75.27,76.64,18.77,6.85,0,0,0,0.149,0.256,0.184,1.394,Low,0.0,No rain over the last 7 days,No flood-risk action is needed from rainfall-driven conditions.
51117,Zahle Er-Rassiyé,2026-09-21,33.849152,35.894382,0.0,0.0,0.0,0.0,73.13,75.08,18.47,6.55,0,0,0,0.148,0.236,0.187,1.265,Low,0.0,No rain over the last 7 days,No flood-risk action is needed from rainfall-driven conditions.
51119,Zahle El-Berbara,2026-09-21,33.852053,35.896831,0.0,0.0,0.0,0.0,76.8,78.17,18.76,7.45,0,0,0,0.163,0.297,0.177,1.677,Low,0.0,No rain over the last 7 days,No flood-risk action is needed from rainfall-driven conditions.
51121,Zahle El-Maallaqa,2026-09-21,33.844592,35.915567,0.0,0.0,0.0,0.0,76.89,78.25,18.75,7.49,0,0,0,0.164,0.301,0.177,1.701,Low,0.0,No rain over the last 7 days,No flood-risk action is needed from rainfall-driven conditions.
51123,Zahle Mar Antonios,2026-09-21,33.848093,35.898109,0.0,0.0,0.0,0.0,76.48,77.85,18.76,7.32,0,0,0,0.16,0.289,0.179,1.615,Low,0.0,No rain over the last 7 days,No flood-risk action is needed from rainfall-driven conditions.
51125,Zahle Maallaqa Aradi,2026-09-21,33.836289,35.931469,0.0,0.0,0.0,0.0,77.73,79.1,18.75,7.84,0,0,0,0.172,0.325,0.173,1.874,Low,0.0,No rain over the last 7 days,No flood-risk action is needed from rainfall-driven conditions.
51127,Zahle Haouch El-Oumara Aradi,2026-09-21,33.810122,35.902928,0.0,0.0,0.0,0.0,77.99,79.37,18.82,7.93,0,0,0,0.174,0.329,0.173,1.909,Low,0.0,No rain over the last 7 days,No flood-risk action is needed from rainfall-driven conditions.
51129,Zahle Saydet En-Najat,2026-09-21,33.846165,35.894617,0.0,0.0,0.0,0.0,76.84,78.2,18.77,7.46,0,0,0,0.164,0.298,0.177,1.681,Low,0.0,No rain over the last 7 days,No flood-risk action is needed from rainfall-driven conditions.
51131,Zahle Haouch El-Oumara,2026-09-21,33.833749,35.909759,0.0,0.0,0.0,0.0,76.22,77.58,18.78,7.22,0,0,0,0.158,0.282,0.18,1.565,Low,0.0,No rain over the last 7 days,No flood-risk action is needed from rainfall-driven conditions.
51133,Zahle Aradi,2026-09-21,33.848443,35.883045,0.0,0.0,0.0,0.0,76.29,77.65,18.78,7.23,0,0,0,0.158,0.282,0.18,1.572,Low,0.0,No rain over the last 7 days,No flood-risk action is needed from rainfall-driven conditions.
51135,Zahle Mar Elias,2026-09-21,33.844742,35.896648,0.0,0.0,0.0,0.0,77.33,78.7,18.77,7.66,0,0,0,0.168,0.312,0.175,1.781,Low,0.0,No rain over the last 7 days,No flood-risk action is needed from rainfall-driven conditions.
51139,Fourzol,2026-09-21,33.863646,35.949452,0.0,0.0,0.0,0.0,76.12,77.48,18.69,7.2,0,0,0,0.158,0.282,0.18,1.571,Low,0.0,No rain over the last 7 days,No flood-risk action is needed from rainfall-driven conditions.
51145,Touaite Zahle,2026-09-21,33.856311,35.845168,0.0,0.0,0.0,0.0,78.03,79.4,18.8,7.91,0,0,0,0.174,0.328,0.173,1.901,Low,0.0,No rain over the last 7 days,No flood-risk action is needed from rainfall-driven conditions.
51151,Nabi Ayla,2026-09-21,33.870027,35.985601,0.0,0.0,0.0,0.0,72.75,74.7,18.35,6.44,0,0,0,0.146,0.231,0.188,1.232,Low,0.0,No rain over the last 7 days,No flood-risk action is needed from rainfall-driven conditions.
51157,Hazerta,2026-09-21,33.870067,35.870764,0.0,0.0,0.0,0.0,76.88,78.24,18.75,7.46,0,0,0,0.164,0.299,0.177,1.685,Low,0.0,No rain over the last 7 days,No flood-risk action is needed from rainfall-driven conditions.
51163,Ablah,2026-09-21,33.86855,35.968973,0.0,0.0,0.0,0.0,76.54,77.9,18.66,7.38,0,0,0,0.162,0.295,0.178,1.663,Low,0.0,No rain over the last 7 days,No flood-risk action is needed from rainfall-driven conditions.
51173,Qaa Er-Rim,2026-09-21,33.904313,35.891463,0.0,0.0,0.0,0.0,77.93,79.3,18.67,7.9,0,0,0,0.174,0.33,0.172,1.915,Low,0.0,No rain over the last 7 days,No flood-risk action is needed from rainfall-driven conditions.
51177,Niha Zahle,2026-09-21,33.894426,35.960123,0.0,0.0,0.0,0.0,76.3,77.67,18.63,7.28,0,0,0,0.16,0.289,0.179,1.62,Low,0.0,No rain over the last 7 days,No flood-risk action is needed from rainfall-driven conditions.
51184,Ksara,2026-09-21,33.826999,35.891114,0.0,0.0,0.0,0.0,75.41,76.78,18.81,6.89,0,0,0,0.15,0.259,0.183,1.41,Low,0.0,No rain over the last 7 days,No flood-risk action is needed from rainfall-driven conditions.
51185,Mazraat Er-Remtaniye,2026-09-21,33.834794,35.817287,0.0,0.0,0.0,0.0,76.86,78.23,18.86,7.43,0,0,0,0.163,0.293,0.178,1.648,Low,0.0,No rain over the last 7 days,No flood-risk action is needed from rainfall-driven conditions.
51189,Ouadi El-Aarayech,2026-09-21,33.869966,35.907784,0.0,0.0,0.0,0.0,74.63,76.02,18.72,6.61,0,0,0,0.144,0.241,0.186,1.294,Low,0.0,No rain over the last 7 days,No flood-risk action is needed from rainfall-driven conditions.
51211,Chtaura,2026-09-21,33.815325,35.855853,0.0,0.0,0.0,0.0,75.67,77.04,18.86,6.98,0,0,0,0.152,0.263,0.183,1.439,Low,0.0,No rain over the last 7 days,No flood-risk action is needed from rainfall-driven conditions.
51214,Zebdoul,2026-09-21,33.812185,35.838425,0.0,0.0,0.0,0.0,76.55,77.92,18.88,7.31,0,0,0,0.16,0.285,0.179,1.593,Low,0.0,No rain over the last 7 days,No flood-risk action is needed from rainfall-driven conditions.
51217,Makse,2026-09-21,33.803075,35.840382,0.0,0.0,0.0,0.0,77.77,79.14,18.89,7.81,0,0,0,0.171,0.319,0.174,1.83,Low,0.0,No rain over the last 7 days,No flood-risk action is needed from rainfall-driven conditions.
51221,Taalbaya,2026-09-21,33.814046,35.870609,0.0,0.0,0.0,0.0,78.06,79.44,18.85,7.94,0,0,0,0.174,0.329,0.173,1.908,Low,0.0,No rain over the last 7 days,No flood-risk action is needed from rainfall-driven conditions.
51224,Jdita,2026-09-21,33.813112,35.848031,0.0,0.0,0.0,0.0,75.42,76.79,18.87,6.87,0,0,0,0.149,0.256,0.184,1.39,Low,0.0,No rain over the last 7 days,No flood-risk action is needed from rainfall-driven conditions.
51227,Taanayel,2026-09-21,33.790917,35.876639,0.0,0.0,0.0,0.0,76.43,77.79,18.88,7.28,0,0,0,0.159,0.283,0.18,1.579,Low,0.0,No rain over the last 7 days,No flood-risk action is needed from rainfall-driven conditions.
51231,Saadnayel,2026-09-21,33.816817,35.891497,0.0,0.0,0.0,0.0,75.95,77.31,18.82,7.1,0,0,0,0.155,0.273,0.181,1.503,Low,0.0,No rain over the last 7 days,No flood-risk action is needed from rainfall-driven conditions.
51234,Qabb Elias,2026-09-21,33.780326,35.828981,0.0,0.0,0.0,0.0,77.32,78.69,18.94,7.62,0,0,0,0.166,0.305,0.176,1.728,Low,0.0,No rain over the last 7 days,No flood-risk action is needed from rainfall-driven conditions.
51237,Haouch Mandara,2026-09-21,33.775425,35.855184,0.0,0.0,0.0,0.0,76.35,77.71,18.93,7.24,0,0,0,0.158,0.28,0.18,1.551,Low,0.0,No rain over the last 7 days,No flood-risk action is needed from rainfall-driven conditions.
51241,Mrayjat Zahle,2026-09-21,33.810223,35.805486,0.0,0.0,0.0,0.0,76.48,77.84,18.91,7.27,0,0,0,0.159,0.281,0.18,1.563,Low,0.0,No rain over the last 7 days,No flood-risk action is needed from rainfall-driven conditions.
51244,Bouarej,2026-09-21,33.816148,35.810447,0.0,0.0,0.0,0.0,77.6,78.97,18.9,7.72,0,0,0,0.169,0.313,0.175,1.785,Low,0.0,No rain over the last 7 days,No flood-risk action is needed from rainfall-driven conditions.
51247,Chebrqiyet Tabet,2026-09-21,33.780353,35.868186,0.0,0.0,0.0,0.0,75.16,76.53,18.91,6.78,0,0,0,0.147,0.249,0.185,1.345,Low,0.0,No rain over the last 7 days,No flood-risk action is needed from rainfall-driven conditions.
51251,Haouch Es-Siyade,2026-09-21,33.768298,35.822256,0.0,0.0,0.0,0.0,75.56,76.93,18.97,6.91,0,0,0,0.15,0.256,0.184,1.392,Low,0.0,No rain over the last 7 days,No flood-risk action is needed from rainfall-driven conditions.
51257,Ouadi Ed-Delm,2026-09-21,33.800022,35.791979,0.0,0.0,0.0,0.0,77.67,79.04,18.94,7.74,0,0,0,0.169,0.313,0.175,1.788,Low,0.0,No rain over the last 7 days,No flood-risk action is needed from rainfall-driven conditions.
51261,Tcheflik Qiqano,2026-09-21,33.755399,35.827466,0.0,0.0,0.0,0.0,77.84,79.21,18.98,7.83,0,0,0,0.171,0.318,0.174,1.825,Low,0.0,No rain over the last 7 days,No flood-risk action is needed from rainfall-driven conditions.
51264,Haouch Qayssar,2026-09-21,33.762094,35.814819,0.0,0.0,0.0,0.0,77.75,79.12,18.98,7.79,0,0,0,0.17,0.315,0.175,1.804,Low,0.0,No rain over the last 7 days,No flood-risk action is needed from rainfall-driven conditions.
51267,Barr Elias,2026-09-21,33.773752,35.920921,0.0,0.0,0.0,0.0,76.57,77.93,18.87,7.37,0,0,0,0.161,0.29,0.179,1.622,Low,0.0,No rain over the last 7 days,No flood-risk action is needed from rainfall-driven conditions.
51271,Mzaraat Zahle,2026-09-21,33.768034,35.804832,0.0,0.0,0.0,0.0,76.84,78.21,18.98,7.41,0,0,0,0.162,0.29,0.179,1.621,Low,0.0,No rain over the last 7 days,No flood-risk action is needed from rainfall-driven conditions.
51274,Tcheflik Edde Haouch,2026-09-21,33.757409,35.80502,0.0,0.0,0.0,0.0,75.99,77.35,19.0,7.07,0,0,0,0.153,0.266,0.182,1.458,Low,0.0,No rain over the last 7 days,No flood-risk action is needed from rainfall-driven conditions.
51277,Tell El-Akhdar,2026-09-21,33.739883,35.827201,0.0,0.0,0.0,0.0,75.48,76.85,19.01,6.89,0,0,0,0.149,0.253,0.184,1.374,Low,0.0,No rain over the last 7 days,No flood-risk action is needed from rainfall-driven conditions.
51281,Aanjar (Haouch Moussa),2026-09-21,33.740172,35.926216,0.0,0.0,0.0,0.0,74.34,75.73,18.92,6.51,0,0,0,0.14,0.23,0.188,1.223,Low,0.0,No rain over the last 7 days,No flood-risk action is needed from rainfall-driven conditions.
51284,Majdel Aanjar,2026-09-21,33.712,35.916367,0.0,0.0,0.0,0.0,76.33,77.69,18.98,7.27,0,0,0,0.158,0.281,0.18,1.558,Low,0.0,No rain over the last 7 days,No flood-risk action is needed from rainfall-driven conditions.
51287,Nasriyet Zahle,2026-09-21,33.754157,35.849912,0.0,0.0,0.0,0.0,77.6,78.97,18.97,7.75,0,0,0,0.169,0.313,0.175,1.788,Low,0.0,No rain over the last 7 days,No flood-risk action is needed from rainfall-driven conditions.
51311,Riyaq,2026-09-21,33.852314,36.01588,0.0,0.0,0.0,0.0,76.89,78.25,18.65,7.55,0,0,0,0.166,0.307,0.176,1.748,Low,0.0,No rain over the last 7 days,No flood-risk action is needed from rainfall-driven conditions.
51317,Haouch Hala,2026-09-21,33.848881,35.995066,0.0,0.0,0.0,0.0,77.65,79.02,18.67,7.85,0,0,0,0.173,0.327,0.173,1.892,Low,0.0,No rain over the last 7 days,No flood-risk action is needed from rainfall-driven conditions.
51323,Aali En-Nahri,2026-09-21,33.861466,36.027352,0.0,0.0,0.0,0.0,76.96,78.33,18.62,7.59,0,0,0,0.167,0.311,0.175,1.771,Low,0.0,No rain over the last 7 days,No flood-risk action is needed from rainfall-driven conditions.
51329,Haouch El-Ghanam,2026-09-21,33.873035,36.031455,0.0,0.0,0.0,0.0,74.32,75.71,18.6,6.56,0,0,0,0.143,0.241,0.186,1.293,Low,0.0,No rain over the last 7 days,No flood-risk action is needed from rainfall-driven conditions.
51335,Haouch El-Aamara,2026-09-21,33.856803,35.987503,0.0,0.0,0.0,0.0,76.26,77.62,18.67,7.28,0,0,0,0.16,0.288,0.179,1.613,Low,0.0,No rain over the last 7 days,No flood-risk action is needed from rainfall-driven conditions.
51341,Hoshmosh,2026-09-21,33.829372,36.017418,0.0,0.0,0.0,0.0,76.39,77.75,18.69,7.35,0,0,0,0.161,0.293,0.178,1.644,Low,0.0,No rain over the last 7 days,No flood-risk action is needed from rainfall-driven conditions.
51347,Deir El-Ghazal,2026-09-21,33.82595,36.044159,0.0,0.0,0.0,0.0,73.96,75.35,18.67,6.43,0,0,0,0.14,0.23,0.188,1.227,Low,0.0,No rain over the last 7 days,No flood-risk action is needed from rainfall-driven conditions.
51353,Qoussaya,2026-09-21,33.805878,36.042005,0.0,0.0,0.0,0.0,74.54,75.93,18.71,6.65,0,0,0,0.145,0.245,0.186,1.318,Low,0.0,No rain over the last 7 days,No flood-risk action is needed from rainfall-driven conditions.
51354,Nasriyet Rizk,2026-09-21,33.861208,36.068062,0.0,0.0,0.0,0.0,77.08,78.45,18.59,7.66,0,0,0,0.169,0.317,0.174,1.815,Low,0.0,No rain over the last 7 days,No flood-risk action is needed from rainfall-driven conditions.
51359,Raait,2026-09-21,33.839735,36.03508,0.0,0.0,0.0,0.0,75.43,76.8,18.65,6.99,0,0,0,0.153,0.269,0.182,1.479,Low,0.0,No rain over the last 7 days,No flood-risk action is needed from rainfall-driven conditions.
51365,Terbol Zahle,2026-09-21,33.815504,35.980261,0.0,0.0,0.0,0.0,76.36,77.72,18.74,7.32,0,0,0,0.16,0.289,0.179,1.619,Low,0.0,No rain over the last 7 days,No flood-risk action is needed from rainfall-driven conditions.
51371,Massa,2026-09-21,33.848233,36.054892,0.0,0.0,0.0,0.0,75.68,77.05,18.62,7.09,0,0,0,0.155,0.277,0.181,1.535,Low,0.0,No rain over the last 7 days,No flood-risk action is needed from rainfall-driven conditions.
51377,Aain Kfar Zabad,2026-09-21,33.789942,36.013228,0.0,0.0,0.0,0.0,74.09,75.48,18.76,6.46,0,0,0,0.14,0.23,0.188,1.227,Low,0.0,No rain over the last 7 days,No flood-risk action is needed from rainfall-driven conditions.
51383,Dalhamiyet Zahle,2026-09-21,33.818691,35.957768,0.0,0.0,0.0,0.0,76.98,78.35,18.76,7.56,0,0,0,0.166,0.305,0.176,1.732,Low,0.0,No rain over the last 7 days,No flood-risk action is needed from rainfall-driven conditions.
51389,Kfarzabad,2026-09-21,33.767186,35.978283,0.0,0.0,0.0,0.0,76.77,78.13,18.83,7.48,0,0,0,0.163,0.299,0.177,1.685,Low,0.0,No rain over the last 7 days,No flood-risk action is needed from rainfall-driven conditions.
52001,52001,2026-09-21,33.723214,35.756721,0.0,0.0,0.0,0.0,77.23,78.6,19.1,7.54,0,0,0,0.164,0.296,0.178,1.663,Low,0.0,No rain over the last 7 days,No flood-risk action is needed from rainfall-driven conditions.
52002,52002,2026-09-21,33.676737,35.71851,0.0,0.0,0.0,0.0,77.8,79.17,19.22,7.75,0,0,0,0.168,0.307,0.176,1.746,Low,0.0,No rain over the last 7 days,No flood-risk action is needed from rainfall-driven conditions.
52003,52003,2026-09-21,33.636456,35.679988,0.0,0.0,0.0,0.0,78.89,80.27,19.32,8.17,0,0,0,0.178,0.334,0.172,1.941,Low,0.0,No rain over the last 7 days,No flood-risk action is needed from rainfall-driven conditions.
52111,Machghara,2026-09-21,33.524898,35.659877,0.0,0.0,0.0,0.0,77.51,78.88,19.53,7.6,0,0,0,0.163,0.289,0.179,1.62,Low,0.0,No rain over the last 7 days,No flood-risk action is needed from rainfall-driven conditions.
52116,Aain Et-Tine BG,2026-09-21,33.495592,35.63849,0.0,0.0,0.0,0.0,77.96,79.34,19.6,7.77,0,0,0,0.167,0.3,0.177,1.692,Low,0.0,No rain over the last 7 days,No flood-risk action is needed from rainfall-driven conditions.
52121,Aaytanit,2026-09-21,33.559659,35.671958,0.0,0.0,0.0,0.0,75.4,76.77,19.46,6.77,0,0,0,0.144,0.234,0.187,1.252,Low,0.0,No rain over the last 7 days,No flood-risk action is needed from rainfall-driven conditions.
52126,Bab Mareaa,2026-09-21,33.588565,35.676103,0.0,0.0,0.0,0.0,76.0,77.36,19.4,7.0,0,0,0,0.15,0.252,0.184,1.363,Low,0.0,No rain over the last 7 days,No flood-risk action is needed from rainfall-driven conditions.
52131,Deir Aain Ej-Jaouze,2026-09-21,33.595416,35.698574,0.0,0.0,0.0,0.0,77.83,79.2,19.37,7.75,0,0,0,0.168,0.304,0.176,1.721,Low,0.0,No rain over the last 7 days,No flood-risk action is needed from rainfall-driven conditions.
52136,Saghbine,2026-09-21,33.606808,35.700359,0.0,0.0,0.0,0.0,75.35,76.73,19.35,6.76,0,0,0,0.145,0.237,0.187,1.266,Low,0.0,No rain over the last 7 days,No flood-risk action is needed from rainfall-driven conditions.
52141,Loussa,2026-09-21,33.461917,35.64953,0.0,0.0,0.0,0.0,78.18,79.56,19.64,7.87,0,0,0,0.169,0.305,0.176,1.732,Low,0.0,No rain over the last 7 days,No flood-risk action is needed from rainfall-driven conditions.
52146,Aain Zebde,2026-09-21,33.627291,35.699476,0.0,0.0,0.0,0.0,77.0,78.36,19.32,7.42,0,0,0,0.16,0.282,0.18,1.568,Low,0.0,No rain over the last 7 days,No flood-risk action is needed from rainfall-driven conditions.
52151,Khirbet Qanafar,2026-09-21,33.638028,35.731635,0.0,0.0,0.0,0.0,77.59,78.96,19.27,7.67,0,0,0,0.166,0.301,0.177,1.7,Low,0.0,No rain over the last 7 days,No flood-risk action is needed from rainfall-driven conditions.
52156,Kafraiya BG,2026-09-21,33.658849,35.74092,0.0,0.0,0.0,0.0,76.68,78.04,19.23,7.31,0,0,0,0.158,0.277,0.181,1.533,Low,0.0,No rain over the last 7 days,No flood-risk action is needed from rainfall-driven conditions.
52161,Aana,2026-09-21,33.6838,35.776078,0.0,0.0,0.0,0.0,75.08,76.45,19.15,6.7,0,0,0,0.144,0.237,0.187,1.27,Low,0.0,No rain over the last 7 days,No flood-risk action is needed from rainfall-driven conditions.
52166,Deir Tahniche,2026-09-21,33.6975,35.773534,0.0,0.0,0.0,0.0,74.91,76.29,19.13,6.64,0,0,0,0.143,0.233,0.187,1.245,Low,0.0,No rain over the last 7 days,No flood-risk action is needed from rainfall-driven conditions.
52171,Mansoura BG,2026-09-21,33.684069,35.809084,0.0,0.0,0.0,0.0,75.31,76.68,19.12,6.81,0,0,0,0.147,0.245,0.185,1.323,Low,0.0,No rain over the last 7 days,No flood-risk action is needed from rainfall-driven conditions.
52176,Aammiq BG,2026-09-21,33.73054,35.790279,0.0,0.0,0.0,0.0,77.37,78.74,19.06,7.62,0,0,0,0.166,0.302,0.177,1.707,Low,0.0,No rain over the last 7 days,No flood-risk action is needed from rainfall-driven conditions.
52181,Chebrqiyet Aammiq,2026-09-21,33.705932,35.814572,0.0,0.0,0.0,0.0,75.72,77.09,19.08,6.97,0,0,0,0.151,0.257,0.184,1.402,Low,0.0,No rain over the last 7 days,No flood-risk action is needed from rainfall-driven conditions.
52211,Joubb Jannine,2026-09-21,33.634413,35.789841,0.0,0.0,0.0,0.0,77.47,78.84,19.22,7.66,0,0,0,0.166,0.301,0.177,1.7,Low,0.0,No rain over the last 7 days,No flood-risk action is needed from rainfall-driven conditions.
52214,Lala,2026-09-21,33.614349,35.765396,0.0,0.0,0.0,0.0,77.18,78.54,19.28,7.53,0,0,0,0.163,0.29,0.178,1.628,Low,0.0,No rain over the last 7 days,No flood-risk action is needed from rainfall-driven conditions.
52217,Kamed El-Laouz,2026-09-21,33.620322,35.817965,0.0,0.0,0.0,0.0,76.26,77.62,19.22,7.18,0,0,0,0.155,0.269,0.182,1.477,Low,0.0,No rain over the last 7 days,No flood-risk action is needed from rainfall-driven conditions.
52221,Tall Znoub,2026-09-21,33.655106,35.777883,0.0,0.0,0.0,0.0,77.12,78.48,19.2,7.51,0,0,0,0.163,0.291,0.178,1.633,Low,0.0,No rain over the last 7 days,No flood-risk action is needed from rainfall-driven conditions.
52224,Baaloul BG,2026-09-21,33.586604,35.7513,0.0,0.0,0.0,0.0,78.22,79.59,19.34,7.94,0,0,0,0.172,0.317,0.174,1.821,Low,0.0,No rain over the last 7 days,No flood-risk action is needed from rainfall-driven conditions.
52227,Ghazze,2026-09-21,33.678934,35.823616,0.0,0.0,0.0,0.0,77.54,78.92,19.12,7.71,0,0,0,0.168,0.307,0.176,1.744,Low,0.0,No rain over the last 7 days,No flood-risk action is needed from rainfall-driven conditions.
52231,Soultan Yaacoub Faouqa,2026-09-21,33.655266,35.847322,0.0,0.0,0.0,0.0,77.82,79.2,19.14,7.83,0,0,0,0.17,0.315,0.175,1.805,Low,0.0,No rain over the last 7 days,No flood-risk action is needed from rainfall-driven conditions.
52234,Khiara,2026-09-21,33.686702,35.845927,0.0,0.0,0.0,0.0,76.48,77.85,19.08,7.29,0,0,0,0.158,0.279,0.18,1.549,Low,0.0,No rain over the last 7 days,No flood-risk action is needed from rainfall-driven conditions.
52237,Qaraaoun,2026-09-21,33.563347,35.724302,0.0,0.0,0.0,0.0,78.09,79.47,19.4,7.87,0,0,0,0.17,0.311,0.175,1.776,Low,0.0,No rain over the last 7 days,No flood-risk action is needed from rainfall-driven conditions.
52241,Soltan Yacoub el Aradi,2026-09-21,33.673519,35.870436,0.0,0.0,0.0,0.0,76.64,78.0,19.09,7.37,0,0,0,0.16,0.285,0.179,1.587,Low,0.0,No rain over the last 7 days,No flood-risk action is needed from rainfall-driven conditions.
52244,Manara (Hammara) BG,2026-09-21,33.660024,35.89234,0.0,0.0,0.0,0.0,76.47,77.83,19.09,7.31,0,0,0,0.158,0.281,0.18,1.561,Low,0.0,No rain over the last 7 days,No flood-risk action is needed from rainfall-driven conditions.
52247,Khiara El-Aatiqa,2026-09-21,33.708716,35.830804,0.0,0.0,0.0,0.0,74.7,76.09,19.06,6.59,0,0,0,0.142,0.232,0.188,1.236,Low,0.0,No rain over the last 7 days,No flood-risk action is needed from rainfall-driven conditions.
52251,Dakoue,2026-09-21,33.693434,35.87306,0.0,0.0,0.0,0.0,74.59,75.98,19.05,6.57,0,0,0,0.141,0.231,0.188,1.231,Low,0.0,No rain over the last 7 days,No flood-risk action is needed from rainfall-driven conditions.
52254,Haouch El-Harime,2026-09-21,33.716368,35.858935,0.0,0.0,0.0,0.0,76.82,78.19,19.02,7.44,0,0,0,0.162,0.29,0.178,1.628,Low,0.0,No rain over the last 7 days,No flood-risk action is needed from rainfall-driven conditions.
52257,Jazira BG,2026-09-21,33.726256,35.846893,0.0,0.0,0.0,0.0,74.67,76.06,19.02,6.59,0,0,0,0.142,0.233,0.187,1.242,Low,0.0,No rain over the last 7 days,No flood-risk action is needed from rainfall-driven conditions.
52261,Ouaqf BG,2026-09-21,33.738316,35.844601,0.0,0.0,0.0,0.0,76.69,78.06,19.0,7.37,0,0,0,0.16,0.287,0.179,1.602,Low,0.0,No rain over the last 7 days,No flood-risk action is needed from rainfall-driven conditions.
52264,Souairi,2026-09-21,33.685931,35.914441,0.0,0.0,0.0,0.0,77.48,78.85,19.02,7.73,0,0,0,0.168,0.311,0.175,1.774,Low,0.0,No rain over the last 7 days,No flood-risk action is needed from rainfall-driven conditions.
52267,Sohmor,2026-09-21,33.511279,35.690939,0.0,0.0,0.0,0.0,78.22,79.6,19.52,7.91,0,0,0,0.17,0.311,0.175,1.773,Low,0.0,No rain over the last 7 days,No flood-risk action is needed from rainfall-driven conditions.
52271,Harime Es-Soughra,2026-09-21,33.734815,35.873112,0.0,0.0,0.0,0.0,76.28,77.64,18.98,7.23,0,0,0,0.157,0.277,0.181,1.536,Low,0.0,No rain over the last 7 days,No flood-risk action is needed from rainfall-driven conditions.
52274,Libbaya BG,2026-09-21,33.475392,35.703276,0.0,0.0,0.0,0.0,78.65,80.03,19.57,8.09,0,0,0,0.174,0.322,0.174,1.856,Low,0.0,No rain over the last 7 days,No flood-risk action is needed from rainfall-driven conditions.
52277,Marj BG,2026-09-21,33.75866,35.877238,0.0,0.0,0.0,0.0,78.09,79.47,18.93,7.96,0,0,0,0.174,0.328,0.173,1.902,Low,0.0,No rain over the last 7 days,No flood-risk action is needed from rainfall-driven conditions.
52281,Yohmor BG,2026-09-21,33.480132,35.679092,0.0,0.0,0.0,0.0,76.61,77.98,19.59,7.25,0,0,0,0.155,0.264,0.182,1.449,Low,0.0,No rain over the last 7 days,No flood-risk action is needed from rainfall-driven conditions.
52284,Zilaya,2026-09-21,33.45627,35.673296,0.0,0.0,0.0,0.0,79.03,80.41,19.63,8.23,0,0,0,0.177,0.33,0.172,1.915,Low,0.0,No rain over the last 7 days,No flood-risk action is needed from rainfall-driven conditions.
52287,Maydoun,2026-09-21,33.460793,35.62885,0.0,0.0,0.0,0.0,76.06,77.42,19.66,7.0,0,0,0,0.148,0.245,0.185,1.323,Low,0.0,No rain over the last 7 days,No flood-risk action is needed from rainfall-driven conditions.
52291,Qelaya,2026-09-21,33.439089,35.662983,0.0,0.0,0.0,0.0,75.57,76.94,19.67,6.83,0,0,0,0.144,0.234,0.187,1.248,Low,0.0,No rain over the last 7 days,No flood-risk action is needed from rainfall-driven conditions.
52295,Raouda (Istabel),2026-09-21,33.750872,35.89308,0.0,0.0,0.0,0.0,77.81,79.18,18.93,7.86,0,0,0,0.172,0.321,0.174,1.85,Low,0.0,No rain over the last 7 days,No flood-risk action is needed from rainfall-driven conditions.
53001,53001,2026-09-21,34.290804,36.579527,0.0,0.0,0.0,0.0,72.38,73.77,17.4,6.13,0,0,0,0.138,0.241,0.186,1.294,Low,0.0,No rain over the last 7 days,No flood-risk action is needed from rainfall-driven conditions.
53002,litige,2026-09-21,34.25076,36.570627,0.0,0.0,0.0,0.0,71.94,73.33,17.47,5.96,0,0,0,0.134,0.227,0.188,1.207,Low,0.0,No rain over the last 7 days,No flood-risk action is needed from rainfall-driven conditions.
53003,53003,2026-09-21,33.852389,36.245738,0.0,0.0,0.0,0.0,74.01,75.41,18.44,6.56,0,0,0,0.143,0.246,0.185,1.325,Low,0.0,No rain over the last 7 days,No flood-risk action is needed from rainfall-driven conditions.
53111,Baalbek,2026-09-21,34.011749,36.197601,0.0,0.0,0.0,0.0,76.57,77.93,18.22,7.53,0,0,0,0.167,0.316,0.175,1.812,Low,0.0,No rain over the last 7 days,No flood-risk action is needed from rainfall-driven conditions.
53115,Aain Bourday,2026-09-21,33.980286,36.213846,0.0,0.0,0.0,0.0,75.67,77.04,18.25,7.18,0,0,0,0.159,0.292,0.178,1.638,Low,0.0,No rain over the last 7 days,No flood-risk action is needed from rainfall-driven conditions.
53119,Douris,2026-09-21,33.989034,36.163246,0.0,0.0,0.0,0.0,76.02,77.38,18.29,7.29,0,0,0,0.161,0.298,0.177,1.682,Low,0.0,No rain over the last 7 days,No flood-risk action is needed from rainfall-driven conditions.
53123,Iaat,2026-09-21,34.047445,36.163084,0.0,0.0,0.0,0.0,76.57,77.93,18.19,7.51,0,0,0,0.167,0.315,0.175,1.806,Low,0.0,No rain over the last 7 days,No flood-risk action is needed from rainfall-driven conditions.
53127,Aadous,2026-09-21,34.022706,36.155779,0.0,0.0,0.0,0.0,76.93,78.29,18.23,7.65,0,0,0,0.17,0.324,0.173,1.869,Low,0.0,No rain over the last 7 days,No flood-risk action is needed from rainfall-driven conditions.
53131,Aamchki,2026-09-21,33.994259,36.295626,0.0,0.0,0.0,0.0,74.37,75.76,18.16,6.73,0,0,0,0.149,0.264,0.183,1.443,Low,0.0,No rain over the last 7 days,No flood-risk action is needed from rainfall-driven conditions.
53135,Haouch Tall Safiye,2026-09-21,34.019872,36.137821,0.0,0.0,0.0,0.0,76.54,77.9,18.26,7.48,0,0,0,0.166,0.312,0.175,1.781,Low,0.0,No rain over the last 7 days,No flood-risk action is needed from rainfall-driven conditions.
53139,Taibet Baalbek,2026-09-21,33.960193,36.155531,0.0,0.0,0.0,0.0,75.47,76.84,18.34,7.07,0,0,0,0.156,0.282,0.18,1.569,Low,0.0,No rain over the last 7 days,No flood-risk action is needed from rainfall-driven conditions.
53143,Nahle baalbek,2026-09-21,34.052483,36.302565,0.0,0.0,0.0,0.0,73.59,74.98,18.05,6.43,0,0,0,0.142,0.246,0.185,1.325,Low,0.0,No rain over the last 7 days,No flood-risk action is needed from rainfall-driven conditions.
53147,Majdaloun,2026-09-21,33.994284,36.118535,0.0,0.0,0.0,0.0,74.95,76.33,18.32,6.85,0,0,0,0.151,0.267,0.182,1.468,Low,0.0,No rain over the last 7 days,No flood-risk action is needed from rainfall-driven conditions.
53151,Haouche Barada,2026-09-21,34.010467,36.112684,0.0,0.0,0.0,0.0,73.92,75.31,18.29,6.45,0,0,0,0.142,0.241,0.186,1.293,Low,0.0,No rain over the last 7 days,No flood-risk action is needed from rainfall-driven conditions.
53155,Maqne,2026-09-21,34.071799,36.205824,0.0,0.0,0.0,0.0,75.22,76.59,18.11,7.0,0,0,0,0.156,0.283,0.18,1.575,Low,0.0,No rain over the last 7 days,No flood-risk action is needed from rainfall-driven conditions.
53159,haouch El-Dehab,2026-09-21,34.040081,36.117213,0.0,0.0,0.0,0.0,76.85,78.22,18.24,7.59,0,0,0,0.169,0.32,0.174,1.839,Low,0.0,No rain over the last 7 days,No flood-risk action is needed from rainfall-driven conditions.
53163,Aain Es-Siyaa Chadoura,2026-09-21,33.956442,36.264846,0.0,0.0,0.0,0.0,75.75,77.12,18.25,7.24,0,0,0,0.16,0.296,0.178,1.669,Low,0.0,No rain over the last 7 days,No flood-risk action is needed from rainfall-driven conditions.
53167,Saaide,2026-09-21,34.028291,36.068828,0.0,0.0,0.0,0.0,74.01,75.4,18.3,6.46,0,0,0,0.142,0.241,0.186,1.294,Low,0.0,No rain over the last 7 days,No flood-risk action is needed from rainfall-driven conditions.
53171,Jebaa,2026-09-21,34.01924,36.025861,0.0,0.0,0.0,0.0,77.45,78.82,18.36,7.78,0,0,0,0.173,0.33,0.172,1.913,Low,0.0,No rain over the last 7 days,No flood-risk action is needed from rainfall-driven conditions.
53179,Kfar Dane,2026-09-21,34.020521,36.049724,0.0,0.0,0.0,0.0,75.53,76.9,18.33,7.03,0,0,0,0.156,0.279,0.18,1.548,Low,0.0,No rain over the last 7 days,No flood-risk action is needed from rainfall-driven conditions.
53183,Hadath Baalbek,2026-09-21,33.997203,36.050701,0.0,0.0,0.0,0.0,74.4,75.79,18.37,6.6,0,0,0,0.145,0.249,0.185,1.345,Low,0.0,No rain over the last 7 days,No flood-risk action is needed from rainfall-driven conditions.
53211,Ras Baalbek Es-Sahel,2026-09-21,34.284298,36.403172,0.0,0.0,0.0,0.0,76.08,77.44,17.57,7.45,0,0,0,0.169,0.326,0.173,1.886,Low,0.0,No rain over the last 7 days,No flood-risk action is needed from rainfall-driven conditions.
53214,Fekehe,2026-09-21,34.253073,36.376837,0.0,0.0,0.0,0.0,72.6,73.99,17.64,6.1,0,0,0,0.137,0.232,0.187,1.238,Low,0.0,No rain over the last 7 days,No flood-risk action is needed from rainfall-driven conditions.
53217,Aain Baalbek,2026-09-21,34.224803,36.383028,0.0,0.0,0.0,0.0,73.91,75.3,17.69,6.6,0,0,0,0.148,0.266,0.182,1.458,Low,0.0,No rain over the last 7 days,No flood-risk action is needed from rainfall-driven conditions.
53221,Bajjaje,2026-09-21,34.225664,36.340353,0.0,0.0,0.0,0.0,76.13,77.49,17.72,7.43,0,0,0,0.168,0.321,0.174,1.85,Low,0.0,No rain over the last 7 days,No flood-risk action is needed from rainfall-driven conditions.
53224,Nabi Osmane,2026-09-21,34.216709,36.369792,0.0,0.0,0.0,0.0,73.88,75.27,17.71,6.58,0,0,0,0.148,0.264,0.183,1.445,Low,0.0,No rain over the last 7 days,No flood-risk action is needed from rainfall-driven conditions.
53227,Ras Baalbek Ech-Charqi,2026-09-21,34.262758,36.507252,0.0,0.0,0.0,0.0,72.98,74.38,17.51,6.32,0,0,0,0.142,0.251,0.185,1.359,Low,0.0,No rain over the last 7 days,No flood-risk action is needed from rainfall-driven conditions.
53231,Aarsal,2026-09-21,34.166224,36.466621,0.0,0.0,0.0,0.0,72.61,74.0,17.71,6.15,0,0,0,0.137,0.235,0.187,1.256,Low,0.0,No rain over the last 7 days,No flood-risk action is needed from rainfall-driven conditions.
53234,Laboue,2026-09-21,34.194054,36.341988,0.0,0.0,0.0,0.0,72.81,74.2,17.78,6.16,0,0,0,0.137,0.233,0.187,1.245,Low,0.0,No rain over the last 7 days,No flood-risk action is needed from rainfall-driven conditions.
53237,Zabboud,2026-09-21,34.239334,36.308689,0.0,0.0,0.0,0.0,74.75,76.13,17.73,6.88,0,0,0,0.155,0.283,0.18,1.579,Low,0.0,No rain over the last 7 days,No flood-risk action is needed from rainfall-driven conditions.
53241,Qaa Baalbek,2026-09-21,34.336401,36.461489,0.0,0.0,0.0,0.0,72.86,74.25,17.43,6.25,0,0,0,0.141,0.248,0.185,1.337,Low,0.0,No rain over the last 7 days,No flood-risk action is needed from rainfall-driven conditions.
53244,Deir Mar Maroun Baalbek,2026-09-21,34.354329,36.396925,0.0,0.0,0.0,0.0,76.1,77.46,17.45,7.45,0,0,0,0.169,0.329,0.173,1.907,Low,0.0,No rain over the last 7 days,No flood-risk action is needed from rainfall-driven conditions.
53247,Halbata,2026-09-21,34.259584,36.236651,0.0,0.0,0.0,0.0,74.69,76.08,17.76,6.82,0,0,0,0.153,0.278,0.18,1.542,Low,0.0,No rain over the last 7 days,No flood-risk action is needed from rainfall-driven conditions.
53251,Moqraq,2026-09-21,34.160575,36.330141,0.0,0.0,0.0,0.0,75.45,76.82,17.84,7.16,0,0,0,0.161,0.3,0.177,1.696,Low,0.0,No rain over the last 7 days,No flood-risk action is needed from rainfall-driven conditions.
53254,Qaa Ouadi El-Khanzir,2026-09-21,34.39724,36.47596,0.0,0.0,0.0,0.0,74.65,76.03,17.31,6.94,0,0,0,0.158,0.297,0.177,1.677,Low,0.0,No rain over the last 7 days,No flood-risk action is needed from rainfall-driven conditions.
53257,Qaa Baayoun,2026-09-21,34.321892,36.517773,0.0,0.0,0.0,0.0,73.36,74.75,17.4,6.47,0,0,0,0.146,0.264,0.183,1.443,Low,0.0,No rain over the last 7 days,No flood-risk action is needed from rainfall-driven conditions.
53261,Sbouba,2026-09-21,34.224471,36.281558,0.0,0.0,0.0,0.0,73.54,74.94,17.78,6.4,0,0,0,0.143,0.25,0.185,1.351,Low,0.0,No rain over the last 7 days,No flood-risk action is needed from rainfall-driven conditions.
53264,Harabta,2026-09-21,34.217722,36.245715,0.0,0.0,0.0,0.0,73.49,74.88,17.82,6.36,0,0,0,0.142,0.246,0.185,1.325,Low,0.0,No rain over the last 7 days,No flood-risk action is needed from rainfall-driven conditions.
53267,Qaa Jouar Maqiye,2026-09-21,34.39246,36.514547,0.0,0.0,0.0,0.0,75.51,76.88,17.28,7.29,0,0,0,0.166,0.323,0.174,1.858,Low,0.0,No rain over the last 7 days,No flood-risk action is needed from rainfall-driven conditions.
53271,Nabha Ed-Damdoum,2026-09-21,34.211066,36.167536,0.0,0.0,0.0,0.0,77.11,78.48,17.9,7.73,0,0,0,0.174,0.337,0.171,1.966,Low,0.0,No rain over the last 7 days,No flood-risk action is needed from rainfall-driven conditions.
53274,Chaat,2026-09-21,34.142811,36.251102,0.0,0.0,0.0,0.0,73.16,74.55,17.94,6.24,0,0,0,0.139,0.235,0.187,1.254,Low,0.0,No rain over the last 7 days,No flood-risk action is needed from rainfall-driven conditions.
53277,Qarha Baalbek,2026-09-21,34.166154,36.206153,0.0,0.0,0.0,0.0,76.51,77.87,17.95,7.51,0,0,0,0.168,0.321,0.174,1.847,Low,0.0,No rain over the last 7 days,No flood-risk action is needed from rainfall-driven conditions.
53281,Ram Baalbek,2026-09-21,34.174081,36.176097,0.0,0.0,0.0,0.0,74.58,75.96,17.96,6.74,0,0,0,0.151,0.268,0.182,1.474,Low,0.0,No rain over the last 7 days,No flood-risk action is needed from rainfall-driven conditions.
53284,Youmine,2026-09-21,34.106034,36.283177,0.0,0.0,0.0,0.0,73.89,75.28,17.98,6.54,0,0,0,0.145,0.254,0.184,1.382,Low,0.0,No rain over the last 7 days,No flood-risk action is needed from rainfall-driven conditions.
53311,Deir El-Ahmar,2026-09-21,34.127866,36.112116,0.0,0.0,0.0,0.0,76.25,77.61,18.1,7.35,0,0,0,0.164,0.306,0.176,1.741,Low,0.0,No rain over the last 7 days,No flood-risk action is needed from rainfall-driven conditions.
53322,Kneisset Baalbek,2026-09-21,34.132208,36.179068,0.0,0.0,0.0,0.0,76.98,78.34,18.03,7.68,0,0,0,0.172,0.331,0.172,1.92,Low,0.0,No rain over the last 7 days,No flood-risk action is needed from rainfall-driven conditions.
53333,Bechouat,2026-09-21,34.149709,36.134396,0.0,0.0,0.0,0.0,75.11,76.48,18.04,6.92,0,0,0,0.154,0.278,0.18,1.543,Low,0.0,No rain over the last 7 days,No flood-risk action is needed from rainfall-driven conditions.
53344,Barqa,2026-09-21,34.189256,36.135419,0.0,0.0,0.0,0.0,76.73,78.1,17.97,7.56,0,0,0,0.17,0.324,0.173,1.865,Low,0.0,No rain over the last 7 days,No flood-risk action is needed from rainfall-driven conditions.
53355,Riha,2026-09-21,34.142398,36.195937,0.0,0.0,0.0,0.0,76.4,77.76,18.0,7.46,0,0,0,0.167,0.316,0.175,1.813,Low,0.0,No rain over the last 7 days,No flood-risk action is needed from rainfall-driven conditions.
53366,Dar El-Ouassaa,2026-09-21,34.108161,36.05642,0.0,0.0,0.0,0.0,73.94,75.34,18.18,6.43,0,0,0,0.142,0.241,0.186,1.298,Low,0.0,No rain over the last 7 days,No flood-risk action is needed from rainfall-driven conditions.
53375,Btedaai,2026-09-21,34.106886,36.103069,0.0,0.0,0.0,0.0,74.39,75.78,18.14,6.63,0,0,0,0.147,0.256,0.184,1.393,Low,0.0,No rain over the last 7 days,No flood-risk action is needed from rainfall-driven conditions.
53377,Aaynata Baalbek,2026-09-21,34.184628,36.081248,0.0,0.0,0.0,0.0,77.41,78.78,18.03,7.8,0,0,0,0.175,0.339,0.171,1.98,Low,0.0,No rain over the last 7 days,No flood-risk action is needed from rainfall-driven conditions.
53388,Yammoune,2026-09-21,34.124481,36.037931,0.0,0.0,0.0,0.0,76.86,78.22,18.17,7.55,0,0,0,0.169,0.318,0.174,1.827,Low,0.0,No rain over the last 7 days,No flood-risk action is needed from rainfall-driven conditions.
53411,Bednayel Baalbak,2026-09-21,33.921729,35.982289,0.0,0.0,0.0,0.0,75.29,76.67,18.56,6.9,0,0,0,0.151,0.265,0.182,1.452,Low,0.0,No rain over the last 7 days,No flood-risk action is needed from rainfall-driven conditions.
53413,Qsarnaba,2026-09-21,33.904584,35.999753,0.0,0.0,0.0,0.0,75.5,76.87,18.58,6.99,0,0,0,0.153,0.271,0.182,1.491,Low,0.0,No rain over the last 7 days,No flood-risk action is needed from rainfall-driven conditions.
53415,Temnine El-Faouqa,2026-09-21,33.904198,35.985026,0.0,0.0,0.0,0.0,75.77,77.14,18.59,7.09,0,0,0,0.156,0.277,0.181,1.535,Low,0.0,No rain over the last 7 days,No flood-risk action is needed from rainfall-driven conditions.
53417,Beit Chama,2026-09-21,33.925944,36.020652,0.0,0.0,0.0,0.0,74.6,75.98,18.52,6.66,0,0,0,0.146,0.249,0.185,1.349,Low,0.0,No rain over the last 7 days,No flood-risk action is needed from rainfall-driven conditions.
53419,Haouch Er-Rafqa,2026-09-21,33.913848,36.047226,0.0,0.0,0.0,0.0,73.89,75.29,18.52,6.4,0,0,0,0.14,0.232,0.188,1.238,Low,0.0,No rain over the last 7 days,No flood-risk action is needed from rainfall-driven conditions.
53421,Mousraye,2026-09-21,33.916559,36.054168,0.0,0.0,0.0,0.0,75.88,77.25,18.51,7.17,0,0,0,0.158,0.285,0.179,1.589,Low,0.0,No rain over the last 7 days,No flood-risk action is needed from rainfall-driven conditions.
53423,Slouqi,2026-09-21,33.967302,35.958816,0.0,0.0,0.0,0.0,77.78,79.15,18.51,7.88,0,0,0,0.175,0.333,0.172,1.935,Low,0.0,No rain over the last 7 days,No flood-risk action is needed from rainfall-driven conditions.
53425,Temnine Et-Tahta,2026-09-21,33.881765,36.003967,0.0,0.0,0.0,0.0,75.49,76.86,18.61,6.99,0,0,0,0.153,0.27,0.182,1.486,Low,0.0,No rain over the last 7 days,No flood-risk action is needed from rainfall-driven conditions.
53427,Kfar Dabach,2026-09-21,33.940815,36.041281,0.0,0.0,0.0,0.0,76.84,78.2,18.48,7.55,0,0,0,0.167,0.311,0.175,1.774,Low,0.0,No rain over the last 7 days,No flood-risk action is needed from rainfall-driven conditions.
53429,Chmistar,2026-09-21,33.964534,36.004067,0.0,0.0,0.0,0.0,77.15,78.51,18.47,7.65,0,0,0,0.169,0.318,0.174,1.826,Low,0.0,No rain over the last 7 days,No flood-risk action is needed from rainfall-driven conditions.
53431,Haouch En-Nabi,2026-09-21,33.932682,36.058841,0.0,0.0,0.0,0.0,74.47,75.86,18.47,6.63,0,0,0,0.145,0.249,0.185,1.345,Low,0.0,No rain over the last 7 days,No flood-risk action is needed from rainfall-driven conditions.
53433,Haouch Snaid,2026-09-21,33.932946,36.07355,0.0,0.0,0.0,0.0,75.56,76.93,18.46,7.06,0,0,0,0.155,0.278,0.18,1.543,Low,0.0,No rain over the last 7 days,No flood-risk action is needed from rainfall-driven conditions.
53435,Taraiya,2026-09-21,33.982927,36.019687,0.0,0.0,0.0,0.0,77.75,79.12,18.42,7.9,0,0,0,0.175,0.337,0.171,1.963,Low,0.0,No rain over the last 7 days,No flood-risk action is needed from rainfall-driven conditions.
53437,Serraaine Et-Tahta,2026-09-21,33.884826,36.068934,0.0,0.0,0.0,0.0,75.57,76.94,18.55,7.06,0,0,0,0.155,0.276,0.181,1.529,Low,0.0,No rain over the last 7 days,No flood-risk action is needed from rainfall-driven conditions.
53439,Talia,2026-09-21,33.946841,36.092168,0.0,0.0,0.0,0.0,77.5,78.87,18.42,7.84,0,0,0,0.174,0.333,0.172,1.935,Low,0.0,No rain over the last 7 days,No flood-risk action is needed from rainfall-driven conditions.
53441,Hizzine,2026-09-21,33.968496,36.090904,0.0,0.0,0.0,0.0,76.28,77.64,18.39,7.35,0,0,0,0.163,0.3,0.177,1.695,Low,0.0,No rain over the last 7 days,No flood-risk action is needed from rainfall-driven conditions.
53443,Khodr Baalbek,2026-09-21,33.909834,36.122399,0.0,0.0,0.0,0.0,74.39,75.78,18.46,6.64,0,0,0,0.145,0.25,0.185,1.352,Low,0.0,No rain over the last 7 days,No flood-risk action is needed from rainfall-driven conditions.
53445,Nabi Chit,2026-09-21,33.886598,36.10166,0.0,0.0,0.0,0.0,73.74,75.13,18.51,6.38,0,0,0,0.139,0.231,0.188,1.228,Low,0.0,No rain over the last 7 days,No flood-risk action is needed from rainfall-driven conditions.
53447,Jenta,2026-09-21,33.840335,36.09497,0.0,0.0,0.0,0.0,76.23,77.59,18.6,7.33,0,0,0,0.161,0.294,0.178,1.651,Low,0.0,No rain over the last 7 days,No flood-risk action is needed from rainfall-driven conditions.
53449,Yahfoufa,2026-09-21,33.852959,36.126079,0.0,0.0,0.0,0.0,74.3,75.69,18.55,6.6,0,0,0,0.144,0.245,0.185,1.324,Low,0.0,No rain over the last 7 days,No flood-risk action is needed from rainfall-driven conditions.
53451,Haour Taala,2026-09-21,33.908645,36.174786,0.0,0.0,0.0,0.0,75.88,77.24,18.41,7.24,0,0,0,0.16,0.292,0.178,1.639,Low,0.0,No rain over the last 7 days,No flood-risk action is needed from rainfall-driven conditions.
53453,Brital,2026-09-21,33.93602,36.172514,0.0,0.0,0.0,0.0,76.71,78.07,18.37,7.57,0,0,0,0.168,0.316,0.175,1.808,Low,0.0,No rain over the last 7 days,No flood-risk action is needed from rainfall-driven conditions.
53455,Khreibet Baalbek,2026-09-21,33.881452,36.159906,0.0,0.0,0.0,0.0,76.27,77.63,18.47,7.39,0,0,0,0.163,0.301,0.177,1.7,Low,0.0,No rain over the last 7 days,No flood-risk action is needed from rainfall-driven conditions.
53457,Mazraat beit Mchaik,2026-09-21,34.061656,35.991412,0.0,0.0,0.0,0.0,76.69,78.05,18.32,7.46,0,0,0,0.166,0.308,0.176,1.755,Low,0.0,No rain over the last 7 days,No flood-risk action is needed from rainfall-driven conditions.
53459,Bouday,2026-09-21,34.066961,36.054401,0.0,0.0,0.0,0.0,77.32,78.69,18.25,7.75,0,0,0,0.173,0.33,0.172,1.913,Low,0.0,No rain over the last 7 days,No flood-risk action is needed from rainfall-driven conditions.
53461,Maaraboun,2026-09-21,33.849924,36.19643,0.0,0.0,0.0,0.0,76.92,78.29,18.49,7.67,0,0,0,0.169,0.32,0.174,1.838,Low,0.0,No rain over the last 7 days,No flood-risk action is needed from rainfall-driven conditions.
53463,Ham,2026-09-21,33.861679,36.216593,0.0,0.0,0.0,0.0,75.73,77.09,18.45,7.2,0,0,0,0.158,0.289,0.179,1.618,Low,0.0,No rain over the last 7 days,No flood-risk action is needed from rainfall-driven conditions.
53465,Aain El-Barnaya,2026-09-21,33.896783,36.236892,0.0,0.0,0.0,0.0,74.5,75.89,18.38,6.74,0,0,0,0.148,0.26,0.183,1.416,Low,0.0,No rain over the last 7 days,No flood-risk action is needed from rainfall-driven conditions.
53467,Chlifa,2026-09-21,34.083624,36.098604,0.0,0.0,0.0,0.0,77.11,78.47,18.18,7.69,0,0,0,0.172,0.328,0.173,1.896,Low,0.0,No rain over the last 7 days,No flood-risk action is needed from rainfall-driven conditions.
53469,Chaaibe,2026-09-21,33.922811,36.245656,0.0,0.0,0.0,0.0,74.49,75.88,18.32,6.75,0,0,0,0.148,0.261,0.183,1.425,Low,0.0,No rain over the last 7 days,No flood-risk action is needed from rainfall-driven conditions.
53471,Nabi Chbay,2026-09-21,33.934794,36.233825,0.0,0.0,0.0,0.0,74.33,75.72,18.31,6.68,0,0,0,0.147,0.256,0.184,1.395,Low,0.0,No rain over the last 7 days,No flood-risk action is needed from rainfall-driven conditions.
53473,Aain Ej-Jaouz Baalbek,2026-09-21,33.853478,36.296179,0.0,0.0,0.0,0.0,73.85,75.25,18.4,6.53,0,0,0,0.143,0.245,0.185,1.319,Low,0.0,No rain over the last 7 days,No flood-risk action is needed from rainfall-driven conditions.
53475,Tfail,2026-09-21,33.864565,36.323903,0.0,0.0,0.0,0.0,74.1,75.49,18.35,6.64,0,0,0,0.146,0.253,0.184,1.375,Low,0.0,No rain over the last 7 days,No flood-risk action is needed from rainfall-driven conditions.
54001,54001,2026-09-21,34.455744,36.496064,0.0,0.0,0.0,0.0,75.35,76.72,17.19,7.22,0,0,0,0.165,0.319,0.174,1.835,Low,0.0,No rain over the last 7 days,No flood-risk action is needed from rainfall-driven conditions.
54002,54002,2026-09-21,34.438921,36.244055,0.0,0.0,0.0,0.0,74.73,76.11,17.45,6.83,0,0,0,0.155,0.286,0.179,1.598,Low,0.0,No rain over the last 7 days,No flood-risk action is needed from rainfall-driven conditions.
54003,54003,2026-09-21,34.409886,36.556191,0.0,0.0,0.0,0.0,72.88,74.27,17.22,6.31,0,0,0,0.144,0.257,0.184,1.398,Low,0.0,No rain over the last 7 days,No flood-risk action is needed from rainfall-driven conditions.
54111,Hermel,2026-09-21,34.423388,36.405633,0.0,0.0,0.0,0.0,74.48,75.87,17.33,6.83,0,0,0,0.156,0.289,0.179,1.62,Low,0.0,No rain over the last 7 days,No flood-risk action is needed from rainfall-driven conditions.
54114,Michaa Mrajhine,2026-09-21,34.416752,36.226418,0.0,0.0,0.0,0.0,75.64,77.01,17.5,7.18,0,0,0,0.163,0.308,0.176,1.755,Low,0.0,No rain over the last 7 days,No flood-risk action is needed from rainfall-driven conditions.
54119,Zighrine,2026-09-21,34.377575,36.316191,0.0,0.0,0.0,0.0,74.56,75.95,17.49,6.81,0,0,0,0.154,0.284,0.179,1.584,Low,0.0,No rain over the last 7 days,No flood-risk action is needed from rainfall-driven conditions.
54127,Charbine El-Hermel,2026-09-21,34.467782,36.315102,0.0,0.0,0.0,0.0,75.66,77.03,17.33,7.24,0,0,0,0.165,0.317,0.174,1.814,Low,0.0,No rain over the last 7 days,No flood-risk action is needed from rainfall-driven conditions.
54135,Ras Baalbek El Gharbi,2026-09-21,34.310223,36.271966,0.0,0.0,0.0,0.0,76.44,77.8,17.64,7.52,0,0,0,0.17,0.329,0.173,1.904,Low,0.0,No rain over the last 7 days,No flood-risk action is needed from rainfall-driven conditions.
54143,Ras Baalbek Ouadi Faara,2026-09-21,34.303884,36.351014,0.0,0.0,0.0,0.0,75.71,77.08,17.58,7.28,0,0,0,0.165,0.314,0.175,1.795,Low,0.0,No rain over the last 7 days,No flood-risk action is needed from rainfall-driven conditions.
54151,Ouadi Faara,2026-09-21,34.279762,36.243527,0.0,0.0,0.0,0.0,73.54,74.94,17.72,6.38,0,0,0,0.143,0.249,0.185,1.349,Low,0.0,No rain over the last 7 days,No flood-risk action is needed from rainfall-driven conditions.
54159,Hermel Jbab,2026-09-21,34.351883,36.226035,0.0,0.0,0.0,0.0,75.06,76.43,17.61,6.95,0,0,0,0.157,0.29,0.178,1.627,Low,0.0,No rain over the last 7 days,No flood-risk action is needed from rainfall-driven conditions.
54167,Maaysra El-Hermel,2026-09-21,34.273438,36.288931,0.0,0.0,0.0,0.0,76.61,77.97,17.69,7.59,0,0,0,0.172,0.333,0.172,1.936,Low,0.0,No rain over the last 7 days,No flood-risk action is needed from rainfall-driven conditions.
54175,Kharayeb El-Hermel,2026-09-21,34.237006,36.287098,0.0,0.0,0.0,0.0,76.07,77.43,17.75,7.38,0,0,0,0.166,0.317,0.174,1.817,Low,0.0,No rain over the last 7 days,No flood-risk action is needed from rainfall-driven conditions.
54183,Ouadi El-Aaoss,2026-09-21,34.245396,36.245761,0.0,0.0,0.0,0.0,73.25,74.65,17.78,6.27,0,0,0,0.14,0.241,0.186,1.293,Low,0.0,No rain over the last 7 days,No flood-risk action is needed from rainfall-driven conditions.
55001,55001,2026-09-21,33.680963,35.950124,0.0,0.0,0.0,0.0,75.45,76.82,19.0,6.94,0,0,0,0.15,0.258,0.183,1.406,Low,0.0,No rain over the last 7 days,No flood-risk action is needed from rainfall-driven conditions.
55002,litige,2026-09-21,33.580745,36.029557,0.0,0.0,0.0,0.0,74.22,75.61,19.1,6.52,0,0,0,0.139,0.227,0.188,1.206,Low,0.0,No rain over the last 7 days,No flood-risk action is needed from rainfall-driven conditions.
55003,55003,2026-09-21,33.559145,35.773942,0.0,0.0,0.0,0.0,77.0,78.37,19.37,7.46,0,0,0,0.161,0.284,0.179,1.584,Low,0.0,No rain over the last 7 days,No flood-risk action is needed from rainfall-driven conditions.
55004,55004,2026-09-21,33.549984,35.776048,0.0,0.0,0.0,0.0,77.33,78.7,19.38,7.59,0,0,0,0.164,0.293,0.178,1.646,Low,0.0,No rain over the last 7 days,No flood-risk action is needed from rainfall-driven conditions.
55005,55005,2026-09-21,33.538778,35.866874,0.0,0.0,0.0,0.0,78.17,79.54,19.32,7.99,0,0,0,0.173,0.322,0.174,1.852,Low,0.0,No rain over the last 7 days,No flood-risk action is needed from rainfall-driven conditions.
55006,55006,2026-09-21,33.495416,35.826492,0.0,0.0,0.0,0.0,76.77,78.13,19.43,7.39,0,0,0,0.158,0.279,0.18,1.545,Low,0.0,No rain over the last 7 days,No flood-risk action is needed from rainfall-driven conditions.
55007,55007,2026-09-21,33.457251,35.883808,0.0,0.0,0.0,0.0,77.72,79.09,19.44,7.81,0,0,0,0.168,0.307,0.176,1.746,Low,0.0,No rain over the last 7 days,No flood-risk action is needed from rainfall-driven conditions.
55008,55008,2026-09-21,33.46529,35.790562,0.0,0.0,0.0,0.0,76.84,78.21,19.51,7.4,0,0,0,0.158,0.277,0.181,1.535,Low,0.0,No rain over the last 7 days,No flood-risk action is needed from rainfall-driven conditions.
55009,55009,2026-09-21,33.460699,35.934267,0.0,0.0,0.0,0.0,75.11,76.49,19.39,6.8,0,0,0,0.145,0.24,0.186,1.287,Low,0.0,No rain over the last 7 days,No flood-risk action is needed from rainfall-driven conditions.
55010,55010,2026-09-21,33.395853,35.801593,0.0,0.0,0.0,0.0,75.48,76.85,19.62,6.87,0,0,0,0.145,0.239,0.186,1.279,Low,0.0,No rain over the last 7 days,No flood-risk action is needed from rainfall-driven conditions.
55111,Rachaiya,2026-09-21,33.507431,35.791024,0.0,0.0,0.0,0.0,74.47,76.43,19.14,7.02,0,0,0,0.156,0.254,0.184,1.382,Low,0.0,No rain over the last 7 days,No flood-risk action is needed from rainfall-driven conditions.
55114,Aaqabet Rachaya,2026-09-21,33.511922,35.805657,0.0,0.0,0.0,0.0,77.11,78.48,19.42,7.52,0,0,0,0.162,0.287,0.179,1.607,Low,0.0,No rain over the last 7 days,No flood-risk action is needed from rainfall-driven conditions.
55117,Aayha,2026-09-21,33.495853,35.894334,0.0,0.0,0.0,0.0,77.33,78.7,19.37,7.66,0,0,0,0.165,0.299,0.177,1.685,Low,0.0,No rain over the last 7 days,No flood-risk action is needed from rainfall-driven conditions.
55121,Bakkifac Rachaya,2026-09-21,33.489807,35.800265,0.0,0.0,0.0,0.0,76.47,77.83,19.46,7.26,0,0,0,0.155,0.269,0.182,1.477,Low,0.0,No rain over the last 7 days,No flood-risk action is needed from rainfall-driven conditions.
55124,Dahr El-Ahmar,2026-09-21,33.538265,35.836786,0.0,0.0,0.0,0.0,74.84,76.22,19.35,6.64,0,0,0,0.141,0.229,0.188,1.22,Low,0.0,No rain over the last 7 days,No flood-risk action is needed from rainfall-driven conditions.
55127,Beit Lahia,2026-09-21,33.486306,35.79379,0.0,0.0,0.0,0.0,77.38,78.75,19.47,7.62,0,0,0,0.164,0.293,0.178,1.646,Low,0.0,No rain over the last 7 days,No flood-risk action is needed from rainfall-driven conditions.
55131,Tannoura,2026-09-21,33.470553,35.797226,0.0,0.0,0.0,0.0,76.32,77.68,19.5,7.2,0,0,0,0.154,0.264,0.183,1.443,Low,0.0,No rain over the last 7 days,No flood-risk action is needed from rainfall-driven conditions.
55134,Kfar Qouq,2026-09-21,33.546738,35.912126,0.0,0.0,0.0,0.0,76.56,77.93,19.26,7.36,0,0,0,0.158,0.28,0.18,1.558,Low,0.0,No rain over the last 7 days,No flood-risk action is needed from rainfall-driven conditions.
55137,Kfar Denis,2026-09-21,33.550639,35.850753,0.0,0.0,0.0,0.0,75.94,77.3,19.31,7.08,0,0,0,0.152,0.26,0.183,1.417,Low,0.0,No rain over the last 7 days,No flood-risk action is needed from rainfall-driven conditions.
55141,Mhaiydse Rachaiya,2026-09-21,33.559625,35.794289,0.0,0.0,0.0,0.0,77.33,78.7,19.35,7.6,0,0,0,0.164,0.295,0.178,1.656,Low,0.0,No rain over the last 7 days,No flood-risk action is needed from rainfall-driven conditions.
55144,Kaoukaba Bou Arab,2026-09-21,33.535465,35.776757,0.0,0.0,0.0,0.0,77.46,78.83,19.4,7.65,0,0,0,0.165,0.296,0.178,1.667,Low,0.0,No rain over the last 7 days,No flood-risk action is needed from rainfall-driven conditions.
55147,Aain Rouha,2026-09-21,33.458969,35.780103,0.0,0.0,0.0,0.0,76.97,78.33,19.53,7.45,0,0,0,0.159,0.28,0.18,1.554,Low,0.0,No rain over the last 7 days,No flood-risk action is needed from rainfall-driven conditions.
55151,Khirbet Rouha,2026-09-21,33.577474,35.844738,0.0,0.0,0.0,0.0,76.27,77.63,19.27,7.2,0,0,0,0.155,0.269,0.182,1.481,Low,0.0,No rain over the last 7 days,No flood-risk action is needed from rainfall-driven conditions.
55154,Kfar Lichki,2026-09-21,33.513224,35.750925,0.0,0.0,0.0,0.0,76.86,78.23,19.47,7.39,0,0,0,0.158,0.277,0.181,1.535,Low,0.0,No rain over the last 7 days,No flood-risk action is needed from rainfall-driven conditions.
55157,Rafid Rachaiya,2026-09-21,33.573752,35.811279,0.0,0.0,0.0,0.0,75.79,77.15,19.31,7.0,0,0,0,0.15,0.254,0.184,1.379,Low,0.0,No rain over the last 7 days,No flood-risk action is needed from rainfall-driven conditions.
55161,Haouch El Qinnabe Rachaiya,2026-09-21,33.479278,35.769942,0.0,0.0,0.0,0.0,78.14,79.51,19.51,7.92,0,0,0,0.17,0.312,0.175,1.783,Low,0.0,No rain over the last 7 days,No flood-risk action is needed from rainfall-driven conditions.
55164,Biret Rachaiya,2026-09-21,33.602578,35.83279,0.0,0.0,0.0,0.0,77.75,79.13,19.24,7.8,0,0,0,0.169,0.31,0.175,1.769,Low,0.0,No rain over the last 7 days,No flood-risk action is needed from rainfall-driven conditions.
55167,Aain Aarab Rachaiya,2026-09-21,33.579136,35.886499,0.0,0.0,0.0,0.0,76.02,77.38,19.23,7.13,0,0,0,0.153,0.265,0.182,1.454,Low,0.0,No rain over the last 7 days,No flood-risk action is needed from rainfall-driven conditions.
55171,Aain Aata,2026-09-21,33.442194,35.784584,0.0,0.0,0.0,0.0,77.93,79.3,19.56,7.84,0,0,0,0.168,0.306,0.176,1.738,Low,0.0,No rain over the last 7 days,No flood-risk action is needed from rainfall-driven conditions.
55174,Majdel Balhis,2026-09-21,33.543674,35.73323,0.0,0.0,0.0,0.0,75.85,77.22,19.43,6.98,0,0,0,0.149,0.25,0.185,1.351,Low,0.0,No rain over the last 7 days,No flood-risk action is needed from rainfall-driven conditions.
55177,Bakka,2026-09-21,33.600214,35.923436,0.0,0.0,0.0,0.0,74.97,76.35,19.16,6.75,0,0,0,0.145,0.241,0.186,1.292,Low,0.0,No rain over the last 7 days,No flood-risk action is needed from rainfall-driven conditions.
55181,Mdoukha,2026-09-21,33.610287,35.88913,0.0,0.0,0.0,0.0,74.9,76.28,19.18,6.7,0,0,0,0.143,0.237,0.187,1.268,Low,0.0,No rain over the last 7 days,No flood-risk action is needed from rainfall-driven conditions.
55184,Yanta,2026-09-21,33.604289,35.911966,0.0,0.0,0.0,0.0,72.95,74.89,18.85,6.5,0,0,0,0.145,0.226,0.188,1.198,Low,0.0,No rain over the last 7 days,No flood-risk action is needed from rainfall-driven conditions.
55187,Deir El-Aachayer,2026-09-21,33.563705,36.00417,0.0,0.0,0.0,0.0,74.33,75.72,19.15,6.54,0,0,0,0.14,0.228,0.188,1.21,Low,0.0,No rain over the last 7 days,No flood-risk action is needed from rainfall-driven conditions.
55191,Selsata (Mazraat Deir El-Aachaiyer),2026-09-21,33.58568,35.990237,0.0,0.0,0.0,0.0,76.77,78.13,19.13,7.49,0,0,0,0.162,0.293,0.178,1.643,Low,0.0,No rain over the last 7 days,No flood-risk action is needed from rainfall-driven conditions.
55194,Aayta El-Foukhar,2026-09-21,33.645261,35.906165,0.0,0.0,0.0,0.0,75.77,77.13,19.1,7.04,0,0,0,0.152,0.262,0.183,1.434,Low,0.0,No rain over the last 7 days,No flood-risk action is needed from rainfall-driven conditions.
55197,Helouet Rachaiya,2026-09-21,33.609066,36.00649,0.0,0.0,0.0,0.0,76.72,78.08,19.07,7.48,0,0,0,0.162,0.293,0.178,1.645,Low,0.0,No rain over the last 7 days,No flood-risk action is needed from rainfall-driven conditions.
55199,Nabi Safa,2026-09-21,33.498232,35.746012,0.0,0.0,0.0,0.0,76.54,77.9,19.5,7.26,0,0,0,0.155,0.267,0.182,1.469,Low,0.0,No rain over the last 7 days,No flood-risk action is needed from rainfall-driven conditions.
61001,61001,2026-09-21,33.455513,35.337389,0.0,0.0,0.0,0.0,77.58,78.95,19.94,7.44,0,0,0,0.158,0.268,0.182,1.474,Low,0.0,No rain over the last 7 days,No flood-risk action is needed from rainfall-driven conditions.
61111,Saida El-Oustani,2026-09-21,33.579844,35.38519,0.0,0.0,0.0,0.0,79.06,80.45,19.68,8.08,0,0,0,0.174,0.318,0.174,1.821,Low,0.0,No rain over the last 7 days,No flood-risk action is needed from rainfall-driven conditions.
61115,Saida El-Qadimeh,2026-09-21,33.564775,35.368327,0.0,0.0,0.0,0.0,77.62,78.99,19.72,7.48,0,0,0,0.16,0.276,0.181,1.524,Low,0.0,No rain over the last 7 days,No flood-risk action is needed from rainfall-driven conditions.
61119,Saida Ed-Dekermane,2026-09-21,33.555771,35.373546,0.0,0.0,0.0,0.0,78.95,80.33,19.73,8.02,0,0,0,0.173,0.313,0.175,1.785,Low,0.0,No rain over the last 7 days,No flood-risk action is needed from rainfall-driven conditions.
61123,Bramiye,2026-09-21,33.572878,35.392814,0.0,0.0,0.0,0.0,76.73,78.09,19.69,7.13,0,0,0,0.152,0.253,0.184,1.372,Low,0.0,No rain over the last 7 days,No flood-risk action is needed from rainfall-driven conditions.
61147,Hlaliye Saida,2026-09-21,33.566103,35.392544,0.0,0.0,0.0,0.0,76.71,78.07,19.7,7.12,0,0,0,0.152,0.252,0.184,1.366,Low,0.0,No rain over the last 7 days,No flood-risk action is needed from rainfall-driven conditions.
61159,Haret Saida,2026-09-21,33.556722,35.396902,0.0,0.0,0.0,0.0,79.43,80.81,19.71,8.23,0,0,0,0.178,0.328,0.173,1.896,Low,0.0,No rain over the last 7 days,No flood-risk action is needed from rainfall-driven conditions.
61183,Miye ou Miyé,2026-09-21,33.542994,35.392774,0.0,0.0,0.0,0.0,78.32,79.7,19.74,7.78,0,0,0,0.167,0.296,0.178,1.665,Low,0.0,No rain over the last 7 days,No flood-risk action is needed from rainfall-driven conditions.
61211,Salhiyet Saida,2026-09-21,33.559299,35.424752,0.0,0.0,0.0,0.0,78.47,79.85,19.68,7.86,0,0,0,0.169,0.303,0.177,1.713,Low,0.0,No rain over the last 7 days,No flood-risk action is needed from rainfall-driven conditions.
61222,Saida Kefraya,2026-09-21,33.55666,35.434754,0.0,0.0,0.0,0.0,77.64,79.01,19.68,7.52,0,0,0,0.161,0.28,0.18,1.555,Low,0.0,No rain over the last 7 days,No flood-risk action is needed from rainfall-driven conditions.
61233,Majdelyoun,2026-09-21,33.554576,35.413813,0.0,0.0,0.0,0.0,79.86,81.23,19.7,8.42,0,0,0,0.182,0.341,0.171,1.994,Low,0.0,No rain over the last 7 days,No flood-risk action is needed from rainfall-driven conditions.
61244,AAbra Saida,2026-09-21,33.566222,35.406175,0.0,0.0,0.0,0.0,77.67,79.04,19.69,7.52,0,0,0,0.161,0.28,0.18,1.551,Low,0.0,No rain over the last 7 days,No flood-risk action is needed from rainfall-driven conditions.
61255,Qraiyet Saida,2026-09-21,33.539539,35.414026,0.0,0.0,0.0,0.0,78.04,79.41,19.72,7.67,0,0,0,0.165,0.289,0.179,1.618,Low,0.0,No rain over the last 7 days,No flood-risk action is needed from rainfall-driven conditions.
61266,Bqosta,2026-09-21,33.574399,35.415836,0.0,0.0,0.0,0.0,76.7,78.07,19.66,7.13,0,0,0,0.152,0.254,0.184,1.377,Low,0.0,No rain over the last 7 days,No flood-risk action is needed from rainfall-driven conditions.
61277,Aain Ed-Delb,2026-09-21,33.544912,35.405371,0.0,0.0,0.0,0.0,77.1,78.46,19.72,7.29,0,0,0,0.156,0.263,0.183,1.437,Low,0.0,No rain over the last 7 days,No flood-risk action is needed from rainfall-driven conditions.
61311,Ghaziye,2026-09-21,33.505554,35.355563,0.0,0.0,0.0,0.0,76.6,77.96,19.83,7.06,0,0,0,0.15,0.244,0.186,1.316,Low,0.0,No rain over the last 7 days,No flood-risk action is needed from rainfall-driven conditions.
61323,Maghdouche,2026-09-21,33.517361,35.385993,0.0,0.0,0.0,0.0,77.02,78.39,19.79,7.25,0,0,0,0.154,0.258,0.183,1.409,Low,0.0,No rain over the last 7 days,No flood-risk action is needed from rainfall-driven conditions.
61335,Darb Es-Sim,2026-09-21,33.53162,35.381994,0.0,0.0,0.0,0.0,76.75,78.12,19.77,7.13,0,0,0,0.152,0.251,0.185,1.361,Low,0.0,No rain over the last 7 days,No flood-risk action is needed from rainfall-driven conditions.
61347,Qennarit,2026-09-21,33.504743,35.375871,0.0,0.0,0.0,0.0,79.81,81.18,19.82,8.38,0,0,0,0.181,0.335,0.172,1.951,Low,0.0,No rain over the last 7 days,No flood-risk action is needed from rainfall-driven conditions.
61359,Zeita,2026-09-21,33.504944,35.394535,0.0,0.0,0.0,0.0,79.52,80.9,19.8,8.27,0,0,0,0.178,0.328,0.173,1.9,Low,0.0,No rain over the last 7 days,No flood-risk action is needed from rainfall-driven conditions.
61371,Zaghdraiya,2026-09-21,33.528391,35.400429,0.0,0.0,0.0,0.0,80.01,81.39,19.75,8.48,0,0,0,0.183,0.343,0.17,2.015,Low,0.0,No rain over the last 7 days,No flood-risk action is needed from rainfall-driven conditions.
61383,Tanbourit,2026-09-21,33.520732,35.412133,0.0,0.0,0.0,0.0,77.46,78.83,19.76,7.44,0,0,0,0.159,0.272,0.181,1.503,Low,0.0,No rain over the last 7 days,No flood-risk action is needed from rainfall-driven conditions.
61411,Jazira Saida,2026-09-21,33.328453,35.26815,0.0,0.0,0.0,0.0,79.42,80.8,20.21,8.15,0,0,0,0.173,0.31,0.175,1.77,Low,0.0,No rain over the last 7 days,No flood-risk action is needed from rainfall-driven conditions.
61412,Mazraat El Yahoudiye (Aaitaniyé),2026-09-21,33.355547,35.250995,0.0,0.0,0.0,0.0,77.86,79.23,20.18,7.51,0,0,0,0.159,0.267,0.182,1.465,Low,0.0,No rain over the last 7 days,No flood-risk action is needed from rainfall-driven conditions.
61414,Mzaraat El-Ouasta,2026-09-21,33.349674,35.263825,0.0,0.0,0.0,0.0,78.29,79.67,20.18,7.69,0,0,0,0.163,0.28,0.18,1.552,Low,0.0,No rain over the last 7 days,No flood-risk action is needed from rainfall-driven conditions.
61415,Matariyet Ech-Choumar,2026-09-21,33.335107,35.275741,0.0,0.0,0.0,0.0,78.92,80.3,20.2,7.95,0,0,0,0.169,0.297,0.177,1.675,Low,0.0,No rain over the last 7 days,No flood-risk action is needed from rainfall-driven conditions.
61417,Arzai,2026-09-21,33.334138,35.298505,0.0,0.0,0.0,0.0,77.5,78.87,20.18,7.39,0,0,0,0.156,0.259,0.183,1.413,Low,0.0,No rain over the last 7 days,No flood-risk action is needed from rainfall-driven conditions.
61418,Mazraat Kfar Beda,2026-09-21,33.366578,35.2704,0.0,0.0,0.0,0.0,78.43,79.81,20.15,7.75,0,0,0,0.164,0.284,0.179,1.585,Low,0.0,No rain over the last 7 days,No flood-risk action is needed from rainfall-driven conditions.
61419,Khayayeb Saida,2026-09-21,33.351853,35.293632,0.0,0.0,0.0,0.0,77.12,78.49,20.15,7.23,0,0,0,0.152,0.249,0.185,1.348,Low,0.0,No rain over the last 7 days,No flood-risk action is needed from rainfall-driven conditions.
61421,Mazraat Jamjim,2026-09-21,33.36032,35.275617,0.0,0.0,0.0,0.0,77.04,78.4,20.15,7.19,0,0,0,0.151,0.246,0.185,1.326,Low,0.0,No rain over the last 7 days,No flood-risk action is needed from rainfall-driven conditions.
61423,Hartiye,2026-09-21,33.384606,35.28016,0.0,0.0,0.0,0.0,77.06,78.43,20.11,7.2,0,0,0,0.152,0.248,0.185,1.339,Low,0.0,No rain over the last 7 days,No flood-risk action is needed from rainfall-driven conditions.
61424,Mazraat El-Mhaydale,2026-09-21,33.386319,35.295671,0.0,0.0,0.0,0.0,78.88,80.26,20.09,7.95,0,0,0,0.169,0.299,0.177,1.69,Low,0.0,No rain over the last 7 days,No flood-risk action is needed from rainfall-driven conditions.
61426,Mazraat Kaoutariyet Er-Riz,2026-09-21,33.373202,35.301428,0.0,0.0,0.0,0.0,78.56,79.95,20.11,7.82,0,0,0,0.166,0.29,0.178,1.627,Low,0.0,No rain over the last 7 days,No flood-risk action is needed from rainfall-driven conditions.
61427,Zrariye,2026-09-21,33.344036,35.330002,0.0,0.0,0.0,0.0,79.16,80.55,20.13,8.09,0,0,0,0.172,0.308,0.176,1.752,Low,0.0,No rain over the last 7 days,No flood-risk action is needed from rainfall-driven conditions.
61429,Mazraat Sari,2026-09-21,33.391636,35.276364,0.0,0.0,0.0,0.0,80.24,81.62,20.1,8.5,0,0,0,0.182,0.337,0.171,1.966,Low,0.0,No rain over the last 7 days,No flood-risk action is needed from rainfall-driven conditions.
61431,Mazraat Deir Taqla,2026-09-21,33.399942,35.2957,0.0,0.0,0.0,0.0,80.35,81.72,20.07,8.56,0,0,0,0.184,0.341,0.171,2.001,Low,0.0,No rain over the last 7 days,No flood-risk action is needed from rainfall-driven conditions.
61433,Mazraat Oussamiyat,2026-09-21,33.387616,35.308918,0.0,0.0,0.0,0.0,79.8,81.18,20.08,8.34,0,0,0,0.178,0.326,0.173,1.885,Low,0.0,No rain over the last 7 days,No flood-risk action is needed from rainfall-driven conditions.
61434,Aadloun,2026-09-21,33.394121,35.265421,0.0,0.0,0.0,0.0,80.17,81.55,20.1,8.47,0,0,0,0.181,0.334,0.172,1.946,Low,0.0,No rain over the last 7 days,No flood-risk action is needed from rainfall-driven conditions.
61436,Insariye,2026-09-21,33.407441,35.288322,0.0,0.0,0.0,0.0,77.05,78.42,20.06,7.2,0,0,0,0.152,0.249,0.185,1.345,Low,0.0,No rain over the last 7 days,No flood-risk action is needed from rainfall-driven conditions.
61437,Mazraat Sinai,2026-09-21,33.389947,35.357243,0.0,0.0,0.0,0.0,79.63,81.01,20.03,8.29,0,0,0,0.178,0.325,0.173,1.874,Low,0.0,No rain over the last 7 days,No flood-risk action is needed from rainfall-driven conditions.
61439,Loubie,2026-09-21,33.416005,35.303164,0.0,0.0,0.0,0.0,76.29,78.36,19.74,7.49,0,0,0,0.165,0.27,0.182,1.484,Low,0.0,No rain over the last 7 days,No flood-risk action is needed from rainfall-driven conditions.
61441,Daoudiye,2026-09-21,33.426758,35.298513,0.0,0.0,0.0,0.0,78.37,79.75,20.02,7.74,0,0,0,0.165,0.287,0.179,1.602,Low,0.0,No rain over the last 7 days,No flood-risk action is needed from rainfall-driven conditions.
61443,Khirbet Ed-Douair Saida,2026-09-21,33.433645,35.31677,0.0,0.0,0.0,0.0,80.05,81.43,19.99,8.45,0,0,0,0.181,0.336,0.172,1.956,Low,0.0,No rain over the last 7 days,No flood-risk action is needed from rainfall-driven conditions.
61444,Babliye,2026-09-21,33.409713,35.326189,0.0,0.0,0.0,0.0,76.75,78.11,20.02,7.1,0,0,0,0.15,0.243,0.186,1.308,Low,0.0,No rain over the last 7 days,No flood-risk action is needed from rainfall-driven conditions.
61446,Khartoum,2026-09-21,33.400703,35.364682,0.0,0.0,0.0,0.0,79.31,80.7,20.0,8.17,0,0,0,0.175,0.317,0.174,1.814,Low,0.0,No rain over the last 7 days,No flood-risk action is needed from rainfall-driven conditions.
61447,Ghassaniye,2026-09-21,33.415318,35.355967,0.0,0.0,0.0,0.0,79.03,80.42,19.99,8.05,0,0,0,0.172,0.309,0.176,1.757,Low,0.0,No rain over the last 7 days,No flood-risk action is needed from rainfall-driven conditions.
61449,Sarafand,2026-09-21,33.45424,35.301736,0.0,0.0,0.0,0.0,80.21,81.59,19.97,8.5,0,0,0,0.183,0.34,0.171,1.99,Low,0.0,No rain over the last 7 days,No flood-risk action is needed from rainfall-driven conditions.
61451,Qaaqaiyet Es-Snaoubar,2026-09-21,33.437078,35.339831,0.0,0.0,0.0,0.0,79.89,81.27,19.96,8.39,0,0,0,0.18,0.332,0.172,1.932,Low,0.0,No rain over the last 7 days,No flood-risk action is needed from rainfall-driven conditions.
61453,Bissariye,2026-09-21,33.454477,35.320751,0.0,0.0,0.0,0.0,80.08,81.46,19.95,8.46,0,0,0,0.182,0.337,0.171,1.969,Low,0.0,No rain over the last 7 days,No flood-risk action is needed from rainfall-driven conditions.
61454,Kaoutariyet Es-Siyad,2026-09-21,33.415494,35.386776,0.0,0.0,0.0,0.0,78.15,79.53,19.96,7.7,0,0,0,0.164,0.286,0.179,1.595,Low,0.0,No rain over the last 7 days,No flood-risk action is needed from rainfall-driven conditions.
61456,Tebna,2026-09-21,33.447618,35.340489,0.0,0.0,0.0,0.0,79.61,80.99,19.95,8.27,0,0,0,0.178,0.325,0.173,1.876,Low,0.0,No rain over the last 7 days,No flood-risk action is needed from rainfall-driven conditions.
61457,Mazraat 'Snaiber,2026-09-21,33.458855,35.329957,0.0,0.0,0.0,0.0,76.96,78.33,19.94,7.19,0,0,0,0.152,0.251,0.185,1.36,Low,0.0,No rain over the last 7 days,No flood-risk action is needed from rainfall-driven conditions.
61459,Teffahta,2026-09-21,33.43672,35.36967,0.0,0.0,0.0,0.0,79.92,81.29,19.94,8.42,0,0,0,0.181,0.335,0.172,1.952,Low,0.0,No rain over the last 7 days,No flood-risk action is needed from rainfall-driven conditions.
61461,Saksakiye,2026-09-21,33.436156,35.284188,0.0,0.0,0.0,0.0,78.94,80.32,20.02,7.97,0,0,0,0.17,0.302,0.177,1.71,Low,0.0,No rain over the last 7 days,No flood-risk action is needed from rainfall-driven conditions.
61463,Merouaniye,2026-09-21,33.453522,35.369671,0.0,0.0,0.0,0.0,78.67,80.05,19.91,7.91,0,0,0,0.169,0.301,0.177,1.7,Low,0.0,No rain over the last 7 days,No flood-risk action is needed from rainfall-driven conditions.
61464,Najjariye,2026-09-21,33.482652,35.342995,0.0,0.0,0.0,0.0,76.66,78.03,19.88,7.08,0,0,0,0.15,0.244,0.186,1.317,Low,0.0,No rain over the last 7 days,No flood-risk action is needed from rainfall-driven conditions.
61466,Aadoussiye,2026-09-21,33.469224,35.335662,0.0,0.0,0.0,0.0,76.97,78.34,19.91,7.19,0,0,0,0.153,0.252,0.184,1.366,Low,0.0,No rain over the last 7 days,No flood-risk action is needed from rainfall-driven conditions.
61467,Khirbet El-Bassal,2026-09-21,33.472081,35.364096,0.0,0.0,0.0,0.0,77.52,78.89,19.88,7.43,0,0,0,0.158,0.269,0.182,1.48,Low,0.0,No rain over the last 7 days,No flood-risk action is needed from rainfall-driven conditions.
61469,Mazraat 'Mseileh,2026-09-21,33.480469,35.355341,0.0,0.0,0.0,0.0,77.42,78.79,19.88,7.39,0,0,0,0.157,0.266,0.182,1.46,Low,0.0,No rain over the last 7 days,No flood-risk action is needed from rainfall-driven conditions.
61471,Hajje,2026-09-21,33.471316,35.382187,0.0,0.0,0.0,0.0,79.96,81.33,19.87,8.44,0,0,0,0.182,0.338,0.171,1.978,Low,0.0,No rain over the last 7 days,No flood-risk action is needed from rainfall-driven conditions.
61473,Mazraat El-Houssainiye,2026-09-21,33.49166,35.349054,0.0,0.0,0.0,0.0,78.82,80.21,19.86,7.96,0,0,0,0.171,0.305,0.176,1.732,Low,0.0,No rain over the last 7 days,No flood-risk action is needed from rainfall-driven conditions.
61474,Khzaiz,2026-09-21,33.469853,35.399273,0.0,0.0,0.0,0.0,79.68,81.06,19.86,8.34,0,0,0,0.179,0.332,0.172,1.927,Low,0.0,No rain over the last 7 days,No flood-risk action is needed from rainfall-driven conditions.
61476,Maamriye,2026-09-21,33.486005,35.369273,0.0,0.0,0.0,0.0,77.18,78.55,19.85,7.3,0,0,0,0.155,0.261,0.183,1.422,Low,0.0,No rain over the last 7 days,No flood-risk action is needed from rainfall-driven conditions.
61477,Aaqtanit,2026-09-21,33.491389,35.383757,0.0,0.0,0.0,0.0,79.15,80.53,19.83,8.11,0,0,0,0.174,0.317,0.174,1.814,Low,0.0,No rain over the last 7 days,No flood-risk action is needed from rainfall-driven conditions.
61479,Erkay,2026-09-21,33.461572,35.4124,0.0,0.0,0.0,0.0,75.9,77.95,19.56,7.39,0,0,0,0.164,0.267,0.182,1.464,Low,0.0,No rain over the last 7 days,No flood-risk action is needed from rainfall-driven conditions.
61481,Bnaafoul,2026-09-21,33.484725,35.407255,0.0,0.0,0.0,0.0,79.16,80.55,19.82,8.13,0,0,0,0.175,0.318,0.174,1.826,Low,0.0,No rain over the last 7 days,No flood-risk action is needed from rainfall-driven conditions.
61483,Aarab Tabbaya,2026-09-21,33.4871,35.43959,0.0,0.0,0.0,0.0,78.64,80.02,19.79,7.93,0,0,0,0.17,0.306,0.176,1.735,Low,0.0,No rain over the last 7 days,No flood-risk action is needed from rainfall-driven conditions.
61484,Mtayriye,2026-09-21,33.513982,35.403031,0.0,0.0,0.0,0.0,79.19,80.58,19.78,8.14,0,0,0,0.175,0.32,0.174,1.838,Low,0.0,No rain over the last 7 days,No flood-risk action is needed from rainfall-driven conditions.
61486,Mazraat Aarab Soukkar,2026-09-21,33.482992,35.444787,0.0,0.0,0.0,0.0,78.15,79.52,19.79,7.74,0,0,0,0.166,0.292,0.178,1.638,Low,0.0,No rain over the last 7 days,No flood-risk action is needed from rainfall-driven conditions.
61487,Aarab Ej-Jall,2026-09-21,33.480981,35.453012,0.0,0.0,0.0,0.0,77.85,79.22,19.79,7.62,0,0,0,0.163,0.284,0.179,1.582,Low,0.0,No rain over the last 7 days,No flood-risk action is needed from rainfall-driven conditions.
61488,Berti,2026-09-21,33.519074,35.492286,0.0,0.0,0.0,0.0,77.65,79.03,19.69,7.56,0,0,0,0.162,0.283,0.18,1.573,Low,0.0,No rain over the last 7 days,No flood-risk action is needed from rainfall-driven conditions.
61489,Aanqoun,2026-09-21,33.499544,35.425123,0.0,0.0,0.0,0.0,76.55,77.92,19.78,7.08,0,0,0,0.15,0.247,0.185,1.336,Low,0.0,No rain over the last 7 days,No flood-risk action is needed from rainfall-driven conditions.
61491,Kfar Beit,2026-09-21,33.498507,35.458684,0.0,0.0,0.0,0.0,77.01,78.37,19.75,7.28,0,0,0,0.155,0.262,0.183,1.432,Low,0.0,No rain over the last 7 days,No flood-risk action is needed from rainfall-driven conditions.
61493,Kfar Hatta Saida,2026-09-21,33.505802,35.454172,0.0,0.0,0.0,0.0,79.86,81.23,19.74,8.44,0,0,0,0.182,0.341,0.171,2.001,Low,0.0,No rain over the last 7 days,No flood-risk action is needed from rainfall-driven conditions.
61494,Kfar Chellal,2026-09-21,33.492491,35.469581,0.0,0.0,0.0,0.0,78.53,79.91,19.75,7.91,0,0,0,0.17,0.305,0.176,1.727,Low,0.0,No rain over the last 7 days,No flood-risk action is needed from rainfall-driven conditions.
61496,Kfar Melki Saida,2026-09-21,33.505001,35.475031,0.0,0.0,0.0,0.0,78.6,79.98,19.73,7.94,0,0,0,0.171,0.307,0.176,1.748,Low,0.0,No rain over the last 7 days,No flood-risk action is needed from rainfall-driven conditions.
61497,Sfenta,2026-09-21,33.511135,35.486576,0.0,0.0,0.0,0.0,77.96,79.33,19.71,7.68,0,0,0,0.165,0.29,0.178,1.628,Low,0.0,No rain over the last 7 days,No flood-risk action is needed from rainfall-driven conditions.
62111,Sour,2026-09-21,33.260041,35.2113,0.0,0.0,0.0,0.0,80.31,81.68,20.38,8.49,0,0,0,0.181,0.33,0.172,1.911,Low,0.0,No rain over the last 7 days,No flood-risk action is needed from rainfall-driven conditions.
62128,Borj Ech-Chemali,2026-09-21,33.261129,35.233248,0.0,0.0,0.0,0.0,77.94,79.31,20.36,7.53,0,0,0,0.158,0.264,0.183,1.448,Low,0.0,No rain over the last 7 days,No flood-risk action is needed from rainfall-driven conditions.
62162,Batoulay,2026-09-21,33.230618,35.23566,0.0,0.0,0.0,0.0,77.67,79.04,20.41,7.42,0,0,0,0.155,0.256,0.184,1.392,Low,0.0,No rain over the last 7 days,No flood-risk action is needed from rainfall-driven conditions.
62179,Deir Qanoun El-Aain,2026-09-21,33.21616,35.234122,0.0,0.0,0.0,0.0,77.03,78.4,20.44,7.16,0,0,0,0.149,0.238,0.187,1.274,Low,0.0,No rain over the last 7 days,No flood-risk action is needed from rainfall-driven conditions.
62211,Jouaiya,2026-09-21,33.244251,35.329079,0.0,0.0,0.0,0.0,80.08,81.46,20.3,8.46,0,0,0,0.18,0.33,0.172,1.914,Low,0.0,No rain over the last 7 days,No flood-risk action is needed from rainfall-driven conditions.
62212,Debaal Sour,2026-09-21,33.252946,35.344957,0.0,0.0,0.0,0.0,79.51,80.89,20.27,8.24,0,0,0,0.175,0.315,0.175,1.804,Low,0.0,No rain over the last 7 days,No flood-risk action is needed from rainfall-driven conditions.
62214,Majdel,2026-09-21,33.231586,35.36026,0.0,0.0,0.0,0.0,77.11,78.48,20.3,7.27,0,0,0,0.152,0.248,0.185,1.344,Low,0.0,No rain over the last 7 days,No flood-risk action is needed from rainfall-driven conditions.
62215,Mazraat Mechref,2026-09-21,33.216061,35.345654,0.0,0.0,0.0,0.0,79.71,81.09,20.34,8.32,0,0,0,0.176,0.319,0.174,1.834,Low,0.0,No rain over the last 7 days,No flood-risk action is needed from rainfall-driven conditions.
62217,Aaytit,2026-09-21,33.229742,35.300432,0.0,0.0,0.0,0.0,76.78,78.14,20.35,7.1,0,0,0,0.148,0.235,0.187,1.259,Low,0.0,No rain over the last 7 days,No flood-risk action is needed from rainfall-driven conditions.
62218,Ouadi Jilo,2026-09-21,33.251696,35.292993,0.0,0.0,0.0,0.0,78.99,80.37,20.32,7.99,0,0,0,0.169,0.297,0.177,1.674,Low,0.0,No rain over the last 7 days,No flood-risk action is needed from rainfall-driven conditions.
62219,Yanouh Sour,2026-09-21,33.260051,35.303618,0.0,0.0,0.0,0.0,78.71,80.1,20.3,7.89,0,0,0,0.167,0.29,0.178,1.628,Low,0.0,No rain over the last 7 days,No flood-risk action is needed from rainfall-driven conditions.
62221,Bafliye,2026-09-21,33.263327,35.363792,0.0,0.0,0.0,0.0,76.64,78.0,20.24,7.08,0,0,0,0.148,0.237,0.187,1.268,Low,0.0,No rain over the last 7 days,No flood-risk action is needed from rainfall-driven conditions.
62223,Deir Aames,2026-09-21,33.196887,35.339139,0.0,0.0,0.0,0.0,77.49,78.86,20.37,7.41,0,0,0,0.155,0.256,0.184,1.394,Low,0.0,No rain over the last 7 days,No flood-risk action is needed from rainfall-driven conditions.
62224,Barich,2026-09-21,33.271027,35.346363,0.0,0.0,0.0,0.0,79.53,80.91,20.24,8.25,0,0,0,0.175,0.317,0.174,1.814,Low,0.0,No rain over the last 7 days,No flood-risk action is needed from rainfall-driven conditions.
62226,Biyad,2026-09-21,33.204809,35.32452,0.0,0.0,0.0,0.0,78.86,80.24,20.37,7.96,0,0,0,0.168,0.294,0.178,1.651,Low,0.0,No rain over the last 7 days,No flood-risk action is needed from rainfall-driven conditions.
62227,Selaa Sour,2026-09-21,33.256372,35.386443,0.0,0.0,0.0,0.0,76.59,77.95,20.23,7.07,0,0,0,0.148,0.237,0.187,1.266,Low,0.0,No rain over the last 7 days,No flood-risk action is needed from rainfall-driven conditions.
62229,Qana,2026-09-21,33.206336,35.299333,0.0,0.0,0.0,0.0,78.95,80.33,20.39,7.98,0,0,0,0.168,0.295,0.178,1.658,Low,0.0,No rain over the last 7 days,No flood-risk action is needed from rainfall-driven conditions.
62231,Maarake,2026-09-21,33.270838,35.313683,0.0,0.0,0.0,0.0,79.11,80.49,20.27,8.05,0,0,0,0.171,0.303,0.177,1.713,Low,0.0,No rain over the last 7 days,No flood-risk action is needed from rainfall-driven conditions.
62233,Neftakhiye,2026-09-21,33.269624,35.386381,0.0,0.0,0.0,0.0,79.83,81.2,20.21,8.39,0,0,0,0.179,0.327,0.173,1.893,Low,0.0,No rain over the last 7 days,No flood-risk action is needed from rainfall-driven conditions.
62234,Maaroub,2026-09-21,33.281305,35.339293,0.0,0.0,0.0,0.0,79.85,81.22,20.23,8.37,0,0,0,0.178,0.325,0.173,1.879,Low,0.0,No rain over the last 7 days,No flood-risk action is needed from rainfall-driven conditions.
62236,Recheknanay,2026-09-21,33.18862,35.32208,0.0,0.0,0.0,0.0,78.04,79.41,20.4,7.62,0,0,0,0.16,0.27,0.182,1.487,Low,0.0,No rain over the last 7 days,No flood-risk action is needed from rainfall-driven conditions.
62237,Jennata,2026-09-21,33.289936,35.320063,0.0,0.0,0.0,0.0,80.09,81.47,20.23,8.46,0,0,0,0.18,0.331,0.172,1.925,Low,0.0,No rain over the last 7 days,No flood-risk action is needed from rainfall-driven conditions.
62239,Derdaghaiya,2026-09-21,33.279962,35.371496,0.0,0.0,0.0,0.0,78.83,80.21,20.2,7.97,0,0,0,0.169,0.299,0.177,1.685,Low,0.0,No rain over the last 7 days,No flood-risk action is needed from rainfall-driven conditions.
62241,Sadiqine,2026-09-21,33.190625,35.306395,0.0,0.0,0.0,0.0,77.66,79.03,20.41,7.46,0,0,0,0.156,0.259,0.183,1.411,Low,0.0,No rain over the last 7 days,No flood-risk action is needed from rainfall-driven conditions.
62242,Aaiye,2026-09-21,33.180407,35.308705,0.0,0.0,0.0,0.0,76.69,78.06,20.43,7.07,0,0,0,0.147,0.232,0.188,1.235,Low,0.0,No rain over the last 7 days,No flood-risk action is needed from rainfall-driven conditions.
62243,Aain Baal,2026-09-21,33.239023,35.247265,0.0,0.0,0.0,0.0,77.89,79.27,20.38,7.52,0,0,0,0.158,0.263,0.183,1.441,Low,0.0,No rain over the last 7 days,No flood-risk action is needed from rainfall-driven conditions.
62244,Hmairi Sour,2026-09-21,33.296885,35.349372,0.0,0.0,0.0,0.0,77.83,79.21,20.19,7.55,0,0,0,0.159,0.27,0.182,1.487,Low,0.0,No rain over the last 7 days,No flood-risk action is needed from rainfall-driven conditions.
62245,Mheilib,2026-09-21,33.308439,35.23953,0.0,0.0,0.0,0.0,80.16,81.54,20.27,8.45,0,0,0,0.18,0.329,0.173,1.907,Low,0.0,No rain over the last 7 days,No flood-risk action is needed from rainfall-driven conditions.
62246,Bazouriye,2026-09-21,33.253025,35.267095,0.0,0.0,0.0,0.0,77.03,78.4,20.34,7.18,0,0,0,0.15,0.241,0.186,1.296,Low,0.0,No rain over the last 7 days,No flood-risk action is needed from rainfall-driven conditions.
62247,Hanaouay,2026-09-21,33.220835,35.268599,0.0,0.0,0.0,0.0,80.36,81.74,20.4,8.55,0,0,0,0.182,0.333,0.172,1.94,Low,0.0,No rain over the last 7 days,No flood-risk action is needed from rainfall-driven conditions.
62249,Bestiyat,2026-09-21,33.283793,35.357803,0.0,0.0,0.0,0.0,78.9,80.28,20.21,7.99,0,0,0,0.169,0.3,0.177,1.694,Low,0.0,No rain over the last 7 days,No flood-risk action is needed from rainfall-driven conditions.
62251,Deir Kifa,2026-09-21,33.255975,35.403205,0.0,0.0,0.0,0.0,79.07,80.45,20.22,8.09,0,0,0,0.172,0.307,0.176,1.742,Low,0.0,No rain over the last 7 days,No flood-risk action is needed from rainfall-driven conditions.
62253,Tayr Debbe,2026-09-21,33.278126,35.273738,0.0,0.0,0.0,0.0,78.33,79.71,20.29,7.71,0,0,0,0.163,0.278,0.18,1.544,Low,0.0,No rain over the last 7 days,No flood-risk action is needed from rainfall-driven conditions.
62254,Chehabiye,2026-09-21,33.244314,35.373422,0.0,0.0,0.0,0.0,80.03,81.41,20.26,8.47,0,0,0,0.18,0.331,0.172,1.925,Low,0.0,No rain over the last 7 days,No flood-risk action is needed from rainfall-driven conditions.
62256,Arzoun,2026-09-21,33.282003,35.380399,0.0,0.0,0.0,0.0,78.64,80.02,20.19,7.9,0,0,0,0.167,0.294,0.178,1.654,Low,0.0,No rain over the last 7 days,No flood-risk action is needed from rainfall-driven conditions.
62257,Niha Sour,2026-09-21,33.273551,35.400565,0.0,0.0,0.0,0.0,77.9,79.28,20.19,7.61,0,0,0,0.161,0.275,0.181,1.517,Low,0.0,No rain over the last 7 days,No flood-risk action is needed from rainfall-driven conditions.
62259,Rmadiye,2026-09-21,33.202447,35.277983,0.0,0.0,0.0,0.0,77.19,78.56,20.42,7.25,0,0,0,0.151,0.244,0.186,1.317,Low,0.0,No rain over the last 7 days,No flood-risk action is needed from rainfall-driven conditions.
62261,Toura,2026-09-21,33.292333,35.298687,0.0,0.0,0.0,0.0,78.54,79.92,20.25,7.81,0,0,0,0.165,0.286,0.179,1.599,Low,0.0,No rain over the last 7 days,No flood-risk action is needed from rainfall-driven conditions.
62263,Deir Qanoun En-Nahr,2026-09-21,33.301142,35.307434,0.0,0.0,0.0,0.0,79.1,80.48,20.22,8.05,0,0,0,0.171,0.303,0.177,1.716,Low,0.0,No rain over the last 7 days,No flood-risk action is needed from rainfall-driven conditions.
62264,Chehour,2026-09-21,33.297526,35.374668,0.0,0.0,0.0,0.0,80.16,81.54,20.17,8.52,0,0,0,0.182,0.337,0.171,1.968,Low,0.0,No rain over the last 7 days,No flood-risk action is needed from rainfall-driven conditions.
62266,Srifa,2026-09-21,33.280389,35.397795,0.0,0.0,0.0,0.0,78.01,79.38,20.18,7.65,0,0,0,0.162,0.278,0.18,1.538,Low,0.0,No rain over the last 7 days,No flood-risk action is needed from rainfall-driven conditions.
62267,Kneisset Sour,2026-09-21,33.206957,35.260402,0.0,0.0,0.0,0.0,80.42,81.8,20.43,8.57,0,0,0,0.182,0.334,0.172,1.945,Low,0.0,No rain over the last 7 days,No flood-risk action is needed from rainfall-driven conditions.
62269,Halloussiye,2026-09-21,33.310798,35.326411,0.0,0.0,0.0,0.0,78.95,80.33,20.19,8.0,0,0,0,0.17,0.3,0.177,1.698,Low,0.0,No rain over the last 7 days,No flood-risk action is needed from rainfall-driven conditions.
62271,Tayr Falsay,2026-09-21,33.313477,35.339111,0.0,0.0,0.0,0.0,79.13,80.52,20.18,8.08,0,0,0,0.172,0.306,0.176,1.741,Low,0.0,No rain over the last 7 days,No flood-risk action is needed from rainfall-driven conditions.
62273,Touayri,2026-09-21,33.277368,35.419428,0.0,0.0,0.0,0.0,78.94,80.32,20.16,8.04,0,0,0,0.171,0.305,0.176,1.728,Low,0.0,No rain over the last 7 days,No flood-risk action is needed from rainfall-driven conditions.
62274,Bedias,2026-09-21,33.315312,35.300071,0.0,0.0,0.0,0.0,77.21,78.58,20.21,7.27,0,0,0,0.153,0.251,0.185,1.356,Low,0.0,No rain over the last 7 days,No flood-risk action is needed from rainfall-driven conditions.
62276,Aabbassiyet Sour,2026-09-21,33.292229,35.248497,0.0,0.0,0.0,0.0,79.4,80.78,20.29,8.14,0,0,0,0.173,0.307,0.176,1.748,Low,0.0,No rain over the last 7 days,No flood-risk action is needed from rainfall-driven conditions.
62277,Chaaitiye,2026-09-21,33.202301,35.25697,0.0,0.0,0.0,0.0,77.82,79.2,20.44,7.5,0,0,0,0.157,0.26,0.183,1.422,Low,0.0,No rain over the last 7 days,No flood-risk action is needed from rainfall-driven conditions.
62279,Jbal El-Botm,2026-09-21,33.173387,35.292365,0.0,0.0,0.0,0.0,80.16,81.54,20.46,8.48,0,0,0,0.18,0.327,0.173,1.893,Low,0.0,No rain over the last 7 days,No flood-risk action is needed from rainfall-driven conditions.
62281,Mazraat Tayr Semhat,2026-09-21,33.297132,35.39941,0.0,0.0,0.0,0.0,79.18,80.56,20.15,8.13,0,0,0,0.173,0.311,0.175,1.774,Low,0.0,No rain over the last 7 days,No flood-risk action is needed from rainfall-driven conditions.
62283,Borj Rahhal,2026-09-21,33.311208,35.279372,0.0,0.0,0.0,0.0,77.69,79.06,20.23,7.45,0,0,0,0.157,0.262,0.183,1.435,Low,0.0,No rain over the last 7 days,No flood-risk action is needed from rainfall-driven conditions.
62284,Marnba,2026-09-21,33.304258,35.416679,0.0,0.0,0.0,0.0,78.52,79.9,20.12,7.87,0,0,0,0.167,0.294,0.178,1.651,Low,0.0,No rain over the last 7 days,No flood-risk action is needed from rainfall-driven conditions.
62285,Chihine,2026-09-21,33.127337,35.253566,0.0,0.0,0.0,0.0,79.7,81.08,20.57,8.26,0,0,0,0.174,0.31,0.176,1.765,Low,0.0,No rain over the last 7 days,No flood-risk action is needed from rainfall-driven conditions.
62286,Zebqine,2026-09-21,33.15958,35.272171,0.0,0.0,0.0,0.0,77.66,79.03,20.5,7.44,0,0,0,0.155,0.255,0.184,1.388,Low,0.0,No rain over the last 7 days,No flood-risk action is needed from rainfall-driven conditions.
62287,Qlaile Sour,2026-09-21,33.191388,35.229575,0.0,0.0,0.0,0.0,77.15,78.52,20.48,7.21,0,0,0,0.15,0.24,0.186,1.287,Low,0.0,No rain over the last 7 days,No flood-risk action is needed from rainfall-driven conditions.
62291,Aain Abou Abdallah,2026-09-21,33.322845,35.259435,0.0,0.0,0.0,0.0,79.38,80.76,20.23,8.14,0,0,0,0.173,0.309,0.176,1.757,Low,0.0,No rain over the last 7 days,No flood-risk action is needed from rainfall-driven conditions.
62292,Jibbayn,2026-09-21,33.127657,35.233059,0.0,0.0,0.0,0.0,79.12,80.5,20.59,8.01,0,0,0,0.168,0.292,0.178,1.64,Low,0.0,No rain over the last 7 days,No flood-risk action is needed from rainfall-driven conditions.
62293,Henniye,2026-09-21,33.188797,35.21803,0.0,0.0,0.0,0.0,79.18,80.56,20.5,8.03,0,0,0,0.169,0.295,0.178,1.661,Low,0.0,No rain over the last 7 days,No flood-risk action is needed from rainfall-driven conditions.
62294,Aaziye,2026-09-21,33.179937,35.229676,0.0,0.0,0.0,0.0,80.17,81.55,20.5,8.45,0,0,0,0.179,0.324,0.173,1.869,Low,0.0,No rain over the last 7 days,No flood-risk action is needed from rainfall-driven conditions.
62295,Tayr Harfa,2026-09-21,33.135696,35.221935,0.0,0.0,0.0,0.0,80.0,81.37,20.58,8.37,0,0,0,0.176,0.317,0.174,1.815,Low,0.0,No rain over the last 7 days,No flood-risk action is needed from rainfall-driven conditions.
62296,Mansouri Sour,2026-09-21,33.174082,35.205192,0.0,0.0,0.0,0.0,77.92,79.29,20.53,7.5,0,0,0,0.157,0.259,0.183,1.41,Low,0.0,No rain over the last 7 days,No flood-risk action is needed from rainfall-driven conditions.
62297,Majdelzoun,2026-09-21,33.155145,35.233633,0.0,0.0,0.0,0.0,78.73,80.11,20.54,7.85,0,0,0,0.165,0.282,0.18,1.572,Low,0.0,No rain over the last 7 days,No flood-risk action is needed from rainfall-driven conditions.
62298,Chamaa,2026-09-21,33.146112,35.202244,0.0,0.0,0.0,0.0,79.8,81.17,20.58,8.27,0,0,0,0.174,0.31,0.175,1.767,Low,0.0,No rain over the last 7 days,No flood-risk action is needed from rainfall-driven conditions.
62299,Iskandarouna Sour,2026-09-21,33.154307,35.185604,0.0,0.0,0.0,0.0,78.99,80.37,20.58,7.93,0,0,0,0.166,0.287,0.179,1.6,Low,0.0,No rain over the last 7 days,No flood-risk action is needed from rainfall-driven conditions.
62308,Yarine,2026-09-21,33.108104,35.234591,0.0,0.0,0.0,0.0,79.83,81.21,20.62,8.3,0,0,0,0.175,0.312,0.175,1.778,Low,0.0,No rain over the last 7 days,No flood-risk action is needed from rainfall-driven conditions.
62311,Merouahine,2026-09-21,33.11601,35.274575,0.0,0.0,0.0,0.0,77.11,78.48,20.57,7.22,0,0,0,0.15,0.239,0.186,1.28,Low,0.0,No rain over the last 7 days,No flood-risk action is needed from rainfall-driven conditions.
62312,Borj En-Naqoura,2026-09-21,33.114266,35.138506,0.0,0.0,0.0,0.0,80.01,81.39,20.69,8.33,0,0,0,0.175,0.311,0.175,1.773,Low,0.0,No rain over the last 7 days,No flood-risk action is needed from rainfall-driven conditions.
62314,Hamoul,2026-09-21,33.134396,35.169596,0.0,0.0,0.0,0.0,78.89,80.28,20.63,7.88,0,0,0,0.165,0.282,0.18,1.57,Low,0.0,No rain over the last 7 days,No flood-risk action is needed from rainfall-driven conditions.
62316,Aalma Ech-Chaab,2026-09-21,33.105929,35.170454,0.0,0.0,0.0,0.0,77.67,79.04,20.68,7.38,0,0,0,0.153,0.247,0.185,1.334,Low,0.0,No rain over the last 7 days,No flood-risk action is needed from rainfall-driven conditions.
62318,Jijim,2026-09-21,33.128301,35.185865,0.0,0.0,0.0,0.0,80.74,82.12,20.63,8.66,0,0,0,0.183,0.336,0.172,1.956,Low,0.0,No rain over the last 7 days,No flood-risk action is needed from rainfall-driven conditions.
62319,Abou Chech,2026-09-21,33.129501,35.207288,0.0,0.0,0.0,0.0,78.09,79.47,20.61,7.58,0,0,0,0.158,0.262,0.183,1.432,Low,0.0,No rain over the last 7 days,No flood-risk action is needed from rainfall-driven conditions.
62321,Boustane,2026-09-21,33.102437,35.250136,0.0,0.0,0.0,0.0,77.43,78.8,20.61,7.33,0,0,0,0.152,0.245,0.185,1.322,Low,0.0,No rain over the last 7 days,No flood-risk action is needed from rainfall-driven conditions.
62331,Btaychiye,2026-09-21,33.108973,35.205764,0.0,0.0,0.0,0.0,77.09,78.46,20.64,7.17,0,0,0,0.148,0.233,0.187,1.246,Low,0.0,No rain over the last 7 days,No flood-risk action is needed from rainfall-driven conditions.
62341,Dhayra,2026-09-21,33.107481,35.22256,0.0,0.0,0.0,0.0,80.01,81.39,20.63,8.37,0,0,0,0.176,0.316,0.175,1.81,Low,0.0,No rain over the last 7 days,No flood-risk action is needed from rainfall-driven conditions.
62351,Mazraat Ez-Zalloutiyeh,2026-09-21,33.10925,35.251025,0.0,0.0,0.0,0.0,78.79,80.17,20.6,7.89,0,0,0,0.165,0.284,0.18,1.579,Low,0.0,No rain over the last 7 days,No flood-risk action is needed from rainfall-driven conditions.
63001,63001,2026-09-21,33.584611,35.576041,0.0,0.0,0.0,0.0,79.16,80.55,19.5,8.23,0,0,0,0.178,0.333,0.172,1.934,Low,0.0,No rain over the last 7 days,No flood-risk action is needed from rainfall-driven conditions.
63002,63002,2026-09-21,33.483234,35.548959,0.0,0.0,0.0,0.0,77.01,78.38,19.7,7.33,0,0,0,0.156,0.267,0.182,1.468,Low,0.0,No rain over the last 7 days,No flood-risk action is needed from rainfall-driven conditions.
63003,63003,2026-09-21,33.465578,35.539245,0.0,0.0,0.0,0.0,76.02,77.39,19.74,6.93,0,0,0,0.147,0.239,0.186,1.281,Low,0.0,No rain over the last 7 days,No flood-risk action is needed from rainfall-driven conditions.
63111,Jezzine,2026-09-21,33.531122,35.584567,0.0,0.0,0.0,0.0,78.87,80.26,19.58,8.11,0,0,0,0.175,0.323,0.173,1.863,Low,0.0,No rain over the last 7 days,No flood-risk action is needed from rainfall-driven conditions.
63114,Wadi Jezzine,2026-09-21,33.550976,35.580853,0.0,0.0,0.0,0.0,76.57,77.93,19.55,7.17,0,0,0,0.153,0.26,0.183,1.416,Low,0.0,No rain over the last 7 days,No flood-risk action is needed from rainfall-driven conditions.
63117,Qabaa Jezzine,2026-09-21,33.543534,35.554835,0.0,0.0,0.0,0.0,76.92,78.28,19.59,7.3,0,0,0,0.156,0.267,0.182,1.468,Low,0.0,No rain over the last 7 days,No flood-risk action is needed from rainfall-driven conditions.
63121,Qaytoule,2026-09-21,33.537697,35.55019,0.0,0.0,0.0,0.0,77.08,78.45,19.6,7.36,0,0,0,0.158,0.271,0.181,1.496,Low,0.0,No rain over the last 7 days,No flood-risk action is needed from rainfall-driven conditions.
63124,Bkassine,2026-09-21,33.562845,35.576555,0.0,0.0,0.0,0.0,75.89,77.25,19.54,6.9,0,0,0,0.147,0.241,0.186,1.296,Low,0.0,No rain over the last 7 days,No flood-risk action is needed from rainfall-driven conditions.
63127,Homsiye,2026-09-21,33.55032,35.554503,0.0,0.0,0.0,0.0,77.8,79.17,19.58,7.66,0,0,0,0.165,0.292,0.178,1.638,Low,0.0,No rain over the last 7 days,No flood-risk action is needed from rainfall-driven conditions.
63131,Aaray,2026-09-21,33.566099,35.593076,0.0,0.0,0.0,0.0,77.95,79.32,19.52,7.74,0,0,0,0.167,0.299,0.177,1.687,Low,0.0,No rain over the last 7 days,No flood-risk action is needed from rainfall-driven conditions.
63134,Sabbah,2026-09-21,33.567879,35.56551,0.0,0.0,0.0,0.0,78.56,79.94,19.54,7.97,0,0,0,0.172,0.315,0.175,1.8,Low,0.0,No rain over the last 7 days,No flood-risk action is needed from rainfall-driven conditions.
63137,Haytoura,2026-09-21,33.520144,35.549417,0.0,0.0,0.0,0.0,77.24,78.61,19.63,7.43,0,0,0,0.159,0.275,0.181,1.52,Low,0.0,No rain over the last 7 days,No flood-risk action is needed from rainfall-driven conditions.
63141,Ghabbatiye,2026-09-21,33.584318,35.581784,0.0,0.0,0.0,0.0,75.95,77.31,19.5,6.93,0,0,0,0.148,0.244,0.186,1.313,Low,0.0,No rain over the last 7 days,No flood-risk action is needed from rainfall-driven conditions.
63144,Benouati Jezzine,2026-09-21,33.57578,35.579157,0.0,0.0,0.0,0.0,75.9,77.27,19.51,6.91,0,0,0,0.147,0.242,0.186,1.303,Low,0.0,No rain over the last 7 days,No flood-risk action is needed from rainfall-driven conditions.
63147,Maknounet Jezzine,2026-09-21,33.526649,35.539726,0.0,0.0,0.0,0.0,79.16,80.54,19.63,8.21,0,0,0,0.177,0.328,0.173,1.9,Low,0.0,No rain over the last 7 days,No flood-risk action is needed from rainfall-driven conditions.
63151,Btedine El-Leqch,2026-09-21,33.56668,35.551038,0.0,0.0,0.0,0.0,77.94,79.32,19.55,7.71,0,0,0,0.166,0.296,0.178,1.668,Low,0.0,No rain over the last 7 days,No flood-risk action is needed from rainfall-driven conditions.
63154,Roummanet,2026-09-21,33.509216,35.553961,0.0,0.0,0.0,0.0,78.06,79.44,19.65,7.76,0,0,0,0.167,0.298,0.177,1.678,Low,0.0,No rain over the last 7 days,No flood-risk action is needed from rainfall-driven conditions.
63157,Machmouche,2026-09-21,33.579936,35.570093,0.0,0.0,0.0,0.0,78.68,80.06,19.51,8.03,0,0,0,0.174,0.319,0.174,1.83,Low,0.0,No rain over the last 7 days,No flood-risk action is needed from rainfall-driven conditions.
63161,Midane Jezzine,2026-09-21,33.588435,35.565485,0.0,0.0,0.0,0.0,76.34,77.7,19.5,7.07,0,0,0,0.151,0.254,0.184,1.378,Low,0.0,No rain over the last 7 days,No flood-risk action is needed from rainfall-driven conditions.
63164,Jabal Toura,2026-09-21,33.502446,35.56962,0.0,0.0,0.0,0.0,76.89,78.25,19.65,7.3,0,0,0,0.156,0.266,0.182,1.458,Low,0.0,No rain over the last 7 days,No flood-risk action is needed from rainfall-driven conditions.
63167,Kfar Houne,2026-09-21,33.488885,35.588254,0.0,0.0,0.0,0.0,79.1,80.48,19.65,8.21,0,0,0,0.177,0.328,0.173,1.9,Low,0.0,No rain over the last 7 days,No flood-risk action is needed from rainfall-driven conditions.
63171,Harf Jezzine,2026-09-21,33.579995,35.555778,0.0,0.0,0.0,0.0,77.59,78.97,19.53,7.57,0,0,0,0.163,0.287,0.179,1.606,Low,0.0,No rain over the last 7 days,No flood-risk action is needed from rainfall-driven conditions.
63174,Bebé,2026-09-21,33.564289,35.542256,0.0,0.0,0.0,0.0,79.56,80.94,19.57,8.37,0,0,0,0.181,0.341,0.171,1.996,Low,0.0,No rain over the last 7 days,No flood-risk action is needed from rainfall-driven conditions.
63177,Zhilta,2026-09-21,33.511805,35.544798,0.0,0.0,0.0,0.0,76.88,78.24,19.65,7.28,0,0,0,0.155,0.264,0.183,1.449,Low,0.0,No rain over the last 7 days,No flood-risk action is needed from rainfall-driven conditions.
63181,Bhannine,2026-09-21,33.585113,35.594043,0.0,0.0,0.0,0.0,77.34,78.71,19.48,7.49,0,0,0,0.161,0.283,0.18,1.575,Low,0.0,No rain over the last 7 days,No flood-risk action is needed from rainfall-driven conditions.
63184,Aazour,2026-09-21,33.5613,35.535892,0.0,0.0,0.0,0.0,78.31,79.68,19.58,7.85,0,0,0,0.169,0.305,0.176,1.732,Low,0.0,No rain over the last 7 days,No flood-risk action is needed from rainfall-driven conditions.
63187,Taaid,2026-09-21,33.572829,35.545119,0.0,0.0,0.0,0.0,77.8,79.18,19.55,7.65,0,0,0,0.165,0.292,0.178,1.64,Low,0.0,No rain over the last 7 days,No flood-risk action is needed from rainfall-driven conditions.
63191,Bisri,2026-09-21,33.575749,35.537323,0.0,0.0,0.0,0.0,77.08,78.45,19.55,7.35,0,0,0,0.158,0.272,0.181,1.499,Low,0.0,No rain over the last 7 days,No flood-risk action is needed from rainfall-driven conditions.
63194,Mazraat Er-Rouhbane,2026-09-21,33.490636,35.55178,0.0,0.0,0.0,0.0,79.17,80.56,19.68,8.22,0,0,0,0.177,0.328,0.173,1.898,Low,0.0,No rain over the last 7 days,No flood-risk action is needed from rainfall-driven conditions.
63211,Kfar Falous,2026-09-21,33.547221,35.473509,0.0,0.0,0.0,0.0,76.38,77.74,19.66,7.03,0,0,0,0.15,0.247,0.185,1.336,Low,0.0,No rain over the last 7 days,No flood-risk action is needed from rainfall-driven conditions.
63214,A'ain El-Mir (El Establ),2026-09-21,33.53608,35.461022,0.0,0.0,0.0,0.0,79.54,80.92,19.69,8.32,0,0,0,0.18,0.334,0.172,1.945,Low,0.0,No rain over the last 7 days,No flood-risk action is needed from rainfall-driven conditions.
63217,Mrah El-Hbasse,2026-09-21,33.549342,35.460398,0.0,0.0,0.0,0.0,77.42,78.79,19.67,7.45,0,0,0,0.16,0.275,0.181,1.522,Low,0.0,No rain over the last 7 days,No flood-risk action is needed from rainfall-driven conditions.
63221,Bayssour Jezzine,2026-09-21,33.536948,35.447604,0.0,0.0,0.0,0.0,76.19,77.55,19.7,6.94,0,0,0,0.148,0.24,0.186,1.289,Low,0.0,No rain over the last 7 days,No flood-risk action is needed from rainfall-driven conditions.
63224,Haytoule,2026-09-21,33.519983,35.471004,0.0,0.0,0.0,0.0,76.87,78.23,19.71,7.23,0,0,0,0.154,0.26,0.183,1.417,Low,0.0,No rain over the last 7 days,No flood-risk action is needed from rainfall-driven conditions.
63227,Lebaa,2026-09-21,33.550062,35.451047,0.0,0.0,0.0,0.0,76.83,78.2,19.67,7.21,0,0,0,0.154,0.259,0.183,1.41,Low,0.0,No rain over the last 7 days,No flood-risk action is needed from rainfall-driven conditions.
63231,Mharbiye,2026-09-21,33.528163,35.441597,0.0,0.0,0.0,0.0,76.22,77.58,19.72,6.95,0,0,0,0.148,0.24,0.186,1.29,Low,0.0,No rain over the last 7 days,No flood-risk action is needed from rainfall-driven conditions.
63234,Ouadi El-Laymoun,2026-09-21,33.526136,35.465279,0.0,0.0,0.0,0.0,76.29,77.65,19.7,6.99,0,0,0,0.149,0.243,0.186,1.311,Low,0.0,No rain over the last 7 days,No flood-risk action is needed from rainfall-driven conditions.
63237,Sfaray,2026-09-21,33.553877,35.49173,0.0,0.0,0.0,0.0,76.15,77.51,19.63,6.95,0,0,0,0.148,0.242,0.186,1.303,Low,0.0,No rain over the last 7 days,No flood-risk action is needed from rainfall-driven conditions.
63241,Hassaniye,2026-09-21,33.520734,35.456245,0.0,0.0,0.0,0.0,77.49,78.86,19.72,7.47,0,0,0,0.16,0.276,0.181,1.527,Low,0.0,No rain over the last 7 days,No flood-risk action is needed from rainfall-driven conditions.
63244,Karkha,2026-09-21,33.565938,35.448455,0.0,0.0,0.0,0.0,76.7,78.07,19.65,7.15,0,0,0,0.153,0.255,0.184,1.389,Low,0.0,No rain over the last 7 days,No flood-risk action is needed from rainfall-driven conditions.
63247,Choualiq Jezzine,2026-09-21,33.552235,35.442143,0.0,0.0,0.0,0.0,79.87,81.24,19.68,8.44,0,0,0,0.183,0.343,0.17,2.011,Low,0.0,No rain over the last 7 days,No flood-risk action is needed from rainfall-driven conditions.
63251,Ouadi Baanqoudaine,2026-09-21,33.542517,35.44153,0.0,0.0,0.0,0.0,77.13,78.5,19.69,7.32,0,0,0,0.156,0.266,0.182,1.459,Low,0.0,No rain over the last 7 days,No flood-risk action is needed from rainfall-driven conditions.
63254,Mjaydel Jezzine,2026-09-21,33.521265,35.433396,0.0,0.0,0.0,0.0,78.36,79.74,19.74,7.82,0,0,0,0.168,0.299,0.177,1.685,Low,0.0,No rain over the last 7 days,No flood-risk action is needed from rainfall-driven conditions.
63257,Dahr Ed-Deir,2026-09-21,33.52137,35.499906,0.0,0.0,0.0,0.0,79.05,80.43,19.68,8.14,0,0,0,0.175,0.322,0.174,1.856,Low,0.0,No rain over the last 7 days,No flood-risk action is needed from rainfall-driven conditions.
63261,Jensnaya,2026-09-21,33.538085,35.429044,0.0,0.0,0.0,0.0,76.47,77.83,19.71,7.05,0,0,0,0.15,0.247,0.185,1.332,Low,0.0,No rain over the last 7 days,No flood-risk action is needed from rainfall-driven conditions.
63264,Rimat,2026-09-21,33.530048,35.501385,0.0,0.0,0.0,0.0,77.06,78.42,19.66,7.32,0,0,0,0.157,0.267,0.182,1.468,Low,0.0,No rain over the last 7 days,No flood-risk action is needed from rainfall-driven conditions.
63267,Kfar Jarra,2026-09-21,33.548481,35.429747,0.0,0.0,0.0,0.0,77.7,79.07,19.69,7.54,0,0,0,0.162,0.281,0.18,1.562,Low,0.0,No rain over the last 7 days,No flood-risk action is needed from rainfall-driven conditions.
63271,Saydoun,2026-09-21,33.519608,35.511378,0.0,0.0,0.0,0.0,77.56,78.93,19.67,7.53,0,0,0,0.161,0.281,0.18,1.563,Low,0.0,No rain over the last 7 days,No flood-risk action is needed from rainfall-driven conditions.
63274,Anane,2026-09-21,33.564787,35.508457,0.0,0.0,0.0,0.0,77.84,80.05,19.31,8.29,0,0,0,0.187,0.335,0.172,1.95,Low,0.0,No rain over the last 7 days,No flood-risk action is needed from rainfall-driven conditions.
63277,Roum,2026-09-21,33.552613,35.51896,0.0,0.0,0.0,0.0,78.69,80.07,19.61,8.0,0,0,0,0.173,0.315,0.175,1.799,Low,0.0,No rain over the last 7 days,No flood-risk action is needed from rainfall-driven conditions.
63281,Hidab,2026-09-21,33.523279,35.523021,0.0,0.0,0.0,0.0,77.28,78.65,19.65,7.43,0,0,0,0.159,0.275,0.181,1.517,Low,0.0,No rain over the last 7 days,No flood-risk action is needed from rainfall-driven conditions.
63284,Deir El Qattine,2026-09-21,33.532269,35.531431,0.0,0.0,0.0,0.0,78.62,80.01,19.63,7.98,0,0,0,0.172,0.313,0.175,1.786,Low,0.0,No rain over the last 7 days,No flood-risk action is needed from rainfall-driven conditions.
63287,Sanaya,2026-09-21,33.511156,35.526309,0.0,0.0,0.0,0.0,78.39,79.77,19.67,7.88,0,0,0,0.169,0.305,0.176,1.732,Low,0.0,No rain over the last 7 days,No flood-risk action is needed from rainfall-driven conditions.
63291,Qtale Jezzine,2026-09-21,33.573061,35.50547,0.0,0.0,0.0,0.0,76.46,77.82,19.58,7.09,0,0,0,0.151,0.253,0.184,1.37,Low,0.0,No rain over the last 7 days,No flood-risk action is needed from rainfall-driven conditions.
63294,Jernaya,2026-09-21,33.486846,35.477357,0.0,0.0,0.0,0.0,76.16,77.52,19.76,6.95,0,0,0,0.147,0.239,0.186,1.283,Low,0.0,No rain over the last 7 days,No flood-risk action is needed from rainfall-driven conditions.
63297,Mazraat El-Mathane,2026-09-21,33.578567,35.519998,0.0,0.0,0.0,0.0,77.62,78.99,19.56,7.56,0,0,0,0.163,0.286,0.179,1.594,Low,0.0,No rain over the last 7 days,No flood-risk action is needed from rainfall-driven conditions.
63298,Srayri,2026-09-21,33.427864,35.620781,0.0,0.0,0.0,0.0,78.94,80.33,19.73,8.16,0,0,0,0.175,0.323,0.173,1.865,Low,0.0,No rain over the last 7 days,No flood-risk action is needed from rainfall-driven conditions.
63311,Aaramta,2026-09-21,33.457578,35.577629,0.0,0.0,0.0,0.0,78.76,80.15,19.72,8.06,0,0,0,0.173,0.317,0.174,1.816,Low,0.0,No rain over the last 7 days,No flood-risk action is needed from rainfall-driven conditions.
63315,Mlikh,2026-09-21,33.476181,35.545635,0.0,0.0,0.0,0.0,78.59,79.97,19.71,7.98,0,0,0,0.171,0.311,0.175,1.772,Low,0.0,No rain over the last 7 days,No flood-risk action is needed from rainfall-driven conditions.
63319,Rihane Jezzine,2026-09-21,33.438823,35.564965,0.0,0.0,0.0,0.0,76.1,77.46,19.76,6.97,0,0,0,0.148,0.241,0.186,1.297,Low,0.0,No rain over the last 7 days,No flood-risk action is needed from rainfall-driven conditions.
63323,Mazraat,2026-09-21,33.454843,35.54256,0.0,0.0,0.0,0.0,79.11,80.49,19.75,8.19,0,0,0,0.176,0.324,0.173,1.871,Low,0.0,No rain over the last 7 days,No flood-risk action is needed from rainfall-driven conditions.
63327,Qatrani,2026-09-21,33.441532,35.600871,0.0,0.0,0.0,0.0,76.89,78.26,19.72,7.32,0,0,0,0.156,0.266,0.182,1.457,Low,0.0,No rain over the last 7 days,No flood-risk action is needed from rainfall-driven conditions.
63331,Louayzet Jezzine,2026-09-21,33.466746,35.531471,0.0,0.0,0.0,0.0,76.56,77.92,19.74,7.14,0,0,0,0.152,0.253,0.184,1.373,Low,0.0,No rain over the last 7 days,No flood-risk action is needed from rainfall-driven conditions.
63335,Mazraat Khallet Khazen,2026-09-21,33.426717,35.581894,0.0,0.0,0.0,0.0,76.24,77.6,19.76,7.04,0,0,0,0.149,0.246,0.185,1.326,Low,0.0,No rain over the last 7 days,No flood-risk action is needed from rainfall-driven conditions.
63339,Mazraat Qrouh,2026-09-21,33.431432,35.572941,0.0,0.0,0.0,0.0,75.78,77.14,19.76,6.86,0,0,0,0.145,0.233,0.187,1.245,Low,0.0,No rain over the last 7 days,No flood-risk action is needed from rainfall-driven conditions.
63343,Mazraat Zighrine Jezzine,2026-09-21,33.424905,35.556355,0.0,0.0,0.0,0.0,78.41,79.79,19.79,7.91,0,0,0,0.169,0.304,0.176,1.725,Low,0.0,No rain over the last 7 days,No flood-risk action is needed from rainfall-driven conditions.
63347,Chbail,2026-09-21,33.423384,35.59701,0.0,0.0,0.0,0.0,78.19,79.56,19.76,7.84,0,0,0,0.168,0.3,0.177,1.698,Low,0.0,No rain over the last 7 days,No flood-risk action is needed from rainfall-driven conditions.
63348,Mazraat Louzid (Louayziye),2026-09-21,33.411661,35.587465,0.0,0.0,0.0,0.0,76.57,77.93,19.78,7.18,0,0,0,0.152,0.255,0.184,1.385,Low,0.0,No rain over the last 7 days,No flood-risk action is needed from rainfall-driven conditions.
63351,Sejoud,2026-09-21,33.433154,35.533712,0.0,0.0,0.0,0.0,78.55,79.93,19.8,7.95,0,0,0,0.17,0.307,0.176,1.746,Low,0.0,No rain over the last 7 days,No flood-risk action is needed from rainfall-driven conditions.
63355,Aaychiye,2026-09-21,33.402905,35.560681,0.0,0.0,0.0,0.0,77.3,78.67,19.82,7.46,0,0,0,0.159,0.273,0.181,1.507,Low,0.0,No rain over the last 7 days,No flood-risk action is needed from rainfall-driven conditions.
63359,Maraat Ouazaiye,2026-09-21,33.390552,35.566319,0.0,0.0,0.0,0.0,76.25,77.61,19.84,7.04,0,0,0,0.149,0.244,0.186,1.313,Low,0.0,No rain over the last 7 days,No flood-risk action is needed from rainfall-driven conditions.
63363,Ouardiye,2026-09-21,33.39615,35.588184,0.0,0.0,0.0,0.0,79.34,80.72,19.81,8.31,0,0,0,0.178,0.331,0.172,1.925,Low,0.0,No rain over the last 7 days,No flood-risk action is needed from rainfall-driven conditions.
63367,Mazraat El-Aarqoub,2026-09-21,33.405582,35.539789,0.0,0.0,0.0,0.0,77.46,78.83,19.84,7.51,0,0,0,0.16,0.276,0.181,1.527,Low,0.0,No rain over the last 7 days,No flood-risk action is needed from rainfall-driven conditions.
63371,Mahmoudiye Jezzine,2026-09-21,33.385257,35.554098,0.0,0.0,0.0,0.0,76.21,77.57,19.86,7.01,0,0,0,0.148,0.242,0.186,1.3,Low,0.0,No rain over the last 7 days,No flood-risk action is needed from rainfall-driven conditions.
63375,Jarmaq,2026-09-21,33.386591,35.532064,0.0,0.0,0.0,0.0,79.3,80.68,19.88,8.26,0,0,0,0.177,0.326,0.173,1.886,Low,0.0,No rain over the last 7 days,No flood-risk action is needed from rainfall-driven conditions.
63378,Mazraat Daraya,2026-09-21,33.45993,35.60291,0.0,0.0,0.0,0.0,77.24,78.61,19.69,7.46,0,0,0,0.159,0.276,0.181,1.529,Low,0.0,No rain over the last 7 days,No flood-risk action is needed from rainfall-driven conditions.
63379,Demachqiye,2026-09-21,33.368241,35.546748,0.0,0.0,0.0,0.0,77.56,78.93,19.9,7.55,0,0,0,0.16,0.278,0.18,1.54,Low,0.0,No rain over the last 7 days,No flood-risk action is needed from rainfall-driven conditions.
63383,Mazraat Tamra,2026-09-21,33.356994,35.541379,0.0,0.0,0.0,0.0,77.13,78.5,19.92,7.38,0,0,0,0.156,0.265,0.182,1.455,Low,0.0,No rain over the last 7 days,No flood-risk action is needed from rainfall-driven conditions.
63385,Bouslaya,2026-09-21,33.504705,35.509459,0.0,0.0,0.0,0.0,78.14,79.52,19.7,7.77,0,0,0,0.167,0.297,0.178,1.672,Low,0.0,No rain over the last 7 days,No flood-risk action is needed from rainfall-driven conditions.
71111,Nabatieh Et-Tahta,2026-09-21,33.380297,35.482346,0.0,0.0,0.0,0.0,78.2,79.58,19.93,7.78,0,0,0,0.166,0.292,0.178,1.638,Low,0.0,No rain over the last 7 days,No flood-risk action is needed from rainfall-driven conditions.
71113,Nabatiyeh El-Faouka,2026-09-21,33.357744,35.492378,0.0,0.0,0.0,0.0,78.29,79.66,19.96,7.82,0,0,0,0.166,0.294,0.178,1.654,Low,0.0,No rain over the last 7 days,No flood-risk action is needed from rainfall-driven conditions.
71115,Aali Et-Taher,2026-09-21,33.36574,35.514491,0.0,0.0,0.0,0.0,79.22,80.6,19.93,8.21,0,0,0,0.176,0.322,0.174,1.854,Low,0.0,No rain over the last 7 days,No flood-risk action is needed from rainfall-driven conditions.
71117,Mazraat Kfarjaouz,2026-09-21,33.393947,35.477758,0.0,0.0,0.0,0.0,77.26,78.63,19.91,7.4,0,0,0,0.157,0.266,0.182,1.461,Low,0.0,No rain over the last 7 days,No flood-risk action is needed from rainfall-driven conditions.
71122,Zibdine En-Nabatiyeh,2026-09-21,33.374511,35.46162,0.0,0.0,0.0,0.0,77.07,78.44,19.96,7.31,0,0,0,0.155,0.259,0.183,1.413,Low,0.0,No rain over the last 7 days,No flood-risk action is needed from rainfall-driven conditions.
71133,Kfar Roummane,2026-09-21,33.397566,35.514528,0.0,0.0,0.0,0.0,79.45,80.83,19.87,8.31,0,0,0,0.178,0.33,0.172,1.912,Low,0.0,No rain over the last 7 days,No flood-risk action is needed from rainfall-driven conditions.
71144,Choukine,2026-09-21,33.351946,35.458703,0.0,0.0,0.0,0.0,76.72,78.08,20.0,7.16,0,0,0,0.151,0.248,0.185,1.343,Low,0.0,No rain over the last 7 days,No flood-risk action is needed from rainfall-driven conditions.
71155,Habbouch En-Nabatiyeh,2026-09-21,33.405199,35.485791,0.0,0.0,0.0,0.0,79.4,80.78,19.89,8.27,0,0,0,0.177,0.327,0.173,1.891,Low,0.0,No rain over the last 7 days,No flood-risk action is needed from rainfall-driven conditions.
71166,Kfar Tibnit,2026-09-21,33.349684,35.518418,0.0,0.0,0.0,0.0,76.34,77.7,19.95,7.04,0,0,0,0.148,0.242,0.186,1.299,Low,0.0,No rain over the last 7 days,No flood-risk action is needed from rainfall-driven conditions.
71177,Kfour En-Nabatieh,2026-09-21,33.404332,35.450507,0.0,0.0,0.0,0.0,79.41,80.79,19.92,8.26,0,0,0,0.177,0.325,0.173,1.876,Low,0.0,No rain over the last 7 days,No flood-risk action is needed from rainfall-driven conditions.
71211,Jbaa En-Nabatiyeh,2026-09-21,33.489472,35.52625,0.0,0.0,0.0,0.0,77.31,78.68,19.71,7.44,0,0,0,0.159,0.274,0.181,1.515,Low,0.0,No rain over the last 7 days,No flood-risk action is needed from rainfall-driven conditions.
71216,Aain Bou Souar,2026-09-21,33.470226,35.523568,0.0,0.0,0.0,0.0,76.06,77.42,19.74,6.94,0,0,0,0.147,0.239,0.186,1.282,Low,0.0,No rain over the last 7 days,No flood-risk action is needed from rainfall-driven conditions.
71221,Kfarfila,2026-09-21,33.477776,35.496684,0.0,0.0,0.0,0.0,79.35,80.73,19.75,8.26,0,0,0,0.178,0.329,0.173,1.906,Low,0.0,No rain over the last 7 days,No flood-risk action is needed from rainfall-driven conditions.
71226,Aain Qana,2026-09-21,33.468304,35.503044,0.0,0.0,0.0,0.0,78.67,80.05,19.76,7.98,0,0,0,0.171,0.31,0.176,1.764,Low,0.0,No rain over the last 7 days,No flood-risk action is needed from rainfall-driven conditions.
71231,Jarjouaa,2026-09-21,33.449082,35.519495,0.0,0.0,0.0,0.0,78.02,79.39,19.78,7.73,0,0,0,0.165,0.292,0.178,1.638,Low,0.0,No rain over the last 7 days,No flood-risk action is needed from rainfall-driven conditions.
71236,Sarba En-Nabatieh,2026-09-21,33.471525,35.46614,0.0,0.0,0.0,0.0,79.7,81.08,19.79,8.39,0,0,0,0.181,0.337,0.171,1.963,Low,0.0,No rain over the last 7 days,No flood-risk action is needed from rainfall-driven conditions.
71241,Mzaraat El-Khreibe,2026-09-21,33.472353,35.45628,0.0,0.0,0.0,0.0,76.92,78.29,19.8,7.24,0,0,0,0.154,0.258,0.183,1.409,Low,0.0,No rain over the last 7 days,No flood-risk action is needed from rainfall-driven conditions.
71246,Houmine El-Faouqa,2026-09-21,33.440074,35.490688,0.0,0.0,0.0,0.0,77.63,79.0,19.82,7.55,0,0,0,0.161,0.279,0.18,1.548,Low,0.0,No rain over the last 7 days,No flood-risk action is needed from rainfall-driven conditions.
71251,Hmaile,2026-09-21,33.445846,35.464765,0.0,0.0,0.0,0.0,79.48,80.86,19.84,8.29,0,0,0,0.178,0.329,0.173,1.908,Low,0.0,No rain over the last 7 days,No flood-risk action is needed from rainfall-driven conditions.
71256,Aarab Salim,2026-09-21,33.428319,35.506665,0.0,0.0,0.0,0.0,77.94,79.31,19.83,7.69,0,0,0,0.164,0.288,0.179,1.61,Low,0.0,No rain over the last 7 days,No flood-risk action is needed from rainfall-driven conditions.
71261,Roumine,2026-09-21,33.461469,35.445097,0.0,0.0,0.0,0.0,79.78,81.16,19.83,8.4,0,0,0,0.181,0.337,0.171,1.966,Low,0.0,No rain over the last 7 days,No flood-risk action is needed from rainfall-driven conditions.
71266,Houmine Et-Tahta,2026-09-21,33.476851,35.431897,0.0,0.0,0.0,0.0,77.65,79.02,19.81,7.53,0,0,0,0.161,0.277,0.181,1.535,Low,0.0,No rain over the last 7 days,No flood-risk action is needed from rainfall-driven conditions.
71271,Aazzi,2026-09-21,33.449337,35.437476,0.0,0.0,0.0,0.0,78.98,80.36,19.86,8.07,0,0,0,0.173,0.314,0.175,1.792,Low,0.0,No rain over the last 7 days,No flood-risk action is needed from rainfall-driven conditions.
71276,Bfaroue,2026-09-21,33.44078,35.420103,0.0,0.0,0.0,0.0,79.45,80.83,19.89,8.26,0,0,0,0.177,0.325,0.173,1.879,Low,0.0,No rain over the last 7 days,No flood-risk action is needed from rainfall-driven conditions.
71281,Zefta,2026-09-21,33.443863,35.397965,0.0,0.0,0.0,0.0,78.43,79.81,19.9,7.82,0,0,0,0.167,0.295,0.178,1.663,Low,0.0,No rain over the last 7 days,No flood-risk action is needed from rainfall-driven conditions.
71311,Deir Ez-Zahrani,2026-09-21,33.430505,35.447099,0.0,0.0,0.0,0.0,76.54,77.91,19.88,7.09,0,0,0,0.15,0.246,0.185,1.326,Low,0.0,No rain over the last 7 days,No flood-risk action is needed from rainfall-driven conditions.
71314,Mazraat El-Bayad En-Nabatieh,2026-09-21,33.427793,35.477087,0.0,0.0,0.0,0.0,77.26,78.62,19.86,7.39,0,0,0,0.157,0.267,0.182,1.468,Low,0.0,No rain over the last 7 days,No flood-risk action is needed from rainfall-driven conditions.
71321,Charqiye,2026-09-21,33.40497,35.416662,0.0,0.0,0.0,0.0,79.48,80.86,19.95,8.27,0,0,0,0.177,0.325,0.173,1.874,Low,0.0,No rain over the last 7 days,No flood-risk action is needed from rainfall-driven conditions.
71324,Toul,2026-09-21,33.392057,35.44529,0.0,0.0,0.0,0.0,79.76,81.13,19.95,8.4,0,0,0,0.18,0.334,0.172,1.942,Low,0.0,No rain over the last 7 days,No flood-risk action is needed from rainfall-driven conditions.
71327,Nmairiye,2026-09-21,33.417992,35.408424,0.0,0.0,0.0,0.0,78.17,79.55,19.94,7.72,0,0,0,0.165,0.288,0.179,1.609,Low,0.0,No rain over the last 7 days,No flood-risk action is needed from rainfall-driven conditions.
71331,Harouf En-Nabatiyeh,2026-09-21,33.370219,35.441609,0.0,0.0,0.0,0.0,76.44,77.8,19.99,7.04,0,0,0,0.148,0.24,0.186,1.29,Low,0.0,No rain over the last 7 days,No flood-risk action is needed from rainfall-driven conditions.
71334,Douair En-Nabatiyeh,2026-09-21,33.383098,35.411343,0.0,0.0,0.0,0.0,77.08,78.44,19.99,7.28,0,0,0,0.154,0.257,0.184,1.396,Low,0.0,No rain over the last 7 days,No flood-risk action is needed from rainfall-driven conditions.
71337,Jibchit,2026-09-21,33.359017,35.428253,0.0,0.0,0.0,0.0,78.71,80.09,20.02,7.96,0,0,0,0.169,0.302,0.177,1.709,Low,0.0,No rain over the last 7 days,No flood-risk action is needed from rainfall-driven conditions.
71341,Mazraat Chalbaal,2026-09-21,33.384803,35.386168,0.0,0.0,0.0,0.0,78.1,79.47,20.01,7.68,0,0,0,0.163,0.283,0.18,1.577,Low,0.0,No rain over the last 7 days,No flood-risk action is needed from rainfall-driven conditions.
71344,Mayfadoun,2026-09-21,33.344069,35.474979,0.0,0.0,0.0,0.0,79.06,80.44,20.0,8.13,0,0,0,0.173,0.314,0.175,1.797,Low,0.0,No rain over the last 7 days,No flood-risk action is needed from rainfall-driven conditions.
71347,Aadchit Ech-Chqif,2026-09-21,33.346774,35.414165,0.0,0.0,0.0,0.0,79.89,81.27,20.05,8.43,0,0,0,0.18,0.334,0.172,1.942,Low,0.0,No rain over the last 7 days,No flood-risk action is needed from rainfall-driven conditions.
71351,Aabba,2026-09-21,33.358909,35.396305,0.0,0.0,0.0,0.0,77.87,79.25,20.05,7.6,0,0,0,0.161,0.277,0.181,1.532,Low,0.0,No rain over the last 7 days,No flood-risk action is needed from rainfall-driven conditions.
71354,Kfar Djal En-Nabatiyeh,2026-09-21,33.345068,35.437991,0.0,0.0,0.0,0.0,78.84,80.22,20.03,8.01,0,0,0,0.171,0.306,0.176,1.736,Low,0.0,No rain over the last 7 days,No flood-risk action is needed from rainfall-driven conditions.
71357,Mazraat Dmoul,2026-09-21,33.370124,35.377164,0.0,0.0,0.0,0.0,76.8,78.17,20.04,7.15,0,0,0,0.151,0.246,0.185,1.329,Low,0.0,No rain over the last 7 days,No flood-risk action is needed from rainfall-driven conditions.
71361,Ansar,2026-09-21,33.378821,35.328497,0.0,0.0,0.0,0.0,79.76,81.14,20.07,8.33,0,0,0,0.178,0.326,0.173,1.884,Low,0.0,No rain over the last 7 days,No flood-risk action is needed from rainfall-driven conditions.
71364,Zaoutar El-Gharbiye,2026-09-21,33.324415,35.451824,0.0,0.0,0.0,0.0,76.45,77.82,20.06,7.05,0,0,0,0.148,0.24,0.186,1.286,Low,0.0,No rain over the last 7 days,No flood-risk action is needed from rainfall-driven conditions.
71367,Zaoutar Ech-Charqiye,2026-09-21,33.321919,35.473349,0.0,0.0,0.0,0.0,78.27,79.65,20.04,7.8,0,0,0,0.166,0.291,0.178,1.632,Low,0.0,No rain over the last 7 days,No flood-risk action is needed from rainfall-driven conditions.
71371,Hamra En-Nabattiyeh,2026-09-21,33.327403,35.495757,0.0,0.0,0.0,0.0,78.72,80.1,20.01,8.0,0,0,0,0.17,0.305,0.176,1.733,Low,0.0,No rain over the last 7 days,No flood-risk action is needed from rainfall-driven conditions.
71374,Qsaibet En-Nabatiyeh,2026-09-21,33.336753,35.398631,0.0,0.0,0.0,0.0,79.54,80.92,20.08,8.28,0,0,0,0.177,0.323,0.174,1.859,Low,0.0,No rain over the last 7 days,No flood-risk action is needed from rainfall-driven conditions.
71377,Arnoun,2026-09-21,33.336518,35.530719,0.0,0.0,0.0,0.0,77.82,79.19,19.96,7.65,0,0,0,0.162,0.283,0.18,1.574,Low,0.0,No rain over the last 7 days,No flood-risk action is needed from rainfall-driven conditions.
71381,Qaaqaaiyet Ej-Jisr,2026-09-21,33.324792,35.434379,0.0,0.0,0.0,0.0,77.28,78.65,20.07,7.38,0,0,0,0.156,0.261,0.183,1.428,Low,0.0,No rain over the last 7 days,No flood-risk action is needed from rainfall-driven conditions.
71384,Mazraat Qalaat El-Meis,2026-09-21,33.357914,35.359524,0.0,0.0,0.0,0.0,79.3,80.68,20.08,8.16,0,0,0,0.174,0.314,0.175,1.797,Low,0.0,No rain over the last 7 days,No flood-risk action is needed from rainfall-driven conditions.
71386,Mazraat Bsaffour,2026-09-21,33.393536,35.381974,0.0,0.0,0.0,0.0,80.0,81.38,20.0,8.46,0,0,0,0.182,0.337,0.171,1.964,Low,0.0,No rain over the last 7 days,No flood-risk action is needed from rainfall-driven conditions.
71387,Braiqeaa,2026-09-21,33.340567,35.375755,0.0,0.0,0.0,0.0,76.76,78.13,20.1,7.13,0,0,0,0.15,0.244,0.186,1.313,Low,0.0,No rain over the last 7 days,No flood-risk action is needed from rainfall-driven conditions.
71391,Kfar Sir,2026-09-21,33.31353,35.397743,0.0,0.0,0.0,0.0,77.61,78.98,20.12,7.49,0,0,0,0.158,0.268,0.182,1.471,Low,0.0,No rain over the last 7 days,No flood-risk action is needed from rainfall-driven conditions.
71394,Yohmor En-Nabatiyeh,2026-09-21,33.313801,35.512247,0.0,0.0,0.0,0.0,78.4,79.78,20.02,7.88,0,0,0,0.167,0.297,0.177,1.673,Low,0.0,No rain over the last 7 days,No flood-risk action is needed from rainfall-driven conditions.
71397,Sir El-Gharbiye,2026-09-21,33.322731,35.35944,0.0,0.0,0.0,0.0,78.92,80.3,20.14,8.0,0,0,0,0.17,0.302,0.177,1.71,Low,0.0,No rain over the last 7 days,No flood-risk action is needed from rainfall-driven conditions.
72111,Bent Jbayl,2026-09-21,33.117422,35.431151,0.0,0.0,0.0,0.0,78.69,80.07,20.43,7.95,0,0,0,0.167,0.292,0.178,1.642,Low,0.0,No rain over the last 7 days,No flood-risk action is needed from rainfall-driven conditions.
72119,Aaynata Bent Jbayl,2026-09-21,33.132868,35.443046,0.0,0.0,0.0,0.0,76.42,77.78,20.39,7.03,0,0,0,0.146,0.231,0.188,1.23,Low,0.0,No rain over the last 7 days,No flood-risk action is needed from rainfall-driven conditions.
72127,Maroun Er-Ras,2026-09-21,33.104874,35.451557,0.0,0.0,0.0,0.0,79.83,81.21,20.43,8.43,0,0,0,0.178,0.325,0.173,1.879,Low,0.0,No rain over the last 7 days,No flood-risk action is needed from rainfall-driven conditions.
72135,Salhani,2026-09-21,33.13252,35.305627,0.0,0.0,0.0,0.0,78.04,79.42,20.51,7.61,0,0,0,0.159,0.267,0.182,1.466,Low,0.0,No rain over the last 7 days,No flood-risk action is needed from rainfall-driven conditions.
72143,Aain Ibl,2026-09-21,33.109778,35.400647,0.0,0.0,0.0,0.0,79.52,80.9,20.47,8.27,0,0,0,0.174,0.314,0.175,1.792,Low,0.0,No rain over the last 7 days,No flood-risk action is needed from rainfall-driven conditions.
72151,Aaintaroun,2026-09-21,33.116829,35.476012,0.0,0.0,0.0,0.0,78.18,79.56,20.39,7.77,0,0,0,0.163,0.281,0.18,1.563,Low,0.0,No rain over the last 7 days,No flood-risk action is needed from rainfall-driven conditions.
72159,Yaroun,2026-09-21,33.086942,35.412226,0.0,0.0,0.0,0.0,76.89,78.25,20.49,7.21,0,0,0,0.149,0.24,0.186,1.289,Low,0.0,No rain over the last 7 days,No flood-risk action is needed from rainfall-driven conditions.
72167,Rmaich,2026-09-21,33.074545,35.367374,0.0,0.0,0.0,0.0,76.48,77.84,20.56,7.01,0,0,0,0.145,0.226,0.189,1.196,Low,0.0,No rain over the last 7 days,No flood-risk action is needed from rainfall-driven conditions.
72175,Qatmoun,2026-09-21,33.060715,35.365731,0.0,0.0,0.0,0.0,79.4,80.78,20.58,8.2,0,0,0,0.172,0.306,0.176,1.738,Low,0.0,No rain over the last 7 days,No flood-risk action is needed from rainfall-driven conditions.
72183,Aayta Ech-Chaab,2026-09-21,33.094374,35.342989,0.0,0.0,0.0,0.0,77.94,79.32,20.54,7.59,0,0,0,0.158,0.265,0.182,1.454,Low,0.0,No rain over the last 7 days,No flood-risk action is needed from rainfall-driven conditions.
72191,Ramyet Bent Jbayl,2026-09-21,33.111919,35.310909,0.0,0.0,0.0,0.0,77.47,78.84,20.54,7.38,0,0,0,0.153,0.251,0.185,1.358,Low,0.0,No rain over the last 7 days,No flood-risk action is needed from rainfall-driven conditions.
72211,Tibnine,2026-09-21,33.195265,35.410267,0.0,0.0,0.0,0.0,77.98,79.35,20.31,7.65,0,0,0,0.161,0.274,0.181,1.515,Low,0.0,No rain over the last 7 days,No flood-risk action is needed from rainfall-driven conditions.
72214,Soultaniyet Bent Jbayl,2026-09-21,33.204177,35.390581,0.0,0.0,0.0,0.0,78.18,79.56,20.31,7.72,0,0,0,0.162,0.279,0.18,1.547,Low,0.0,No rain over the last 7 days,No flood-risk action is needed from rainfall-driven conditions.
72217,Safad Al-Battikh,2026-09-21,33.1972,35.43099,0.0,0.0,0.0,0.0,78.36,79.74,20.29,7.81,0,0,0,0.165,0.286,0.179,1.598,Low,0.0,No rain over the last 7 days,No flood-risk action is needed from rainfall-driven conditions.
72221,Jmaijme,2026-09-21,33.209018,35.438542,0.0,0.0,0.0,0.0,78.53,79.91,20.26,7.89,0,0,0,0.166,0.292,0.178,1.639,Low,0.0,No rain over the last 7 days,No flood-risk action is needed from rainfall-driven conditions.
72224,Aaita Ej-Jabal,2026-09-21,33.173418,35.40753,0.0,0.0,0.0,0.0,79.07,80.45,20.35,8.09,0,0,0,0.171,0.304,0.176,1.722,Low,0.0,No rain over the last 7 days,No flood-risk action is needed from rainfall-driven conditions.
72227,Baraachit,2026-09-21,33.1816,35.439212,0.0,0.0,0.0,0.0,78.43,79.81,20.31,7.85,0,0,0,0.165,0.288,0.179,1.611,Low,0.0,No rain over the last 7 days,No flood-risk action is needed from rainfall-driven conditions.
72229,Chaqra,2026-09-21,33.177728,35.467766,0.0,0.0,0.0,0.0,77.07,78.44,20.29,7.31,0,0,0,0.153,0.252,0.184,1.367,Low,0.0,No rain over the last 7 days,No flood-risk action is needed from rainfall-driven conditions.
72231,Haddatha,2026-09-21,33.156455,35.38877,0.0,0.0,0.0,0.0,76.7,78.07,20.4,7.12,0,0,0,0.148,0.236,0.187,1.264,Low,0.0,No rain over the last 7 days,No flood-risk action is needed from rainfall-driven conditions.
72234,Khirbet Selm,2026-09-21,33.234269,35.418652,0.0,0.0,0.0,0.0,78.54,79.92,20.24,7.88,0,0,0,0.166,0.292,0.178,1.638,Low,0.0,No rain over the last 7 days,No flood-risk action is needed from rainfall-driven conditions.
72237,Beit Yahoun,2026-09-21,33.160826,35.419048,0.0,0.0,0.0,0.0,79.45,80.83,20.36,8.26,0,0,0,0.175,0.315,0.175,1.801,Low,0.0,No rain over the last 7 days,No flood-risk action is needed from rainfall-driven conditions.
72241,Haris,2026-09-21,33.175796,35.369783,0.0,0.0,0.0,0.0,76.8,78.16,20.38,7.14,0,0,0,0.149,0.238,0.187,1.277,Low,0.0,No rain over the last 7 days,No flood-risk action is needed from rainfall-driven conditions.
72244,Deir Ntar,2026-09-21,33.218129,35.377763,0.0,0.0,0.0,0.0,77.16,78.52,20.3,7.29,0,0,0,0.153,0.25,0.185,1.355,Low,0.0,No rain over the last 7 days,No flood-risk action is needed from rainfall-driven conditions.
72247,Kfar Dounine,2026-09-21,33.230535,35.402888,0.0,0.0,0.0,0.0,77.71,79.08,20.26,7.53,0,0,0,0.158,0.268,0.182,1.47,Low,0.0,No rain over the last 7 days,No flood-risk action is needed from rainfall-driven conditions.
72251,Kounine,2026-09-21,33.148062,35.446549,0.0,0.0,0.0,0.0,76.49,77.85,20.36,7.06,0,0,0,0.147,0.234,0.187,1.247,Low,0.0,No rain over the last 7 days,No flood-risk action is needed from rainfall-driven conditions.
72254,Tiri,2026-09-21,33.142536,35.398498,0.0,0.0,0.0,0.0,78.94,80.32,20.41,8.03,0,0,0,0.169,0.298,0.177,1.683,Low,0.0,No rain over the last 7 days,No flood-risk action is needed from rainfall-driven conditions.
72257,Kafra Bant Jbayl,2026-09-21,33.180284,35.347579,0.0,0.0,0.0,0.0,78.01,79.39,20.39,7.62,0,0,0,0.16,0.271,0.182,1.49,Low,0.0,No rain over the last 7 days,No flood-risk action is needed from rainfall-driven conditions.
72261,Qalaouiye,2026-09-21,33.251977,35.416022,0.0,0.0,0.0,0.0,79.56,80.94,20.21,8.3,0,0,0,0.176,0.321,0.174,1.848,Low,0.0,No rain over the last 7 days,No flood-risk action is needed from rainfall-driven conditions.
72264,Borj qalaouiye,2026-09-21,33.26176,35.423232,0.0,0.0,0.0,0.0,79.05,80.43,20.19,8.09,0,0,0,0.172,0.307,0.176,1.748,Low,0.0,No rain over the last 7 days,No flood-risk action is needed from rainfall-driven conditions.
72267,Srobbine,2026-09-21,33.156163,35.357552,0.0,0.0,0.0,0.0,76.64,78.01,20.43,7.07,0,0,0,0.147,0.233,0.187,1.241,Low,0.0,No rain over the last 7 days,No flood-risk action is needed from rainfall-driven conditions.
72271,Rachaf,2026-09-21,33.144249,35.361455,0.0,0.0,0.0,0.0,79.57,80.95,20.44,8.27,0,0,0,0.175,0.314,0.175,1.794,Low,0.0,No rain over the last 7 days,No flood-risk action is needed from rainfall-driven conditions.
72274,Ghandouriyet Bent Jbayl,2026-09-21,33.276514,35.432169,0.0,0.0,0.0,0.0,77.24,78.61,20.15,7.36,0,0,0,0.155,0.258,0.183,1.407,Low,0.0,No rain over the last 7 days,No flood-risk action is needed from rainfall-driven conditions.
72276,Froun,2026-09-21,33.29657,35.424716,0.0,0.0,0.0,0.0,78.86,80.25,20.13,8.02,0,0,0,0.17,0.304,0.176,1.722,Low,0.0,No rain over the last 7 days,No flood-risk action is needed from rainfall-driven conditions.
72277,Yater,2026-09-21,33.147677,35.32695,0.0,0.0,0.0,0.0,79.3,80.68,20.47,8.14,0,0,0,0.171,0.304,0.176,1.724,Low,0.0,No rain over the last 7 days,No flood-risk action is needed from rainfall-driven conditions.
72281,Debl,2026-09-21,33.122762,35.368922,0.0,0.0,0.0,0.0,78.87,80.25,20.47,7.99,0,0,0,0.168,0.294,0.178,1.651,Low,0.0,No rain over the last 7 days,No flood-risk action is needed from rainfall-driven conditions.
72284,Hanine,2026-09-21,33.10528,35.373293,0.0,0.0,0.0,0.0,78.14,79.52,20.5,7.69,0,0,0,0.161,0.273,0.181,1.507,Low,0.0,No rain over the last 7 days,No flood-risk action is needed from rainfall-driven conditions.
72287,Beit Lif,2026-09-21,33.131474,35.332601,0.0,0.0,0.0,0.0,77.48,78.85,20.49,7.4,0,0,0,0.154,0.253,0.184,1.374,Low,0.0,No rain over the last 7 days,No flood-risk action is needed from rainfall-driven conditions.
72291,Qaouzah,2026-09-21,33.12484,35.33975,0.0,0.0,0.0,0.0,80.08,81.45,20.5,8.47,0,0,0,0.179,0.326,0.173,1.884,Low,0.0,No rain over the last 7 days,No flood-risk action is needed from rainfall-driven conditions.
73111,Marjaayoun,2026-09-21,33.350023,35.59195,0.0,0.0,0.0,0.0,77.76,79.13,19.89,7.66,0,0,0,0.163,0.286,0.179,1.593,Low,0.0,No rain over the last 7 days,No flood-risk action is needed from rainfall-driven conditions.
73116,Boueyda Marjaayoun,2026-09-21,33.364394,35.566087,0.0,0.0,0.0,0.0,79.01,80.4,19.88,8.16,0,0,0,0.175,0.32,0.174,1.836,Low,0.0,No rain over the last 7 days,No flood-risk action is needed from rainfall-driven conditions.
73119,Dibbine,2026-09-21,33.369887,35.592623,0.0,0.0,0.0,0.0,76.75,78.11,19.85,7.25,0,0,0,0.153,0.258,0.183,1.409,Low,0.0,No rain over the last 7 days,No flood-risk action is needed from rainfall-driven conditions.
73127,Ibl Es-Saqi,2026-09-21,33.3559,35.625058,0.0,0.0,0.0,0.0,76.47,77.83,19.85,7.16,0,0,0,0.151,0.252,0.184,1.369,Low,0.0,No rain over the last 7 days,No flood-risk action is needed from rainfall-driven conditions.
73135,Blat Marjaayoun,2026-09-21,33.381132,35.602601,0.0,0.0,0.0,0.0,76.26,77.62,19.82,7.06,0,0,0,0.149,0.246,0.185,1.327,Low,0.0,No rain over the last 7 days,No flood-risk action is needed from rainfall-driven conditions.
73143,Mazraat Doumiat,2026-09-21,33.349601,35.548508,0.0,0.0,0.0,0.0,76.28,77.64,19.93,7.04,0,0,0,0.148,0.242,0.186,1.301,Low,0.0,No rain over the last 7 days,No flood-risk action is needed from rainfall-driven conditions.
73146,Borj El-Moulouk,2026-09-21,33.313525,35.566715,0.0,0.0,0.0,0.0,79.16,80.55,19.97,8.22,0,0,0,0.175,0.322,0.174,1.854,Low,0.0,No rain over the last 7 days,No flood-risk action is needed from rainfall-driven conditions.
73151,Qlaiaa,2026-09-21,33.328863,35.566761,0.0,0.0,0.0,0.0,76.03,77.4,19.94,6.95,0,0,0,0.146,0.236,0.187,1.261,Low,0.0,No rain over the last 7 days,No flood-risk action is needed from rainfall-driven conditions.
73159,Khiyam Marjaayoun,2026-09-21,33.319395,35.598768,0.0,0.0,0.0,0.0,75.66,77.03,19.93,6.82,0,0,0,0.143,0.228,0.188,1.209,Low,0.0,No rain over the last 7 days,No flood-risk action is needed from rainfall-driven conditions.
73162,Aain Aarab Marjaayoun,2026-09-21,33.300516,35.624504,0.0,0.0,0.0,0.0,78.34,79.72,19.94,7.92,0,0,0,0.168,0.302,0.177,1.709,Low,0.0,No rain over the last 7 days,No flood-risk action is needed from rainfall-driven conditions.
73167,Deir Mimas,2026-09-21,33.302129,35.541927,0.0,0.0,0.0,0.0,79.52,80.91,20.01,8.36,0,0,0,0.178,0.33,0.172,1.914,Low,0.0,No rain over the last 7 days,No flood-risk action is needed from rainfall-driven conditions.
73175,Mazraat Sarada,2026-09-21,33.293488,35.601066,0.0,0.0,0.0,0.0,75.73,77.1,19.97,6.85,0,0,0,0.143,0.229,0.188,1.215,Low,0.0,No rain over the last 7 days,No flood-risk action is needed from rainfall-driven conditions.
73183,Houra,2026-09-21,33.295916,35.557814,0.0,0.0,0.0,0.0,77.9,79.27,20.01,7.7,0,0,0,0.163,0.285,0.179,1.591,Low,0.0,No rain over the last 7 days,No flood-risk action is needed from rainfall-driven conditions.
73191,Aamra,2026-09-21,33.268765,35.609814,0.0,0.0,0.0,0.0,76.45,77.81,20.01,7.14,0,0,0,0.15,0.247,0.185,1.337,Low,0.0,No rain over the last 7 days,No flood-risk action is needed from rainfall-driven conditions.
73211,Aadaysse Marjaayoun,2026-09-21,33.251362,35.536015,0.0,0.0,0.0,0.0,77.49,78.86,20.1,7.52,0,0,0,0.158,0.271,0.181,1.493,Low,0.0,No rain over the last 7 days,No flood-risk action is needed from rainfall-driven conditions.
73226,Bany haiyane,2026-09-21,33.246575,35.484295,0.0,0.0,0.0,0.0,78.96,80.35,20.16,8.09,0,0,0,0.172,0.308,0.176,1.755,Low,0.0,No rain over the last 7 days,No flood-risk action is needed from rainfall-driven conditions.
73228,Kfar Kila,2026-09-21,33.275985,35.545613,0.0,0.0,0.0,0.0,76.18,77.54,20.05,7.0,0,0,0,0.146,0.236,0.187,1.264,Low,0.0,No rain over the last 7 days,No flood-risk action is needed from rainfall-driven conditions.
73230,Deir Siriane,2026-09-21,33.292294,35.497398,0.0,0.0,0.0,0.0,78.28,79.66,20.07,7.82,0,0,0,0.166,0.292,0.178,1.638,Low,0.0,No rain over the last 7 days,No flood-risk action is needed from rainfall-driven conditions.
73232,Taybet Matjaayoun,2026-09-21,33.280687,35.517721,0.0,0.0,0.0,0.0,77.86,79.24,20.07,7.66,0,0,0,0.162,0.281,0.18,1.562,Low,0.0,No rain over the last 7 days,No flood-risk action is needed from rainfall-driven conditions.
73234,Houla,2026-09-21,33.20737,35.506298,0.0,0.0,0.0,0.0,77.9,79.28,20.21,7.67,0,0,0,0.161,0.279,0.18,1.545,Low,0.0,No rain over the last 7 days,No flood-risk action is needed from rainfall-driven conditions.
73244,Talloussa,2026-09-21,33.230192,35.487059,0.0,0.0,0.0,0.0,79.23,80.62,20.18,8.21,0,0,0,0.174,0.316,0.175,1.807,Low,0.0,No rain over the last 7 days,No flood-risk action is needed from rainfall-driven conditions.
73245,Markaba,2026-09-21,33.234409,35.511945,0.0,0.0,0.0,0.0,77.2,78.57,20.15,7.39,0,0,0,0.155,0.261,0.183,1.425,Low,0.0,No rain over the last 7 days,No flood-risk action is needed from rainfall-driven conditions.
73248,Mhaibib,2026-09-21,33.151027,35.498874,0.0,0.0,0.0,0.0,79.51,80.89,20.31,8.32,0,0,0,0.176,0.321,0.174,1.847,Low,0.0,No rain over the last 7 days,No flood-risk action is needed from rainfall-driven conditions.
73250,Meiss Ej-Jabal,2026-09-21,33.173492,35.505667,0.0,0.0,0.0,0.0,76.63,77.99,20.26,7.15,0,0,0,0.149,0.242,0.186,1.303,Low,0.0,No rain over the last 7 days,No flood-risk action is needed from rainfall-driven conditions.
73256,Aadchit El-Qoussair,2026-09-21,33.274902,35.478164,0.0,0.0,0.0,0.0,76.25,77.61,20.12,6.99,0,0,0,0.146,0.234,0.187,1.25,Low,0.0,No rain over the last 7 days,No flood-risk action is needed from rainfall-driven conditions.
73257,Rabb Et-Tlatine,2026-09-21,33.251242,35.51402,0.0,0.0,0.0,0.0,77.22,78.58,20.12,7.4,0,0,0,0.156,0.262,0.183,1.432,Low,0.0,No rain over the last 7 days,No flood-risk action is needed from rainfall-driven conditions.
73262,Qabrikha,2026-09-21,33.254397,35.461664,0.0,0.0,0.0,0.0,79.27,80.65,20.17,8.21,0,0,0,0.174,0.316,0.175,1.81,Low,0.0,No rain over the last 7 days,No flood-risk action is needed from rainfall-driven conditions.
73276,Qantara,2026-09-21,33.27343,35.457608,0.0,0.0,0.0,0.0,78.16,79.53,20.14,7.75,0,0,0,0.164,0.285,0.179,1.59,Low,0.0,No rain over the last 7 days,No flood-risk action is needed from rainfall-driven conditions.
73279,Majdel Selm,2026-09-21,33.221875,35.46708,0.0,0.0,0.0,0.0,77.83,79.2,20.22,7.62,0,0,0,0.16,0.275,0.181,1.518,Low,0.0,No rain over the last 7 days,No flood-risk action is needed from rainfall-driven conditions.
73280,Saouanet Marjayoun,2026-09-21,33.236027,35.435964,0.0,0.0,0.0,0.0,78.41,79.79,20.22,7.84,0,0,0,0.166,0.289,0.179,1.62,Low,0.0,No rain over the last 7 days,No flood-risk action is needed from rainfall-driven conditions.
73282,Touline,2026-09-21,33.254255,35.441809,0.0,0.0,0.0,0.0,76.22,77.58,20.18,6.95,0,0,0,0.145,0.23,0.188,1.223,Low,0.0,No rain over the last 7 days,No flood-risk action is needed from rainfall-driven conditions.
73288,Blida,2026-09-21,33.139694,35.507217,0.0,0.0,0.0,0.0,77.06,78.43,20.32,7.33,0,0,0,0.153,0.253,0.184,1.372,Low,0.0,No rain over the last 7 days,No flood-risk action is needed from rainfall-driven conditions.
73293,Aalmane Marjaayoun,2026-09-21,33.306286,35.468343,0.0,0.0,0.0,0.0,79.59,80.97,20.07,8.34,0,0,0,0.178,0.327,0.173,1.893,Low,0.0,No rain over the last 7 days,No flood-risk action is needed from rainfall-driven conditions.
74111,Hasbaiya,2026-09-21,33.417136,35.673067,0.0,0.0,0.0,0.0,78.2,79.58,19.7,7.89,0,0,0,0.169,0.306,0.176,1.735,Low,0.0,No rain over the last 7 days,No flood-risk action is needed from rainfall-driven conditions.
74112,Abou Qamha,2026-09-21,33.379995,35.658615,0.0,0.0,0.0,0.0,76.77,78.14,19.77,7.3,0,0,0,0.155,0.264,0.183,1.444,Low,0.0,No rain over the last 7 days,No flood-risk action is needed from rainfall-driven conditions.
74114,Aain Jarfa,2026-09-21,33.38147,35.681622,0.0,0.0,0.0,0.0,77.16,78.53,19.75,7.47,0,0,0,0.159,0.276,0.181,1.527,Low,0.0,No rain over the last 7 days,No flood-risk action is needed from rainfall-driven conditions.
74116,Fardis Hasbaiya,2026-09-21,33.368527,35.652358,0.0,0.0,0.0,0.0,76.38,77.74,19.8,7.14,0,0,0,0.151,0.252,0.184,1.367,Low,0.0,No rain over the last 7 days,No flood-risk action is needed from rainfall-driven conditions.
74118,Rachaiya El-Foukhar,2026-09-21,33.351895,35.654436,0.0,0.0,0.0,0.0,77.45,78.82,19.83,7.57,0,0,0,0.161,0.281,0.18,1.563,Low,0.0,No rain over the last 7 days,No flood-risk action is needed from rainfall-driven conditions.
74120,Kfar Hamam,2026-09-21,33.340388,35.672942,0.0,0.0,0.0,0.0,79.0,80.39,19.83,8.22,0,0,0,0.176,0.325,0.173,1.879,Low,0.0,No rain over the last 7 days,No flood-risk action is needed from rainfall-driven conditions.
74122,Hebbariye,2026-09-21,33.365252,35.691906,0.0,0.0,0.0,0.0,75.67,77.04,19.77,6.88,0,0,0,0.145,0.235,0.187,1.259,Low,0.0,No rain over the last 7 days,No flood-risk action is needed from rainfall-driven conditions.
74124,Chouaya Hasbaiya,2026-09-21,33.387368,35.730543,0.0,0.0,0.0,0.0,78.46,79.84,19.7,8.03,0,0,0,0.172,0.316,0.175,1.806,Low,0.0,No rain over the last 7 days,No flood-risk action is needed from rainfall-driven conditions.
74126,Aain Qinia,2026-09-21,33.400765,35.702042,0.0,0.0,0.0,0.0,77.74,79.11,19.7,7.72,0,0,0,0.165,0.294,0.178,1.652,Low,0.0,No rain over the last 7 days,No flood-risk action is needed from rainfall-driven conditions.
74128,Meimes,2026-09-21,33.43222,35.70104,0.0,0.0,0.0,0.0,75.79,77.15,19.65,6.93,0,0,0,0.147,0.242,0.186,1.299,Low,0.0,No rain over the last 7 days,No flood-risk action is needed from rainfall-driven conditions.
74130,Chebaa,2026-09-21,33.359751,35.749609,0.0,0.0,0.0,0.0,77.02,78.39,19.73,7.45,0,0,0,0.158,0.276,0.181,1.524,Low,0.0,No rain over the last 7 days,No flood-risk action is needed from rainfall-driven conditions.
74131,Marj Ez-Zouhour (Haouch El-Qinnaabe),2026-09-21,33.463846,35.742976,0.0,0.0,0.0,0.0,76.22,77.58,19.56,7.13,0,0,0,0.152,0.257,0.184,1.4,Low,0.0,No rain over the last 7 days,No flood-risk action is needed from rainfall-driven conditions.
74133,Kaoukaba Hasbaiya,2026-09-21,33.400611,35.639842,0.0,0.0,0.0,0.0,76.13,77.49,19.76,7.03,0,0,0,0.149,0.246,0.185,1.325,Low,0.0,No rain over the last 7 days,No flood-risk action is needed from rainfall-driven conditions.
74141,Salaiyeb,2026-09-21,33.286109,35.628856,0.0,0.0,0.0,0.0,77.13,78.5,19.96,7.43,0,0,0,0.157,0.268,0.182,1.474,Low,0.0,No rain over the last 7 days,No flood-risk action is needed from rainfall-driven conditions.
74155,Bourghos,2026-09-21,33.408514,35.624668,0.0,0.0,0.0,0.0,78.04,79.42,19.76,7.79,0,0,0,0.167,0.298,0.177,1.679,Low,0.0,No rain over the last 7 days,No flood-risk action is needed from rainfall-driven conditions.
74158,Meri,2026-09-21,33.317806,35.642596,0.0,0.0,0.0,0.0,78.0,79.37,19.89,7.79,0,0,0,0.166,0.294,0.178,1.653,Low,0.0,No rain over the last 7 days,No flood-risk action is needed from rainfall-driven conditions.
74160,Kfar Chouba,2026-09-21,33.323242,35.683575,0.0,0.0,0.0,0.0,78.17,79.54,19.85,7.88,0,0,0,0.168,0.302,0.177,1.707,Low,0.0,No rain over the last 7 days,No flood-risk action is needed from rainfall-driven conditions.
74168,Khalouet Hasbaiya,2026-09-21,33.408106,35.750622,0.0,0.0,0.0,0.0,77.21,78.58,19.64,7.53,0,0,0,0.161,0.283,0.18,1.573,Low,0.0,No rain over the last 7 days,No flood-risk action is needed from rainfall-driven conditions.
74175,Kfayr Ez-Zait,2026-09-21,33.441252,35.735669,0.0,0.0,0.0,0.0,77.1,78.47,19.6,7.48,0,0,0,0.16,0.28,0.18,1.555,Low,0.0,No rain over the last 7 days,No flood-risk action is needed from rainfall-driven conditions.
74177,Majidiye Hasbaiya,2026-09-21,33.293334,35.652739,0.0,0.0,0.0,0.0,77.3,78.67,19.93,7.51,0,0,0,0.159,0.275,0.181,1.518,Low,0.0,No rain over the last 7 days,No flood-risk action is needed from rainfall-driven conditions.
74179,Dellafe,2026-09-21,33.424371,35.644267,0.0,0.0,0.0,0.0,78.86,80.24,19.71,8.14,0,0,0,0.175,0.322,0.174,1.857,Low,0.0,No rain over the last 7 days,No flood-risk action is needed from rainfall-driven conditions.
74181,Khreibet Hasbaiya,2026-09-21,33.333102,35.644199,0.0,0.0,0.0,0.0,76.95,78.32,19.87,7.37,0,0,0,0.156,0.266,0.182,1.46,Low,0.0,No rain over the last 7 days,No flood-risk action is needed from rainfall-driven conditions.
