{
  "accuracy": 0.9878787878787879,
  "classification_report": {
    "High": {
      "precision": 0.9941176470588236,
      "recall": 0.9941176470588236,
      "f1-score": 0.9941176470588236,
      "support": 170.0
    },
    "Low": {
      "precision": 0.9902912621359223,
      "recall": 0.9902912621359223,
      "f1-score": 0.9902912621359223,
      "support": 103.0
    },
    "Medium": {
      "precision": 0.9649122807017544,
      "recall": 0.9649122807017544,
      "f1-score": 0.9649122807017544,
      "support": 57.0
    },
    "accuracy": 0.9878787878787879,
    "macro avg": {
      "precision": 0.9831070632988334,
      "recall": 0.9831070632988334,
      "f1-score": 0.9831070632988334,
      "support": 330.0
    },
    "weighted avg": {
      "precision": 0.9878787878787879,
      "recall": 0.9878787878787879,
      "f1-score": 0.9878787878787879,
      "support": 330.0
    }
  },
  "confusion_matrix": [
    [
      102,
      1,
      0
    ],
    [
      1,
      55,
      1
    ],
    [
      0,
      1,
      169
    ]
  ],
  "labels": [
    "Low",
    "Medium",
    "High"
  ],
  "model_type": "RandomForestClassifier",
  "feature_columns": [
    "rainfall_1d",
    "rainfall_3d",
    "rainfall_7d",
    "rainfall_14d",
    "humidity_avg_3d",
    "humidity_avg_7d",
    "temperature_avg_7d",
    "wind_avg_7d",
    "elevation_mean",
    "slope_mean",
    "distance_to_river_km",
    "population_density"
  ]
}